"FID";"OBJECTID";"AmbulanceR";"BikeAge_Gr";"Bike_Age";"Bike_Alc_D";"Bike_Dir";"Bike_Injur";"Bike_Pos";"Bike_Race";"Bike_Sex";"City";"County";"CrashAlcoh";"CrashDay";"Crash_Date";"Crash_Grp";"Crash_Hour";"Crash_Loc";"Crash_Mont";"Crash_Time";"Crash_Type";"Crash_Ty_1";"Crash_Year";"Crsh_Sevri";"Developmen";"DrvrAge_Gr";"Drvr_Age";"Drvr_Alc_D";"Drvr_EstSp";"Drvr_Injur";"Drvr_Race";"Drvr_Sex";"Drvr_VehTy";"ExcsSpdInd";"Hit_Run";"Light_Cond";"Locality";"Num_Lanes";"Num_Units";"Rd_Charact";"Rd_Class";"Rd_Conditi";"Rd_Config";"Rd_Defects";"Rd_Feature";"Rd_Surface";"Region";"Rural_Urba";"Speed_Limi";"Traff_Cntr";"Weather";"Workzone_I";"Location"
"149";547;548;"No";"16-19";17;"No";"With Traffic";"C: Possible Injury";"Travel Lane";"White";"Male";"None - Rural Crash";"Rockingham";"No";"01-01-03";2012-08-08;"Bicyclist Left Turn / Merge";6;"Non-Intersection";"01-08-01";1-01-01 06:37:58;"Bicyclist Left Turn - Same Direction";NA;2012;"C: Possible Injury";"Residential";NA;NA;"No";"41-45 mph";"Injury";"/Missing";NA;"Passenger Car";"No";"Yes";"Daylight";"Rural (<30% Developed)";"2 lanes";2;"Straight - Level";"State Secondary Route";"Dry";"Two-Way, Not Divided";"None";"No Special Feature";"Smooth Asphalt";"Piedmont";"Rural";"40 - 45  MPH";"Double Yellow Line, No Passing Zone";"Clear";"No";"36.49643, -79.7929"
"150";553;554;"Yes";NA;0;"Missing";"With Traffic";"Injury";"Travel Lane";"/Missing";NA;"Fayetteville";"Cumberland";"No";NA;2012-07-30;"Bicyclist Failed to Yield - Sign-Controlled Intersection";15;"Intersection";"01-07-01";1-01-01 15:05:58;"Bicyclist Ride Out - Sign-Controlled Intersection";NA;2012;"O: No Injury";"Commercial";"60-69";60;"No";"21-25 mph";"O: No Injury";"Native American";"Female";"Passenger Car";"No";"No";"Daylight";"Urban (>70% Developed)";"4 lanes";2;"Straight - Level";"Local Street";"Dry";"Two-Way, Divided, Unprotected Median";"None";"No Special Feature";"Smooth Asphalt";"Coastal";"Urban";"30 - 35  MPH";"Stop Sign";"Clear";"No";"35.0416, -78.8491"
"151";554;555;"Yes";"40-49";46;"Yes";"With Traffic";"B: Evident Injury";"Travel Lane";"White";"Male";"Laurinburg";"Scotland";"Yes";NA;2012-08-06;"Bicyclist Overtaking Motorist";15;"Intersection-Related";"01-08-01";1-01-01 15:19:58;"Bicyclist Overtaking - Parked Vehicle";NA;2012;"B: Evident Injury";"Residential";NA;NA;"Missing";NA;"Injury";"/Missing";NA;"Passenger Car";"No";"No";"Daylight";"Urban (>70% Developed)";"2 lanes";2;"Straight - Grade";"Local Street";"Dry";"Two-Way, Not Divided";"None";"No Special Feature";"Coarse Asphalt";"Coastal";"Urban";NA;"No Control Present";"Clear";"No";"34.77184, -79.4514"
"152";555;556;"No";"16-19";19;"No";"With Traffic";"C: Possible Injury";"Travel Lane";"White";"Male";"Charlotte";"Mecklenburg";"No";NA;2012-08-13;"Parallel Paths - Other Circumstances";20;"Non-Intersection";"01-08-01";1-01-01 20:05:58;"Parallel Paths - Other /";NA;2012;"C: Possible Injury";"Commercial";"50-59";51;"No";"11-15 mph";"O: No Injury";"White";"Male";"Sport Utility";"No";"No";"Dusk";"Urban (>70% Developed)";"2 lanes";2;"Straight - Level";"Local Street";"Dry";"Two-Way, Not Divided";"None";"No Special Feature";"Smooth Asphalt";"Piedmont";"Urban";"30 - 35  MPH";"No Control Present";"Clear";"No";"35.2181, -80.8144"
"153";556;557;"Yes";"10-Jun";9;"No";"With Traffic";"B: Evident Injury";"Travel Lane";"Black";"Female";"None - Rural Crash";"Iredell";"No";NA;2012-08-13;"Head-On";18;"Non-Intersection";"01-08-01";1-01-01 18:29:58;"Head-On - Motorist";NA;2012;"B: Evident Injury";"Residential";NA;NA;"No";"16-20 mph";"Injury";"/Missing";NA;"Motorcycle";"No";"Yes";"Daylight";"Rural (<30% Developed)";"2 lanes";2;"Straight - Grade";"State Secondary Route";"Dry";"Two-Way, Not Divided";"None";"No Special Feature";"Smooth Asphalt";"Piedmont";"Rural";"30 - 35  MPH";"No Control Present";"Clear";"No";"35.781, -80.8403"
"154";563;564;"Yes";"10-Jun";9;"No";"Not Applicable";"C: Possible Injury";"Non-Roadway";"Black";"Male";"None - Rural Crash";"Mecklenburg";"No";"01-01-03";2012-08-15;"Bicyclist Failed to Yield - Midblock";17;"Non-Intersection";"01-08-01";1-01-01 17:29:58;"Bicyclist Ride Out - Other Midblock";NA;2012;"C: Possible Injury";"Residential";"20-24";22;"No";"16-20 mph";"O: No Injury";"Black";"Female";"Passenger Car";"No";"No";"Daylight";"Mixed (30% To 70% Developed)";"2 lanes";2;"Straight - Level";"Local Street";"Dry";"Two-Way, Not Divided";"None";"No Special Feature";"Smooth Asphalt";"Piedmont";"Rural";"20 - 25  MPH";"No Control Present";"Clear";"No";"35.29313, -80.8033"
"155";564;565;"Yes";"50-59";52;"No";"With Traffic";"C: Possible Injury";"Travel Lane";"White";"Male";"None - Rural Crash";"Henderson";"No";"01-01-04";2012-08-16;"Motorist Overtaking Bicyclist";9;"Non-Intersection";"01-08-01";1-01-01 09:28:58;"Motorist Overtaking - Other /";NA;2012;"C: Possible Injury";"Farms, Woods, Pastures";"50-59";55;"No";"26-30 mph";"O: No Injury";"White";"Male";"Pickup";"No";"No";"Daylight";"Rural (<30% Developed)";"2 lanes";2;"Curve - Level";"State Secondary Route";"Dry";"Two-Way, Not Divided";"None";"No Special Feature";"Smooth Asphalt";"Mountains";"Rural";"40 - 45  MPH";"Double Yellow Line, No Passing Zone";"Clear";"No";"35.42164, -82.4993"
"156";569;570;"No";"40-49";49;"No";"Not Applicable";"C: Possible Injury";"Travel Lane";"White";"Female";"Morrisville";"Wake";"No";"01-01-06";2012-08-18;"Non-Roadway";16;"Non-Roadway";"01-08-01";1-01-01 15:59:58;"Non-Roadway";NA;2012;"C: Possible Injury";"Commercial";"30-39";38;"No";"0-5 mph";"O: No Injury";"White";"Male";"Sport Utility";"No";"No";"Daylight";"Urban (>70% Developed)";NA;2;"Straight - Level";"Public Vehicular Area";"Dry";"Two-Way, Not Divided";"None";"Driveway, Public";"Smooth Asphalt";"Piedmont";"Urban";"5 - 15 MPH";"Stop Sign";"Clear";"No";"35.81889, -78.8464"
"157";575;576;"No";"20-24";20;"No";"With Traffic";"O: No Injury";"Bike Lane / Paved Shoulder";"White";"Male";"Boone";"Watauga";"No";NA;2012-08-20;"Motorist Right Turn / Merge";13;"Non-Intersection";"01-08-01";1-01-01 13:29:58;"Motorist Right Turn - Same Direction";NA;2012;"O: No Injury";"Institutional";"30-39";30;"No";"0-5 mph";"O: No Injury";"White";"Male";"Passenger Car";"No";"No";"Daylight";"Urban (>70% Developed)";"6 lanes";2;"Straight - Level";"Local Street";"Dry";"Two-Way, Not Divided";"None";"No Special Feature";"Smooth Asphalt";"Mountains";"Urban";"20 - 25  MPH";"No Control Present";"Clear";"No";"36.21241, -81.6808"
"158";576;577;"No";"40-49";49;"No";"With Traffic";"C: Possible Injury";"Travel Lane";"Black";"Male";"Durham";"Durham";"No";"01-01-07";2012-08-19;"Loss of Control / Turning Error";22;"Intersection";"01-08-01";1-01-01 21:59:58;"Motorist Turning Error - Left Turn";NA;2012;"C: Possible Injury";"Residential";NA;NA;"Missing";NA;"Injury";"/Missing";NA;"Passenger Car";"No";"Yes";"Dark - Lighted Roadway";"Urban (>70% Developed)";"4 lanes";2;"Straight - Level";"Local Street";"Dry";"Two-Way, Not Divided";"None";"No Special Feature";"Smooth Asphalt";"Piedmont";"Urban";NA;"Stop Sign";"Clear";"No";"35.99433, -78.8758"
"159";579;580;"Yes";"16-19";16;"No";"Not Applicable";"B: Evident Injury";"Non-Roadway";"White";"Male";"Kernersville";"Forsyth";"No";NA;2012-08-13;"Bicyclist Failed to Yield - Midblock";7;"Non-Intersection";"01-08-01";1-01-01 07:15:58;"Bicyclist Ride Out - Commercial Driveway / Alley";NA;2012;"B: Evident Injury";"Commercial";"0-19";18;"No";"26-30 mph";"O: No Injury";"White";"Female";"Passenger Car";"No";"No";"Dark - Lighted Roadway";"Urban (>70% Developed)";"2 lanes";2;"Straight - Level";"Local Street";"Dry";"Two-Way, Not Divided";"None";"No Special Feature";"Smooth Asphalt";"Piedmont";"Urban";"20 - 25  MPH";"No Control Present";"Clear";"No";"36.1271, -80.0691"
"160";584;585;"Yes";"40-49";45;"No";"With Traffic";"B: Evident Injury";"Travel Lane";"Black";"Male";"Hickory";"Catawba";"No";"01-01-06";2012-08-11;"Motorist Right Turn / Merge";17;"Intersection";"01-08-01";1-01-01 17:29:58;"Motorist Right Turn - Same Direction";NA;2012;"B: Evident Injury";"Residential";"50-59";53;"No";"16-20 mph";"O: No Injury";"Black";"Male";"Pickup";"No";"No";"Daylight";"Urban (>70% Developed)";"2 lanes";2;"Straight - Level";"Local Street";"Dry";"Two-Way, Not Divided";"None";"Four-Way Intersection";"Smooth Asphalt";"Piedmont";"Urban";"20 - 25  MPH";"Stop And Go Signal";"Clear";"No";"35.72361, -81.3386"
"161";591;592;"Yes";"15-Nov";15;"No";"With Traffic";"B: Evident Injury";"Sidewalk / Crosswalk / Driveway Crossing";"White";"Male";"Roanoke Rapids";"Halifax";"No";"01-01-04";2012-08-16;"Motorist Left Turn / Merge";20;"Intersection";"01-08-01";1-01-01 20:40:58;"Motorist Left Turn - Opposite Direction";NA;2012;"B: Evident Injury";"Residential";"0-19";17;"No";"21-25 mph";"O: No Injury";"White";"Male";"Passenger Car";"No";"No";"Dark - Lighted Roadway";"Urban (>70% Developed)";"5 lanes";2;"Straight - Level";"NC Route";"Dry";"Two-Way, Not Divided";"None";"Related To Intersection";"Concrete";"Coastal";"Urban";"20 - 25  MPH";"Stop Sign";"Clear";"No";"36.46612, -77.652"
"162";592;593;"Yes";"10-Jun";10;"No";"With Traffic";"C: Possible Injury";"Travel Lane";"Black";"Male";"Raleigh";"Wake";"No";"01-01-04";2012-08-23;"Crossing Paths - Other Circumstances";15;"Intersection";"01-08-01";1-01-01 15:54:58;"Sign-Controlled Intersection - Other /";NA;2012;"C: Possible Injury";"Residential";"30-39";34;"No";"0-5 mph";"O: No Injury";"Black";"Female";"Sport Utility";"No";"No";"Daylight";"Urban (>70% Developed)";"4 lanes";2;"Straight - Level";"Local Street";"Dry";"Two-Way, Not Divided";"Other";"T-Intersection";"Coarse Asphalt";"Piedmont";"Urban";"20 - 25  MPH";"Stop Sign";"Clear";"No";"35.7786, -78.6146"
"163";595;596;"Yes";"10-Jun";10;"No";"Not Applicable";"B: Evident Injury";"Sidewalk / Crosswalk / Driveway Crossing";"White";"Male";"Ramseur";"Randolph";"No";"01-01-04";2012-08-23;"Bicyclist Failed to Yield - Midblock";17;"Non-Intersection";"01-08-01";1-01-01 17:18:58;"Bicyclist Ride Out - Residential Driveway";NA;2012;"B: Evident Injury";"Farms, Woods, Pastures";"50-59";53;"No";"51-55 mph";"O: No Injury";"White";"Male";"Pickup";"No";"No";"Daylight";"Rural (<30% Developed)";"2 lanes";2;"Straight - Grade";"State Secondary Route";"Dry";"Two-Way, Not Divided";"None";"Driveway, Private";"Smooth Asphalt";"Piedmont";"Rural";"50 - 55  MPH";"Double Yellow Line, No Passing Zone";"Clear";"No";"35.77623, -79.65"
"164";600;601;"Yes";"50-59";53;"No";"With Traffic";"C: Possible Injury";"Travel Lane";"White";"Male";"Morehead City";"Carteret";"No";"01-01-05";2012-07-20;"Motorist Overtaking Bicyclist";11;"Non-Intersection";"01-07-01";1-01-01 11:49:58;"Motorist Overtaking - Other /";NA;2012;"C: Possible Injury";"Commercial";"60-69";65;"No";"31-35 mph";"O: No Injury";"Black";"Male";"Pickup";"No";"No";"Daylight";"Urban (>70% Developed)";"2 lanes";2;"Straight - Grade";"US Route";"Dry";"Two-Way, Not Divided";"None";"Bridge";"Concrete";"Coastal";"Urban";"40 - 45  MPH";"No Control Present";"Clear";"No";"34.72092, -76.6928"
"165";615;616;"Yes";"25-29";28;"No";"With Traffic";"B: Evident Injury";"Sidewalk / Crosswalk / Driveway Crossing";"Black";"Male";"Wilson";"Wilson";"No";"01-01-02";2012-07-31;"Motorist Failed to Yield - Sign-Controlled Intersection";11;"Intersection";"01-07-01";1-01-01 11:32:58;"Motorist Drive Out - Sign-Controlled Intersection";NA;2012;"B: Evident Injury";"Commercial";"40-49";43;"No";"0-5 mph";"O: No Injury";"White";"Female";"Passenger Car";"No";"No";"Daylight";"Urban (>70% Developed)";NA;2;"Straight - Level";NA;"Dry";"Two-Way, Not Divided";"None";"Driveway, Public";"Concrete";"Coastal";"Urban";"5 - 15 MPH";"No Control Present";"Cloudy";"No";"35.72124, -77.9238"
"166";618;619;"No";"20-24";23;"No";"With Traffic";"C: Possible Injury";"Travel Lane";"Asian";"Female";"Durham";"Durham";"No";"01-01-03";2012-08-29;"Bicyclist Failed to Yield - Sign-Controlled Intersection";9;"Intersection";"01-08-01";1-01-01 09:49:58;"Bicyclist Ride Out - Sign-Controlled Intersection";NA;2012;"C: Possible Injury";"Commercial";"30-39";36;"No";"31-35 mph";"O: No Injury";"White";"Male";"Sport Utility";"No";"No";"Daylight";"Urban (>70% Developed)";"2 lanes";2;"Straight - Level";"Local Street";"Dry";"One-Way, Not Divided";"None";"No Special Feature";"Smooth Asphalt";"Piedmont";"Urban";"30 - 35  MPH";"Stop Sign";"Clear";"No";"35.99917, -78.9101"
"167";621;622;"Yes";"20-24";21;"No";NA;"C: Possible Injury";"Travel Lane";"White";"Male";"Greensboro";"Guilford";"No";NA;2012-05-07;"Crossing Paths - Other Circumstances";14;"Non-Intersection";"01-05-01";1-01-01 14:43:58;"Crossing Paths - Midblock - Other /";NA;2012;"C: Possible Injury";"Commercial";NA;NA;"Missing";"31-35 mph";"Injury";"/Missing";NA;"Passenger Car";"No";"Yes";"Daylight";"Mixed (30% To 70% Developed)";"2 lanes";2;"Straight - Level";"Local Street";"Dry";"Two-Way, Not Divided";"None";"No Special Feature";"Smooth Asphalt";"Piedmont";"Urban";"30 - 35  MPH";"No Control Present";"Clear";"No";"36.01203, -79.8995"
"168";624;625;"Yes";"20-24";21;"No";"With Traffic";"B: Evident Injury";"Travel Lane";"White";"Female";"Chapel Hill";"Orange";"No";"01-01-02";2012-08-28;"Bicyclist Overtaking Motorist";12;"Intersection-Related";"01-08-01";1-01-01 12:40:58;"Bicyclist Overtaking - Passing on Right";NA;2012;"B: Evident Injury";"Commercial";"60-69";63;"No";NA;"O: No Injury";"White";"Male";"Passenger Car";"No";"No";"Daylight";"Urban (>70% Developed)";"2 lanes";2;"Straight - Level";"Local Street";"Dry";"Two-Way, Not Divided";"None";"No Special Feature";"Coarse Asphalt";"Piedmont";"Urban";"20 - 25  MPH";"Stop Sign";"Cloudy";"No";"35.91221, -79.0503"
"169";633;634;"Yes";"15-Nov";12;"No";"Facing Traffic";"B: Evident Injury";"Travel Lane";"Black";"Female";"Greensboro";"Guilford";"No";"01-01-03";2012-09-05;"Bicyclist Failed to Yield - Signalized Intersection";21;"Intersection";"01-09-01";1-01-01 21:04:58;"Bicyclist Ride Through - Signalized Intersection";NA;2012;"B: Evident Injury";"Residential";"20-24";20;"No";"26-30 mph";"O: No Injury";"Hispanic";"Male";"Sport Utility";"No";"No";"Dark - Lighted Roadway";"Urban (>70% Developed)";"2 lanes";2;"Straight - Level";"Local Street";"Dry";"Two-Way, Divided, Unprotected Median";"None";"Four-Way Intersection";"Smooth Asphalt";"Piedmont";"Urban";"30 - 35  MPH";"Stop And Go Signal";"Clear";"No";"36.05206, -79.8262"
"170";634;635;"Yes";"40-49";43;"Yes";"With Traffic";"B: Evident Injury";"Travel Lane";"White";"Male";"None - Rural Crash";"Gaston";"Yes";"01-01-03";2012-09-05;"Motorist Overtaking Bicyclist";21;"Intersection-Related";"01-09-01";1-01-01 21:44:58;"Motorist Overtaking - Other /";NA;2012;"B: Evident Injury";"Residential";"20-24";23;"No";"31-35 mph";"O: No Injury";"White";"Female";"Passenger Car";"No";"No";"Dark - Lighted Roadway";"Mixed (30% To 70% Developed)";"2 lanes";2;"Straight - Level";"NC Route";"Dry";"Two-Way, Not Divided";"None";"T-Intersection";"Coarse Asphalt";"Piedmont";"Rural";"40 - 45  MPH";"Double Yellow Line, No Passing Zone";"Clear";"No";"35.31235, -81.2061"
"171";636;637;"No";NA;0;"Missing";"Facing Traffic";"Injury";"Travel Lane";"/Missing";NA;"Greenville";"Pitt";"No";"01-01-04";2012-08-23;"Crossing Paths - Other Circumstances";16;"Intersection";"01-08-01";1-01-01 16:51:58;"Signalized Intersection - Other /";NA;2012;"O: No Injury";"Commercial";"20-24";22;"No";"0-5 mph";"O: No Injury";"White";"Female";"Sport Utility";"No";"No";"Daylight";"Urban (>70% Developed)";"2 lanes";2;"Straight - Level";"Local Street";"Dry";"Two-Way, Divided, Unprotected Median";"None";"Four-Way Intersection";"Smooth Asphalt";"Coastal";"Urban";"20 - 25  MPH";"Stop And Go Signal";"Clear";"No";"35.61576, -77.3752"
"172";637;638;"Yes";"15-Nov";12;"No";"With Traffic";"C: Possible Injury";"Sidewalk / Crosswalk / Driveway Crossing";"White";"Male";"Southern Pines";"Moore";"No";"01-01-07";2012-08-19;"Bicyclist Failed to Yield - Sign-Controlled Intersection";14;"Intersection";"01-08-01";1-01-01 14:31:58;"Bicyclist Ride Through - Sign-Controlled Intersection";NA;2012;"C: Possible Injury";"Commercial";"70";70;"No";"31-35 mph";"O: No Injury";"White";"Female";"Passenger Car";"No";"No";"Daylight";"Mixed (30% To 70% Developed)";"2 lanes";2;"Straight - Grade";"Local Street";"Wet";"Two-Way, Not Divided";"None";"Four-Way Intersection";"Coarse Asphalt";"Piedmont";"Urban";"30 - 35  MPH";"Stop Sign";"Rain";"No";"35.17663, -79.3905"
"173";640;641;"Yes";"10-Jun";7;"No";NA;"B: Evident Injury";"Travel Lane";"Black";"Female";"Rocky Mount";"Nash";"No";"01-01-02";2012-03-06;"Bicyclist Failed to Yield - Midblock";18;"Non-Intersection";"01-03-01";1-01-01 18:52:58;"Bicyclist Ride Out - Midblock -";NA;2012;"B: Evident Injury";"Residential";"0-19";19;"No";"11-15 mph";"O: No Injury";"Black";"Male";"Passenger Car";"No";"No";"Daylight";"Urban (>70% Developed)";"2 lanes";2;"Curve - Level";"Local Street";"Dry";"Two-Way, Not Divided";"None";"No Special Feature";"Coarse Asphalt";"Coastal";"Urban";"30 - 35  MPH";"No Control Present";"Cloudy";"No";"35.91357, -77.8152"
"174";642;643;"No";"20-24";24;"No";"With Traffic";"O: No Injury";"Travel Lane";"White";"Male";"None - Rural Crash";"Watauga";"No";"01-01-03";2012-09-05;"Bicyclist Left Turn / Merge";18;"Non-Intersection";"01-09-01";1-01-01 17:59:58;"Bicyclist Left Turn - Same Direction";NA;2012;"O: No Injury";"Farms, Woods, Pastures";"20-24";20;"No";"31-35 mph";"O: No Injury";"White";"Male";"Sport Utility";"No";"No";"Daylight";"Rural (<30% Developed)";"2 lanes";2;"Straight - Grade";"State Secondary Route";"Dry";"Two-Way, Not Divided";"None";"No Special Feature";"Smooth Asphalt";"Mountains";"Rural";"50 - 55  MPH";"Double Yellow Line, No Passing Zone";"Clear";"No";"36.214, -81.7106"
"175";643;644;"No";"16-19";17;"No";"With Traffic";"C: Possible Injury";"Travel Lane";"Black";"Female";"Rocky Mount";"Edgecombe";"No";"01-01-02";2012-08-14;"Crossing Paths - Other Circumstances";9;"Intersection";"01-08-01";1-01-01 09:52:58;"Signalized Intersection - Other /";NA;2012;"C: Possible Injury";"Residential";"20-24";20;"No";"6-10 mph";"O: No Injury";"Black";"Female";"Passenger Car";"No";"No";"Daylight";"Urban (>70% Developed)";"4 lanes";2;"Straight - Level";"Local Street";"Dry";"Two-Way, Divided, Unprotected Median";"None";"No Special Feature";"Coarse Asphalt";"Coastal";"Urban";"30 - 35  MPH";"Stop And Go Signal";"Clear";"No";"35.93217, -77.7907"
"176";648;649;"Yes";"40-49";46;"No";"With Traffic";"B: Evident Injury";"Travel Lane";"White";"Female";"Marvin";"Union";"No";"01-01-05";2012-09-07;"Loss of Control / Turning Error";18;"Non-Intersection";"01-09-01";1-01-01 18:01:58;"Bicyclist Lost Control - Other /";NA;2012;"B: Evident Injury";"Farms, Woods, Pastures";"30-39";39;"No";"36-40 mph";"O: No Injury";"Hispanic";"Female";"Pickup";"No";"No";"Daylight";"Rural (<30% Developed)";"2 lanes";2;"Curve - Grade";"State Secondary Route";"Dry";"Two-Way, Not Divided";"None";"No Special Feature";"Smooth Asphalt";"Piedmont";"Rural";"40 - 45  MPH";"Double Yellow Line, No Passing Zone";"Clear";"No";"35.00817, -80.8249"
"177";666;667;"Yes";"20-24";24;"No";"With Traffic";"B: Evident Injury";"Travel Lane";"White";"Male";"None - Rural Crash";"Brunswick";"No";"01-01-06";2012-09-08;"Motorist Overtaking Bicyclist";20;"Non-Intersection";"01-09-01";1-01-01 20:24:58;"Motorist Overtaking - Other /";NA;2012;"B: Evident Injury";"Farms, Woods, Pastures";"30-39";32;"No";"51-55 mph";"O: No Injury";"White";"Male";"Passenger Car";"No";"No";"Dark - Roadway Not Lighted";"Rural (<30% Developed)";"2 lanes";2;"Straight - Level";"NC Route";"Dry";"Two-Way, Not Divided";"None";"No Special Feature";"Smooth Asphalt";"Coastal";"Rural";"50 - 55  MPH";"Double Yellow Line, No Passing Zone";"Clear";"No";"34.07787, -78.0972"
"178";668;669;"No";"25-29";25;"No";"Facing Traffic";"O: No Injury";"Multi-use Path";"White";"Male";"None - Rural Crash";"Dare";"No";"01-01-04";2012-09-13;"Motorist Failed to Yield - Signalized Intersection";14;"Intersection-Related";"01-09-01";1-01-01 14:14:58;"Motorist Drive Out - Signalized Intersection";NA;2012;"O: No Injury";"Residential";"20-24";20;"No";"0-5 mph";"O: No Injury";"White";"Male";"Pickup";"No";"No";"Daylight";"Urban (>70% Developed)";"2 lanes";2;"Straight - Level";"State Secondary Route";"Dry";"Two-Way, Not Divided";"None";"T-Intersection";"Coarse Asphalt";"Coastal";"Rural";"30 - 35  MPH";"Stop And Go Signal";"Clear";"No";"35.92148, -75.6783"
"179";671;672;"Yes";"20-24";22;"No";"With Traffic";"A: Disabling Injury";"Travel Lane";"White";"Male";"None - Rural Crash";"Wake";"No";"01-01-06";2012-09-15;"Motorist Overtaking Bicyclist";7;"Non-Intersection";"01-09-01";1-01-01 07:11:58;"Motorist Overtaking - Undetected Bicyclist";NA;2012;"A: Disabling Injury";"Farms, Woods, Pastures";"40-49";43;"No";"41-45 mph";"O: No Injury";"White";"Female";"Pickup";"No";"No";"Daylight";"Rural (<30% Developed)";"2 lanes";2;"Straight - Grade";"State Secondary Route";"Dry";"Two-Way, Not Divided";"None";"No Special Feature";"Coarse Asphalt";"Piedmont";"Rural";"40 - 45  MPH";"Double Yellow Line, No Passing Zone";"Clear";"No";"35.65107, -78.689"
"180";675;676;"No";"16-19";18;"No";"Not Applicable";"O: No Injury";"Non-Roadway";"White";"Male";"Wilmington";"New Hanover";"No";NA;2012-09-17;"Non-Roadway";13;"Non-Roadway";"01-09-01";1-01-01 13:42:58;"Non-Roadway";NA;2012;"O: No Injury";"Institutional";NA;NA;"Missing";"0-5 mph";"Injury";"/Missing";NA;"Passenger Car";"No";"No";"Daylight";"Urban (>70% Developed)";NA;2;"Straight - Level";"Public Vehicular Area";"Dry";"Two-Way, Not Divided";"None";"No Special Feature";"Smooth Asphalt";"Coastal";"Urban";"5 - 15 MPH";"No Control Present";"Clear";"No";"34.22102, -77.8695"
"181";701;702;"Yes";"40-49";44;"No";"With Traffic";"B: Evident Injury";"Travel Lane";"Hispanic";"Male";"Wilmington";"New Hanover";"No";NA;2012-09-17;"Motorist Overtaking Bicyclist";5;"Non-Intersection";"01-09-01";1-01-01 05:52:58;"Motorist Overtaking - Other /";NA;2012;"B: Evident Injury";"Commercial";"40-49";41;"No";"41-45 mph";"O: No Injury";"White";"Male";"Pickup";"No";"No";"Dusk";"Urban (>70% Developed)";"2 lanes";2;"Straight - Level";"Local Street";"Dry";"Two-Way, Not Divided";"None";"No Special Feature";"Concrete";"Coastal";"Urban";"40 - 45  MPH";"No Control Present";"Clear";"No";"34.21354, -77.8799"
"182";706;707;"No";"40-49";47;"No";"With Traffic";"O: No Injury";"Travel Lane";"White";"Male";"Raleigh";"Wake";"No";"01-01-07";2012-09-02;"Motorist Overtaking Bicyclist";21;"Intersection-Related";"01-09-01";1-01-01 21:53:58;"Motorist Overtaking - Other /";NA;2012;"O: No Injury";"Commercial";"50-59";50;"No";"16-20 mph";"O: No Injury";"Black";"Male";"Taxicab";"No";"No";"Dark - Lighted Roadway";"Urban (>70% Developed)";"3 lanes";2;"Straight - Level";"Interstate";"Dry";"One-Way, Not Divided";"None";"T-Intersection";"Smooth Asphalt";"Piedmont";"Urban";"30 - 35  MPH";"Stop And Go Signal";"Clear";"No";"35.77959, -78.6394"
"183";708;709;"No";"15-Nov";14;"No";"Facing Traffic";"O: No Injury";"Bike Lane / Paved Shoulder";"Black";"Male";"Raleigh";"Wake";"No";"01-01-03";2012-09-26;"Bicyclist Right Turn / Merge";10;"Non-Intersection";"01-09-01";1-01-01 10:14:58;"Bicyclist Right Turn - Opposite Direction";NA;2012;"O: No Injury";"Residential";NA;NA;"Missing";"6-10 mph";"Injury";"/Missing";NA;"Passenger Car";"No";"Yes";"Daylight";"Urban (>70% Developed)";"2 lanes";2;"Straight - Level";"Local Street";"Dry";"Two-Way, Not Divided";"None";"No Special Feature";"Smooth Asphalt";"Piedmont";"Urban";"40 - 45  MPH";"No Control Present";"Clear";"No";"35.91966, -78.7379"
"184";709;710;"No";"15-Nov";15;"No";"Facing Traffic";"C: Possible Injury";"Travel Lane";"Black";"Male";"Fayetteville";"Cumberland";"No";"01-01-06";2012-09-15;"Bicyclist Failed to Yield - Signalized Intersection";15;"Intersection";"01-09-01";1-01-01 15:14:58;"Bicyclist Ride Out - Signalized  Intersection";NA;2012;"C: Possible Injury";"Commercial";"60-69";60;"No";"31-35 mph";"O: No Injury";"White";"Male";"Passenger Car";"No";"No";"Daylight";"Urban (>70% Developed)";"7 lanes";3;"Straight - Level";"Local Street";"Dry";"Two-Way, Divided, Unprotected Median";"None";"Four-Way Intersection";"Smooth Asphalt";"Coastal";"Urban";"30 - 35  MPH";"Stop And Go Signal";"Clear";"No";"35.06709, -78.9504"
"185";714;715;"Yes";"60-69";63;"No";"Facing Traffic";"B: Evident Injury";"Travel Lane";"White";"Male";"Morehead City";"Carteret";"No";"01-01-06";2012-09-15;"Motorist Failed to Yield - Sign-Controlled Intersection";11;"Intersection";"01-09-01";1-01-01 11:54:58;"Motorist Drive Out - Sign-Controlled Intersection";NA;2012;"B: Evident Injury";"Residential";"60-69";62;"No";"0-5 mph";"O: No Injury";"White";"Male";"Passenger Car";"No";"No";"Daylight";"Urban (>70% Developed)";"2 lanes";2;"Straight - Level";"Local Street";"Dry";"Two-Way, Divided, Unprotected Median";"None";"No Special Feature";"Smooth Asphalt";"Coastal";"Urban";"30 - 35  MPH";"Stop Sign";"Clear";"No";"34.72908, -76.7289"
"186";717;718;"No";"25-29";26;"No";"With Traffic";"C: Possible Injury";"Travel Lane";"White";"Male";"None - Rural Crash";"Dare";"No";"01-01-06";2012-09-29;"Crossing Paths - Other Circumstances";16;"Intersection";"01-09-01";1-01-01 16:29:58;"Crossing Paths - Intersection - Other /";NA;2012;"C: Possible Injury";"Residential";"70";70;"No";"11-15 mph";"O: No Injury";"White";"Female";"Sport Utility";"No";"No";"Daylight";"Urban (>70% Developed)";"2 lanes";2;"Straight - Level";"State Secondary Route";"Wet";"Two-Way, Not Divided";"None";"T-Intersection";"Smooth Asphalt";"Coastal";"Rural";"30 - 35  MPH";"Stop Sign";"Rain";"No";"35.35216, -75.5105"