"FID";"OBJECTID";"AmbulanceR";"BikeAge_Gr";"Bike_Age";"Bike_Alc_D";"Bike_Dir";"Bike_Injur";"Bike_Pos";"Bike_Race";"Bike_Sex";"City";"County";"CrashAlcoh";"CrashDay";"Crash_Date";"Crash_Grp";"Crash_Hour";"Crash_Loc";"Crash_Mont";"Crash_Time";"Crash_Type";"Crash_Ty_1";"Crash_Year";"Crsh_Sevri";"Developmen";"DrvrAge_Gr";"Drvr_Age";"Drvr_Alc_D";"Drvr_EstSp";"Drvr_Injur";"Drvr_Race";"Drvr_Sex";"Drvr_VehTy";"ExcsSpdInd";"Hit_Run";"Light_Cond";"Locality";"Num_Lanes";"Num_Units";"Rd_Charact";"Rd_Class";"Rd_Conditi";"Rd_Config";"Rd_Defects";"Rd_Feature";"Rd_Surface";"Region";"Rural_Urba";"Speed_Limi";"Traff_Cntr";"Weather";"Workzone_I";"Location"
"187";726;727;"Yes";"20-24";22;"No";"With Traffic";"B: Evident Injury";"Travel Lane";"White";"Female";"Carrboro";"Orange";"No";"01-01-05";2012-09-21;"Motorist Left Turn / Merge";17;"Intersection";"01-09-01";1-01-01 17:44:58;"Motorist Left Turn - Opposite Direction";NA;2012;"B: Evident Injury";"Residential";"20-24";20;"No";"16-20 mph";"O: No Injury";"White";"Male";"Passenger Car";"No";"No";"Daylight";"Urban (>70% Developed)";"2 lanes";2;"Straight - Level";"Local Street";"Dry";"Two-Way, Not Divided";"None";"Related To Intersection";"Coarse Asphalt";"Piedmont";"Urban";"30 - 35  MPH";"No Control Present";"Clear";"No";"35.92076, -79.086"
"188";734;735;"No";"15-Nov";13;"No";"Not Applicable";"O: No Injury";"Non-Roadway";"Black";"Male";"Harrisburg";"Cabarrus";"No";"01-01-05";2012-09-14;"Non-Roadway";18;"Non-Roadway";"01-09-01";1-01-01 18:11:58;"Non-Roadway";NA;2012;"O: No Injury";"Commercial";"70";70;"No";"0-5 mph";"O: No Injury";"White";"Male";"Passenger Car";"No";"No";"Daylight";"Mixed (30% To 70% Developed)";"1 lane";2;"Straight - Level";"Public Vehicular Area";"Dry";"One-Way, Not Divided";"None";"No Special Feature";"Smooth Asphalt";"Piedmont";"Urban";"5 - 15 MPH";"No Control Present";"Clear";"No";"35.32741, -80.6479"
"189";739;740;"No";"15-Nov";15;"No";"Not Applicable";"C: Possible Injury";"Non-Roadway";"Black";"Female";"Enfield";"Halifax";"No";"01-01-07";2012-09-09;"Crossing Paths - Other Circumstances";17;"Intersection";"01-09-01";1-01-01 17:00:58;"Crossing Paths - Uncontrolled Intersection";NA;2012;"C: Possible Injury";"Residential";"25-29";27;"No";"6-10 mph";"O: No Injury";"Black";"Female";"Sport Utility";"No";"No";"Daylight";"Mixed (30% To 70% Developed)";"2 lanes";2;"Straight - Level";"Local Street";"Dry";"Two-Way, Not Divided";"None";"Related To Intersection";"Smooth Asphalt";"Coastal";"Rural";"5 - 15 MPH";"No Control Present";"Clear";"No";"36.17813, -77.6575"
"190";745;746;"No";"30-39";32;"No";"With Traffic";"C: Possible Injury";"Travel Lane";"Black";"Male";"Winston-Salem";"Forsyth";"No";"01-01-03";2012-09-19;"Bicyclist Failed to Yield - Signalized Intersection";6;"Intersection-Related";"01-09-01";1-01-01 06:55:58;"Bicyclist Ride Through - Signalized Intersection";NA;2012;"C: Possible Injury";"Commercial";"40-49";47;"No";"36-40 mph";"O: No Injury";"White";"Male";"Passenger Car";"No";"No";"Daylight";"Urban (>70% Developed)";"5 lanes";2;"Straight - Level";"Local Street";"Dry";"Two-Way, Divided, Positive Median Barrier";"None";"No Special Feature";"Smooth Asphalt";"Piedmont";"Urban";"40 - 45  MPH";"Stop And Go Signal";"Clear";"No";"36.06591, -80.252"
"191";749;750;"No";"16-19";18;"No";"Facing Traffic";"B: Evident Injury";"Travel Lane";"White";"Male";"Greenville";"Pitt";"No";"01-01-03";2012-09-26;"Motorist Left Turn / Merge";14;"Intersection";"01-09-01";1-01-01 14:39:58;"Motorist Left Turn - Opposite Direction";NA;2012;"B: Evident Injury";"Institutional";"20-24";23;"No";"0-5 mph";"O: No Injury";"Black";"Male";"Pickup";"No";"No";"Daylight";"Urban (>70% Developed)";"5 lanes";2;"Straight - Level";"State Secondary Route";"Dry";"Two-Way, Divided, Unprotected Median";"None";"Four-Way Intersection";"Coarse Asphalt";"Coastal";"Urban";"30 - 35  MPH";"Stop And Go Signal";"Clear";"No";"35.604, -77.3618"
"192";757;758;"Yes";"16-19";16;"No";"With Traffic";"B: Evident Injury";"Travel Lane";"Black";"Male";"Wadesboro";"Anson";"No";"01-01-02";2012-10-02;"Motorist Overtaking Bicyclist";1;"Intersection-Related";"01-10-01";1-01-01 01:16:58;"Motorist Overtaking - Other /";NA;2012;"B: Evident Injury";"Commercial";"30-39";35;"No";"51-55 mph";"O: No Injury";"Black";"Female";"Van";"No";"No";"Dark - Roadway Not Lighted";"Rural (<30% Developed)";"5 lanes";2;"Straight - Level";"US Route";"Dry";"Two-Way, Divided, Unprotected Median";"None";"T-Intersection";"Smooth Asphalt";"Piedmont";"Urban";"50 - 55  MPH";"No Control Present";"Clear";"No";"34.96314, -80.0389"
"193";766;767;"Yes";"20-24";21;"No";"Facing Traffic";"C: Possible Injury";"Sidewalk / Crosswalk / Driveway Crossing";"White";"Female";"Greenville";"Pitt";"No";"01-01-05";2012-10-12;"Motorist Failed to Yield - Sign-Controlled Intersection";16;"Intersection";"01-10-01";1-01-01 16:53:58;"Motorist Drive Out - Sign-Controlled Intersection";NA;2012;"C: Possible Injury";"Commercial";"20-24";22;"No";"0-5 mph";"Injury";"Hispanic";"Female";"Van";"No";"No";"Daylight";"Urban (>70% Developed)";"2 lanes";2;"Straight - Level";"Local Street";"Dry";"Two-Way, Not Divided";"None";"Four-Way Intersection";"Coarse Asphalt";"Coastal";"Urban";"20 - 25  MPH";"Stop Sign";"Clear";"No";"35.61276, -77.3758"
"194";775;776;"Yes";"25-29";28;"No";"With Traffic";"B: Evident Injury";"Travel Lane";"White";"Male";"Raleigh";"Wake";"No";"01-01-02";2012-10-09;"Motorist Left Turn / Merge";11;"Non-Intersection";"01-10-01";1-01-01 11:53:58;"Motorist Left Turn - Opposite Direction";NA;2012;"B: Evident Injury";"Residential";"0-19";19;"No";"0-5 mph";"O: No Injury";"White";"Female";"Sport Utility";"No";"No";"Daylight";"Urban (>70% Developed)";"4 lanes";2;"Straight - Grade";"Local Street";"Wet";"Two-Way, Not Divided";"None";"No Special Feature";"Smooth Asphalt";"Piedmont";"Urban";"30 - 35  MPH";"No Control Present";"Rain";"No";"35.77907, -78.6768"
"195";778;779;"Yes";"30-39";37;"No";"With Traffic";"C: Possible Injury";"Travel Lane";"Asian";"Male";"Raleigh";"Wake";"No";"01-01-06";2012-10-13;"Motorist Left Turn / Merge";17;"Intersection";"01-10-01";1-01-01 17:03:58;"Motorist Left Turn - Opposite Direction";NA;2012;"C: Possible Injury";"Residential";"25-29";26;"No";"6-10 mph";"C: Possible Injury";"Asian";"Female";"Passenger Car";"No";"No";"Daylight";"Urban (>70% Developed)";"2 lanes";2;"Straight - Level";"Local Street";"Dry";"Two-Way, Divided, Unprotected Median";"None";"Driveway, Public";"Smooth Asphalt";"Piedmont";"Urban";"20 - 25  MPH";"No Control Present";"Clear";"No";"35.91953, -78.7353"
"196";784;785;"No";"60-69";61;"No";"With Traffic";"O: No Injury";"Sidewalk / Crosswalk / Driveway Crossing";"White";"Female";"Emerald Isle";"Carteret";"No";"01-01-07";2012-10-07;"Bicyclist Failed to Yield - Signalized Intersection";11;"Intersection";"01-10-01";1-01-01 11:54:58;"Bicyclist Ride Out - Signalized  Intersection";NA;2012;"O: No Injury";"Commercial";"20-24";23;"No";"21-25 mph";"O: No Injury";"White";"Female";"Sport Utility";"No";"No";"Daylight";"Urban (>70% Developed)";"9 or more lanes";2;"Straight - Level";"NC Route";"Dry";"Two-Way, Not Divided";"None";"No Special Feature";"Smooth Asphalt";"Coastal";"Rural";"40 - 45  MPH";"Stop And Go Signal";"Clear";"No";"34.66182, -77.049"
"197";791;792;"Yes";"20-24";23;"No";"With Traffic";"A: Disabling Injury";"Travel Lane";"White";"Male";"Mint Hill";"Mecklenburg";"No";"01-01-02";2012-10-09;"Motorist Overtaking Bicyclist";5;"Non-Intersection";"01-10-01";1-01-01 05:47:58;"Motorist Overtaking - Bicyclist Swerved";NA;2012;"A: Disabling Injury";"Residential";"70";70;"No";"26-30 mph";"O: No Injury";"White";"Female";"Passenger Car";"No";"No";"Dawn";"Urban (>70% Developed)";"2 lanes";2;"Straight - Level";"State Secondary Route";"Wet";"Two-Way, Not Divided";"None";"No Special Feature";"Coarse Asphalt";"Piedmont";"Urban";"30 - 35  MPH";"No Control Present";"Rain";"No";"35.18192, -80.6919"
"198";793;794;"Yes";"25-29";28;"No";"Facing Traffic";"C: Possible Injury";"Sidewalk / Crosswalk / Driveway Crossing";"Black";"Male";"Greensboro";"Guilford";"No";"01-01-05";2012-10-19;"Bicyclist Failed to Yield - Signalized Intersection";8;"Intersection";"01-10-01";1-01-01 08:54:58;"Bicyclist Ride Through - Signalized Intersection";NA;2012;"C: Possible Injury";"Commercial";"30-39";35;"No";"0-5 mph";"O: No Injury";"Black";"Female";"Van";"No";"No";"Daylight";"Urban (>70% Developed)";"3 lanes";2;"Straight - Level";"Local Street";"Dry";"One-Way, Not Divided";"None";"Four-Way Intersection";"Smooth Asphalt";"Piedmont";"Urban";"20 - 25  MPH";"Stop And Go Signal";"Clear";"No";"36.07338, -79.7868"
"199";794;795;"Yes";"40-49";43;"No";"With Traffic";"C: Possible Injury";"Travel Lane";"White";"Female";"None - Rural Crash";"New Hanover";"No";"01-01-06";2012-10-20;"Motorist Left Turn / Merge";13;"Non-Intersection";"01-10-01";1-01-01 12:59:58;"Motorist Left Turn - Opposite Direction";NA;2012;"C: Possible Injury";"Commercial";"20-24";23;"No";"6-10 mph";"O: No Injury";"White";"Male";"Sport Utility";"No";"No";"Daylight";"Mixed (30% To 70% Developed)";"5 lanes";2;"Straight - Level";"US Route";"Dry";"Two-Way, Not Divided";"None";"Driveway, Public";"Coarse Asphalt";"Coastal";"Rural";"50 - 55  MPH";"No Control Present";"Clear";"No";"34.27903, -77.9608"
"200";796;797;"Yes";"50-59";55;"No";"Facing Traffic";"C: Possible Injury";"Travel Lane";"Black";"Male";"Charlotte";"Mecklenburg";"No";"01-01-06";2012-10-20;"Crossing Paths - Other Circumstances";19;"Intersection";"01-10-01";1-01-01 19:58:58;"Signalized Intersection - Other /";NA;2012;"C: Possible Injury";"Commercial";"25-29";25;"Missing";"0-5 mph";"Injury";"Black";"Female";NA;"No";"Yes";"Dark - Lighted Roadway";"Urban (>70% Developed)";"4 lanes";2;"Straight - Level";"Local Street";"Dry";"Two-Way, Divided, Unprotected Median";"None";"No Special Feature";"Smooth Asphalt";"Piedmont";"Urban";"30 - 35  MPH";"Stop And Go Signal";"Clear";"No";"35.21249, -80.8931"
"201";501;502;"Yes";"16-19";17;"No";"Facing Traffic";"B: Evident Injury";"Sidewalk / Crosswalk / Driveway Crossing";"Black";"Male";"Durham";"Durham";"No";NA;2007-10-08;"Loss of Control / Turning Error";11;"Non-Intersection";"01-10-01";1-01-01 11:54:58;"Bicyclist Lost Control - Other /";332129;2007;"B: Evident Injury";"Commercial";"40-49";47;"No";"11-15 mph";"O: No Injury";"Black";"Male";"Sport Utility";"No";"No";"Daylight";"Urban (>70% Developed)";"2 lanes";2;"Straight - Grade";"Local Street";"Dry";"One-Way, Not Divided";"None";"No Special Feature";"Smooth Asphalt";"Piedmont";"Urban";"30 - 35  MPH";"No Control Present";"Clear";"No";"35.993084, -78.89903"
"202";516;517;"No";"40-49";49;"No";"With Traffic";"O: No Injury";"Travel Lane";"White";"Male";"None - Rural Crash";"Brunswick";"No";NA;2007-07-09;"Motorist Right Turn / Merge";12;"Intersection";"01-07-01";1-01-01 11:59:58;"Motorist Right Turn - Same Direction";111213;2007;"O: No Injury";"Commercial";"60-69";69;"No";"11-15 mph";"O: No Injury";"White";"Female";"Passenger Car";"No";"No";"Daylight";"Mixed (30% To 70% Developed)";"2 lanes";2;"Straight - Level";"NC Route";"Dry";"Two-Way, Not Divided";"None";"Four-Way Intersection";"Smooth Asphalt";"Coastal";"Rural";"50 - 55  MPH";"Stop And Go Signal";"Cloudy";"No";"33.91651, -78.49203"
"203";518;519;"Yes";"30-39";34;"No";"Facing Traffic";"C: Possible Injury";"Travel Lane";"Asian";"Male";"Chapel Hill";"Orange";"No";"01-01-02";2007-07-10;"Loss of Control / Turning Error";17;"Intersection";"01-07-01";1-01-01 17:23:58;"Bicyclist Turning Error - Left Turn";112114;2007;"C: Possible Injury";"Residential";"30-39";39;"No";"0-5 mph";"O: No Injury";"White";"Male";"Passenger Car";"No";"No";"Daylight";"Urban (>70% Developed)";"2 lanes";2;"Straight - Level";"Local Street";"Wet";"Two-Way, Not Divided";"None";"T-Intersection";"Smooth Asphalt";"Piedmont";"Urban";"20 - 25  MPH";"Stop Sign";"Rain";"No";"35.905197, -79.05511"
"204";522;523;"No";"10-Jun";10;"No";"With Traffic";"B: Evident Injury";"Travel Lane";"Black";"Male";"High Point";"Guilford";"No";"01-01-03";2007-07-11;"Loss of Control / Turning Error";17;"Intersection";"01-07-01";1-01-01 17:23:58;"Bicyclist Lost Control - Mechanical Problems";111121;2007;"B: Evident Injury";"Residential";"40-49";44;"No";"21-25 mph";"O: No Injury";"Black";"Male";"Passenger Car";"No";"No";"Daylight";"Urban (>70% Developed)";"2 lanes";2;"Straight - Grade";"Local Street";"Dry";"Two-Way, Not Divided";"None";"Four-Way Intersection";"Smooth Asphalt";"Piedmont";"Urban";"30 - 35  MPH";"Stop Sign";"Clear";"No";"35.96425, -79.99407"
"205";525;526;"Yes";"10-Jun";7;"No";"With Traffic";"B: Evident Injury";"Travel Lane";"White";"Male";"Holly Springs";"Wake";"No";"01-01-04";2007-07-12;"Bicyclist Failed to Yield - Sign-Controlled Intersection";13;"Intersection";"01-07-01";1-01-01 12:59:58;"Bicyclist Ride Through - Sign-Controlled Intersection";111144;2007;"B: Evident Injury";"Residential";"0-19";18;"No";"11-15 mph";"O: No Injury";"Black";"Male";"Passenger Car";"No";"No";"Daylight";"Urban (>70% Developed)";"2 lanes";2;"Straight - Level";"Local Street";"Dry";"Two-Way, Not Divided";"None";"Four-Way Intersection";"Coarse Asphalt";"Piedmont";"Urban";"20 - 25  MPH";"Stop Sign";"Clear";"No";"35.66205, -78.84054"
"206";533;534;"Yes";"15-Nov";15;"No";"Facing Traffic";"B: Evident Injury";"Travel Lane";"White";"Male";"None - Rural Crash";"Onslow";"No";"01-01-04";2007-09-27;"Motorist Overtaking Bicyclist";6;"Non-Intersection";"01-09-01";1-01-01 06:29:58;"Motorist Overtaking - Other /";312239;2007;"B: Evident Injury";"Farms, Woods, Pastures";"50-59";57;"No";"51-55 mph";"O: No Injury";"White";"Male";"Pickup";"No";"No";"Dark - Roadway Not Lighted";"Rural (<30% Developed)";"2 lanes";3;"Straight - Level";"State Secondary Route";"Dry";"Two-Way, Not Divided";"None";"No Special Feature";"Smooth Asphalt";"Coastal";"Rural";"50 - 55  MPH";"No Control Present";"Clear";"No";"34.784546, -77.63761"
"207";535;536;"Yes";"20-24";24;"No";"Not Applicable";"C: Possible Injury";"Driveway / Alley";"White";"Male";"None - Rural Crash";"Dare";"Yes";"01-01-07";2007-07-01;"Bicyclist Failed to Yield - Midblock";20;"Non-Intersection";"01-07-01";1-01-01 20:39:58;"Bicyclist Ride Out - Commercial Driveway / Alley";353312;2007;"C: Possible Injury";"Residential";"20-24";24;"Yes";"0-5 mph";"O: No Injury";"Black";"Male";"Passenger Car";"No";"No";"Dusk";"Urban (>70% Developed)";"2 lanes";2;"Straight - Level";"Public Vehicular Area";"Dry";"Two-Way, Not Divided";"None";"T-Intersection";"Coarse Asphalt";"Coastal";"Rural";"5 - 15 MPH";"No Control Present";"Clear";"No";"35.574, -75.463524"
"208";536;537;"Yes";"10-Jun";10;"No";"Not Applicable";"B: Evident Injury";"Non-Roadway";"Black";"Male";"Ahoskie";"Hertford";"No";NA;2007-07-02;"Bicyclist Failed to Yield - Midblock";17;"Non-Intersection";"01-07-01";1-01-01 17:47:58;"Bicyclist Ride Out - Other Midblock";363318;2007;"B: Evident Injury";"Residential";"40-49";46;"No";"16-20 mph";"O: No Injury";"Black";"Female";"Passenger Car";"No";"No";"Daylight";"Urban (>70% Developed)";"2 lanes";2;"Straight - Level";"Local Street";"Dry";"Two-Way, Not Divided";"None";"No Special Feature";"Smooth Asphalt";"Coastal";"Rural";"20 - 25  MPH";"No Control Present";"Clear";"No";"36.287983, -76.986786"
"209";545;546;"Yes";"20-24";20;"No";"With Traffic";"B: Evident Injury";"Travel Lane";"White";"Female";"None - Rural Crash";"Mcdowell";"No";"01-01-07";2007-07-15;"Head-On";9;"Non-Intersection";"01-07-01";1-01-01 09:29:58;"Head-On - Bicyclist";311250;2007;"B: Evident Injury";"Farms, Woods, Pastures";"50-59";52;"No";"51-55 mph";"O: No Injury";"White";"Male";"Motorcycle";"No";"No";"Daylight";"Rural (<30% Developed)";"2 lanes";2;"Curve - Grade";"NC Route";"Dry";"Two-Way, Not Divided";"None";"No Special Feature";"Smooth Asphalt";"Mountains";"Rural";"50 - 55  MPH";"Double Yellow Line, No Passing Zone";"Clear";"No";"35.763233, -82.15805"
"210";557;558;"No";"20-24";20;"No";NA;"C: Possible Injury";"Travel Lane";"White";"Female";"None - Rural Crash";"Guilford";"No";"01-01-05";2007-07-20;"Bicyclist Right Turn / Merge";12;"Non-Intersection";"01-07-01";1-01-01 12:46:58;"Bicyclist Right Turn - Same Direction";319223;2007;"C: Possible Injury";"Residential";"30-39";36;"No";"41-45 mph";"O: No Injury";"White";"Male";"Passenger Car";"No";"No";"Daylight";"Urban (>70% Developed)";"3 lanes";2;"Straight - Level";"State Secondary Route";"Dry";"Two-Way, Not Divided";"None";"No Special Feature";"Smooth Asphalt";"Piedmont";"Rural";"40 - 45  MPH";"No Control Present";"Clear";"No";"36.017494, -79.89318"
"211";558;559;"No";"40-49";41;"No";"Facing Traffic";"O: No Injury";"Sidewalk / Crosswalk / Driveway Crossing";"White";"Male";"Charlotte";"Mecklenburg";"No";"01-01-04";2007-10-25;"Motorist Failed to Yield - Sign-Controlled Intersection";19;"Intersection";"01-10-01";1-01-01 19:29:58;"Motorist Drive Out - Sign-Controlled Intersection";132141;2007;"O: No Injury";"Residential";"30-39";37;"No";"0-5 mph";"O: No Injury";"Black";"Female";"Passenger Car";"No";"No";"Dark - Lighted Roadway";"Urban (>70% Developed)";"2 lanes";2;"Straight - Level";"Local Street";"Wet";"Two-Way, Divided, Unprotected Median";"None";"T-Intersection";"Smooth Asphalt";"Piedmont";"Urban";"30 - 35  MPH";"Stop Sign";"Rain";"No";"35.1305, -80.83773"
"212";559;560;"No";"15-Nov";12;"No";"With Traffic";"C: Possible Injury";"Travel Lane";"Black";"Male";"Asheville";"Buncombe";"No";"01-01-05";2007-07-20;"Parallel Paths - Other Circumstances";16;"Non-Intersection";"01-07-01";1-01-01 16:39:58;"Parallel Paths - Other /";311280;2007;"C: Possible Injury";"Residential";"50-59";53;"No";NA;"O: No Injury";"Black";"Male";"Passenger Car";"No";"Yes";"Daylight";"Urban (>70% Developed)";"2 lanes";2;"Straight - Level";"Local Street";"Dry";"Two-Way, Not Divided";"None";"No Special Feature";"Coarse Asphalt";"Mountains";"Urban";"20 - 25  MPH";"No Control Present";"Clear";"No";"35.55034, -82.52444"
"213";562;563;"Yes";"15-Nov";11;"No";"Facing Traffic";"O: No Injury";"Sidewalk / Crosswalk / Driveway Crossing";"Black";"Male";"Cary";"Wake";"No";"01-01-05";2007-10-26;"Motorist Failed to Yield - Sign-Controlled Intersection";17;"Intersection";"01-10-01";1-01-01 17:08:58;"Motorist Drive Out - Sign-Controlled Intersection";132141;2007;"O: No Injury";"Commercial";"30-39";37;"No";"0-5 mph";"O: No Injury";"White";"Male";"Sport Utility";"No";"No";"Daylight";"Urban (>70% Developed)";"2 lanes";2;"Straight - Level";"Local Street";"Wet";"Two-Way, Divided, Unprotected Median";"None";"Four-Way Intersection";"Smooth Asphalt";"Piedmont";"Urban";"30 - 35  MPH";"Stop Sign";"Rain";"No";"35.734734, -78.778725"
"214";580;581;"Yes";"10-Jun";7;"No";NA;"B: Evident Injury";"Travel Lane";"Black";"Female";"Mount Holly";"Gaston";"No";"01-01-05";2007-07-20;"Motorist Overtaking Bicyclist";17;"Non-Intersection";"01-07-01";1-01-01 17:51:58;"Motorist Overtaking - Bicyclist Swerved";319235;2007;"B: Evident Injury";"Residential";"0-19";18;"No";"11-15 mph";"O: No Injury";"White";"Female";"Sport Utility";"No";"No";"Daylight";"Urban (>70% Developed)";"2 lanes";2;"Straight - Level";"Local Street";"Dry";NA;"None";"No Special Feature";"Smooth Asphalt";"Piedmont";"Urban";"5 - 15 MPH";"No Control Present";"Clear";"No";"35.268303, -81.0173"
"215";588;589;"No";"60-69";65;"Yes";"Facing Traffic";"C: Possible Injury";"Travel Lane";"Black";"Male";"Sims";"Wilson";"Yes";"01-01-05";2007-07-27;"Bicyclist Failed to Yield - Sign-Controlled Intersection";18;"Intersection";"01-07-01";1-01-01 18:47:58;"Bicyclist Ride Through - Sign-Controlled Intersection";112144;2007;"C: Possible Injury";"Residential";"50-59";58;"No";"0-5 mph";"O: No Injury";"White";"Male";"Pickup";"No";"No";"Daylight";"Urban (>70% Developed)";"2 lanes";2;"Straight - Level";"Local Street";"Dry";"Two-Way, Not Divided";"None";"Four-Way Intersection";"Smooth Asphalt";"Coastal";"Rural";"30 - 35  MPH";"Stop Sign";"Clear";"No";"35.75878, -78.06007"
"216";593;594;"Yes";"50-59";57;"No";"With Traffic";"B: Evident Injury";"Travel Lane";"Native American";"Male";"Kannapolis";"Cabarrus";"No";"01-01-06";2007-07-28;"Other / Unusual Circumstances";19;"Non-Intersection";"01-07-01";1-01-01 19:56:58;"Motorist Intentionally Caused";311510;2007;"B: Evident Injury";"Commercial";NA;NA;"Missing";"6-10 mph";"Injury";"/Missing";NA;NA;"No";"Yes";"Daylight";"Urban (>70% Developed)";"4 lanes";2;"Straight - Level";"Local Street";"Dry";"Two-Way, Not Divided";"None";"No Special Feature";"Smooth Asphalt";"Piedmont";"Urban";"40 - 45  MPH";"No Control Present";"Clear";"No";"35.50333, -80.61188"
"217";600;601;"Yes";"40-49";42;"No";"Facing Traffic";"B: Evident Injury";"Sidewalk / Crosswalk / Driveway Crossing";"White";"Male";"Belmont";"Gaston";"No";"01-01-07";2007-07-29;"Motorist Failed to Yield - Sign-Controlled Intersection";9;"Intersection";"01-07-01";1-01-01 09:50:58;"Motorist Drive Out - Sign-Controlled Intersection";132141;2007;"B: Evident Injury";"Commercial";"40-49";40;"No";"0-5 mph";"O: No Injury";"White";"Female";"Passenger Car";"No";"No";"Daylight";"Urban (>70% Developed)";NA;2;"Straight - Grade";"Local Street";"Dry";"Two-Way, Not Divided";"None";"Driveway, Public";"Smooth Asphalt";"Piedmont";"Urban";"5 - 15 MPH";"Stop Sign";"Clear";"No";"35.251408, -81.042725"
"218";607;608;"No";"40-49";44;"Yes";"With Traffic";"C: Possible Injury";"Travel Lane";"Black";"Male";"None - Rural Crash";"Jones";"Yes";"01-01-02";2007-07-31;"Motorist Failed to Yield - Sign-Controlled Intersection";21;"Intersection";"01-07-01";1-01-01 21:29:58;"Motorist Drive Out - Sign-Controlled Intersection";111141;2007;"C: Possible Injury";"Farms, Woods, Pastures";"60-69";65;"No";"0-5 mph";"O: No Injury";"White";"Male";"Passenger Car";"No";"No";"Dark - Roadway Not Lighted";"Rural (<30% Developed)";"2 lanes";2;"Straight - Level";"NC Route";"Dry";"Two-Way, Not Divided";"None";"Y-Intersection";"Smooth Asphalt";"Coastal";"Rural";"50 - 55  MPH";"Stop Sign";"Clear";"No";"35.0665, -77.35055"
"219";619;620;"Yes";"40-49";41;"No";"With Traffic";"A: Disabling Injury";"Travel Lane";"White";"Male";"Morrisville";"Wake";"No";"01-01-05";2007-08-03;"Bicyclist Failed to Yield - Signalized Intersection";6;"Intersection";"01-08-01";1-01-01 06:19:58;"Bicyclist Ride Through - Signalized Intersection";111155;2007;"A: Disabling Injury";"Commercial";"40-49";48;"No";"31-35 mph";"A: Disabling Injury";"White";"Male";"Passenger Car";"No";"No";"Daylight";"Mixed (30% To 70% Developed)";"4 lanes";2;"Straight - Grade";"Local Street";"Dry";"Two-Way, Divided, Unprotected Median";"None";"Four-Way Intersection";"Smooth Asphalt";"Piedmont";"Urban";"30 - 35  MPH";"Stop And Go Signal";"Clear";"No";"35.800976, -78.817696"
"220";632;633;"No";"15-Nov";14;"No";"With Traffic";"Injury";"Sidewalk / Crosswalk / Driveway Crossing";"White";"Male";"Belmont";"Gaston";"No";"01-01-02";2007-08-07;"Motorist Failed to Yield - Sign-Controlled Intersection";18;"Intersection";"01-08-01";1-01-01 18:34:58;"Motorist Drive Out - Sign-Controlled Intersection";131141;2007;"O: No Injury";"Residential";"40-49";42;"No";"0-5 mph";"O: No Injury";"White";"Male";"Sport Utility";"No";"No";"Daylight";"Urban (>70% Developed)";"2 lanes";2;"Straight - Level";"Local Street";"Dry";"Two-Way, Divided, Unprotected Median";"None";"T-Intersection";"Coarse Asphalt";"Piedmont";"Urban";"30 - 35  MPH";"Stop Sign";"Clear";"No";"35.238476, -81.043724"
"221";633;634;"No";NA;NA;"No";NA;"Injury";NA;"/Missing";NA;"Fayetteville";"Cumberland";"No";"01-01-07";2007-07-08;"Other /  - Insufficient Details";17;"Intersection";"01-07-01";1-01-01 17:13:58;"Approach Paths";199970;2007;"O: No Injury";"Commercial";"60-69";64;"No";NA;"O: No Injury";"White";"Female";"Sport Utility";"No";"No";"Daylight";"Urban (>70% Developed)";"2 lanes";2;"Straight - Grade";"Local Street";"Dry";"One-Way, Not Divided";"None";"On or Off Ramp";"Coarse Asphalt";"Coastal";"Urban";"40 - 45  MPH";"Stop And Go Signal";"Clear";"No";"35.062016, -78.890205"
"222";634;635;"Yes";"15-Nov";14;"No";"With Traffic";"A: Disabling Injury";"Travel Lane";"White";"Male";"Asheville";"Buncombe";"No";"01-01-03";2007-08-08;"Head-On";15;"Non-Intersection";"01-08-01";1-01-01 15:06:58;"Head-On - Bicyclist";311250;2007;"A: Disabling Injury";"Residential";"25-29";26;"No";"26-30 mph";"O: No Injury";"White";"Male";"Passenger Car";"No";"No";"Daylight";"Urban (>70% Developed)";"2 lanes";2;"Curve - Level";"Local Street";"Dry";"Two-Way, Not Divided";"None";"No Special Feature";"Coarse Asphalt";"Mountains";"Urban";"30 - 35  MPH";"No Control Present";"Clear";"No";"35.632977, -82.56248"
"223";635;636;"No";"16-19";16;"No";"With Traffic";"C: Possible Injury";"Travel Lane";"Black";"Male";"Greensboro";"Guilford";"No";"01-01-03";2007-08-08;"Crossing Paths - Other Circumstances";22;"Intersection";"01-08-01";1-01-01 22:30:58;"Crossing Paths - Intersection - Other /";111180;2007;"C: Possible Injury";"Residential";NA;NA;"Missing";"0-5 mph";"Injury";"/Missing";NA;NA;"No";"Yes";"Dark - Lighted Roadway";"Urban (>70% Developed)";"2 lanes";2;"Straight - Level";"Local Street";"Dry";"Two-Way, Not Divided";"None";"No Special Feature";"Smooth Asphalt";"Piedmont";"Urban";"30 - 35  MPH";"No Control Present";"Clear";"No";"36.055035, -79.796104"