"FID";"OBJECTID";"AmbulanceR";"BikeAge_Gr";"Bike_Age";"Bike_Alc_D";"Bike_Dir";"Bike_Injur";"Bike_Pos";"Bike_Race";"Bike_Sex";"City";"County";"CrashAlcoh";"CrashDay";"Crash_Date";"Crash_Grp";"Crash_Hour";"Crash_Loc";"Crash_Mont";"Crash_Time";"Crash_Type";"Crash_Ty_1";"Crash_Year";"Crsh_Sevri";"Developmen";"DrvrAge_Gr";"Drvr_Age";"Drvr_Alc_D";"Drvr_EstSp";"Drvr_Injur";"Drvr_Race";"Drvr_Sex";"Drvr_VehTy";"ExcsSpdInd";"Hit_Run";"Light_Cond";"Locality";"Num_Lanes";"Num_Units";"Rd_Charact";"Rd_Class";"Rd_Conditi";"Rd_Config";"Rd_Defects";"Rd_Feature";"Rd_Surface";"Region";"Rural_Urba";"Speed_Limi";"Traff_Cntr";"Weather";"Workzone_I";"Location"
"224";640;641;"Yes";"40-49";41;"No";"Facing Traffic";"C: Possible Injury";"Travel Lane";"Black";"Male";"None - Rural Crash";"Duplin";"No";"01-01-04";2007-08-09;"Bicyclist Right Turn / Merge";8;"Non-Intersection";"01-08-01";1-01-01 08:15:58;"Bicyclist Right Turn - Same Direction";312223;2007;"C: Possible Injury";"Farms, Woods, Pastures";"20-24";24;"No";"51-55 mph";"O: No Injury";"Black";"Male";"Passenger Car";"No";"No";"Daylight";"Rural (<30% Developed)";"2 lanes";2;"Straight - Level";"State Secondary Route";"Dry";"Two-Way, Not Divided";"None";"No Special Feature";"Coarse Asphalt";"Coastal";"Rural";"50 - 55  MPH";"No Control Present";"Clear";"No";"34.964424, -78.05053"
"225";645;646;"No";"30-39";38;"No";"With Traffic";"B: Evident Injury";"Travel Lane";"White";"Male";"Asheville";"Buncombe";"No";"01-01-06";2007-08-11;"Motorist Overtaking Bicyclist";4;"Non-Intersection";"01-08-01";1-01-01 04:05:58;"Motorist Overtaking - Undetected Bicyclist";311231;2007;"B: Evident Injury";"Commercial";"50-59";56;"No";"46-50 mph";"O: No Injury";"White";"Male";"Van";"No";"No";"Dark - Lighted Roadway";"Urban (>70% Developed)";"5 lanes";2;"Straight - Hillcrest";"US Route";"Dry";"Two-Way, Divided, Unprotected Median";"None";"No Special Feature";"Smooth Asphalt";"Mountains";"Urban";"50 - 55  MPH";"No Control Present";"Clear";"No";"35.549644, -82.64862"
"226";647;648;"No";"40-49";47;"No";"Not Applicable";"O: No Injury";"Driveway / Alley";"/Missing";"Male";"Kannapolis";"Cabarrus";"No";NA;2007-08-13;"Bicyclist Failed to Yield - Midblock";12;"Non-Intersection";"01-08-01";1-01-01 12:07:58;"Bicyclist Ride Out - Commercial Driveway / Alley";353312;2007;"O: No Injury";"Commercial";"30-39";32;"No";"26-30 mph";"O: No Injury";"White";"Male";"Van";"No";"No";"Daylight";"Urban (>70% Developed)";"2 lanes";2;"Straight - Level";"Local Street";"Dry";"Two-Way, Not Divided";"None";"No Special Feature";"Smooth Asphalt";"Piedmont";"Urban";"30 - 35  MPH";"No Control Present";"Clear";"No";"35.481136, -80.613174"
"227";648;649;"No";"30-39";33;"No";"With Traffic";"C: Possible Injury";"Travel Lane";"White";"Female";"None - Rural Crash";"Cleveland";"No";NA;2007-08-13;"Motorist Overtaking Bicyclist";7;"Non-Intersection";"01-08-01";1-01-01 07:19:58;"Motorist Overtaking - Misjudged Space";311232;2007;"C: Possible Injury";"Farms, Woods, Pastures";"20-24";22;"No";"36-40 mph";"O: No Injury";"White";"Male";"Pickup";"No";"No";"Daylight";"Rural (<30% Developed)";"2 lanes";2;"Straight - Level";"State Secondary Route";"Dry";"Two-Way, Not Divided";"None";"No Special Feature";"Smooth Asphalt";"Mountains";"Rural";"40 - 45  MPH";"Double Yellow Line, No Passing Zone";"Clear";"No";"35.296677, -81.43833"
"228";651;652;"No";NA;NA;"Missing";NA;"Injury";"Non-Roadway";"/Missing";NA;"Asheville";"Buncombe";"No";NA;2007-11-05;"Non-Roadway";13;"Non-Roadway";"01-11-01";1-01-01 13:44:58;"Non-Roadway";460910;2007;"O: No Injury";"Commercial";"50-59";55;"No";"6-10 mph";"O: No Injury";"Black";"Female";"Other Bus";"No";"No";"Daylight";"Urban (>70% Developed)";"3 lanes";2;"Straight - Level";"Local Street";"Dry";"Two-Way, Not Divided";"None";"Four-Way Intersection";"Smooth Asphalt";"Mountains";"Urban";"20 - 25  MPH";"Stop And Go Signal";"Clear";"No";"35.59511, -82.55426"
"229";653;654;"Yes";"15-Nov";12;"No";"Not Applicable";"O: No Injury";"Multi-use Path";"Black";"Male";"None - Rural Crash";"Rockingham";"No";NA;2007-08-13;"Bicyclist Failed to Yield - Midblock";9;"Non-Intersection";"01-08-01";1-01-01 09:08:58;"Bicyclist Ride Out - Other Midblock";343318;2007;"O: No Injury";"Farms, Woods, Pastures";"40-49";42;"No";"41-45 mph";"O: No Injury";"White";"Male";"Pickup";"No";"No";"Daylight";"Rural (<30% Developed)";"2 lanes";2;"Straight - Level";"US Route";"Dry";"Two-Way, Not Divided";"None";"No Special Feature";"Smooth Asphalt";"Piedmont";"Rural";"50 - 55  MPH";"Double Yellow Line, No Passing Zone";"Clear";"No";"36.38196, -79.577095"
"230";660;661;"Yes";"30-39";39;"No";"Facing Traffic";"B: Evident Injury";"Travel Lane";"Black";"Male";"Charlotte";"Mecklenburg";"No";"01-01-02";2007-11-20;"Head-On";10;"Non-Intersection";"01-11-01";1-01-01 10:25:58;"Head-On - Bicyclist";312250;2007;"B: Evident Injury";"Residential";"25-29";25;"No";"31-35 mph";"O: No Injury";"Black";"Male";"Passenger Car";"No";"No";"Daylight";"Urban (>70% Developed)";"2 lanes";2;"Straight - Level";"Local Street";"Dry";"Two-Way, Not Divided";"None";"No Special Feature";"Smooth Asphalt";"Piedmont";"Urban";"20 - 25  MPH";"No Control Present";"Clear";"No";"35.26333, -80.86328"
"231";666;667;"Yes";"30-39";32;"No";"Facing Traffic";"C: Possible Injury";"Travel Lane";"Black";"Male";"High Point";"Guilford";"No";"01-01-03";2007-08-15;"Crossing Paths - Other Circumstances";12;"Intersection-Related";"01-08-01";1-01-01 12:49:58;"Crossing Paths - Intersection - Other /";212180;2007;"C: Possible Injury";"Commercial";"40-49";48;"No";"11-15 mph";"O: No Injury";"Black";"Female";"Passenger Car";"No";"No";"Daylight";"Urban (>70% Developed)";"4 lanes";2;"Straight - Grade";"Local Street";"Dry";"Two-Way, Not Divided";"None";"Four-Way Intersection";"Smooth Asphalt";"Piedmont";"Urban";"30 - 35  MPH";"Stop And Go Signal";"Clear";"No";"35.956223, -79.9999"
"232";670;671;"Yes";"16-19";17;"No";"Facing Traffic";"C: Possible Injury";"Sidewalk / Crosswalk / Driveway Crossing";"Black";"Male";"Goldsboro";"Wayne";"No";"01-01-04";2007-08-16;"Bicyclist Failed to Yield - Signalized Intersection";9;"Intersection";"01-08-01";1-01-01 09:29:58;"Bicyclist Ride Through - Signalized Intersection";132155;2007;"C: Possible Injury";"Residential";"60-69";66;"No";"26-30 mph";"O: No Injury";"White";"Male";"Pickup";"No";"No";"Daylight";"Urban (>70% Developed)";"2 lanes";2;"Straight - Level";"Local Street";"Dry";"Two-Way, Not Divided";"None";"Four-Way Intersection";"Coarse Asphalt";"Coastal";"Urban";"30 - 35  MPH";"Stop And Go Signal";"Clear";"No";"35.38988, -77.99034"
"233";674;675;"Yes";"50-59";56;"No";"With Traffic";"C: Possible Injury";"Travel Lane";"White";"Male";"None - Rural Crash";"Transylvania";"No";"01-01-06";2007-08-18;"Motorist Overtaking Bicyclist";16;"Non-Intersection";"01-08-01";1-01-01 16:09:58;"Motorist Overtaking - Bicyclist Swerved";311235;2007;"C: Possible Injury";"Residential";"25-29";25;"No";"36-40 mph";"O: No Injury";"White";"Male";"Passenger Car";"No";"No";"Daylight";"Mixed (30% To 70% Developed)";"2 lanes";2;"Straight - Grade";"State Secondary Route";"Dry";"Two-Way, Not Divided";"None";"No Special Feature";"Smooth Asphalt";"Mountains";"Rural";"40 - 45  MPH";"Double Yellow Line, No Passing Zone";"Clear";"No";"35.1841, -82.79507"
"234";683;684;"No";"25-29";25;"No";"Facing Traffic";"C: Possible Injury";"Sidewalk / Crosswalk / Driveway Crossing";"Other";"Male";"Kitty Hawk";"Dare";"No";"01-01-02";2007-08-21;"Bicyclist Failed to Yield - Signalized Intersection";11;"Intersection";"01-08-01";1-01-01 11:17:58;"Bicyclist Ride Through - Signalized Intersection";132155;2007;"C: Possible Injury";"Commercial";"30-39";37;"No";"31-35 mph";"O: No Injury";"Black";"Female";"Sport Utility";"No";"No";"Daylight";"Urban (>70% Developed)";"4 lanes";2;"Curve - Hillcrest";"Local Street";"Dry";"Two-Way, Not Divided";"None";"Four-Way Intersection";"Coarse Asphalt";"Coastal";"Rural";"30 - 35  MPH";"Stop And Go Signal";"Clear";"No";"36.100487, -75.71423"
"235";689;690;"Yes";"15-Nov";12;"No";"With Traffic";"C: Possible Injury";"Travel Lane";"Black";"Male";"None - Rural Crash";"Cumberland";"No";"01-01-04";2007-08-23;"Bicyclist Left Turn / Merge";15;"Non-Intersection";"01-08-01";1-01-01 15:16:58;"Bicyclist Left Turn - Same Direction";311221;2007;"C: Possible Injury";"Commercial";"60-69";68;"No";"41-45 mph";"O: No Injury";"White";"Male";"Passenger Car";"No";"No";"Daylight";"Mixed (30% To 70% Developed)";"5 lanes";2;"Straight - Hillcrest";"State Secondary Route";"Dry";"Two-Way, Not Divided";"None";"No Special Feature";"Smooth Asphalt";"Coastal";"Rural";"40 - 45  MPH";"No Control Present";"Clear";"No";"35.010292, -78.95238"
"236";696;697;"No";"16-19";16;"No";"With Traffic";"O: No Injury";"Travel Lane";"White";"Female";"Sharpsburg";"Wilson";"No";"01-01-06";2007-08-18;"Bicyclist Failed to Yield - Sign-Controlled Intersection";15;"Intersection";"01-08-01";1-01-01 14:59:58;"Bicyclist Ride Through - Sign-Controlled Intersection";111144;2007;"O: No Injury";"Residential";"50-59";55;"No";"0-5 mph";"O: No Injury";"Black";"Female";"Passenger Car";"No";"No";"Daylight";"Urban (>70% Developed)";"2 lanes";2;"Straight - Level";"Local Street";"Dry";"Two-Way, Not Divided";"None";"No Special Feature";"Smooth Asphalt";"Coastal";"Rural";"40 - 45  MPH";"Stop Sign";"Clear";"No";"35.865047, -77.82563"
"237";700;701;"Yes";"30-39";30;"No";"With Traffic";"B: Evident Injury";"Travel Lane";"White";"Female";"None - Rural Crash";"Orange";"No";"01-01-06";2007-08-25;"Motorist Overtaking Bicyclist";9;"Non-Intersection";"01-08-01";1-01-01 09:21:58;"Motorist Overtaking - Other /";311239;2007;"B: Evident Injury";"Farms, Woods, Pastures";"25-29";25;"No";"46-50 mph";"O: No Injury";"White";"Female";"Passenger Car";"No";"No";"Daylight";"Rural (<30% Developed)";"2 lanes";2;"Curve - Hillcrest";"State Secondary Route";"Dry";"Two-Way, Not Divided";"None";"No Special Feature";"Smooth Asphalt";"Piedmont";"Rural";"50 - 55  MPH";"Double Yellow Line, No Passing Zone";"Clear";"No";"36.08032, -79.05877"
"238";702;703;"No";"25-29";26;"No";NA;"C: Possible Injury";NA;"White";"Male";"Gastonia";"Gaston";"No";"01-01-07";2007-08-26;"Crossing Paths - Other Circumstances";10;"Intersection";"01-08-01";1-01-01 10:38:58;"Crossing Paths - Intersection - Other /";199180;2007;"C: Possible Injury";"Residential";"60-69";61;"No";NA;"O: No Injury";"White";"Male";"Pickup";"No";"No";"Daylight";"Urban (>70% Developed)";"2 lanes";2;"Straight - Level";"Local Street";"Dry";"Two-Way, Not Divided";"None";"T-Intersection";"Smooth Asphalt";"Piedmont";"Urban";"30 - 35  MPH";"Stop Sign";"Clear";"No";"35.240578, -81.150444"
"239";710;711;"No";"60-69";61;"No";"Facing Traffic";"C: Possible Injury";"Sidewalk / Crosswalk / Driveway Crossing";"Black";"Male";"Apex";"Wake";"No";"01-01-04";2007-08-30;"Motorist Failed to Yield - Midblock";16;"Non-Intersection";"01-08-01";1-01-01 16:50:58;"Motorist Drive Out - Commercial Driveway / Alley";332322;2007;"C: Possible Injury";"Commercial";"30-39";31;"No";NA;"O: No Injury";"White";"Male";"Pickup";"No";"No";"Daylight";"Urban (>70% Developed)";"2 lanes";2;"Straight - Level";"Local Street";"Dry";"Two-Way, Not Divided";"None";"No Special Feature";"Gravel";"Piedmont";"Urban";NA;"No Control Present";"Clear";"No";"35.71128, -78.83875"
"240";716;717;"Yes";"20-24";21;"No";"With Traffic";"K: Killed";"Travel Lane";"Black";"Male";"None - Rural Crash";"Hertford";"No";"01-01-06";2007-09-01;"Head-On";22;"Non-Intersection";"01-09-01";1-01-01 22:49:58;"Head-On - Motorist";311255;2007;"K: Killed";"Residential";"0-19";19;"No";"56-60 mph";"B: Evident Injury";"Black";"Male";"Passenger Car";"Yes";"No";"Daylight";"Mixed (30% To 70% Developed)";"2 lanes";2;"Straight - Level";"State Secondary Route";"Dry";"Two-Way, Not Divided";"None";"Driveway, Public";"Coarse Asphalt";"Coastal";"Rural";"40 - 45  MPH";"Double Yellow Line, No Passing Zone";"Clear";"No";"36.43726, -77.1185"
"241";720;721;"No";"20-24";20;"No";"With Traffic";"O: No Injury";NA;"White";"Male";"Fayetteville";"Cumberland";"No";"01-01-02";2007-08-21;"Motorist Failed to Yield - Sign-Controlled Intersection";8;"Intersection";"01-08-01";1-01-01 08:44:58;"Motorist Drive Out - Sign-Controlled Intersection";191141;2007;"O: No Injury";"Residential";NA;NA;"Missing";NA;"Injury";"/Missing";NA;NA;"No";"Yes";"Daylight";"Urban (>70% Developed)";"4 lanes";2;"Curve - Hillcrest";"Local Street";"Dry";"Two-Way, Not Divided";"None";"T-Intersection";"Coarse Asphalt";"Coastal";"Urban";NA;"Stop Sign";"Clear";"No";"35.062088, -78.918625"
"242";721;722;"Yes";"15-Nov";14;"No";NA;"B: Evident Injury";NA;"Black";"Male";"Charlotte";"Mecklenburg";"No";"01-01-05";2007-12-07;"Other /  - Insufficient Details";21;"Intersection-Related";"01-12-01";1-01-01 21:12:58;"Approach Paths";299970;2007;"B: Evident Injury";"Commercial";"20-24";23;"No";"0-5 mph";"O: No Injury";"Black";"Female";"Passenger Car";"No";"No";"Dark - Lighted Roadway";"Urban (>70% Developed)";"2 lanes";2;"Straight - Level";"Local Street";"Dry";"Two-Way, Divided, Unprotected Median";"None";"Four-Way Intersection";"Smooth Asphalt";"Piedmont";"Urban";"30 - 35  MPH";"Stop And Go Signal";"Clear";"No";"35.268238, -80.85388"
"243";722;723;"Yes";"15-Nov";14;"No";"Facing Traffic";"B: Evident Injury";"Travel Lane";"White";"Male";"None - Rural Crash";"Hertford";"No";NA;2007-09-03;"Bicyclist Right Turn / Merge";12;"Non-Intersection";"01-09-01";1-01-01 12:56:58;"Bicyclist Right Turn - Same Direction";312223;2007;"B: Evident Injury";"Residential";"40-49";49;"No";"31-35 mph";"C: Possible Injury";"Black";"Female";"Passenger Car";"No";"No";"Daylight";"Mixed (30% To 70% Developed)";"2 lanes";2;"Straight - Level";"NC Route";"Dry";"Two-Way, Not Divided";"None";"No Special Feature";"Coarse Asphalt";"Coastal";"Rural";"30 - 35  MPH";"Double Yellow Line, No Passing Zone";"Clear";"No";"36.28813, -76.986404"
"244";734;735;"No";"50-59";52;"No";"With Traffic";"B: Evident Injury";"Travel Lane";"White";"Male";"None - Rural Crash";"Gaston";"No";"01-01-04";2007-09-06;"Bicyclist Overtaking Motorist";12;"Intersection-Related";"01-09-01";1-01-01 12:19:58;"Bicyclist Overtaking - Other /";211249;2007;"B: Evident Injury";"Commercial";"40-49";40;"No";NA;"O: No Injury";"White";"Female";"Passenger Car";"No";"No";"Daylight";"Rural (<30% Developed)";"2 lanes";2;"Straight - Level";"State Secondary Route";"Dry";"Two-Way, Not Divided";"None";"Y-Intersection";"Smooth Asphalt";"Piedmont";"Rural";"30 - 35  MPH";"Stop And Go Signal";"Clear";"No";"35.291916, -81.036674"
"245";746;747;"Yes";"20-24";20;"No";NA;"C: Possible Injury";"Travel Lane";"White";"Male";"Conover";"Catawba";"No";"01-01-03";2007-12-12;"Bicyclist Failed to Yield - Signalized Intersection";19;"Intersection";"01-12-01";1-01-01 19:57:58;"Bicyclist Ride Through - Signalized Intersection";119155;2007;"C: Possible Injury";"Commercial";"30-39";32;"No";"16-20 mph";"O: No Injury";"White";"Female";"Passenger Car";"No";"No";"Dark - Lighted Roadway";"Urban (>70% Developed)";"2 lanes";2;"Straight - Level";"Local Street";"Dry";"Two-Way, Not Divided";"None";"Four-Way Intersection";"Smooth Asphalt";"Piedmont";"Urban";"40 - 45  MPH";"Stop And Go Signal";"Clear";"No";"35.703068, -81.21111"
"246";748;749;"Yes";"40-49";42;"No";"Facing Traffic";"C: Possible Injury";"Travel Lane";"Hispanic";"Male";"New Bern";"Craven";"No";"01-01-05";2007-09-07;"Motorist Failed to Yield - Signalized Intersection";15;"Intersection";"01-09-01";1-01-01 15:25:58;"Motorist Drive Out - Right Turn on Red";112151;2007;"C: Possible Injury";"Commercial";"30-39";31;"No";NA;"O: No Injury";"Other";"Female";"Sport Utility";"No";"No";"Daylight";"Urban (>70% Developed)";"4 lanes";2;"Straight - Level";"US Route";"Dry";"Two-Way, Not Divided";"None";"Four-Way Intersection";"Smooth Asphalt";"Coastal";"Urban";"40 - 45  MPH";"Stop And Go Signal";"Clear";"No";"35.11338, -77.09635"
"247";749;750;"No";"40-49";47;"No";"Facing Traffic";"C: Possible Injury";NA;"White";"Male";"Matthews";"Mecklenburg";"No";"01-01-05";2007-09-07;"Motorist Failed to Yield - Sign-Controlled Intersection";10;"Intersection";"01-09-01";1-01-01 10:10:58;"Motorist Drive Out - Sign-Controlled Intersection";192141;2007;"C: Possible Injury";"Commercial";"50-59";50;"No";"11-15 mph";"O: No Injury";"White";"Male";"Passenger Car";"No";"No";"Daylight";"Urban (>70% Developed)";"2 lanes";2;"Straight - Level";"Local Street";"Dry";"Two-Way, Not Divided";"None";"T-Intersection";"Smooth Asphalt";"Piedmont";"Urban";"20 - 25  MPH";"Stop Sign";"Clear";"No";"35.117462, -80.72494"
"248";756;757;"Yes";"20-24";20;"Yes";"With Traffic";"A: Disabling Injury";"Driveway / Alley";"Hispanic";"Male";"None - Rural Crash";"Pitt";"Yes";"01-01-07";2007-09-09;"Bicyclist Failed to Yield - Sign-Controlled Intersection";0;"Intersection";"01-09-01";0-12-31 23:59:58;"Bicyclist Ride Through - Sign-Controlled Intersection";151144;2007;"A: Disabling Injury";"Institutional";"60-69";68;"No";"46-50 mph";"O: No Injury";"Black";"Male";"Passenger Car";"No";"No";"Dark - Roadway Not Lighted";"Mixed (30% To 70% Developed)";"2 lanes";2;"Straight - Level";"NC Route";"Dry";"Two-Way, Not Divided";"None";"Driveway, Public";"Coarse Asphalt";"Coastal";"Rural";"50 - 55  MPH";"Stop Sign";"Clear";"No";"35.66709, -77.419106"
"249";757;758;"No";"16-19";16;"No";"Facing Traffic";"C: Possible Injury";"Travel Lane";"White";"Male";"None - Rural Crash";"Rockingham";"No";NA;2007-09-10;"Motorist Failed to Yield - Sign-Controlled Intersection";21;"Intersection";"01-09-01";1-01-01 21:13:58;"Motorist Drive Out - Sign-Controlled Intersection";112141;2007;"C: Possible Injury";"Farms, Woods, Pastures";"30-39";31;"No";NA;"O: No Injury";"White";"Female";"Sport Utility";"No";"No";"Dark - Roadway Not Lighted";"Rural (<30% Developed)";"2 lanes";2;"Curve - Grade";"State Secondary Route";"Dry";"Two-Way, Not Divided";"None";"T-Intersection";"Coarse Asphalt";"Piedmont";"Rural";"40 - 45  MPH";"Double Yellow Line, No Passing Zone";"Clear";"No";"36.50499, -79.82949"
"250";761;762;"Yes";"15-Nov";12;"No";"Not Applicable";"B: Evident Injury";NA;"White";"Male";"Indian Trail";"Union";"No";"01-01-03";2007-09-12;"Bicyclist Failed to Yield - Midblock";16;"Non-Intersection";"01-09-01";1-01-01 16:22:58;"Bicyclist Ride Out - Midblock -";393319;2007;"B: Evident Injury";"Commercial";"25-29";27;"No";"26-30 mph";"O: No Injury";"White";"Female";"Passenger Car";"No";"No";"Daylight";"Urban (>70% Developed)";"2 lanes";2;"Straight - Hillcrest";"State Secondary Route";"Dry";"Two-Way, Not Divided";"None";"No Special Feature";"Smooth Asphalt";"Piedmont";"Urban";"40 - 45  MPH";"Double Yellow Line, No Passing Zone";"Clear";"No";"35.047066, -80.64617"
"251";765;766;"Yes";"40-49";45;"No";"Facing Traffic";"B: Evident Injury";"Travel Lane";"Black";"Male";"Rocky Mount";"Nash";"No";"01-01-03";2007-09-12;"Head-On";21;"Non-Intersection";"01-09-01";1-01-01 21:43:58;"Head-On - Bicyclist";312250;2007;"B: Evident Injury";"Residential";"30-39";32;"No";"31-35 mph";"O: No Injury";"White";"Male";"Police";"No";"No";"Dark - Lighted Roadway";"Urban (>70% Developed)";"2 lanes";2;"Straight - Grade";"Local Street";"Dry";"One-Way, Not Divided";"None";"No Special Feature";"Smooth Asphalt";"Coastal";"Urban";"30 - 35  MPH";"No Control Present";"Clear";"No";"35.946724, -77.80379"
"252";771;772;"Yes";"50-59";51;"No";"Facing Traffic";"A: Disabling Injury";"Bike Lane / Paved Shoulder";"Hispanic";"Male";"None - Rural Crash";"Lenoir";"No";"01-01-03";2007-09-12;"Bicyclist Right Turn / Merge";0;"Non-Intersection";"01-09-01";1-01-01 00:04:58;"Bicyclist Right Turn - Opposite Direction";322224;2007;"A: Disabling Injury";"Commercial";"30-39";36;"No";"36-40 mph";"O: No Injury";"White";"Female";"Passenger Car";"No";"No";"Dark - Roadway Not Lighted";"Urban (>70% Developed)";"4 lanes";2;"Straight - Level";"US Route";"Dry";"Two-Way, Not Divided";"None";"No Special Feature";"Smooth Asphalt";"Coastal";"Rural";"40 - 45  MPH";"No Control Present";"Clear";"No";"35.255356, -77.60323"
"253";773;774;"No";"50-59";52;"Yes";"With Traffic";"C: Possible Injury";"Travel Lane";"Black";"Male";"Kinston";"Lenoir";"Yes";"01-01-03";2007-12-26;"Motorist Failed to Yield - Sign-Controlled Intersection";13;"Intersection";"01-12-01";1-01-01 13:30:58;"Motorist Drive Out - Sign-Controlled Intersection";111141;2007;"C: Possible Injury";"Residential";"30-39";30;"No";"0-5 mph";"O: No Injury";"Black";"Female";"Sport Utility";"No";"No";"Dark - Roadway Not Lighted";"Urban (>70% Developed)";"2 lanes";2;"Straight - Level";"Private Road, Driveway";"Wet";"Two-Way, Not Divided";"None";"T-Intersection";"Coarse Asphalt";"Coastal";"Urban";"20 - 25  MPH";"Stop Sign";"Clear";"No";"35.26013, -77.57105"
"254";774;775;"Yes";"40-49";45;"No";"Facing Traffic";"B: Evident Injury";"Multi-use Path";"White";"Female";"Southern Shores";"Dare";"No";"01-01-04";2007-10-11;"Motorist Right Turn / Merge";9;"Non-Intersection";"01-10-01";1-01-01 09:03:58;"Motorist Right Turn - Opposite Direction";342214;2007;"B: Evident Injury";"Commercial";"40-49";44;"No";"6-10 mph";"O: No Injury";"White";"Male";"Heavy Truck";"No";"No";"Daylight";"Urban (>70% Developed)";NA;2;"Straight - Level";"US Route";"Dry";"Two-Way, Not Divided";"None";"Driveway, Public";"Smooth Asphalt";"Coastal";"Rural";"50 - 55  MPH";"No Control Present";"Clear";"No";"36.098057, -75.724464"
"255";787;788;"No";"20-24";21;"No";"Not Applicable";"O: No Injury";"Driveway / Alley";"Black";"Male";"Charlotte";"Mecklenburg";"No";"01-01-04";2007-12-27;"Motorist Left Turn / Merge";19;"Non-Intersection";"01-12-01";1-01-01 19:56:58;"Motorist Left Turn - Opposite Direction";353212;2007;"O: No Injury";"Commercial";"50-59";55;"No";"0-5 mph";"O: No Injury";"Black";"Female";"Passenger Car";"No";"No";"Dark - Lighted Roadway";"Mixed (30% To 70% Developed)";"4 lanes";2;"Straight - Level";"Local Street";"Dry";"Two-Way, Not Divided";"None";"No Special Feature";"Smooth Asphalt";"Piedmont";"Urban";"30 - 35  MPH";"No Control Present";"Clear";"No";"35.26875, -80.854004"
"256";794;795;"No";"30-39";36;"No";"With Traffic";"B: Evident Injury";"Travel Lane";"White";"Male";"Asheville";"Buncombe";"No";"01-01-02";2007-09-18;"Motorist Failed to Yield - Midblock";16;"Non-Intersection";"01-09-01";1-01-01 16:26:58;"Motorist Drive Out - Commercial Driveway / Alley";311322;2007;"B: Evident Injury";"Commercial";"40-49";41;"No";"16-20 mph";"O: No Injury";"White";"Female";"Sport Utility";"No";"No";"Daylight";"Urban (>70% Developed)";"5 lanes";2;"Straight - Grade";"US Route";"Dry";"Two-Way, Not Divided";"None";"Driveway, Private";"Smooth Asphalt";"Mountains";"Urban";"40 - 45  MPH";"No Control Present";"Clear";"No";"35.522083, -82.529335"
"257";804;805;"Yes";"50-59";50;"Yes";"With Traffic";"C: Possible Injury";"Travel Lane";"Black";"Male";"Laurinburg";"Scotland";"Yes";"01-01-05";2007-09-21;"Motorist Overtaking Bicyclist";16;"Non-Intersection";"01-09-01";1-01-01 16:51:58;"Motorist Overtaking - Bicyclist Swerved";311235;2007;"C: Possible Injury";"Residential";"30-39";35;"No";"26-30 mph";"O: No Injury";"Black";"Male";"Sport Utility";"No";"No";"Daylight";"Urban (>70% Developed)";"2 lanes";2;"Straight - Level";"Local Street";"Dry";"Two-Way, Not Divided";"None";"No Special Feature";"Smooth Asphalt";"Coastal";"Urban";"30 - 35  MPH";"No Control Present";"Clear";"No";"34.774395, -79.45359"
"258";808;809;"Yes";"50-59";51;"No";"With Traffic";"A: Disabling Injury";"Travel Lane";"White";"Male";"None - Rural Crash";"Stanly";"No";"01-01-07";2007-09-23;"Motorist Overtaking Bicyclist";14;"Non-Intersection";"01-09-01";1-01-01 14:29:58;"Motorist Overtaking - Other /";311239;2007;"A: Disabling Injury";"Farms, Woods, Pastures";NA;NA;"Missing";"51-55 mph";"Injury";"/Missing";NA;NA;"No";"Yes";"Daylight";"Rural (<30% Developed)";"2 lanes";2;"Straight - Level";"State Secondary Route";"Dry";"Two-Way, Not Divided";"None";"No Special Feature";"Smooth Asphalt";"Piedmont";"Rural";"50 - 55  MPH";"No Control Present";"Clear";"No";"35.1866, -80.466354"
"259";811;812;"Yes";"15-Nov";12;"No";"Not Applicable";"B: Evident Injury";"Driveway / Alley";"Black";"Male";"Wilson";"Wilson";"No";NA;2007-09-24;"Bicyclist Failed to Yield - Midblock";15;"Non-Intersection";"01-09-01";1-01-01 15:13:58;"Bicyclist Ride Out - Commercial Driveway / Alley";353312;2007;"B: Evident Injury";"Commercial";"20-24";24;"No";"36-40 mph";"O: No Injury";"Black";"Female";"Passenger Car";"No";"No";"Daylight";"Urban (>70% Developed)";"2 lanes";2;"Straight - Grade";"Local Street";"Dry";"One-Way, Not Divided";"None";"No Special Feature";"Smooth Asphalt";"Coastal";"Urban";"30 - 35  MPH";"No Control Present";"Clear";"No";"35.737988, -77.911674"
"260";812;813;"Yes";"15-Nov";15;"No";"Facing Traffic";"B: Evident Injury";"Travel Lane";"White";"Male";"Knightdale";"Wake";"No";"01-01-06";2007-11-17;"Bicyclist Failed to Yield - Sign-Controlled Intersection";12;"Intersection";"01-11-01";1-01-01 12:29:58;"Bicyclist Ride Through - Sign-Controlled Intersection";112144;2007;"B: Evident Injury";"Residential";"70+";NA;"No";"21-25 mph";"O: No Injury";"White";"Male";"Passenger Car";"No";"No";"Daylight";"Mixed (30% To 70% Developed)";"2 lanes";2;"Straight - Level";"Local Street";"Dry";"Two-Way, Not Divided";"None";"Four-Way Intersection";"Coarse Asphalt";"Piedmont";"Urban";"20 - 25  MPH";"Stop Sign";"Clear";"No";"35.790134, -78.481636"