"FID";"OBJECTID";"AmbulanceR";"BikeAge_Gr";"Bike_Age";"Bike_Alc_D";"Bike_Dir";"Bike_Injur";"Bike_Pos";"Bike_Race";"Bike_Sex";"City";"County";"CrashAlcoh";"CrashDay";"Crash_Date";"Crash_Grp";"Crash_Hour";"Crash_Loc";"Crash_Mont";"Crash_Time";"Crash_Type";"Crash_Ty_1";"Crash_Year";"Crsh_Sevri";"Developmen";"DrvrAge_Gr";"Drvr_Age";"Drvr_Alc_D";"Drvr_EstSp";"Drvr_Injur";"Drvr_Race";"Drvr_Sex";"Drvr_VehTy";"ExcsSpdInd";"Hit_Run";"Light_Cond";"Locality";"Num_Lanes";"Num_Units";"Rd_Charact";"Rd_Class";"Rd_Conditi";"Rd_Config";"Rd_Defects";"Rd_Feature";"Rd_Surface";"Region";"Rural_Urba";"Speed_Limi";"Traff_Cntr";"Weather";"Workzone_I";"Location"
"261";813;814;"No";"10-Jun";6;"No";"Not Applicable";"C: Possible Injury";"Driveway / Alley";"Black";"Male";"Raleigh";"Wake";"No";"01-01-02";2007-09-25;"Bicyclist Failed to Yield - Midblock";19;"Non-Intersection";"01-09-01";1-01-01 19:17:58;"Bicyclist Ride Out - Commercial Driveway / Alley";353312;2007;"C: Possible Injury";"Residential";"50-59";53;"No";"6-10 mph";"O: No Injury";"Black";"Male";"Passenger Car";"No";"No";"Daylight";"Urban (>70% Developed)";"1 lane";2;"Straight - Level";"Local Street";"Dry";NA;"None";"Driveway, Public";"Smooth Asphalt";"Piedmont";"Urban";"30 - 35  MPH";"No Control Present";"Clear";"No";"35.76835, -78.6416"
"262";814;815;"No";"50-59";53;"No";"With Traffic";"O: No Injury";"Travel Lane";"White";"Male";"Jacksonville";"Onslow";"No";"01-01-03";2007-09-26;"Motorist Failed to Yield - Midblock";0;"Non-Intersection";"01-09-01";1-01-01 00:55:58;"Motorist Drive Out - Commercial Driveway / Alley";311322;2007;"O: No Injury";"Commercial";"60-69";60;"No";"0-5 mph";"O: No Injury";"White";"Female";"Passenger Car";"No";"No";"Dark - Lighted Roadway";"Urban (>70% Developed)";"4 lanes";2;"Straight - Level";"Local Street";"Dry";"Two-Way, Not Divided";"None";"No Special Feature";"Smooth Asphalt";"Coastal";"Urban";"30 - 35  MPH";"No Control Present";"Clear";"No";"34.74436, -77.37926"
"263";817;818;"Yes";"40-49";45;"No";"Facing Traffic";"B: Evident Injury";"Travel Lane";"Black";"Male";"Jacksonville";"Onslow";"No";"01-01-04";2007-09-27;"Motorist Failed to Yield - Midblock";15;"Non-Intersection";"01-09-01";1-01-01 15:30:58;"Motorist Drive Out - Commercial Driveway / Alley";312322;2007;"B: Evident Injury";"Commercial";"20-24";21;"No";"0-5 mph";"O: No Injury";"White";"Male";"Passenger Car";"No";"No";"Daylight";"Urban (>70% Developed)";"7 lanes";2;"Straight - Grade";"Local Street";"Dry";"Two-Way, Divided, Unprotected Median";"None";"No Special Feature";"Smooth Asphalt";"Coastal";"Urban";NA;"No Control Present";"Cloudy";"No";"34.754417, -77.381195"
"264";823;824;"Yes";"16-19";18;"No";"With Traffic";"B: Evident Injury";NA;"White";"Male";"Chapel Hill";"Orange";"No";"01-01-06";2007-09-29;"Bicyclist Failed to Yield - Signalized Intersection";14;"Intersection";"01-09-01";1-01-01 14:16:58;"Bicyclist Ride Out - Signalized  Intersection";191153;2007;"B: Evident Injury";"Commercial";"60-69";68;"No";"0-5 mph";"O: No Injury";"White";"Female";"Passenger Car";"No";"No";"Daylight";"Urban (>70% Developed)";"9 or more lanes";2;"Straight - Level";"Local Street";"Dry";"Two-Way, Not Divided";"None";"Four-Way Intersection";"Smooth Asphalt";"Piedmont";"Urban";"30 - 35  MPH";"Stop And Go Signal";"Clear";"No";"35.92925, -79.03417"
"265";824;825;"Yes";"50-59";57;"No";"With Traffic";"C: Possible Injury";"Travel Lane";"White";"Male";"Elizabeth City";"Pasquotank";"No";"01-01-07";2007-09-30;"Motorist Overtaking Bicyclist";0;"Non-Intersection";"01-09-01";1-01-01 00:32:58;"Motorist Overtaking - Misjudged Space";311232;2007;"C: Possible Injury";"Commercial";NA;NA;"Missing";"41-45 mph";"Injury";"/Missing";NA;NA;"No";"Yes";"Dark - Lighted Roadway";"Urban (>70% Developed)";"2 lanes";2;"Straight - Level";"Local Street";"Dry";"Two-Way, Divided, Unprotected Median";"None";"No Special Feature";"Smooth Asphalt";"Coastal";"Urban";"40 - 45  MPH";"No Control Present";"Clear";"No";"36.305794, -76.232574"
"266";827;828;"Yes";"50-59";51;"No";"With Traffic";"C: Possible Injury";"Travel Lane";"White";"Male";"Apex";"Wake";"No";NA;2007-10-01;"Motorist Left Turn / Merge";18;"Intersection";"01-10-01";1-01-01 18:03:58;"Motorist Left Turn - Opposite Direction";111212;2007;"C: Possible Injury";"Commercial";"20-24";20;"No";NA;"O: No Injury";"White";"Female";"Passenger Car";"No";"No";"Daylight";"Urban (>70% Developed)";"4 lanes";2;"Straight - Level";"NC Route";"Dry";"Two-Way, Not Divided";"None";"Four-Way Intersection";"Smooth Asphalt";"Piedmont";"Urban";"40 - 45  MPH";"Stop And Go Signal";"Clear";"No";"35.76093, -78.87574"
"267";831;832;"No";"50-59";52;"No";"With Traffic";"C: Possible Injury";"Travel Lane";"Black";"Male";"Elizabeth City";"Pasquotank";"No";"01-01-04";2007-09-27;"Motorist Failed to Yield - Sign-Controlled Intersection";15;"Intersection";"01-09-01";1-01-01 15:52:58;"Motorist Drive Out - Sign-Controlled Intersection";111141;2007;"C: Possible Injury";"Residential";"60-69";63;"No";"0-5 mph";"O: No Injury";"White";"Male";"Pickup";"No";"No";"Daylight";"Urban (>70% Developed)";"2 lanes";2;"Straight - Level";"Local Street";"Wet";"Two-Way, Divided, Unprotected Median";"None";"No Special Feature";"Smooth Asphalt";"Coastal";"Urban";"30 - 35  MPH";"Stop Sign";"Cloudy";"No";"36.305267, -76.22546"
"268";836;837;"No";"16-19";16;"No";"Facing Traffic";"C: Possible Injury";"Travel Lane";"Black";"Male";"None - Rural Crash";"New Hanover";"No";"01-01-05";2007-10-05;"Bicyclist Right Turn / Merge";16;"Intersection-Related";"01-10-01";1-01-01 16:35:58;"Bicyclist Right Turn - Opposite Direction";212224;2007;"C: Possible Injury";"Residential";"60-69";61;"No";"11-15 mph";"O: No Injury";"Black";"Male";"Passenger Car";"No";"No";"Daylight";"Urban (>70% Developed)";"2 lanes";2;"Straight - Level";"Local Street";"Dry";"Two-Way, Not Divided";"None";"No Special Feature";"Smooth Asphalt";"Coastal";"Rural";"20 - 25  MPH";"No Control Present";"Cloudy";"No";"34.221912, -77.940346"
"269";841;842;"Yes";"0-5";3;"No";NA;"B: Evident Injury";NA;"Black";"Male";"Rocky Mount";"Nash";"No";NA;2007-10-08;"Other /  - Insufficient Details";19;"Non-Intersection";"01-10-01";1-01-01 19:37:58;"Approach Paths";399970;2007;"B: Evident Injury";"Residential";NA;NA;"No";"26-30 mph";"Injury";"/Missing";NA;"Passenger Car";"No";"Yes";"Dusk";"Urban (>70% Developed)";"2 lanes";2;"Straight - Level";"Local Street";"Dry";"Two-Way, Not Divided";"None";"No Special Feature";"Smooth Asphalt";"Coastal";"Urban";"30 - 35  MPH";"No Control Present";"Clear";"No";"35.92471, -77.82177"
"270";842;843;"No";"30-39";38;"No";"Not Applicable";"C: Possible Injury";"Driveway / Alley";"White";"Male";"None - Rural Crash";"Robeson";"No";NA;2007-10-08;"Bicyclist Failed to Yield - Midblock";21;"Non-Intersection";"01-10-01";1-01-01 20:59:58;"Bicyclist Ride Out - Residential Driveway";353311;2007;"C: Possible Injury";"Farms, Woods, Pastures";"30-39";30;"No";"16-20 mph";"O: No Injury";"White";"Female";"Sport Utility";"No";"No";"Dark - Roadway Not Lighted";"Rural (<30% Developed)";"2 lanes";2;"Straight - Level";"NC Route";"Dry";"Two-Way, Not Divided";"None";"Driveway, Private";"Smooth Asphalt";"Coastal";"Rural";"50 - 55  MPH";"Double Yellow Line, No Passing Zone";"Clear";"No";"34.603954, -78.96507"
"271";844;845;"Yes";"30-39";34;"No";"With Traffic";"B: Evident Injury";"Travel Lane";"White";"Male";"None - Rural Crash";"Iredell";"No";"01-01-02";2007-10-09;"Motorist Overtaking Bicyclist";12;"Non-Intersection";"01-10-01";1-01-01 12:04:58;"Motorist Overtaking - Other /";311239;2007;"B: Evident Injury";"Residential";"70+";NA;"No";"21-25 mph";"O: No Injury";"White";"Male";"Passenger Car";"No";"No";"Daylight";"Mixed (30% To 70% Developed)";"2 lanes";2;"Straight - Level";"State Secondary Route";"Dry";"Two-Way, Not Divided";"None";"No Special Feature";"Smooth Asphalt";"Piedmont";"Rural";"40 - 45  MPH";"Double Yellow Line, No Passing Zone";"Clear";"No";"35.530674, -80.79881"
"272";846;847;"Yes";"30-39";30;"No";"Facing Traffic";"C: Possible Injury";"Sidewalk / Crosswalk / Driveway Crossing";"Black";"Male";"Raleigh";"Wake";"No";"01-01-03";2007-10-10;"Bicyclist Failed to Yield - Signalized Intersection";12;"Intersection";"01-10-01";1-01-01 12:38:58;"Bicyclist Ride Through - Signalized Intersection";132155;2007;"C: Possible Injury";"Commercial";"25-29";27;"No";"0-5 mph";"O: No Injury";"White";"Male";"Passenger Car";"No";"No";"Daylight";"Urban (>70% Developed)";"3 lanes";2;"Straight - Level";"Local Street";"Dry";"Two-Way, Not Divided";"None";"Four-Way Intersection";"Smooth Asphalt";"Piedmont";"Urban";"20 - 25  MPH";"Stop And Go Signal";"Clear";"No";"35.854454, -78.700424"
"273";849;850;"Yes";"40-49";44;"No";"With Traffic";"C: Possible Injury";"Sidewalk / Crosswalk / Driveway Crossing";"White";"Female";"Wilmington";"New Hanover";"No";"01-01-04";2007-10-11;"Motorist Left Turn / Merge";8;"Intersection";"01-10-01";1-01-01 08:33:58;"Motorist Left Turn - Opposite Direction";131212;2007;"C: Possible Injury";"Residential";"25-29";26;"No";"6-10 mph";"O: No Injury";"White";"Male";"Passenger Car";"No";"No";"Daylight";"Urban (>70% Developed)";"2 lanes";2;"Straight - Level";"Local Street";"Dry";"Two-Way, Not Divided";"None";"Four-Way Intersection";"Smooth Asphalt";"Coastal";"Urban";"20 - 25  MPH";"Stop And Go Signal";"Clear";"No";"34.22798, -77.945"
"274";850;851;"Yes";"50-59";50;"No";"With Traffic";"B: Evident Injury";"Travel Lane";"Black";"Male";"Pinehurst";"Moore";"No";"01-01-04";2007-10-11;"Motorist Overtaking Bicyclist";19;"Non-Intersection";"01-10-01";1-01-01 18:59:58;"Motorist Overtaking - Undetected Bicyclist";311231;2007;"B: Evident Injury";"Residential";"50-59";52;"No";"31-35 mph";"O: No Injury";"White";"Female";"Sport Utility";"No";"No";"Dark - Roadway Not Lighted";"Mixed (30% To 70% Developed)";"2 lanes";2;"Straight - Level";"Local Street";"Dry";"Two-Way, Not Divided";"None";"No Special Feature";"Coarse Asphalt";"Piedmont";"Urban";"30 - 35  MPH";"Double Yellow Line, No Passing Zone";"Clear";"No";"35.19383, -79.48591"
"275";854;855;"Yes";"40-49";48;"No";"With Traffic";"C: Possible Injury";"Multi-use Path";"White";"Female";"Nags Head";"Dare";"No";"01-01-06";2007-08-25;"Motorist Failed to Yield - Midblock";9;"Non-Intersection";"01-08-01";1-01-01 09:42:58;"Motorist Drive Out - Commercial Driveway / Alley";341322;2007;"C: Possible Injury";"Residential";"25-29";29;"No";"0-5 mph";"O: No Injury";"White";"Male";"Passenger Car";"No";"No";"Daylight";"Urban (>70% Developed)";NA;2;NA;"NC Route";"Dry";NA;"Obstruction In Roadway";"Driveway, Private";"Concrete";"Coastal";"Rural";"5 - 15 MPH";"No Control Present";"Clear";"No";"35.868713, -75.575516"
"276";870;871;"Yes";"30-39";37;"No";"With Traffic";"A: Disabling Injury";"Travel Lane";"Other";"Female";"None - Rural Crash";"Pitt";"No";"01-01-05";2007-10-19;"Motorist Overtaking Bicyclist";18;"Non-Intersection";"01-10-01";1-01-01 18:21:58;"Motorist Overtaking - Undetected Bicyclist";311231;2007;"A: Disabling Injury";"Farms, Woods, Pastures";"70+";NA;"No";"46-50 mph";"O: No Injury";"White";"Female";"Passenger Car";"No";"No";"Daylight";"Rural (<30% Developed)";"2 lanes";2;"Straight - Level";"State Secondary Route";"Dry";"Two-Way, Not Divided";"None";"Bridge";"Grooved Concrete";"Coastal";"Rural";"50 - 55  MPH";"Double Yellow Line, No Passing Zone";"Clear";"No";"35.611317, -77.4377"
"277";873;874;"Yes";"20-24";20;"No";"Facing Traffic";"C: Possible Injury";"Sidewalk / Crosswalk / Driveway Crossing";"Black";"Male";"Durham";"Durham";"No";"01-01-02";2007-10-30;"Motorist Failed to Yield - Signalized Intersection";14;"Intersection";"01-10-01";1-01-01 14:06:58;"Motorist Drive Out - Right Turn on Red";132151;2007;"C: Possible Injury";"Commercial";"20-24";22;"No";"0-5 mph";"O: No Injury";"White";"Male";"Passenger Car";"No";"No";"Daylight";"Mixed (30% To 70% Developed)";"3 lanes";2;"Straight - Level";"Local Street";"Dry";"One-Way, Not Divided";"None";"No Special Feature";"Coarse Asphalt";"Piedmont";"Urban";"30 - 35  MPH";"Stop And Go Signal";"Clear";"No";"35.997066, -78.91034"
"278";889;890;"Yes";"16-19";16;"No";"Not Applicable";"B: Evident Injury";"Driveway / Alley";"White";"Male";"Gastonia";"Gaston";"No";NA;2007-10-29;"Bicyclist Failed to Yield - Midblock";15;"Non-Intersection";"01-10-01";1-01-01 15:04:58;"Bicyclist Ride Out - Commercial Driveway / Alley";353312;2007;"B: Evident Injury";"Commercial";"0-19";17;"No";"26-30 mph";"O: No Injury";"Hispanic";"Female";"Passenger Car";"No";"No";"Daylight";"Urban (>70% Developed)";"5 lanes";2;"Straight - Level";"Local Street";"Dry";"Two-Way, Not Divided";"None";"Driveway, Public";"Smooth Asphalt";"Piedmont";"Urban";"40 - 45  MPH";"No Control Present";"Cloudy";"No";"35.242836, -81.13459"
"279";901;902;"No";"40-49";43;"Yes";"Facing Traffic";"B: Evident Injury";"Travel Lane";"Black";"Male";"Washington";"Beaufort";"Yes";"01-01-05";2007-11-02;"Bicyclist Right Turn / Merge";17;"Non-Intersection";"01-11-01";1-01-01 17:52:58;"Bicyclist Right Turn - Opposite Direction";312224;2007;"B: Evident Injury";"Residential";"20-24";22;"No";"11-15 mph";"O: No Injury";"White";"Female";"Passenger Car";"No";"No";"Daylight";"Urban (>70% Developed)";"2 lanes";2;"Straight - Level";"Local Street";"Dry";"Two-Way, Not Divided";"None";"No Special Feature";"Coarse Asphalt";"Coastal";"Urban";"30 - 35  MPH";"No Control Present";"Cloudy";"No";"35.542995, -77.04291"
"280";907;908;"Yes";"30-39";36;"No";"With Traffic";"C: Possible Injury";"Travel Lane";"White";"Male";"None - Rural Crash";"Catawba";"No";"01-01-02";2007-11-06;"Motorist Overtaking Bicyclist";10;"Non-Intersection";"01-11-01";1-01-01 10:47:58;"Motorist Overtaking - Misjudged Space";311232;2007;"C: Possible Injury";"Residential";"70+";NA;"No";"41-45 mph";"O: No Injury";"White";"Male";"Pickup";"No";"No";"Daylight";"Rural (<30% Developed)";"2 lanes";2;"Straight - Level";"State Secondary Route";"Dry";"Two-Way, Not Divided";"None";"No Special Feature";"Smooth Asphalt";"Piedmont";"Rural";"40 - 45  MPH";"Double Yellow Line, No Passing Zone";"Clear";"No";"35.662136, -81.15898"
"281";908;909;"Yes";"50-59";54;"No";"Facing Traffic";"C: Possible Injury";"Sidewalk / Crosswalk / Driveway Crossing";"Black";"Male";"Fayetteville";"Cumberland";"No";"01-01-02";2007-11-06;"Motorist Failed to Yield - Midblock";20;"Non-Intersection";"01-11-01";1-01-01 20:35:58;"Motorist Drive Out - Commercial Driveway / Alley";332322;2007;"C: Possible Injury";"Commercial";"60-69";65;"No";"0-5 mph";"O: No Injury";"White";"Female";"Passenger Car";"No";"No";"Dark - Lighted Roadway";"Mixed (30% To 70% Developed)";"5 lanes";2;"Straight - Level";"Local Street";"Dry";"Two-Way, Divided, Unprotected Median";"None";"Driveway, Public";"Coarse Asphalt";"Coastal";"Urban";"40 - 45  MPH";"No Control Present";"Clear";"No";"35.010395, -78.96637"
"282";0;1;"Yes";NA;11;"No";"With Traffic";"B: Evident Injury";"Sidewalk / Crosswalk / Driveway Crossing";"Black";"Male";"Durham";"Durham";"No";"01-01-02";2007-01-02;"Parallel Paths - Other Circumstances";16;"Non-Intersection";NA;1-01-01 16:40:58;"Bicyclist Ride Out - Parallel Path";331225;2007;"B: Evident Injury";"Residential";"30-39";35;"No";"31-35 mph";"O: No Injury";"White";"Male";"Passenger Car";"No";"No";"Daylight";"Urban (>70% Developed)";"1 lane";2;"Straight - Level";"Local Street";"Dry";"Two-Way, Divided, Unprotected Median";"None";"No Special Feature";"Smooth Asphalt";"Piedmont";"Urban";"30 - 35  MPH";"No Control Present";"Clear";"No";"36.03949, -78.883896"
"283";2;3;"Yes";"30-39";37;"No";NA;"B: Evident Injury";"Non-Roadway";"Black";"Male";"Stallings";"Union";"No";NA;2007-01-15;"Non-Roadway";17;"Non-Roadway";NA;1-01-01 17:54:58;"Non-Roadway";460910;2007;"B: Evident Injury";"Commercial";"30-39";39;"No";"6-10 mph";"O: No Injury";"White";"Female";"Passenger Car";"No";"No";"Dusk";"Urban (>70% Developed)";"2 lanes";2;"Straight - Level";"Public Vehicular Area";"Dry";"Two-Way, Not Divided";"None";"No Special Feature";"Smooth Asphalt";"Piedmont";"Urban";"20 - 25  MPH";"No Control Present";"Cloudy";"No";"35.084732, -80.69782"
"284";7;8;"Yes";NA;13;"No";"With Traffic";"C: Possible Injury";"Travel Lane";"White";"Male";"Beaufort";"Carteret";"No";"01-01-07";2007-02-11;"Bicyclist Failed to Yield - Sign-Controlled Intersection";15;"Intersection";"01-02-01";1-01-01 15:39:58;"Bicyclist Ride Out - Sign-Controlled Intersection";111142;2007;"C: Possible Injury";"Residential";"0-19";18;"No";"21-25 mph";"O: No Injury";"Black";"Female";"Passenger Car";"No";"No";"Daylight";"Urban (>70% Developed)";"2 lanes";2;"Straight - Level";"Local Street";"Dry";"Two-Way, Not Divided";"None";"No Special Feature";"Smooth Asphalt";"Coastal";"Rural";"20 - 25  MPH";"Stop Sign";"Clear";"No";"34.717346, -76.65675"
"285";8;9;"Yes";"16-19";18;"No";"With Traffic";"C: Possible Injury";"Bike Lane / Paved Shoulder";"White";"Male";"Lenoir";"Caldwell";"No";NA;2007-02-12;"Motorist Overtaking Bicyclist";8;"Non-Intersection";"01-02-01";1-01-01 07:59:58;"Motorist Overtaking - Other /";321239;2007;"C: Possible Injury";"Commercial";NA;NA;"Missing";NA;"Injury";"/Missing";NA;"Light Truck (Mini-Van, Panel)";"No";"Yes";"Daylight";"Urban (>70% Developed)";"5 lanes";2;"Straight - Level";"Local Street";"Dry";"Two-Way, Not Divided";"None";"No Special Feature";"Coarse Asphalt";"Mountains";"Urban";NA;"No Control Present";"Cloudy";"No";"35.890682, -81.57649"
"286";13;14;"Yes";"30-39";31;"No";"With Traffic";"B: Evident Injury";"Travel Lane";"White";"Male";"Davidson";"Mecklenburg";"No";"01-01-03";2007-01-03;"Motorist Right Turn / Merge";15;"Intersection";NA;1-01-01 15:00:58;"Motorist Right Turn - Same Direction";111213;2007;"B: Evident Injury";"Residential";"0-19";17;"No";"11-15 mph";"O: No Injury";"White";"Female";"Passenger Car";"No";"No";"Daylight";"Urban (>70% Developed)";"2 lanes";2;"Straight - Level";"Local Street";"Dry";"Two-Way, Not Divided";"None";"No Special Feature";"Concrete";"Piedmont";"Urban";"30 - 35  MPH";"Double Yellow Line, No Passing Zone";"Clear";"No";"35.491177, -80.83144"
"287";14;15;"Yes";NA;10;"No";"Not Applicable";"C: Possible Injury";"Sidewalk / Crosswalk / Driveway Crossing";"White";"Female";"Smithfield";"Johnston";"No";"01-01-05";2007-01-05;"Bicyclist Failed to Yield - Midblock";14;"Non-Intersection";NA;1-01-01 14:47:58;"Bicyclist Ride Out - Other Midblock";333318;2007;"C: Possible Injury";"Residential";"60-69";66;"No";"16-20 mph";"O: No Injury";"White";"Female";"Passenger Car";"No";"No";"Daylight";"Urban (>70% Developed)";"2 lanes";2;"Straight - Level";"Local Street";"Dry";"Two-Way, Not Divided";"None";"No Special Feature";"Smooth Asphalt";"Coastal";"Urban";"20 - 25  MPH";"No Control Present";"Clear";"No";"35.50502, -78.351204"
"288";15;16;"Yes";"30-39";31;"No";"Facing Traffic";"C: Possible Injury";"Travel Lane";"Black";"Female";"Smithfield";"Johnston";"No";"01-01-05";2007-01-05;"Motorist Failed to Yield - Sign-Controlled Intersection";8;"Intersection";NA;1-01-01 08:07:58;"Motorist Drive Out - Sign-Controlled Intersection";112141;2007;"C: Possible Injury";"Commercial";"40-49";47;"No";"0-5 mph";"O: No Injury";"White";"Male";"Pickup";"No";"No";"Daylight";"Mixed (30% To 70% Developed)";"5 lanes";2;"Straight - Level";"US Route";"Wet";"Two-Way, Divided, Unprotected Median";"None";"No Special Feature";"Coarse Asphalt";"Coastal";"Urban";"30 - 35  MPH";"No Control Present";"Rain";"No";"35.492355, -78.35791"
"289";17;18;"No";"40-49";49;"Yes";"With Traffic";"C: Possible Injury";"Other";"Native American";"Female";"None - Rural Crash";"Robeson";"Yes";"01-01-06";2007-01-06;"Loss of Control / Turning Error";6;"Non-Intersection";NA;1-01-01 06:42:58;"Bicyclist Lost Control - Oversteering, Improper Braking, Speed";381122;2007;"C: Possible Injury";"Farms, Woods, Pastures";"60-69";61;"No";"41-45 mph";"O: No Injury";"Native American";"Male";"Pickup";"No";"No";"Dark - Roadway Not Lighted";"Rural (<30% Developed)";"2 lanes";2;"Straight - Level";"State Secondary Route";"Wet";"Two-Way, Not Divided";"None";"No Special Feature";"Smooth Asphalt";"Coastal";"Rural";"50 - 55  MPH";"No Control Present";"Cloudy";"No";"34.71112, -79.02516"
"290";20;21;"Yes";"30-39";30;"Yes";"With Traffic";"B: Evident Injury";"Travel Lane";"White";"Male";"None - Rural Crash";"Carteret";"Yes";NA;2007-01-08;"Motorist Overtaking Bicyclist";19;"Non-Intersection";NA;1-01-01 19:24:58;"Motorist Overtaking - Undetected Bicyclist";311231;2007;"B: Evident Injury";"Residential";"0-19";19;"No";"41-45 mph";"O: No Injury";"White";"Female";"Passenger Car";"No";"No";"Dark - Roadway Not Lighted";"Mixed (30% To 70% Developed)";"2 lanes";2;"Straight - Level";"State Secondary Route";"Dry";"Two-Way, Not Divided";"None";"No Special Feature";"Smooth Asphalt";"Coastal";"Rural";"40 - 45  MPH";"No Control Present";"Clear";"No";"34.792816, -76.88812"
"291";22;23;"Yes";"40-49";40;"No";"Facing Traffic";"B: Evident Injury";"Travel Lane";"Black";"Male";"Burlington";"Alamance";"No";"01-01-05";2007-01-12;"Motorist Failed to Yield - Midblock";17;"Non-Intersection";NA;1-01-01 17:45:58;"Motorist Drive Out - Commercial Driveway / Alley";312322;2007;"B: Evident Injury";"Commercial";"60-69";67;"No";"0-5 mph";"O: No Injury";"White";"Male";"Passenger Car";"No";"No";"Dark - Lighted Roadway";"Urban (>70% Developed)";"5 lanes";2;"Straight - Grade";"Local Street";"Dry";"Two-Way, Not Divided";"None";"No Special Feature";"Smooth Asphalt";"Piedmont";"Urban";"30 - 35  MPH";"No Control Present";"Clear";"No";"36.07042, -79.49479"
"292";26;27;"Yes";"60-69";60;"No";"With Traffic";"A: Disabling Injury";"Travel Lane";"White";"Female";"Lewisville";"Forsyth";"No";"01-01-02";2007-01-09;"Motorist Left Turn / Merge";16;"Non-Intersection";NA;1-01-01 16:35:58;"Motorist Left Turn - Opposite Direction";311212;2007;"A: Disabling Injury";"Residential";"40-49";46;"No";"11-15 mph";"O: No Injury";"White";"Female";"Pickup";"No";"No";"Daylight";"Rural (<30% Developed)";"2 lanes";2;"Straight - Level";"State Secondary Route";"Dry";"Two-Way, Not Divided";"None";"No Special Feature";"Smooth Asphalt";"Piedmont";"Urban";"50 - 55  MPH";"Double Yellow Line, No Passing Zone";"Clear";"No";"36.094707, -80.451485"
"293";38;39;"Yes";"40-49";47;"No";"With Traffic";"B: Evident Injury";"Sidewalk / Crosswalk / Driveway Crossing";"Black";"Male";"Charlotte";"Mecklenburg";"No";NA;2007-01-15;"Motorist Right Turn / Merge";17;"Non-Intersection";NA;1-01-01 17:24:58;"Motorist Right Turn - Same Direction";331213;2007;"B: Evident Injury";"Commercial";NA;NA;"Missing";NA;"Injury";"/Missing";NA;NA;"No";"Yes";"Daylight";"Urban (>70% Developed)";NA;2;"Straight - Grade";"Local Street";"Dry";NA;"None";"No Special Feature";"Smooth Asphalt";"Piedmont";"Urban";NA;"No Control Present";"Clear";"No";"35.235817, -80.8049"
"294";45;46;"Yes";"30-39";36;"No";"With Traffic";"B: Evident Injury";"Other";"Native American";"Male";"None - Rural Crash";"Robeson";"No";"01-01-07";2007-01-21;"Bicyclist Left Turn / Merge";18;"Non-Intersection";NA;1-01-01 18:15:58;"Bicyclist Left Turn - Same Direction";381221;2007;"B: Evident Injury";"Residential";"40-49";40;"No";"51-55 mph";"O: No Injury";"Native American";"Male";"Pickup";"No";"No";"Dark - Roadway Not Lighted";"Rural (<30% Developed)";"2 lanes";2;"Straight - Level";"State Secondary Route";"Wet";"Two-Way, Not Divided";"None";"No Special Feature";"Smooth Asphalt";"Coastal";"Rural";"50 - 55  MPH";"Double Yellow Line, No Passing Zone";"Cloudy";"No";"34.70917, -79.13827"
"295";46;47;"Yes";"60-69";60;"No";"With Traffic";"B: Evident Injury";"Travel Lane";"White";"Male";"Lexington";"Davidson";"No";"01-01-07";2007-01-21;"Bicyclist Failed to Yield - Signalized Intersection";15;"Intersection";NA;1-01-01 15:45:58;"Bicyclist Ride Through - Signalized Intersection";111155;2007;"B: Evident Injury";"Commercial";"50-59";58;"No";"0-5 mph";"O: No Injury";"White";"Female";"Passenger Car";"No";"No";"Daylight";"Urban (>70% Developed)";"7 lanes";2;"Straight - Level";"Local Street";"Wet";"Two-Way, Not Divided";"None";"Four-Way Intersection";"Coarse Asphalt";"Piedmont";"Urban";"30 - 35  MPH";"Stop And Go Signal";"Cloudy";"No";"35.814167, -80.264114"
"296";59;60;"Yes";"15-Nov";11;"No";NA;"A: Disabling Injury";"Travel Lane";"Black";"Female";"Eden";"Rockingham";"No";"01-01-04";2007-04-05;"Bicyclist Failed to Yield - Sign-Controlled Intersection";18;"Intersection";"01-04-01";1-01-01 18:16:58;"Bicyclist Ride Through - Sign-Controlled Intersection";119144;2007;"A: Disabling Injury";"Commercial";"40-49";45;"No";"21-25 mph";"O: No Injury";"White";"Female";"Passenger Car";"No";"No";"Daylight";"Urban (>70% Developed)";"2 lanes";2;"Straight - Level";"Local Street";"Dry";"Two-Way, Not Divided";"None";"Four-Way Intersection";"Smooth Asphalt";"Piedmont";"Urban";"20 - 25  MPH";"Stop Sign";"Clear";"No";"36.499874, -79.76945"