"FID";"OBJECTID";"AmbulanceR";"BikeAge_Gr";"Bike_Age";"Bike_Alc_D";"Bike_Dir";"Bike_Injur";"Bike_Pos";"Bike_Race";"Bike_Sex";"City";"County";"CrashAlcoh";"CrashDay";"Crash_Date";"Crash_Grp";"Crash_Hour";"Crash_Loc";"Crash_Mont";"Crash_Time";"Crash_Type";"Crash_Ty_1";"Crash_Year";"Crsh_Sevri";"Developmen";"DrvrAge_Gr";"Drvr_Age";"Drvr_Alc_D";"Drvr_EstSp";"Drvr_Injur";"Drvr_Race";"Drvr_Sex";"Drvr_VehTy";"ExcsSpdInd";"Hit_Run";"Light_Cond";"Locality";"Num_Lanes";"Num_Units";"Rd_Charact";"Rd_Class";"Rd_Conditi";"Rd_Config";"Rd_Defects";"Rd_Feature";"Rd_Surface";"Region";"Rural_Urba";"Speed_Limi";"Traff_Cntr";"Weather";"Workzone_I";"Location"
"297";65;66;"No";"0-5";5;"No";"Not Applicable";"C: Possible Injury";"Non-Roadway";"Black";"Female";"Gastonia";"Gaston";"No";"01-01-03";2007-02-07;"Bicyclist Failed to Yield - Midblock";15;"Non-Intersection";"01-02-01";1-01-01 15:45:58;"Bicyclist Ride Out - Commercial Driveway / Alley";363312;2007;"C: Possible Injury";"Residential";"40-49";43;"No";"11-15 mph";"O: No Injury";"Black";"Male";"Sport Utility";"No";"No";"Daylight";"Urban (>70% Developed)";"2 lanes";2;"Straight - Grade";"Public Vehicular Area";"Dry";"Two-Way, Not Divided";"None";"Driveway, Public";"Coarse Asphalt";"Piedmont";"Urban";"30 - 35  MPH";"No Control Present";"Clear";"No";"35.2754, -81.19957"
"298";69;70;"No";"16-19";16;"No";"Facing Traffic";"C: Possible Injury";NA;"White";"Male";"Raleigh";"Wake";"No";NA;2007-02-12;"Motorist Failed to Yield - Signalized Intersection";17;"Intersection";"01-02-01";1-01-01 17:06:58;"Motorist Drive Out - Right Turn on Red";192151;2007;"C: Possible Injury";"Commercial";NA;NA;"Missing";"0-5 mph";"Injury";"/Missing";NA;"Sport Utility";"No";"Yes";"Daylight";"Urban (>70% Developed)";"3 lanes";2;"Straight - Level";"Local Street";"Dry";"Two-Way, Divided, Unprotected Median";"None";"Four-Way Intersection";"Smooth Asphalt";"Piedmont";"Urban";"40 - 45  MPH";"Stop And Go Signal";"Clear";"No";"35.893036, -78.559326"
"299";81;82;"No";"15-Nov";12;"No";"Facing Traffic";"B: Evident Injury";"Sidewalk / Crosswalk / Driveway Crossing";"Black";"Male";"Raleigh";"Wake";"No";"01-01-02";2007-02-20;"Crossing Paths - Other Circumstances";19;"Intersection";"01-02-01";1-01-01 19:42:58;"Crossing Paths - Intersection - Other /";132180;2007;"B: Evident Injury";"Residential";"50-59";58;"No";"0-5 mph";"O: No Injury";"White";"Male";"Sport Utility";"No";"No";"Dark - Lighted Roadway";"Mixed (30% To 70% Developed)";"2 lanes";2;"Straight - Level";"Local Street";"Dry";"Two-Way, Not Divided";"None";"T-Intersection";"Coarse Asphalt";"Piedmont";"Urban";"30 - 35  MPH";"No Control Present";"Clear";"No";"35.855324, -78.711586"
"300";92;93;"No";"50-59";55;"No";"Facing Traffic";"C: Possible Injury";"Sidewalk / Crosswalk / Driveway Crossing";"Black";"Male";"Fayetteville";"Cumberland";"No";"01-01-03";2007-02-28;"Bicyclist Failed to Yield - Signalized Intersection";14;"Intersection";"01-02-01";1-01-01 14:00:58;"Bicyclist Ride Through - Signalized Intersection";132155;2007;"C: Possible Injury";"Commercial";"0-19";19;"No";"0-5 mph";"O: No Injury";"Black";"Female";"Passenger Car";"No";"No";"Daylight";"Urban (>70% Developed)";"5 lanes";2;"Straight - Level";"Local Street";"Dry";"Two-Way, Not Divided";"None";"No Special Feature";"Smooth Asphalt";"Coastal";"Urban";"30 - 35  MPH";"Stop And Go Signal";"Clear";"No";"35.076035, -78.8977"
"301";211;212;"Yes";"50-59";54;"No";"Facing Traffic";"B: Evident Injury";"Sidewalk / Crosswalk / Driveway Crossing";"Hispanic";"Male";"Raleigh";"Wake";"No";"01-01-07";2011-04-24;"Bicyclist Failed to Yield - Signalized Intersection";23;"Intersection";"01-04-01";1-01-01 23:09:58;"Bicyclist Ride Out - Signalized  Intersection";132153;2011;"B: Evident Injury";"Residential";"70+";NA;"No";"0-5 mph";"O: No Injury";"Black";"Male";"Passenger Car";"No";"No";"Daylight";"Urban (>70% Developed)";"5 lanes";2;"Straight - Level";"Local Street";"Dry";"Two-Way, Not Divided";"None";"Four-Way Intersection";"Smooth Asphalt";"Piedmont";"Urban";"30 - 35  MPH";"Stop And Go Signal";"Clear";"No";"35.7678, -78.6248"
"302";213;214;"No";"16-19";18;"No";"Facing Traffic";"C: Possible Injury";"Travel Lane";"Hispanic";"Male";"Raleigh";"Wake";"No";"01-01-02";2011-04-19;"Bicyclist Failed to Yield - Signalized Intersection";5;"Intersection";"01-04-01";1-01-01 05:45:58;"Bicyclist Ride Through - Signalized Intersection";112155;2011;"C: Possible Injury";"Commercial";"40-49";42;"No";"0-5 mph";"O: No Injury";"White";"Female";"Passenger Car";"No";"No";"Dark - Roadway Not Lighted";"Urban (>70% Developed)";"5 lanes";2;"Straight - Level";"Local Street";"Dry";"Two-Way, Divided, Positive Median Barrier";"None";"Four-Way Intersection";"Coarse Asphalt";"Piedmont";"Urban";"30 - 35  MPH";"Stop And Go Signal";"Clear";"No";"35.79796, -78.5565"
"303";214;215;"No";"15-Nov";13;"No";"Facing Traffic";"B: Evident Injury";"Sidewalk / Crosswalk / Driveway Crossing";"Asian";"Male";"Cary";"Wake";"No";"01-01-04";2011-04-28;"Motorist Failed to Yield - Signalized Intersection";7;"Intersection";"01-04-01";1-01-01 07:44:58;"Motorist Drive Out - Right Turn on Red";132151;2011;"B: Evident Injury";"Residential";"20-24";22;"No";"0-5 mph";"O: No Injury";"White";"Female";"Sport Utility";"No";"No";"Daylight";"Urban (>70% Developed)";"2 lanes";2;"Straight - Level";"Local Street";"Dry";"Two-Way, Divided, Unprotected Median";"None";"T-Intersection";"Smooth Asphalt";"Piedmont";"Urban";"30 - 35  MPH";"Stop And Go Signal";"Clear";"No";"35.77329, -78.8478"
"304";220;221;"Yes";"25-29";29;"No";"Facing Traffic";"C: Possible Injury";"Travel Lane";"White";"Male";"Morrisville";"Wake";"No";"01-01-03";2011-05-11;"Motorist Failed to Yield - Midblock";11;"Non-Intersection";"01-05-01";1-01-01 11:55:58;"Motorist Drive Out - Commercial Driveway / Alley";312322;2011;"C: Possible Injury";"Commercial";"50-59";59;"No";"0-5 mph";"O: No Injury";"Black";"Male";"Sport Utility";"No";"No";"Daylight";"Urban (>70% Developed)";"3 lanes";2;"Straight - Level";"NC Route";"Dry";"Two-Way, Not Divided";"Work Zone";"T-Intersection";"Smooth Asphalt";"Piedmont";"Urban";"40 - 45  MPH";"No Control Present";"Clear";"Yes";"35.80714, -78.8121"
"305";224;225;"Yes";"10-Jun";9;"No";NA;"B: Evident Injury";"Travel Lane";"Black";"Male";"Charlotte";"Mecklenburg";"No";"01-01-03";2011-05-04;"Parallel Paths - Other Circumstances";19;"Non-Intersection";"01-05-01";1-01-01 19:21:58;"Parallel Paths - Other /";319280;2011;"B: Evident Injury";"Residential";NA;NA;"Missing";"16-20 mph";"Injury";"/Missing";NA;NA;"No";"Yes";"Daylight";"Urban (>70% Developed)";"2 lanes";2;"Curve - Level";"Local Street";"Dry";"Two-Way, Not Divided";"None";"No Special Feature";"Smooth Asphalt";"Piedmont";"Urban";"20 - 25  MPH";"No Control Present";"Clear";"No";"35.24548, -80.8442"
"306";225;226;"Yes";"30-39";34;"No";"Facing Traffic";"C: Possible Injury";"Sidewalk / Crosswalk / Driveway Crossing";"White";"Male";"Charlotte";"Mecklenburg";"No";"01-01-05";2011-05-06;"Motorist Failed to Yield - Midblock";14;"Non-Intersection";"01-05-01";1-01-01 14:00:58;"Motorist Drive Out - Other Midblock";332328;2011;"C: Possible Injury";"Commercial";"30-39";30;"No";"0-5 mph";"O: No Injury";"White";"Female";"Passenger Car";"No";"No";"Daylight";"Urban (>70% Developed)";"2 lanes";2;"Straight - Level";"Local Street";"Dry";"Two-Way, Not Divided";"None";"No Special Feature";"Smooth Asphalt";"Piedmont";"Urban";"5 - 15 MPH";"No Control Present";"Clear";"No";"35.23101, -80.8377"
"307";228;229;"Yes";"50-59";54;"No";NA;"A: Disabling Injury";"Travel Lane";"White";"Male";"Carrboro";"Orange";"No";NA;2011-04-25;"Crossing Paths - Other Circumstances";7;"Intersection-Related";"01-04-01";1-01-01 07:57:58;"Crossing Paths - Intersection - Other /";219180;2011;"A: Disabling Injury";"Commercial";"40-49";49;"No";"16-20 mph";"O: No Injury";"White";"Female";"Van";"No";"No";"Daylight";"Urban (>70% Developed)";"4 lanes";2;"Curve - Level";"NC Route";"Dry";"Two-Way, Divided, Unprotected Median";"None";"Related To Intersection";"Smooth Asphalt";"Piedmont";"Urban";"40 - 45  MPH";"Stop And Go Signal";"Cloudy";"No";"35.9174, -79.0941"
"308";230;231;"No";"10-Jun";6;"No";"Not Applicable";"C: Possible Injury";NA;"Hispanic";"Male";"Charlotte";"Mecklenburg";"No";"01-01-04";2011-05-12;"Crossing Paths - Other Circumstances";17;"Intersection-Related";"01-05-01";1-01-01 17:18:58;"Crossing Paths - Intersection - Other /";293180;2011;"C: Possible Injury";"Residential";"40-49";47;"No";"26-30 mph";"O: No Injury";"Hispanic";"Female";"Sport Utility";"No";"No";"Daylight";"Urban (>70% Developed)";"2 lanes";2;"Straight - Level";"Local Street";"Dry";"Two-Way, Not Divided";"None";"No Special Feature";"Smooth Asphalt";"Piedmont";"Urban";"30 - 35  MPH";"No Control Present";"Clear";"No";"35.19078, -80.8663"
"309";231;232;"Yes";"40-49";44;"No";"With Traffic";"B: Evident Injury";"Bike Lane / Paved Shoulder";"White";"Male";"Huntersville";"Mecklenburg";"No";"01-01-03";2011-05-11;"Motorist Right Turn / Merge";11;"Non-Intersection";"01-05-01";1-01-01 11:40:58;"Motorist Right Turn - Same Direction";321213;2011;"B: Evident Injury";"Commercial";"30-39";32;"No";"21-25 mph";"O: No Injury";"Black";"Male";"Pickup";"No";"No";"Daylight";"Mixed (30% To 70% Developed)";"5 lanes";2;"Straight - Grade";"Local Street";"Dry";"Two-Way, Not Divided";"None";"No Special Feature";"Smooth Asphalt";"Piedmont";"Urban";"30 - 35  MPH";"No Control Present";"Cloudy";"No";"35.39727, -80.864"
"310";233;234;"No";"50-59";50;"No";"With Traffic";"C: Possible Injury";"Sidewalk / Crosswalk / Driveway Crossing";"Hispanic";"Female";"Swansboro";"Onslow";"No";"01-01-04";2011-04-28;"Bicyclist Failed to Yield - Signalized Intersection";7;"Intersection";"01-04-01";1-01-01 07:41:58;"Bicyclist Ride Out - Signalized  Intersection";131153;2011;"C: Possible Injury";"Commercial";"30-39";35;"No";"11-15 mph";"O: No Injury";"Black";"Male";"Van";"No";"No";"Daylight";"Urban (>70% Developed)";"2 lanes";2;"Straight - Grade";"NC Route";"Dry";"Two-Way, Divided, Unprotected Median";"None";"Four-Way Intersection";"Coarse Asphalt";"Coastal";"Rural";"30 - 35  MPH";"Stop And Go Signal";"Cloudy";"No";"34.69306, -77.1301"
"311";236;237;"Yes";"70+";NA;"No";"With Traffic";"C: Possible Injury";"Travel Lane";"White";"Male";"None - Rural Crash";"Harnett";"No";"01-01-05";2011-05-20;"Motorist Overtaking Bicyclist";12;"Non-Intersection";"01-05-01";1-01-01 12:49:58;"Motorist Overtaking - Misjudged Space";311232;2011;"C: Possible Injury";"Farms, Woods, Pastures";"0-19";17;"No";"51-55 mph";"O: No Injury";"White";"Male";"Pickup";"No";"No";"Daylight";"Rural (<30% Developed)";"2 lanes";2;"Straight - Hillcrest";"State Secondary Route";"Dry";"Two-Way, Not Divided";"None";"No Special Feature";"Coarse Asphalt";"Coastal";"Rural";"50 - 55  MPH";"Double Yellow Line, No Passing Zone";"Clear";"No";"35.34213, -79.0487"
"312";239;240;"No";"15-Nov";14;"No";"Facing Traffic";"C: Possible Injury";"Travel Lane";"Black";"Male";"Laurinburg";"Scotland";"No";"01-01-06";2011-04-30;"Bicyclist Failed to Yield - Sign-Controlled Intersection";18;"Intersection";"01-04-01";1-01-01 17:59:58;"Bicyclist Ride Through - Sign-Controlled Intersection";112144;2011;"C: Possible Injury";"Residential";"70+";NA;"No";"21-25 mph";"O: No Injury";"White";"Male";"Pickup";"No";"No";"Daylight";"Urban (>70% Developed)";"2 lanes";2;"Straight - Level";"Local Street";"Dry";"Two-Way, Not Divided";"None";"No Special Feature";"Coarse Asphalt";"Coastal";"Urban";"20 - 25  MPH";"Stop Sign";"Clear";"No";"34.77409, -79.4449"
"313";243;244;"Yes";"25-29";29;"No";"With Traffic";"C: Possible Injury";"Bike Lane / Paved Shoulder";"White";"Male";"None - Rural Crash";"Pitt";"No";"01-01-07";2011-05-22;"Loss of Control / Turning Error";18;"Non-Intersection";"01-05-01";1-01-01 18:02:58;"Motorist Lost Control - Other /";321139;2011;"C: Possible Injury";"Farms, Woods, Pastures";NA;NA;"Missing";"51-55 mph";"Injury";"/Missing";NA;"Sport Utility";"No";"Yes";"Daylight";"Rural (<30% Developed)";"4 lanes";2;"Straight - Level";"US Route";"Dry";"Two-Way, Divided, Unprotected Median";"None";"No Special Feature";"Smooth Asphalt";"Coastal";"Rural";"50 - 55  MPH";"No Control Present";"Clear";"No";"35.62596, -77.1918"
"314";246;247;"Yes";"30-39";32;"No";"With Traffic";"B: Evident Injury";"Bike Lane / Paved Shoulder";"White";"Male";"Charlotte";"Mecklenburg";"No";"01-01-06";2011-04-30;"Motorist Right Turn / Merge";8;"Non-Intersection";"01-04-01";1-01-01 08:44:58;"Motorist Right Turn - Same Direction";321213;2011;"B: Evident Injury";"Commercial";"40-49";46;"No";"6-10 mph";"O: No Injury";"Black";"Male";"Sport Utility";"No";"No";"Daylight";"Urban (>70% Developed)";"4 lanes";2;"Straight - Grade";"Local Street";"Dry";"Two-Way, Divided, Positive Median Barrier";"None";"Driveway, Public";"Smooth Asphalt";"Piedmont";"Urban";"40 - 45  MPH";"Stop Sign";"Clear";"No";"35.34158, -80.7675"
"315";249;250;"Yes";"50-59";56;"No";"With Traffic";"A: Disabling Injury";"Travel Lane";"Native American";"Male";"None - Rural Crash";"Robeson";"No";"01-01-02";2011-05-17;"Motorist Overtaking Bicyclist";23;"Non-Intersection";"01-05-01";1-01-01 23:11:58;"Motorist Overtaking - Other /";311239;2011;"A: Disabling Injury";"Residential";"60-69";66;"No";"26-30 mph";"O: No Injury";"White";"Male";"Pickup";"No";"No";"Dark - Roadway Not Lighted";"Mixed (30% To 70% Developed)";"2 lanes";2;"Straight - Level";"State Secondary Route";"Wet";"Two-Way, Not Divided";"None";"No Special Feature";"Coarse Asphalt";"Coastal";"Rural";"50 - 55  MPH";"No Control Present";"Rain";"No";"34.86195, -79.1057"
"316";256;257;"No";"30-39";33;"No";"Facing Traffic";"C: Possible Injury";"Sidewalk / Crosswalk / Driveway Crossing";"Black";"Male";"Fayetteville";"Cumberland";"No";NA;2011-05-02;"Motorist Failed to Yield - Midblock";18;"Non-Intersection";"01-05-01";1-01-01 18:30:58;"Motorist Drive Out - Commercial Driveway / Alley";332322;2011;"C: Possible Injury";"Commercial";"25-29";28;"No";"0-5 mph";"O: No Injury";"White";"Female";"Passenger Car";"No";"No";"Daylight";"Rural (<30% Developed)";"5 lanes";2;"Straight - Level";"Local Street";"Dry";"Two-Way, Divided, Unprotected Median";"None";"Driveway, Public";"Coarse Asphalt";"Coastal";"Urban";"40 - 45  MPH";"No Control Present";"Clear";"No";"35.13426, -78.8767"
"317";258;259;"Yes";"50-59";54;"No";"With Traffic";"C: Possible Injury";"Travel Lane";"Black";"Male";"Greensboro";"Guilford";"No";"01-01-02";2011-05-17;"Motorist Failed to Yield - Sign-Controlled Intersection";16;"Intersection";"01-05-01";1-01-01 16:00:58;"Motorist Drive Out - Sign-Controlled Intersection";111141;2011;"C: Possible Injury";"Residential";"0-19";16;"No";"11-15 mph";"O: No Injury";"White";"Female";"Passenger Car";"No";"No";"Daylight";"Urban (>70% Developed)";"4 lanes";2;"Straight - Level";"Local Street";"Wet";"Two-Way, Not Divided";"None";"Four-Way Intersection";"Smooth Asphalt";"Piedmont";"Urban";"30 - 35  MPH";"Stop Sign";"Rain";"No";"36.01532, -79.8006"
"318";259;260;"No";"50-59";53;"No";"Facing Traffic";"C: Possible Injury";"Travel Lane";"White";"Female";"Greensboro";"Guilford";"No";"01-01-02";2011-05-17;"Motorist Failed to Yield - Sign-Controlled Intersection";13;"Intersection";"01-05-01";1-01-01 13:54:58;"Motorist Drive Out - Sign-Controlled Intersection";112141;2011;"C: Possible Injury";"Residential";"25-29";27;"No";"0-5 mph";"O: No Injury";"Black";"Female";"Passenger Car";"No";"No";"Daylight";"Urban (>70% Developed)";"2 lanes";2;"Straight - Level";"Local Street";"Dry";"Two-Way, Not Divided";"None";"Four-Way Intersection";"Smooth Asphalt";"Piedmont";"Urban";"30 - 35  MPH";"Stop Sign";"Cloudy";"No";"36.06477, -79.7826"
"319";266;267;"No";"50-59";54;"No";"With Traffic";"Injury";"Travel Lane";"White";"Male";"Wilmington";"New Hanover";"No";"01-01-03";2011-05-11;"Motorist Right Turn / Merge";13;"Intersection";"01-05-01";1-01-01 13:39:58;"Motorist Right Turn - Same Direction";111213;2011;"Injury";"Residential";"40-49";44;"No";NA;"Injury";"White";"Male";"Van";"No";"No";NA;"Rural (<30% Developed)";NA;2;NA;NA;NA;NA;"None";"No Special Feature";NA;"Coastal";"Urban";NA;"No Control Present";"Clear";"No";"34.17574, -77.8944"
"320";274;275;"No";"15-Nov";14;"No";"Facing Traffic";"B: Evident Injury";"Sidewalk / Crosswalk / Driveway Crossing";"Asian";"Male";"Raleigh";"Wake";"No";NA;2011-05-30;"Motorist Failed to Yield - Sign-Controlled Intersection";12;"Intersection";"01-05-01";1-01-01 12:24:58;"Motorist Drive Out - Sign-Controlled Intersection";132141;2011;"B: Evident Injury";"Residential";"30-39";36;"No";"31-35 mph";"O: No Injury";"White";"Male";"Sport Utility";"No";"No";"Daylight";"Urban (>70% Developed)";"2 lanes";2;"Straight - Grade";"Local Street";"Dry";"Two-Way, Not Divided";"None";"T-Intersection";"Smooth Asphalt";"Piedmont";"Urban";"30 - 35  MPH";"Stop Sign";"Clear";"No";"35.93927, -78.5663"
"321";275;276;"Yes";"15-Nov";15;"No";"With Traffic";"B: Evident Injury";"Travel Lane";"White";"Male";"None - Rural Crash";"Iredell";"No";"01-01-05";2011-06-03;"Motorist Overtaking Bicyclist";21;"Non-Intersection";"01-06-01";1-01-01 21:08:58;"Motorist Overtaking - Other /";311239;2011;"B: Evident Injury";"Farms, Woods, Pastures";"25-29";28;"No";"41-45 mph";"O: No Injury";"White";"Male";"Passenger Car";"No";"No";"Dark - Roadway Not Lighted";"Rural (<30% Developed)";"2 lanes";3;"Straight - Bottom";"State Secondary Route";"Dry";"Two-Way, Not Divided";"None";"No Special Feature";"Smooth Asphalt";"Piedmont";"Rural";"50 - 55  MPH";"No Control Present";"Clear";"No";"35.7099, -80.7772"
"322";285;286;"No";"16-19";17;"No";"With Traffic";"C: Possible Injury";"Travel Lane";"White";"Male";"Apex";"Wake";"No";NA;2011-06-06;"Motorist Failed to Yield - Sign-Controlled Intersection";15;"Intersection";"01-06-01";1-01-01 15:31:58;"Motorist Drive Out - Sign-Controlled Intersection";111141;2011;"C: Possible Injury";"Residential";"0-19";17;"No";"6-10 mph";"O: No Injury";"Black";"Male";"Passenger Car";"No";"No";"Daylight";"Mixed (30% To 70% Developed)";"2 lanes";2;"Straight - Level";"NC Route";"Dry";"Two-Way, Not Divided";"None";"Four-Way Intersection";"Smooth Asphalt";"Piedmont";"Urban";"40 - 45  MPH";"Stop Sign";"Clear";"No";"35.69018, -78.8339"
"323";295;296;"Yes";"40-49";48;"No";"With Traffic";"C: Possible Injury";"Travel Lane";"White";"Female";"Jacksonville";"Onslow";"No";"01-01-02";2011-05-24;"Motorist Failed to Yield - Sign-Controlled Intersection";6;"Intersection";"01-05-01";1-01-01 06:26:58;"Motorist Drive Out - Sign-Controlled Intersection";111141;2011;"C: Possible Injury";"Residential";"30-39";33;"No";"6-10 mph";"O: No Injury";"Hispanic";"Male";"Van";"No";"No";"Daylight";"Urban (>70% Developed)";"3 lanes";2;"Straight - Level";"Local Street";"Dry";"Two-Way, Not Divided";"None";"No Special Feature";"Smooth Asphalt";"Coastal";"Urban";"30 - 35  MPH";"Stop Sign";"Clear";"No";"34.76812, -77.3877"
"324";307;308;"Yes";"25-29";26;"No";NA;"C: Possible Injury";"Travel Lane";"White";"Female";"Durham";"Durham";"No";"01-01-03";2011-06-15;"Crossing Paths - Other Circumstances";18;"Intersection";"01-06-01";1-01-01 18:44:58;"Crossing Paths - Intersection - Other /";119180;2011;"C: Possible Injury";"Residential";"25-29";25;"No";"0-5 mph";"O: No Injury";"Hispanic";"Female";"Passenger Car";"No";"No";"Daylight";"Mixed (30% To 70% Developed)";"2 lanes";2;"Straight - Level";"Local Street";"Dry";"Two-Way, Not Divided";"None";"No Special Feature";"Smooth Asphalt";"Piedmont";"Urban";"30 - 35  MPH";"Stop Sign";"Clear";"No";"36.01216, -78.9055"
"325";308;309;"No";NA;NA;"Missing";"With Traffic";"Injury";"Travel Lane";"/Missing";NA;"Asheville";"Buncombe";"No";"01-01-05";2011-05-27;"Motorist Overtaking Bicyclist";13;"Non-Intersection";"01-05-01";1-01-01 13:03:58;"Motorist Overtaking - Other /";311239;2011;"O: No Injury";"Commercial";"50-59";59;"No";"21-25 mph";"O: No Injury";"White";"Female";"Passenger Car";"No";"No";"Daylight";"Urban (>70% Developed)";"5 lanes";2;"Straight - Grade";"US Route";"Dry";"Two-Way, Divided, Unprotected Median";"None";"No Special Feature";"Coarse Asphalt";"Mountains";"Urban";"40 - 45  MPH";"No Control Present";"Clear";"No";"35.55838, -82.5386"
"326";313;314;"Yes";"30-39";34;"No";NA;"B: Evident Injury";NA;"Black";"Male";"Raleigh";"Wake";"No";"01-01-03";2011-06-15;NA;21;NA;"01-06-01";1-01-01 21:11:58;NA;0;2011;"B: Evident Injury";"Residential";"25-29";26;"No";"6-10 mph";"O: No Injury";"White";"Female";"Passenger Car";"No";"No";"Dark - Roadway Not Lighted";"Urban (>70% Developed)";"2 lanes";2;"Straight - Level";"Local Street";"Dry";"Two-Way, Not Divided";"None";"No Special Feature";"Coarse Asphalt";"Piedmont";"Urban";"20 - 25  MPH";"No Control Present";"Clear";"No";"35.81048, -78.6258"
"327";315;316;"No";"30-39";32;"No";"With Traffic";"B: Evident Injury";"Travel Lane";"White";"Male";"Wilmington";"New Hanover";"No";"01-01-04";2011-05-26;"Motorist Failed to Yield - Sign-Controlled Intersection";7;"Intersection";"01-05-01";1-01-01 07:50:58;"Motorist Drive Out - Sign-Controlled Intersection";111141;2011;"B: Evident Injury";"Residential";"20-24";23;"No";"0-5 mph";"O: No Injury";"Black";"Male";"School Bus";"No";"No";"Daylight";"Urban (>70% Developed)";"2 lanes";2;"Straight - Level";"Local Street";"Dry";"Two-Way, Not Divided";"None";"No Special Feature";"Coarse Asphalt";"Coastal";"Urban";"40 - 45  MPH";"Stop Sign";"Clear";"No";"34.2489, -77.8897"
"328";320;321;"No";"20-24";20;"No";"With Traffic";"C: Possible Injury";"Travel Lane";"White";"Male";"High Point";"Guilford";"No";NA;2011-05-30;"Bicyclist Failed to Yield - Signalized Intersection";9;"Intersection";"01-05-01";1-01-01 09:14:58;"Bicyclist Ride Through - Signalized Intersection";111155;2011;"C: Possible Injury";"Commercial";"25-29";28;"No";"11-15 mph";"O: No Injury";"White";"Female";"Passenger Car";"No";"No";"Daylight";"Urban (>70% Developed)";"6 lanes";2;"Straight - Level";"Local Street";"Dry";"Two-Way, Not Divided";"None";"Four-Way Intersection";"Coarse Asphalt";"Piedmont";"Urban";"30 - 35  MPH";"Stop And Go Signal";"Clear";"No";"35.98261, -80.0231"
"329";323;324;"No";"40-49";43;"No";"With Traffic";"C: Possible Injury";"Travel Lane";"White";"Male";"Smithfield";"Johnston";"No";"01-01-02";2011-05-31;"Motorist Failed to Yield - Sign-Controlled Intersection";16;"Intersection";"01-05-01";1-01-01 16:11:58;"Motorist Drive Out - Sign-Controlled Intersection";111141;2011;"C: Possible Injury";"Residential";"60-69";62;"No";"0-5 mph";"O: No Injury";"White";"Female";"Passenger Car";"No";"No";"Daylight";"Urban (>70% Developed)";"2 lanes";2;"Straight - Level";"Local Street";"Dry";"Two-Way, Not Divided";"None";"Four-Way Intersection";"Coarse Asphalt";"Coastal";"Urban";"20 - 25  MPH";"Stop Sign";"Clear";"No";"35.5154, -78.3415"
"330";328;329;"Yes";"50-59";54;"Yes";"Not Applicable";"Injury";"Non-Roadway";"Black";"Male";"Kinston";"Lenoir";"Yes";"01-01-04";2011-05-05;"Bicyclist Failed to Yield - Midblock";21;"Non-Intersection";"01-05-01";1-01-01 21:02:58;"Bicyclist Ride Out - Other Midblock";363318;2011;"Injury";"Residential";NA;NA;"Missing";"31-35 mph";"Injury";"/Missing";NA;NA;"No";"Yes";"Dark - Lighted Roadway";"Urban (>70% Developed)";"2 lanes";2;"Straight - Level";"Local Street";"Dry";"Two-Way, Divided, Unprotected Median";"None";"No Special Feature";"Smooth Asphalt";"Coastal";"Urban";"30 - 35  MPH";"No Control Present";"Clear";"No";"35.26522, -77.5722"
"331";331;332;"Yes";"20-24";21;"No";"With Traffic";"C: Possible Injury";"Travel Lane";"White";"Female";"Durham";"Durham";"No";"01-01-04";2011-06-02;"Motorist Left Turn / Merge";9;"Intersection-Related";"01-06-01";1-01-01 09:29:58;"Motorist Left Turn - Same Direction";211211;2011;"C: Possible Injury";"Institutional";"60-69";63;"No";"0-5 mph";"O: No Injury";"White";"Female";"Van";"No";"No";"Daylight";"Urban (>70% Developed)";"2 lanes";2;"Straight - Grade";"Public Vehicular Area";"Dry";"Two-Way, Divided, Unprotected Median";"None";"No Special Feature";"Smooth Asphalt";"Piedmont";"Urban";"5 - 15 MPH";"No Control Present";"Clear";"No";"35.99403, -78.8986"
"332";334;335;"Yes";"30-39";35;"No";"With Traffic";"A: Disabling Injury";"Travel Lane";"White";"Male";"Winston-Salem";"Forsyth";"No";"01-01-06";2011-06-04;"Motorist Failed to Yield - Sign-Controlled Intersection";4;"Intersection";"01-06-01";1-01-01 04:13:58;"Motorist Drive Out - Sign-Controlled Intersection";111141;2011;"A: Disabling Injury";"Residential";"40-49";49;"No";"6-10 mph";"O: No Injury";"White";"Female";"Light Truck (Mini-Van, Panel)";"No";"No";"Daylight";"Urban (>70% Developed)";"2 lanes";2;"Straight - Grade";"Local Street";"Water (Standing, Moving)";"Two-Way, Not Divided";"None";"Four-Way Intersection";"Smooth Asphalt";"Piedmont";"Urban";"20 - 25  MPH";"Stop Sign";"Clear";"No";"36.09574, -80.2633"
"333";359;360;"Yes";"50-59";52;"No";"With Traffic";"A: Disabling Injury";"Travel Lane";"White";"Male";"None - Rural Crash";"Johnston";"No";"01-01-03";2011-06-29;"Motorist Overtaking Bicyclist";15;"Non-Intersection";"01-06-01";1-01-01 15:03:58;"Motorist Overtaking - Misjudged Space";311232;2011;"A: Disabling Injury";"Farms, Woods, Pastures";"20-24";21;"No";"46-50 mph";"O: No Injury";"White";"Male";"Passenger Car";"No";"No";"Daylight";"Rural (<30% Developed)";"2 lanes";3;"Curve - Level";"State Secondary Route";"Dry";"Two-Way, Not Divided";"None";"No Special Feature";"Smooth Asphalt";"Coastal";"Rural";"40 - 45  MPH";"Double Yellow Line, No Passing Zone";"Clear";"No";"35.69008, -78.3807"