"FID";"OBJECTID";"AmbulanceR";"BikeAge_Gr";"Bike_Age";"Bike_Alc_D";"Bike_Dir";"Bike_Injur";"Bike_Pos";"Bike_Race";"Bike_Sex";"City";"County";"CrashAlcoh";"CrashDay";"Crash_Date";"Crash_Grp";"Crash_Hour";"Crash_Loc";"Crash_Mont";"Crash_Time";"Crash_Type";"Crash_Ty_1";"Crash_Year";"Crsh_Sevri";"Developmen";"DrvrAge_Gr";"Drvr_Age";"Drvr_Alc_D";"Drvr_EstSp";"Drvr_Injur";"Drvr_Race";"Drvr_Sex";"Drvr_VehTy";"ExcsSpdInd";"Hit_Run";"Light_Cond";"Locality";"Num_Lanes";"Num_Units";"Rd_Charact";"Rd_Class";"Rd_Conditi";"Rd_Config";"Rd_Defects";"Rd_Feature";"Rd_Surface";"Region";"Rural_Urba";"Speed_Limi";"Traff_Cntr";"Weather";"Workzone_I";"Location"
"334";361;362;"Yes";"15-Nov";15;"No";"With Traffic";"C: Possible Injury";"Travel Lane";"White";"Male";"Durham";"Durham";"No";"01-01-04";2011-06-30;"Bicyclist Left Turn / Merge";14;"Intersection";"01-06-01";1-01-01 14:22:58;"Bicyclist Left Turn - Same Direction";111221;2011;"C: Possible Injury";"Residential";"20-24";20;"No";"11-15 mph";"O: No Injury";"Hispanic";"Male";"Passenger Car";"No";"No";"Daylight";"Urban (>70% Developed)";"2 lanes";2;"Straight - Level";"Local Street";"Dry";"Two-Way, Not Divided";"Road Surface Condition";"Four-Way Intersection";"Smooth Asphalt";"Piedmont";"Urban";"30 - 35  MPH";"No Control Present";"Clear";"No";"36.04027, -78.9121"
"335";364;365;"No";"20-24";22;"No";"With Traffic";"B: Evident Injury";"Travel Lane";"White";"Male";"Boone";"Watauga";"No";"01-01-07";2011-06-05;"Motorist Overtaking Bicyclist";21;"Non-Intersection";"01-06-01";1-01-01 21:09:58;"Motorist Overtaking - Misjudged Space";311232;2011;"B: Evident Injury";"Commercial";NA;NA;"Missing";NA;"Injury";"/Missing";NA;NA;"No";"Yes";"Dawn";"Urban (>70% Developed)";"2 lanes";2;"Curve - Grade";"US Route";NA;"Two-Way, Not Divided";"None";"No Special Feature";"Smooth Asphalt";"Mountains";"Urban";"30 - 35  MPH";"Double Yellow Line, No Passing Zone";"Other";"No";"36.22205, -81.6956"
"336";371;372;"No";"20-24";21;"No";"With Traffic";"O: No Injury";"Travel Lane";"White";"Male";"Durham";"Durham";"No";"01-01-02";2011-07-05;"Motorist Right Turn / Merge";18;"Intersection";"01-07-01";1-01-01 18:34:58;"Motorist Right Turn - Same Direction";111213;2011;"O: No Injury";"Residential";"25-29";29;"No";"6-10 mph";"O: No Injury";"Black";"Female";"Passenger Car";"No";"No";"Daylight";"Urban (>70% Developed)";"2 lanes";2;"Straight - Grade";"Local Street";"Dry";"Two-Way, Not Divided";"None";"Four-Way Intersection";"Smooth Asphalt";"Piedmont";"Urban";"5 - 15 MPH";"Stop And Go Signal";"Clear";"No";"36.01718, -78.9001"
"337";378;379;"Yes";"10-Jun";6;"No";"Not Applicable";"A: Disabling Injury";"Non-Roadway";"Black";"Male";"High Point";"Guilford";"No";NA;2011-06-13;"Non-Roadway";19;"Non-Roadway";"01-06-01";1-01-01 19:30:58;"Non-Roadway";460910;2011;"A: Disabling Injury";"Residential";"40-49";42;"No";"11-15 mph";"O: No Injury";"White";"Female";"Passenger Car";"No";"No";"Daylight";"Urban (>70% Developed)";NA;2;"Straight - Level";"Public Vehicular Area";"Dry";"Two-Way, Not Divided";"None";"Driveway, Public";"Smooth Asphalt";"Piedmont";"Urban";NA;"No Control Present";"Clear";"No";"35.95717, -79.9984"
"338";380;381;"Yes";"20-24";21;"No";"With Traffic";"C: Possible Injury";"Travel Lane";"Black";"Male";"Winston-Salem";"Forsyth";"No";"01-01-02";2011-06-14;"Motorist Overtaking Bicyclist";22;"Intersection";"01-06-01";1-01-01 22:15:58;"Motorist Overtaking - Other /";111239;2011;"C: Possible Injury";"Residential";NA;NA;"Missing";"21-25 mph";"Injury";"/Missing";NA;"Passenger Car";"No";"Yes";"Dark - Lighted Roadway";"Urban (>70% Developed)";"4 lanes";2;"Straight - Grade";"Local Street";"Dry";"Two-Way, Not Divided";"None";"Four-Way Intersection";"Coarse Asphalt";"Piedmont";"Urban";"30 - 35  MPH";"No Control Present";"Clear";"No";"36.11733, -80.2571"
"339";384;385;"Yes";"10-Jun";9;"No";"Not Applicable";"C: Possible Injury";"Non-Roadway";"Black";"Female";"Mooresville";"Iredell";"No";"01-01-03";2011-06-15;"Non-Roadway";18;"Non-Roadway";"01-06-01";1-01-01 18:19:58;"Non-Roadway";460910;2011;"C: Possible Injury";"Residential";"60-69";63;"No";"0-5 mph";"O: No Injury";"Black";"Female";"Van";"No";"No";"Daylight";"Mixed (30% To 70% Developed)";"2 lanes";2;"Straight - Grade";"Public Vehicular Area";"Dry";"Two-Way, Not Divided";"None";"Driveway, Public";"Coarse Asphalt";"Piedmont";"Urban";"5 - 15 MPH";"No Control Present";"Clear";"No";"35.59508, -80.8098"
"340";387;388;"No";"40-49";46;"No";"With Traffic";"B: Evident Injury";"Travel Lane";"White";"Male";"Duck";"Dare";"No";"01-01-06";2011-06-11;"Motorist Left Turn / Merge";8;"Intersection";"01-06-01";1-01-01 08:16:58;"Motorist Left Turn - Opposite Direction";111212;2011;"B: Evident Injury";"Residential";"50-59";57;"No";"6-10 mph";"O: No Injury";"White";"Female";"Sport Utility";"No";"No";"Daylight";"Urban (>70% Developed)";"2 lanes";2;"Straight - Level";"NC Route";"Dry";"Two-Way, Not Divided";"None";"No Special Feature";"Smooth Asphalt";"Coastal";"Rural";"30 - 35  MPH";"No Control Present";"Clear";"No";"36.19573, -75.7623"
"341";388;389;"Yes";"50-59";51;"No";"Facing Traffic";"B: Evident Injury";"Sidewalk / Crosswalk / Driveway Crossing";"Black";"Male";"Charlotte";"Mecklenburg";"No";"01-01-04";2011-06-16;"Bicyclist Failed to Yield - Signalized Intersection";8;"Intersection";"01-06-01";1-01-01 08:36:58;"Bicyclist Ride Out - Signalized  Intersection";132153;2011;"B: Evident Injury";"Commercial";"40-49";41;"No";"0-5 mph";"O: No Injury";"White";"Female";"Passenger Car";"No";"No";"Dawn";"Urban (>70% Developed)";"4 lanes";2;"Straight - Level";"Local Street";"Dry";"Two-Way, Not Divided";"None";"Four-Way Intersection";"Smooth Asphalt";"Piedmont";"Urban";"30 - 35  MPH";"Stop And Go Signal";"Cloudy";"No";"35.19064, -80.8109"
"342";395;396;"No";"30-39";38;"No";"With Traffic";"B: Evident Injury";"Multi-use Path";"White";"Female";"Southern Shores";"Dare";"No";"01-01-02";2011-06-21;"Crossing Paths - Other Circumstances";13;"Intersection-Related";"01-06-01";1-01-01 13:30:58;"Sign-Controlled Intersection - Other /";241148;2011;"B: Evident Injury";"Residential";"40-49";43;"No";"0-5 mph";"O: No Injury";"White";"Female";"Passenger Car";"No";"No";"Daylight";"Urban (>70% Developed)";"2 lanes";2;"Straight - Level";"Private Road, Driveway";"Dry";"Two-Way, Not Divided";"None";"Driveway, Public";"Coarse Asphalt";"Coastal";"Rural";NA;"Stop Sign";"Clear";"No";"36.14437, -75.7397"
"343";397;398;"Yes";"70+";NA;"No";"Facing Traffic";"B: Evident Injury";"Travel Lane";"White";"Male";"Wilmington";"New Hanover";"No";"01-01-03";2011-06-15;"Motorist Failed to Yield - Sign-Controlled Intersection";18;"Intersection";"01-06-01";1-01-01 18:01:58;"Motorist Drive Out - Sign-Controlled Intersection";112141;2011;"B: Evident Injury";"Residential";"20-24";21;"No";"0-5 mph";"O: No Injury";"Black";"Male";"Passenger Car";"No";"No";"Daylight";"Urban (>70% Developed)";"3 lanes";2;"Straight - Level";"Local Street";"Dry";"Two-Way, Not Divided";"None";"Four-Way Intersection";"Smooth Asphalt";"Coastal";"Urban";"30 - 35  MPH";"Stop Sign";"Clear";"No";"34.23039, -77.8871"
"344";400;401;"No";"40-49";47;"No";"With Traffic";"B: Evident Injury";"Travel Lane";"White";"Male";"Charlotte";"Mecklenburg";"No";NA;2011-06-20;"Bicyclist Failed to Yield - Sign-Controlled Intersection";19;"Intersection";"01-06-01";1-01-01 19:27:58;"Bicyclist Ride Out - Sign-Controlled Intersection";111142;2011;"B: Evident Injury";"Residential";"30-39";34;"No";"26-30 mph";"O: No Injury";"White";"Male";"Passenger Car";"No";"No";"Daylight";"Urban (>70% Developed)";"4 lanes";2;"Straight - Level";"Local Street";"Dry";"Two-Way, Divided, Positive Median Barrier";"None";"No Special Feature";"Smooth Asphalt";"Piedmont";"Urban";"30 - 35  MPH";"Stop Sign";"Clear";"No";"35.19625, -80.8277"
"345";410;411;"No";"25-29";28;"No";"With Traffic";"B: Evident Injury";"Travel Lane";"White";"Male";"Wilmington";"New Hanover";"No";"01-01-04";2011-06-23;"Motorist Overtaking Bicyclist";2;"Non-Intersection";"01-06-01";1-01-01 02:50:58;"Motorist Overtaking - Other /";311239;2011;"B: Evident Injury";"Residential";NA;NA;"Missing";NA;"Injury";"/Missing";NA;NA;"No";"Yes";"Dark - Lighted Roadway";"Urban (>70% Developed)";"2 lanes";2;"Straight - Level";"Local Street";"Dry";"Two-Way, Not Divided";"None";"No Special Feature";"Smooth Asphalt";"Coastal";"Urban";NA;"No Control Present";"Clear";"No";"34.22822, -77.942"
"346";419;420;"Yes";"16-19";17;"No";"With Traffic";"B: Evident Injury";"Travel Lane";"Black";"Male";"Goldsboro";"Wayne";"No";"01-01-07";2011-06-26;"Bicyclist Failed to Yield - Sign-Controlled Intersection";19;"Intersection";"01-06-01";1-01-01 19:26:58;"Bicyclist Ride Out - Sign-Controlled Intersection";111142;2011;"B: Evident Injury";"Residential";"60-69";63;"No";"26-30 mph";"O: No Injury";"Black";"Female";"Sport Utility";"No";"No";"Daylight";"Urban (>70% Developed)";"2 lanes";2;"Straight - Level";"Local Street";"Dry";"Two-Way, Not Divided";"None";"Four-Way Intersection";"Coarse Asphalt";"Coastal";"Urban";"20 - 25  MPH";"Stop Sign";"Clear";"No";"35.38488, -77.9682"
"347";420;421;"No";"60-69";61;"No";"With Traffic";"B: Evident Injury";"Travel Lane";"White";"Male";"None - Rural Crash";"Wake";"No";"01-01-07";2011-06-26;"Motorist Overtaking Bicyclist";13;"Non-Intersection";"01-06-01";1-01-01 13:01:58;"Motorist Overtaking - Other /";311239;2011;"B: Evident Injury";"Commercial";"70+";NA;"No";"56-60 mph";"O: No Injury";"White";"Female";"Passenger Car";"No";"No";"Daylight";"Urban (>70% Developed)";"4 lanes";2;"Straight - Level";"US Route";"Dry";"Two-Way, Divided, Unprotected Median";"None";"Related To Intersection";"Smooth Asphalt";"Piedmont";"Rural";"50 - 55  MPH";"Stop And Go Signal";"Clear";"No";"35.91851, -78.5465"
"348";432;433;"Yes";"15-Nov";15;"No";"With Traffic";"B: Evident Injury";"Sidewalk / Crosswalk / Driveway Crossing";"Black";"Male";"Charlotte";"Mecklenburg";"No";"01-01-06";2011-07-02;"Motorist Right Turn / Merge";21;"Intersection";"01-07-01";1-01-01 21:35:58;"Motorist Right Turn - Same Direction";131213;2011;"B: Evident Injury";"Commercial";"20-24";24;"No";"11-15 mph";"O: No Injury";"Hispanic";"Male";"Light Truck (Mini-Van, Panel)";"No";"No";"Dark - Lighted Roadway";"Urban (>70% Developed)";"4 lanes";2;"Straight - Level";"Local Street";"Dry";"Two-Way, Not Divided";"None";"No Special Feature";"Smooth Asphalt";"Piedmont";"Urban";"30 - 35  MPH";"Stop And Go Signal";"Clear";"No";"35.21404, -80.7712"
"349";433;434;"Yes";"0-5";3;"No";"Not Applicable";"B: Evident Injury";"Non-Roadway";"Other";"Male";"Jacksonville";"Onslow";"No";"01-01-06";2011-07-02;"Non-Roadway";17;"Non-Roadway";"01-07-01";1-01-01 17:33:58;"Non-Roadway";460910;2011;"B: Evident Injury";"Residential";"50-59";59;"No";"6-10 mph";"O: No Injury";"Black";"Female";"Passenger Car";"No";"No";"Daylight";"Urban (>70% Developed)";NA;2;"Straight - Level";"Public Vehicular Area";"Dry";"Two-Way, Not Divided";"None";"Driveway, Public";"Coarse Asphalt";"Coastal";"Urban";"5 - 15 MPH";"No Control Present";"Clear";"No";"34.78876, -77.4269"
"350";434;435;"Yes";"16-19";17;"No";"Not Applicable";"C: Possible Injury";"Sidewalk / Crosswalk / Driveway Crossing";"Hispanic";"Male";"Raleigh";"Wake";"No";"01-01-03";2011-07-20;"Bicyclist Failed to Yield - Midblock";18;"Non-Intersection";"01-07-01";1-01-01 18:52:58;"Bicyclist Ride Out - Other Midblock";333318;2011;"C: Possible Injury";"Residential";"30-39";33;"No";"6-10 mph";"O: No Injury";"Black";"Male";"Passenger Car";"No";"No";"Daylight";"Urban (>70% Developed)";"2 lanes";2;"Straight - Level";"Local Street";"Dry";"Two-Way, Not Divided";"None";"No Special Feature";"Smooth Asphalt";"Piedmont";"Urban";"20 - 25  MPH";"No Control Present";"Clear";"No";"35.78572, -78.5468"
"351";440;441;"Yes";"40-49";41;"No";"Facing Traffic";"A: Disabling Injury";"Travel Lane";"White";"Female";"None - Rural Crash";"New Hanover";"No";"01-01-06";2011-07-23;"Motorist Failed to Yield - Midblock";13;"Non-Intersection";"01-07-01";1-01-01 13:19:58;"Motorist Drive Out - Other Midblock";312328;2011;"A: Disabling Injury";"Commercial";"50-59";55;"No";"6-10 mph";"O: No Injury";"White";"Female";"Sport Utility";"No";"No";"Daylight";"Mixed (30% To 70% Developed)";"4 lanes";2;"Straight - Level";"US Route";"Dry";"Two-Way, Divided, Unprotected Median";"None";"Driveway, Public";"Coarse Asphalt";"Coastal";"Rural";"40 - 45  MPH";"No Control Present";"Clear";"No";"34.07941, -77.8946"
"352";447;448;"Yes";"30-39";38;"No";"With Traffic";"B: Evident Injury";"Travel Lane";"White";"Female";"Fletcher";"Henderson";"No";"01-01-05";2011-07-08;"Loss of Control / Turning Error";10;"Intersection";"01-07-01";1-01-01 10:12:58;"Bicyclist Turning Error - Left Turn";111114;2011;"B: Evident Injury";"Residential";"30-39";33;"No";"21-25 mph";"O: No Injury";"White";"Male";"Pickup";"No";"No";"Daylight";"Mixed (30% To 70% Developed)";"2 lanes";2;"Straight - Level";"Private Road, Driveway";"Dry";"Two-Way, Not Divided";"None";"T-Intersection";"Smooth Asphalt";"Mountains";"Urban";"20 - 25  MPH";"No Control Present";"Clear";"No";"35.44047, -82.4748"
"353";458;459;"No";"30-39";34;"No";"Facing Traffic";"C: Possible Injury";"Travel Lane";"White";"Male";"Wilmington";"New Hanover";"No";"01-01-05";2011-07-01;"Crossing Paths - Other Circumstances";21;"Intersection";"01-07-01";1-01-01 21:47:58;"Signalized Intersection - Other /";112158;2011;"C: Possible Injury";"Commercial";NA;NA;"Missing";NA;"Injury";"/Missing";NA;NA;"No";"Yes";"Daylight";"Mixed (30% To 70% Developed)";"9 or more lanes";2;"Straight - Level";"Local Street";"Dry";"Two-Way, Not Divided";"None";"No Special Feature";"Coarse Asphalt";"Coastal";"Urban";NA;"Stop And Go Signal";"Clear";"No";"34.2048, -77.9241"
"354";462;463;"No";"16-19";19;"No";"With Traffic";"C: Possible Injury";"Travel Lane";"Asian";"Female";"Duck";"Dare";"No";"01-01-02";2011-07-05;"Motorist Failed to Yield - Sign-Controlled Intersection";15;"Intersection";"01-07-01";1-01-01 15:32:58;"Motorist Drive Out - Sign-Controlled Intersection";111141;2011;"C: Possible Injury";"Residential";"60-69";68;"No";"0-5 mph";"O: No Injury";"White";"Male";"Passenger Car";"No";"No";"Daylight";"Urban (>70% Developed)";"4 lanes";2;"Straight - Level";"NC Route";"Dry";"Two-Way, Not Divided";"None";"No Special Feature";"Coarse Asphalt";"Coastal";"Rural";"5 - 15 MPH";"Stop Sign";"Clear";"No";"36.15782, -75.7496"
"355";463;464;"Yes";"50-59";56;"No";"Not Applicable";"C: Possible Injury";"Driveway / Alley";"Black";"Male";"Holly Springs";"Wake";"No";"01-01-05";2011-07-29;"Bicyclist Failed to Yield - Midblock";9;"Non-Intersection";"01-07-01";1-01-01 09:31:58;"Bicyclist Ride Out - Residential Driveway";353311;2011;"C: Possible Injury";"Residential";"30-39";37;"No";"31-35 mph";"O: No Injury";"Black";"Female";"Passenger Car";"No";"No";"Daylight";"Mixed (30% To 70% Developed)";"2 lanes";2;"Straight - Level";"Local Street";"Dry";"Two-Way, Not Divided";"None";"No Special Feature";"Coarse Asphalt";"Piedmont";"Urban";"30 - 35  MPH";"No Control Present";"Clear";"No";"35.64646, -78.8353"
"356";467;468;"No";"25-29";28;"No";"With Traffic";"C: Possible Injury";"Travel Lane";"White";"Male";"Asheville";"Buncombe";"No";"01-01-03";2011-06-22;"Motorist Left Turn / Merge";0;"Intersection";"01-06-01";1-01-01 00:24:58;"Motorist Left Turn - Opposite Direction";111212;2011;"C: Possible Injury";"Commercial";"30-39";37;"No";"11-15 mph";"O: No Injury";"White";"Female";"Passenger Car";"No";"No";"Dark - Lighted Roadway";"Urban (>70% Developed)";"5 lanes";2;"Straight - Level";"US Route";"Wet";"Two-Way, Not Divided";"None";"No Special Feature";"Smooth Asphalt";"Mountains";"Urban";"40 - 45  MPH";"No Control Present";"Rain";"No";"35.54184, -82.5324"
"357";471;472;"Yes";"30-39";37;"No";"With Traffic";"C: Possible Injury";"Travel Lane";"White";"Male";"Pinehurst";"Moore";"No";"01-01-06";2011-07-16;"Motorist Left Turn / Merge";9;"Intersection";"01-07-01";1-01-01 09:34:58;"Motorist Left Turn - Opposite Direction";111212;2011;"C: Possible Injury";"Commercial";"50-59";52;"No";"0-5 mph";"O: No Injury";"Black";"Male";"Passenger Car";"No";"No";"Daylight";"Mixed (30% To 70% Developed)";"2 lanes";2;"Straight - Level";"Local Street";"Dry";"Two-Way, Not Divided";"None";"Driveway, Public";"Smooth Asphalt";"Piedmont";"Urban";"20 - 25  MPH";"Stop Sign";"Clear";"No";"35.20061, -79.4684"
"358";472;473;"No";"30-39";37;"No";"With Traffic";"Injury";"Travel Lane";"/Missing";"Female";"Charlotte";"Mecklenburg";"No";"01-01-07";2011-07-17;"Motorist Failed to Yield - Sign-Controlled Intersection";1;"Intersection";"01-07-01";1-01-01 01:02:58;"Motorist Drive Out - Sign-Controlled Intersection";111141;2011;"Injury";"Commercial";NA;NA;"Missing";"6-10 mph";"Injury";"/Missing";NA;NA;"No";"Yes";"Dark -  Lighting";"Urban (>70% Developed)";"8 lanes";2;"Straight - Level";"Local Street";"Dry";"Two-Way, Not Divided";"None";"Four-Way Intersection";"Smooth Asphalt";"Piedmont";"Urban";"30 - 35  MPH";"Stop Sign";"Clear";"No";"35.21827, -80.8111"
"359";478;479;"Yes";"25-29";26;"No";"With Traffic";"B: Evident Injury";"Travel Lane";"White";"Male";"Elizabeth City";"Pasquotank";"No";NA;2011-07-18;"Motorist Failed to Yield - Sign-Controlled Intersection";15;"Intersection";"01-07-01";1-01-01 15:56:58;"Motorist Drive Out - Sign-Controlled Intersection";111141;2011;"B: Evident Injury";"Residential";"25-29";27;"No";"21-25 mph";"O: No Injury";"White";"Male";"Passenger Car";"No";"Yes";"Daylight";"Urban (>70% Developed)";"2 lanes";2;"Straight - Level";"Local Street";"Dry";"Two-Way, Not Divided";"None";"No Special Feature";"Smooth Asphalt";"Coastal";"Urban";"40 - 45  MPH";"Stop Sign";"Clear";"No";"36.26745, -76.1991"
"360";480;481;"Yes";"15-Nov";12;"No";"With Traffic";"B: Evident Injury";"Travel Lane";"Black";"Male";"Charlotte";"Mecklenburg";"No";"01-01-02";2011-07-19;"Bicyclist Left Turn / Merge";13;"Non-Intersection";"01-07-01";1-01-01 13:03:58;"Bicyclist Left Turn - Opposite Direction";311222;2011;"B: Evident Injury";"Commercial";"70+";NA;"No";"11-15 mph";"O: No Injury";"White";"Male";"Passenger Car";"No";"No";"Daylight";"Urban (>70% Developed)";"2 lanes";2;"Curve - Bottom";"Local Street";"Dry";"Two-Way, Divided, Unprotected Median";"None";"No Special Feature";"Smooth Asphalt";"Piedmont";"Urban";"30 - 35  MPH";"No Control Present";"Clear";"No";"35.20113, -80.7314"
"361";485;486;"Yes";NA;NA;"Missing";"With Traffic";"Injury";"Travel Lane";"/Missing";NA;"Wilmington";"New Hanover";"No";"01-01-03";2011-07-20;"Bicyclist Left Turn / Merge";12;"Non-Intersection";"01-07-01";1-01-01 12:47:58;"Bicyclist Left Turn - Same Direction";311221;2011;"O: No Injury";"Residential";"30-39";38;"No";"31-35 mph";"O: No Injury";"White";"Female";"Passenger Car";"No";"No";"Daylight";"Urban (>70% Developed)";"5 lanes";2;"Straight - Level";"Local Street";"Dry";"Two-Way, Divided, Positive Median Barrier";"None";"No Special Feature";"Smooth Asphalt";"Coastal";"Urban";"40 - 45  MPH";"No Control Present";"Clear";"No";"34.19299, -77.9198"
"362";486;487;"Yes";"40-49";42;"Yes";"With Traffic";"B: Evident Injury";"Travel Lane";"Hispanic";"Male";"Tabor City";"Columbus";"Yes";"01-01-06";2011-07-23;"Motorist Overtaking Bicyclist";0;"Non-Intersection";"01-07-01";1-01-01 00:23:58;"Motorist Overtaking - Other /";311239;2011;"B: Evident Injury";"Commercial";"40-49";44;"No";"41-45 mph";"O: No Injury";"White";"Male";"Pickup";"No";"No";"Dark - Roadway Not Lighted";"Mixed (30% To 70% Developed)";"2 lanes";2;"Straight - Level";"US Route";"Dry";"Two-Way, Divided, Unprotected Median";"None";"No Special Feature";"Coarse Asphalt";"Coastal";"Rural";"50 - 55  MPH";"No Control Present";"Clear";"No";"34.13981, -78.8693"
"363";487;488;"Yes";"40-49";46;"No";"With Traffic";"C: Possible Injury";"Travel Lane";"Black";"Female";"Charlotte";"Mecklenburg";"No";"01-01-06";2011-07-23;"Motorist Overtaking Bicyclist";3;"Intersection";"01-07-01";1-01-01 03:51:58;"Motorist Overtaking - Misjudged Space";111232;2011;"C: Possible Injury";"Residential";NA;NA;"Missing";"41-45 mph";"Injury";"/Missing";NA;NA;"No";"Yes";"Dark - Lighted Roadway";"Mixed (30% To 70% Developed)";"2 lanes";2;"Straight - Level";"Local Street";"Dry";"Two-Way, Not Divided";"None";"T-Intersection";"Smooth Asphalt";"Piedmont";"Urban";"40 - 45  MPH";"No Control Present";"Clear";"No";"35.29455, -80.839"
"364";490;491;"Yes";"60-69";61;"No";"Not Applicable";"C: Possible Injury";"Non-Roadway";"Black";"Male";"High Point";"Guilford";"No";"01-01-06";2011-07-23;"Bicyclist Failed to Yield - Midblock";16;"Non-Intersection";"01-07-01";1-01-01 16:32:58;"Bicyclist Ride Out - Commercial Driveway / Alley";363312;2011;"C: Possible Injury";"Commercial";"30-39";37;"No";"6-10 mph";"O: No Injury";"White";"Female";"Sport Utility";"No";"No";"Daylight";"Urban (>70% Developed)";"4 lanes";2;"Straight - Level";"Local Street";"Dry";"Two-Way, Not Divided";"None";"No Special Feature";"Coarse Asphalt";"Piedmont";"Urban";"30 - 35  MPH";"No Control Present";"Cloudy";"No";"35.98016, -79.98"
"365";491;492;"Yes";"50-59";55;"Yes";"With Traffic";"C: Possible Injury";"Sidewalk / Crosswalk / Driveway Crossing";"Black";"Male";"Edenton";"Chowan";"Yes";"01-01-06";2011-07-23;"Bicyclist Failed to Yield - Sign-Controlled Intersection";2;"Intersection";"01-07-01";1-01-01 02:50:58;"Bicyclist Ride Through - Sign-Controlled Intersection";131144;2011;"C: Possible Injury";"Residential";"50-59";54;"No";"31-35 mph";"O: No Injury";"White";"Female";"Sport Utility";"No";"No";"Daylight";"Urban (>70% Developed)";"2 lanes";2;"Straight - Level";"Local Street";"Dry";"Two-Way, Divided, Unprotected Median";"None";"Four-Way Intersection";"Coarse Asphalt";"Coastal";"Urban";"30 - 35  MPH";"Flashing Signal With Stop Sign";"Clear";"No";"36.06349, -76.6104"
"366";493;494;"Yes";"30-39";33;"No";"With Traffic";"B: Evident Injury";"Travel Lane";"White";"Male";"Raleigh";"Wake";"No";NA;2011-08-01;"Parallel Paths - Other Circumstances";20;"Non-Intersection";"01-08-01";1-01-01 20:49:58;"Parallel Paths - Other /";311280;2011;"B: Evident Injury";"Residential";NA;NA;"Missing";"41-45 mph";"Injury";"/Missing";NA;NA;"No";"Yes";"Daylight";"Urban (>70% Developed)";"2 lanes";2;"Straight - Grade";"Local Street";"Dry";"Two-Way, Not Divided";"None";"No Special Feature";"Smooth Asphalt";"Piedmont";"Urban";"40 - 45  MPH";"No Control Present";"Clear";"No";"35.89015, -78.6976"
"367";496;497;"Yes";"10-Jun";8;"No";"Not Applicable";"A: Disabling Injury";"Driveway / Alley";"White";"Male";"None - Rural Crash";"Granville";"No";"01-01-05";2011-08-05;"Bicyclist Failed to Yield - Midblock";19;"Non-Intersection";"01-08-01";1-01-01 19:17:58;"Bicyclist Ride Out - Residential Driveway";353311;2011;"A: Disabling Injury";"Farms, Woods, Pastures";"25-29";27;"No";"41-45 mph";"O: No Injury";"White";"Female";"Passenger Car";"No";"No";"Daylight";"Rural (<30% Developed)";"2 lanes";2;"Curve - Grade";"State Secondary Route";"Dry";"Two-Way, Not Divided";"None";"Driveway, Private";"Smooth Asphalt";"Piedmont";"Rural";"50 - 55  MPH";"No Control Present";"Clear";"No";"36.30043, -78.7939"
"368";497;498;"Yes";"15-Nov";14;"No";"With Traffic";"C: Possible Injury";"Other";"White";"Male";"Albemarle";"Stanly";"No";"01-01-05";2011-07-29;"Motorist Failed to Yield - Sign-Controlled Intersection";9;"Intersection";"01-07-01";1-01-01 08:59:58;"Motorist Drive Out - Sign-Controlled Intersection";181141;2011;"C: Possible Injury";"Commercial";"50-59";53;"No";"0-5 mph";"O: No Injury";"White";"Female";"Passenger Car";"No";"No";"Daylight";"Urban (>70% Developed)";"2 lanes";2;"Straight - Level";"Local Street";"Dry";"Two-Way, Not Divided";"None";"T-Intersection";"Smooth Asphalt";"Piedmont";"Urban";"20 - 25  MPH";"Stop Sign";"Clear";"No";"35.38746, -80.1945"
"369";505;506;"Yes";"40-49";40;"No";"With Traffic";"C: Possible Injury";"Travel Lane";"White";"Male";"None - Rural Crash";"Moore";"No";"01-01-03";2011-08-10;"Motorist Overtaking Bicyclist";7;"Non-Intersection";"01-08-01";1-01-01 07:25:58;"Motorist Overtaking - Misjudged Space";311232;2011;"C: Possible Injury";"Farms, Woods, Pastures";"60-69";64;"No";"31-35 mph";"O: No Injury";"White";"Male";"Passenger Car";"No";"No";"Daylight";"Rural (<30% Developed)";"2 lanes";2;"Straight - Level";"State Secondary Route";"Dry";"Two-Way, Not Divided";"None";"No Special Feature";"Smooth Asphalt";"Piedmont";"Rural";"50 - 55  MPH";"Double Yellow Line, No Passing Zone";"Clear";"No";"35.2434, -79.3519"
"370";508;509;"Yes";"30-39";39;"No";"Facing Traffic";"C: Possible Injury";"Travel Lane";"Asian";"Female";"Chapel Hill";"Orange";"No";"01-01-04";2011-08-04;"Motorist Failed to Yield - Sign-Controlled Intersection";16;"Intersection";"01-08-01";1-01-01 16:32:58;"Motorist Drive Out - Sign-Controlled Intersection";112141;2011;"C: Possible Injury";"Commercial";"50-59";54;"No";"0-5 mph";"O: No Injury";"White";"Male";"Passenger Car";"No";"No";"Daylight";"Mixed (30% To 70% Developed)";"4 lanes";2;"Curve - Level";"Local Street";"Dry";"Two-Way, Divided, Positive Median Barrier";"None";"T-Intersection";"Smooth Asphalt";"Piedmont";"Urban";"20 - 25  MPH";"No Control Present";"Clear";"No";"35.90737, -79.0209"