"FID";"OBJECTID";"AmbulanceR";"BikeAge_Gr";"Bike_Age";"Bike_Alc_D";"Bike_Dir";"Bike_Injur";"Bike_Pos";"Bike_Race";"Bike_Sex";"City";"County";"CrashAlcoh";"CrashDay";"Crash_Date";"Crash_Grp";"Crash_Hour";"Crash_Loc";"Crash_Mont";"Crash_Time";"Crash_Type";"Crash_Ty_1";"Crash_Year";"Crsh_Sevri";"Developmen";"DrvrAge_Gr";"Drvr_Age";"Drvr_Alc_D";"Drvr_EstSp";"Drvr_Injur";"Drvr_Race";"Drvr_Sex";"Drvr_VehTy";"ExcsSpdInd";"Hit_Run";"Light_Cond";"Locality";"Num_Lanes";"Num_Units";"Rd_Charact";"Rd_Class";"Rd_Conditi";"Rd_Config";"Rd_Defects";"Rd_Feature";"Rd_Surface";"Region";"Rural_Urba";"Speed_Limi";"Traff_Cntr";"Weather";"Workzone_I";"Location"
"371";517;518;"Yes";"25-29";26;"No";"With Traffic";"B: Evident Injury";"Travel Lane";"White";"Male";"Durham";"Durham";"No";"01-01-04";2011-08-11;"Bicyclist Failed to Yield - Sign-Controlled Intersection";17;"Intersection";"01-08-01";1-01-01 17:29:58;"Bicyclist Ride Out - Sign-Controlled Intersection";111142;2011;"B: Evident Injury";"Commercial";"25-29";25;"No";"31-35 mph";"Injury";"White";"Female";"Sport Utility";"No";"No";"Daylight";"Urban (>70% Developed)";"2 lanes";2;"Straight - Grade";"Local Street";"Dry";"Two-Way, Divided, Unprotected Median";"None";"T-Intersection";"Smooth Asphalt";"Piedmont";"Urban";"30 - 35  MPH";"Stop Sign";"Clear";"No";"35.97396, -78.9319"
"372";519;520;"No";"20-24";21;"No";"With Traffic";"O: No Injury";"Travel Lane";"White";"Male";"Raleigh";"Wake";"No";"01-01-06";2011-08-13;"Bicyclist Overtaking Motorist";23;"Intersection-Related";"01-08-01";1-01-01 23:55:58;"Bicyclist Overtaking - Passing on Right";211241;2011;"O: No Injury";"Commercial";"40-49";48;"No";"0-5 mph";"O: No Injury";"Black";"Male";"Passenger Car";"No";"No";"Dark - Lighted Roadway";"Urban (>70% Developed)";"2 lanes";2;"Straight - Level";"Local Street";"Dry";"Two-Way, Not Divided";"None";"No Special Feature";"Smooth Asphalt";"Piedmont";"Urban";"30 - 35  MPH";"Stop And Go Signal";"Clear";"No";"35.77559, -78.6393"
"373";527;528;"Yes";"20-24";20;"No";"Facing Traffic";"C: Possible Injury";"Bike Lane / Paved Shoulder";"Black";"Male";"Charlotte";"Mecklenburg";"No";NA;2011-08-08;"Motorist Failed to Yield - Midblock";15;"Non-Intersection";"01-08-01";1-01-01 14:59:58;"Motorist Drive Out - Commercial Driveway / Alley";322322;2011;"C: Possible Injury";"Commercial";"50-59";57;"No";"0-5 mph";"O: No Injury";"White";"Female";"Sport Utility";"No";"No";"Daylight";"Urban (>70% Developed)";NA;2;"Straight - Level";"Public Vehicular Area";"Dry";"Two-Way, Not Divided";"None";"Driveway, Public";"Concrete";"Piedmont";"Urban";"30 - 35  MPH";"No Control Present";"Clear";"No";"35.22374, -80.839"
"374";531;532;"Yes";"30-39";34;"No";"With Traffic";"C: Possible Injury";"Travel Lane";"White";"Male";"Charlotte";"Mecklenburg";"No";"01-01-03";2011-08-10;"Motorist Left Turn / Merge";18;"Non-Intersection";"01-08-01";1-01-01 18:36:58;"Motorist Left Turn - Opposite Direction";311212;2011;"C: Possible Injury";"Commercial";"50-59";53;"No";"6-10 mph";"O: No Injury";"White";"Male";"Light Truck (Mini-Van, Panel)";"No";"No";"Daylight";"Urban (>70% Developed)";"3 lanes";2;"Straight - Level";"Local Street";"Dry";"Two-Way, Divided, Unprotected Median";"None";"No Special Feature";"Smooth Asphalt";"Piedmont";"Urban";"30 - 35  MPH";"No Control Present";"Clear";"No";"35.20068, -80.8429"
"375";532;533;"No";"40-49";41;"No";"With Traffic";"C: Possible Injury";"Sidewalk / Crosswalk / Driveway Crossing";"Black";"Male";"Charlotte";"Mecklenburg";"No";"01-01-04";2011-08-11;"Motorist Right Turn / Merge";8;"Non-Intersection";"01-08-01";1-01-01 08:18:58;"Motorist Right Turn - Same Direction";331213;2011;"C: Possible Injury";"Commercial";"60-69";66;"No";"26-30 mph";"O: No Injury";"White";"Male";"Passenger Car";"No";"No";"Daylight";"Urban (>70% Developed)";"4 lanes";2;"Straight - Grade";"Local Street";"Dry";"Two-Way, Divided, Positive Median Barrier";"None";"Driveway, Public";"Coarse Asphalt";"Piedmont";"Urban";"40 - 45  MPH";"No Control Present";"Cloudy";"No";"35.14777, -80.9256"
"376";545;546;"Yes";"15-Nov";14;"No";"With Traffic";"A: Disabling Injury";"Travel Lane";"White";"Male";"None - Rural Crash";"Johnston";"No";NA;2011-08-22;"Bicyclist Left Turn / Merge";9;"Intersection";"01-08-01";1-01-01 09:09:58;"Bicyclist Left Turn - Same Direction";111221;2011;"A: Disabling Injury";"Residential";"0-19";15;"No";"41-45 mph";"O: No Injury";"White";"Male";"Pickup";"No";"No";"Daylight";"Mixed (30% To 70% Developed)";"2 lanes";2;"Straight - Level";"State Secondary Route";"Dry";"Two-Way, Not Divided";"None";"No Special Feature";"Coarse Asphalt";"Coastal";"Rural";"40 - 45  MPH";"Double Yellow Line, No Passing Zone";"Clear";"No";"35.67907, -78.4292"
"377";546;547;"No";"15-Nov";13;"No";"With Traffic";"O: No Injury";"Travel Lane";"White";"Male";"Cary";"Wake";"No";"01-01-02";2011-08-02;"Motorist Failed to Yield - Sign-Controlled Intersection";17;"Intersection";"01-08-01";1-01-01 16:59:58;"Motorist Drive Out - Sign-Controlled Intersection";111141;2011;"O: No Injury";"Residential";NA;NA;"Missing";NA;"Injury";"/Missing";NA;NA;"No";"Yes";"Daylight";"Urban (>70% Developed)";NA;2;"Straight - Grade";"Public Vehicular Area";"Dry";"Two-Way, Not Divided";"None";"T-Intersection";"Smooth Asphalt";"Piedmont";"Urban";NA;"Stop Sign";"Clear";"No";"35.85686, -78.8979"
"378";548;549;"Yes";"15-Nov";14;"No";"Facing Traffic";"B: Evident Injury";"Travel Lane";"Hispanic";"Male";"Durham";"Durham";"No";NA;2011-08-22;"Motorist Failed to Yield - Sign-Controlled Intersection";14;"Intersection";"01-08-01";1-01-01 14:30:58;"Motorist Drive Out - Sign-Controlled Intersection";112141;2011;"B: Evident Injury";"Residential";"0-19";18;"No";"11-15 mph";"O: No Injury";"Black";"Female";"Passenger Car";"No";"No";"Daylight";"Urban (>70% Developed)";"2 lanes";2;"Straight - Hillcrest";"Public Vehicular Area";"Dry";"Two-Way, Not Divided";"None";"No Special Feature";"Smooth Asphalt";"Piedmont";"Urban";"5 - 15 MPH";"Stop Sign";"Clear";"No";"35.91848, -78.9253"
"379";552;553;"No";"20-24";24;"No";"With Traffic";"O: No Injury";"Sidewalk / Crosswalk / Driveway Crossing";"Hispanic";"Male";"Charlotte";"Mecklenburg";"No";"01-01-05";2011-08-19;"Other /  - Insufficient Details";12;"Intersection";"01-08-01";1-01-01 12:49:58;"Approach Paths";131970;2011;"O: No Injury";"Commercial";NA;NA;"Missing";"0-5 mph";"Injury";"/Missing";NA;NA;"No";"Yes";"Daylight";"Urban (>70% Developed)";NA;2;"Straight - Level";"Public Vehicular Area";"Dry";"Two-Way, Divided, Positive Median Barrier";"None";"Driveway, Public";"Coarse Asphalt";"Piedmont";"Urban";"30 - 35  MPH";"Stop Sign";"Clear";"No";"35.25323, -80.7802"
"380";555;556;"Yes";"50-59";53;"No";"With Traffic";"K: Killed";"Travel Lane";"Native American";"Male";"None - Rural Crash";"Robeson";"No";"01-01-05";2011-08-26;"Motorist Overtaking Bicyclist";21;"Non-Intersection";"01-08-01";1-01-01 21:04:58;"Motorist Overtaking - Other /";311239;2011;"K: Killed";"Farms, Woods, Pastures";NA;NA;"No";"51-55 mph";"Injury";"/Missing";NA;NA;"No";"Yes";"Dark - Roadway Not Lighted";"Rural (<30% Developed)";"2 lanes";2;"Straight - Level";"State Secondary Route";"Dry";"Two-Way, Not Divided";"None";"No Special Feature";"Coarse Asphalt";"Coastal";"Rural";"50 - 55  MPH";"No Control Present";"Cloudy";"No";"34.78262, -79.3189"
"381";559;560;"No";NA;NA;"Missing";"With Traffic";"Injury";"Travel Lane";"/Missing";NA;"Greensboro";"Guilford";"No";"01-01-02";2011-08-16;"Motorist Right Turn / Merge";21;"Intersection";"01-08-01";1-01-01 21:04:58;"Motorist Right Turn - Same Direction";111213;2011;"Injury";"Commercial";NA;NA;"No";"6-10 mph";"Injury";"/Missing";NA;"Truck/Trailer";"No";"Yes";"Dark - Lighted Roadway";"Urban (>70% Developed)";"3 lanes";2;"Straight - Level";"Local Street";"Dry";"Two-Way, Not Divided";"None";"No Special Feature";"Smooth Asphalt";"Piedmont";"Urban";"30 - 35  MPH";"Stop And Go Signal";"Clear";"No";"36.05221, -79.8226"
"382";568;569;"No";"10-Jun";8;"No";"With Traffic";"O: No Injury";"Travel Lane";"Black";"Female";"Burlington";"Alamance";"No";NA;2011-08-22;"Bicyclist Failed to Yield - Sign-Controlled Intersection";13;"Intersection";"01-08-01";1-01-01 13:32:58;"Bicyclist Ride Through - Sign-Controlled Intersection";111144;2011;"O: No Injury";"Residential";"50-59";54;"No";"31-35 mph";"O: No Injury";"White";"Female";"Passenger Car";"No";"No";"Daylight";"Urban (>70% Developed)";"2 lanes";2;"Straight - Grade";"Local Street";"Dry";"Two-Way, Not Divided";"None";"T-Intersection";"Smooth Asphalt";"Piedmont";"Urban";"30 - 35  MPH";"Stop Sign";"Clear";"No";"36.08841, -79.4417"
"383";569;570;"Yes";"30-39";36;"No";"With Traffic";"B: Evident Injury";"Travel Lane";"White";"Male";"Asheville";"Buncombe";"No";"01-01-05";2011-08-19;"Motorist Left Turn / Merge";11;"Non-Intersection";"01-08-01";1-01-01 11:25:58;"Motorist Left Turn - Opposite Direction";311212;2011;"B: Evident Injury";"Commercial";"50-59";58;"No";"0-5 mph";"O: No Injury";"White";"Male";"Pickup";"No";"No";"Daylight";"Urban (>70% Developed)";"5 lanes";2;"Curve - Grade";"US Route";"Dry";"Two-Way, Divided, Unprotected Median";"None";"T-Intersection";"Smooth Asphalt";"Mountains";"Urban";"30 - 35  MPH";"No Control Present";"Clear";"No";"35.56645, -82.5444"
"384";570;571;"Yes";"50-59";58;"No";"With Traffic";"B: Evident Injury";"Travel Lane";"White";"Male";"None - Rural Crash";"Cleveland";"No";"01-01-02";2011-08-30;"Motorist Failed to Yield - Sign-Controlled Intersection";8;"Intersection";"01-08-01";1-01-01 08:42:58;"Motorist Drive Out - Sign-Controlled Intersection";111141;2011;"B: Evident Injury";"Residential";"40-49";46;"No";"0-5 mph";"O: No Injury";"White";"Male";"Pickup";"No";"No";"Daylight";"Rural (<30% Developed)";"2 lanes";2;"Straight - Level";"State Secondary Route";"Dry";"Two-Way, Not Divided";"None";"Four-Way Intersection";"Smooth Asphalt";"Mountains";"Rural";"40 - 45  MPH";"Stop Sign";"Clear";"No";"35.31992, -81.4957"
"385";571;572;"Yes";"16-19";16;"No";"Not Applicable";"B: Evident Injury";"Non-Roadway";"White";"Male";"Elon College";"Alamance";"No";NA;2011-08-22;"Non-Roadway";13;"Non-Roadway";"01-08-01";1-01-01 13:53:58;"Non-Roadway";460910;2011;"B: Evident Injury";"Residential";"30-39";35;"No";NA;"O: No Injury";"White";"Male";"Van";"No";"No";"Daylight";"Urban (>70% Developed)";"2 lanes";2;"Straight - Grade";"Public Vehicular Area";"Dry";"Two-Way, Not Divided";"None";"Driveway, Public";"Smooth Asphalt";"Piedmont";"Urban";NA;"No Control Present";"Clear";"No";"36.11064, -79.5201"
"386";593;594;"Yes";"40-49";49;"No";"With Traffic";"B: Evident Injury";"Travel Lane";"White";"Male";"None - Rural Crash";"Johnston";"No";"01-01-07";2011-09-04;"Motorist Overtaking Bicyclist";15;"Non-Intersection";"01-09-01";1-01-01 15:42:58;"Motorist Overtaking - Other /";311239;2011;"B: Evident Injury";"Farms, Woods, Pastures";NA;NA;"No";"51-55 mph";"Injury";"/Missing";NA;"Pickup";"No";"Yes";"Daylight";"Rural (<30% Developed)";"2 lanes";2;"Straight - Level";"State Secondary Route";"Dry";"Two-Way, Not Divided";"None";"No Special Feature";"Coarse Asphalt";"Coastal";"Rural";"50 - 55  MPH";"No Control Present";"Clear";"No";"35.48488, -78.6057"
"387";595;596;"Yes";"25-29";27;"No";"With Traffic";"B: Evident Injury";"Travel Lane";"White";"Male";"Raleigh";"Wake";"No";"01-01-05";2011-09-02;"Bicyclist Overtaking Motorist";13;"Non-Intersection";"01-09-01";1-01-01 13:22:58;"Bicyclist Overtaking - Passing on Right";311241;2011;"B: Evident Injury";"Commercial";"20-24";21;"No";"0-5 mph";"O: No Injury";"White";"Male";"Passenger Car";"No";"No";"Daylight";"Urban (>70% Developed)";"2 lanes";2;"Straight - Level";"Local Street";"Dry";"Two-Way, Not Divided";"None";"No Special Feature";"Smooth Asphalt";"Piedmont";"Urban";"30 - 35  MPH";"No Control Present";"Clear";"No";"35.78888, -78.6732"
"388";598;599;"No";"25-29";26;"No";"With Traffic";"O: No Injury";"Travel Lane";"White";"Male";"Fayetteville";"Cumberland";"No";"01-01-04";2011-09-08;"Motorist Left Turn / Merge";7;"Intersection";"01-09-01";1-01-01 06:59:58;"Motorist Left Turn - Opposite Direction";111212;2011;"O: No Injury";"Commercial";"50-59";56;"No";"0-5 mph";"O: No Injury";"Black";"Male";"Passenger Car";"No";"No";"Daylight";"Urban (>70% Developed)";"5 lanes";3;"Straight - Level";"Local Street";"Dry";"Two-Way, Not Divided";"None";"T-Intersection";"Coarse Asphalt";"Coastal";"Urban";"30 - 35  MPH";"Stop And Go Signal";"Cloudy";"No";"35.04869, -78.8901"
"389";613;614;"Yes";"15-Nov";12;"No";NA;"C: Possible Injury";"Travel Lane";"Black";"Male";"Henderson";"Vance";"No";NA;2011-09-05;"Other /  - Insufficient Details";17;"Intersection";"01-09-01";1-01-01 17:21:58;"Approach Paths";119970;2011;"C: Possible Injury";"Residential";"50-59";58;"No";"16-20 mph";"O: No Injury";"Black";"Male";"Van";"No";"No";"Daylight";"Urban (>70% Developed)";"2 lanes";2;"Straight - Level";"Local Street";"Dry";"Two-Way, Not Divided";"None";"No Special Feature";"Coarse Asphalt";"Piedmont";"Urban";"30 - 35  MPH";"Stop Sign";"Clear";"No";"36.32742, -78.3849"
"390";614;615;"Yes";"15-Nov";15;"No";"Facing Traffic";"C: Possible Injury";"Sidewalk / Crosswalk / Driveway Crossing";"Native American";"Male";"Fuquay-Varina";"Wake";"No";"01-01-07";2011-08-07;"Motorist Failed to Yield - Midblock";14;"Non-Intersection";"01-08-01";1-01-01 14:27:58;"Motorist Drive Out - Commercial Driveway / Alley";332322;2011;"C: Possible Injury";"Commercial";"25-29";28;"No";"0-5 mph";"O: No Injury";"Native American";"Male";"Sport Utility";"No";"No";"Daylight";"Urban (>70% Developed)";NA;2;"Straight - Bottom";"Public Vehicular Area";"Dry";"Two-Way, Not Divided";"None";"Driveway, Public";"Smooth Asphalt";"Piedmont";"Urban";"5 - 15 MPH";"Stop Sign";"Clear";"No";"35.56824, -78.8012"
"391";617;618;"Yes";"16-19";18;"No";"With Traffic";"C: Possible Injury";"Sidewalk / Crosswalk / Driveway Crossing";"Black";"Male";"Gastonia";"Gaston";"No";"01-01-05";2011-09-02;"Motorist Right Turn / Merge";11;"Intersection";"01-09-01";1-01-01 11:37:58;"Motorist Right Turn - Same Direction";131213;2011;"C: Possible Injury";"Commercial";"70+";NA;"No";NA;"O: No Injury";"White";"Male";"Pickup";"No";"No";"Daylight";"Urban (>70% Developed)";"5 lanes";2;"Straight - Grade";"Local Street";"Dry";"Two-Way, Not Divided";"None";"Four-Way Intersection";"Smooth Asphalt";"Piedmont";"Urban";"30 - 35  MPH";"Stop And Go Signal";"Clear";"No";"35.2655, -81.1776"
"392";627;628;"Yes";"20-24";22;"No";"With Traffic";"A: Disabling Injury";"Other";"Black";"Male";"None - Rural Crash";"Hoke";"No";"01-01-04";2011-09-15;"Bicyclist Failed to Yield - Sign-Controlled Intersection";22;"Intersection-Related";"01-09-01";1-01-01 22:04:58;"Bicyclist Ride Out - Sign-Controlled Intersection";281142;2011;"A: Disabling Injury";"Residential";"20-24";22;"No";"41-45 mph";"O: No Injury";"White";"Female";"Passenger Car";"No";"No";"Dark - Roadway Not Lighted";"Mixed (30% To 70% Developed)";"2 lanes";2;"Straight - Level";"US Route";"Wet";"Two-Way, Not Divided";"None";"No Special Feature";"Smooth Asphalt";"Coastal";"Rural";"40 - 45  MPH";"Double Yellow Line, No Passing Zone";"Cloudy";"No";"34.99253, -79.1859"
"393";639;640;"No";"30-39";32;"No";"With Traffic";"Injury";"Travel Lane";"White";"Male";"Southern Pines";"Moore";"No";"01-01-06";2011-09-10;"Motorist Failed to Yield - Sign-Controlled Intersection";21;"Intersection";"01-09-01";1-01-01 21:05:58;"Motorist Drive Out - Sign-Controlled Intersection";111141;2011;"O: No Injury";"Commercial";"30-39";32;"No";"0-5 mph";"O: No Injury";"Black";"Female";"Passenger Car";"No";"No";"Dark - Roadway Not Lighted";"Urban (>70% Developed)";"2 lanes";2;"Straight - Hillcrest";"State Secondary Route";"Dry";"Two-Way, Not Divided";"None";"Four-Way Intersection";"Coarse Asphalt";"Piedmont";"Urban";"30 - 35  MPH";"Stop Sign";"Clear";"No";"35.16977, -79.4052"
"394";643;644;"No";"15-Nov";11;"No";"Not Applicable";"C: Possible Injury";"Non-Roadway";"White";"Male";"Charlotte";"Mecklenburg";"No";"01-01-04";2011-09-15;"Non-Roadway";17;"Non-Roadway";"01-09-01";1-01-01 17:39:58;"Non-Roadway";460910;2011;"C: Possible Injury";"Commercial";"30-39";34;"No";"6-10 mph";"O: No Injury";"White";"Female";"Passenger Car";"No";"No";"Daylight";"Urban (>70% Developed)";"2 lanes";2;"Straight - Level";"Public Vehicular Area";"Dry";"Two-Way, Not Divided";"None";"No Special Feature";"Coarse Asphalt";"Piedmont";"Urban";"30 - 35  MPH";"No Control Present";"Clear";"No";"35.1166, -80.8582"
"395";645;646;"Yes";"40-49";41;"Yes";"Facing Traffic";"C: Possible Injury";"Sidewalk / Crosswalk / Driveway Crossing";"Black";"Male";"Kinston";"Lenoir";"Yes";"01-01-05";2011-06-03;"Motorist Failed to Yield - Sign-Controlled Intersection";17;"Intersection";"01-06-01";1-01-01 17:04:58;"Motorist Drive Out - Sign-Controlled Intersection";132141;2011;"C: Possible Injury";"Residential";"40-49";42;"No";"0-5 mph";"O: No Injury";"White";"Male";"Passenger Car";"No";"No";"Daylight";"Urban (>70% Developed)";"2 lanes";2;"Straight - Grade";"Local Street";"Dry";"Two-Way, Not Divided";"None";"T-Intersection";"Smooth Asphalt";"Coastal";"Urban";"30 - 35  MPH";"Stop Sign";"Clear";"No";"35.27119, -77.5807"
"396";650;651;"No";"30-39";31;"No";"Facing Traffic";"O: No Injury";"Travel Lane";"Black";"Male";"Elizabeth City";"Pasquotank";"No";NA;2011-09-19;"Bicyclist Failed to Yield - Sign-Controlled Intersection";15;"Intersection";"01-09-01";1-01-01 15:35:58;"Bicyclist Ride Out - Sign-Controlled Intersection";112142;2011;"O: No Injury";"Residential";"50-59";50;"No";"0-5 mph";"O: No Injury";"Black";"Female";"Passenger Car";"No";"No";"Daylight";"Urban (>70% Developed)";"2 lanes";2;"Straight - Level";"Local Street";"Dry";"Two-Way, Not Divided";"None";"No Special Feature";"Coarse Asphalt";"Coastal";"Urban";"20 - 25  MPH";"Stop Sign";"Clear";"No";"36.30646, -76.2189"
"397";653;654;"Yes";"30-39";34;"No";"Facing Traffic";"C: Possible Injury";"Travel Lane";"Black";"Male";"None - Rural Crash";"Washington";"No";NA;2011-08-08;"Head-On";17;"Intersection";"01-08-01";1-01-01 17:19:58;"Head-On - Bicyclist";112250;2011;"C: Possible Injury";"Farms, Woods, Pastures";"50-59";55;"No";"31-35 mph";"O: No Injury";"White";"Male";"Pickup";"No";"No";"Daylight";"Rural (<30% Developed)";"2 lanes";2;"Straight - Level";"State Secondary Route";"Dry";"Two-Way, Not Divided";"None";"No Special Feature";"Smooth Asphalt";"Coastal";"Rural";"50 - 55  MPH";"No Control Present";"Clear";"No";"35.88441, -76.7084"
"398";659;660;"Yes";"40-49";45;"No";"Facing Traffic";"B: Evident Injury";"Travel Lane";"Black";"Male";"Dunn";"Harnett";"No";"01-01-06";2011-09-03;"Motorist Failed to Yield - Sign-Controlled Intersection";11;"Intersection";"01-09-01";1-01-01 11:56:58;"Motorist Drive Out - Sign-Controlled Intersection";112141;2011;"B: Evident Injury";"Residential";"40-49";46;"No";"6-10 mph";"O: No Injury";"Black";"Female";"Passenger Car";"No";"No";"Daylight";"Urban (>70% Developed)";"2 lanes";2;"Straight - Level";"Local Street";"Dry";"Two-Way, Not Divided";"None";"No Special Feature";"Coarse Asphalt";"Coastal";"Urban";"30 - 35  MPH";"Stop Sign";"Clear";"No";"35.30378, -78.6068"
"399";660;661;"Yes";"15-Nov";13;"No";"With Traffic";"B: Evident Injury";"Travel Lane";"Black";"Male";"None - Rural Crash";"Vance";"No";"01-01-03";2011-09-28;"Motorist Overtaking Bicyclist";7;"Non-Intersection";"01-09-01";1-01-01 07:21:58;"Motorist Overtaking - Bicyclist Swerved";311235;2011;"B: Evident Injury";"Farms, Woods, Pastures";"0-19";17;"No";"41-45 mph";"O: No Injury";"White";"Male";"Sport Utility";"No";"No";"Daylight";"Rural (<30% Developed)";"2 lanes";2;"Straight - Level";"NC Route";"Wet";"Two-Way, Not Divided";"None";"No Special Feature";"Smooth Asphalt";"Piedmont";"Rural";"40 - 45  MPH";"Double Yellow Line, No Passing Zone";"Cloudy";"No";"36.30567, -78.3798"
"400";668;669;"Yes";"40-49";40;"Yes";"Facing Traffic";"C: Possible Injury";"Sidewalk / Crosswalk / Driveway Crossing";"Black";"Male";"Warsaw";"Duplin";"Yes";"01-01-04";2011-09-22;"Motorist Failed to Yield - Midblock";20;"Non-Intersection";"01-09-01";1-01-01 20:16:58;"Motorist Drive Out - Commercial Driveway / Alley";332322;2011;"C: Possible Injury";"Residential";"20-24";23;"No";"0-5 mph";"O: No Injury";"White";"Male";"Passenger Car";"No";"No";"Dark - Roadway Not Lighted";"Urban (>70% Developed)";"2 lanes";2;"Straight - Level";"US Route";"Dry";"Two-Way, Not Divided";"None";"Driveway, Public";"Coarse Asphalt";"Coastal";"Rural";"30 - 35  MPH";"No Control Present";"Clear";"No";"34.99759, -78.0909"
"401";1008;1009;"Yes";"20-24";22;"No";"With Traffic";"C: Possible Injury";"Travel Lane";"Black";"Male";"Benson";"Johnston";"No";"01-01-02";2008-10-28;"Loss of Control / Turning Error";21;"Intersection";"01-10-01";1-01-01 21:40:58;"Bicyclist Turning Error - Right Turn";111115;2008;"C: Possible Injury";"Commercial";"30-39";39;"No";"0-5 mph";"O: No Injury";"White";"Female";"Sport Utility";"No";"No";"Dark - Lighted Roadway";"Urban (>70% Developed)";"3 lanes";2;"Straight - Level";"Local Street";"Dry";"Two-Way, Not Divided";"None";"T-Intersection";"Smooth Asphalt";"Coastal";"Rural";"30 - 35  MPH";"Stop Sign";"Clear";"No";"0.0, 0.0"
"402";1015;1016;"Yes";"30-39";31;"No";"With Traffic";"B: Evident Injury";"Travel Lane";"White";"Male";"Durham";"Durham";"No";"01-01-03";2008-11-05;"Parking / Bus-Related";17;"Non-Intersection";"01-11-01";1-01-01 17:57:58;"Motorist Drive In / Out - Parking";311215;2008;"B: Evident Injury";"Residential";"40-49";46;"No";"0-5 mph";"O: No Injury";"White";"Male";"Passenger Car";"No";"No";"Dark - Roadway Not Lighted";"Urban (>70% Developed)";"2 lanes";2;"Straight - Level";"Local Street";"Dry";"Two-Way, Not Divided";"None";"No Special Feature";"Smooth Asphalt";"Piedmont";"Urban";"30 - 35  MPH";"No Control Present";"Clear";"No";"0.0, 0.0"
"403";1017;1018;"No";"50-59";55;"No";"Facing Traffic";"O: No Injury";"Sidewalk / Crosswalk / Driveway Crossing";"Black";"Male";"Rocky Mount";"Nash";"No";"01-01-05";2008-10-10;"Motorist Failed to Yield - Midblock";10;"Non-Intersection";"01-10-01";1-01-01 10:32:58;"Motorist Drive Out - Other Midblock";332328;2008;"O: No Injury";"Commercial";NA;NA;"Missing";"0-5 mph";"Injury";"/Missing";NA;NA;"No";"Yes";"Daylight";"Urban (>70% Developed)";"2 lanes";2;"Straight - Level";"Local Street";"Dry";"Two-Way, Divided, Unprotected Median";"None";"No Special Feature";"Coarse Asphalt";"Coastal";"Urban";"30 - 35  MPH";"No Control Present";"Clear";"No0";"0.0, 0.0"
"404";10;11;"Yes";"20-24";21;"No";"With Traffic";"B: Evident Injury";"Travel Lane";"White";"Male";"None - Rural Crash";"Chatham";"No";"01-01-04";2009-01-29;"Motorist Overtaking Bicyclist";16;"Non-Intersection";NA;1-01-01 16:13:58;"Motorist Overtaking - Other /";311239;2009;"B: Evident Injury";"Residential";"30-39";39;"No";"51-55 mph";"O: No Injury";"Black";"Male";"Pickup";"No";"No";"Daylight";"Mixed (30% To 70% Developed)";"2 lanes";2;"Straight - Grade";"NC Route";"Dry";"Two-Way, Not Divided";"None";"No Special Feature";"Smooth Asphalt";"Piedmont";"Rural";"50 - 55  MPH";"Double Yellow Line, No Passing Zone";"Clear";"No";"35.78878, -78.96376"
"405";14;15;"Yes";"20-24";23;"No";"With Traffic";"B: Evident Injury";"Travel Lane";"White";"Male";"Raleigh";"Wake";"No";"01-01-05";2009-01-09;"Motorist Overtaking Bicyclist";7;"Non-Intersection";NA;1-01-01 07:10:58;"Motorist Overtaking - Other /";311239;2009;"B: Evident Injury";"Commercial";NA;NA;"Missing";"41-45 mph";"Injury";"/Missing";NA;NA;"No";"Yes";"Daylight";"Urban (>70% Developed)";"4 lanes";2;"Straight - Level";"Local Street";"Dry";"Two-Way, Divided, Positive Median Barrier";"None";"No Special Feature";"Grooved Concrete";"Piedmont";"Urban";"40 - 45  MPH";"No Control Present";"Clear";"No";"35.770256, -78.64861"
"406";19;20;"Yes";"20-24";22;"No";"Not Applicable";"B: Evident Injury";"Travel Lane";"Black";"Male";"Wilmington";"New Hanover";"No";"01-01-02";2009-01-13;"Crossing Paths - Other Circumstances";19;"Intersection";NA;1-01-01 19:56:58;"Crossing Paths - Intersection - Other /";113180;2009;"B: Evident Injury";"Commercial";NA;NA;"Missing";NA;"Injury";"/Missing";NA;NA;"No";"Yes";"Dark - Lighted Roadway";"Urban (>70% Developed)";"5 lanes";2;"Straight - Level";"US Route";"Wet";"Two-Way, Not Divided";"None";"No Special Feature";"Coarse Asphalt";"Coastal";"Urban";NA;"No Control Present";"Cloudy";"No";"34.24257, -77.890854"
"407";21;22;"Yes";"40-49";48;"No";"With Traffic";"C: Possible Injury";"Travel Lane";"White";"Male";"None - Rural Crash";"Catawba";"No";"01-01-02";2009-02-10;"Head-On";18;"Non-Intersection";"01-02-01";1-01-01 18:13:58;"Head-On - Motorist";311255;2009;"C: Possible Injury";"Farms, Woods, Pastures";"30-39";38;"No";"56-60 mph";"O: No Injury";"White";"Male";"Pickup";"No";"Yes";"Dusk";"Rural (<30% Developed)";"2 lanes";2;"Straight - Level";"State Secondary Route";"Dry";"Two-Way, Not Divided";"None";"No Special Feature";"Smooth Asphalt";"Piedmont";"Rural";"40 - 45  MPH";"No Control Present";"Clear";"No";"35.55422, -81.16478"