"FID";"OBJECTID";"AmbulanceR";"BikeAge_Gr";"Bike_Age";"Bike_Alc_D";"Bike_Dir";"Bike_Injur";"Bike_Pos";"Bike_Race";"Bike_Sex";"City";"County";"CrashAlcoh";"CrashDay";"Crash_Date";"Crash_Grp";"Crash_Hour";"Crash_Loc";"Crash_Mont";"Crash_Time";"Crash_Type";"Crash_Ty_1";"Crash_Year";"Crsh_Sevri";"Developmen";"DrvrAge_Gr";"Drvr_Age";"Drvr_Alc_D";"Drvr_EstSp";"Drvr_Injur";"Drvr_Race";"Drvr_Sex";"Drvr_VehTy";"ExcsSpdInd";"Hit_Run";"Light_Cond";"Locality";"Num_Lanes";"Num_Units";"Rd_Charact";"Rd_Class";"Rd_Conditi";"Rd_Config";"Rd_Defects";"Rd_Feature";"Rd_Surface";"Region";"Rural_Urba";"Speed_Limi";"Traff_Cntr";"Weather";"Workzone_I";"Location"
"481";357;358;"Yes";"40-49";42;"No";"With Traffic";"B: Evident Injury";"Travel Lane";"White";"Male";"None - Rural Crash";"Harnett";"No";"01-01-05";2009-07-03;"Motorist Overtaking Bicyclist";20;"Non-Intersection";"01-07-01";1-01-01 19:59:58;"Motorist Overtaking - Other /";311239;2009;"B: Evident Injury";"Farms, Woods, Pastures";"0-19";19;"No";"51-55 mph";"O: No Injury";"Black";"Male";"Passenger Car";"No";"No";"Daylight";"Rural (<30% Developed)";"2 lanes";2;"Straight - Grade";"State Secondary Route";"Dry";"Two-Way, Not Divided";"None";"No Special Feature";"Smooth Asphalt";"Coastal";"Rural";"50 - 55  MPH";"No Control Present";"Clear";"No";"35.236553, -79.15141"
"482";358;359;"Yes";"25-29";25;"No";NA;"B: Evident Injury";NA;"Black";"Male";"Gastonia";"Gaston";"No";"01-01-06";2009-07-04;"Motorist Overtaking Bicyclist";23;"Non-Intersection";"01-07-01";1-01-01 23:25:58;"Motorist Overtaking - Other /";399239;2009;"B: Evident Injury";"Commercial";NA;NA;"Missing";NA;"Injury";"/Missing";NA;NA;"No";"Yes";"Dark - Lighted Roadway";"Urban (>70% Developed)";"2 lanes";2;"Straight - Level";"Local Street";"Dry";"Two-Way, Not Divided";"Road Surface Condition";"No Special Feature";"Coarse Asphalt";"Piedmont";"Urban";"30 - 35  MPH";"No Control Present";"Clear";"No";"35.27059, -81.222084"
"483";375;376;"Yes";"15-Nov";13;"No";"With Traffic";"B: Evident Injury";"Travel Lane";"Black";"Male";"Knightdale";"Wake";"No";"01-01-02";2009-07-28;"Bicyclist Failed to Yield - Sign-Controlled Intersection";15;"Intersection";"01-07-01";1-01-01 15:53:58;"Bicyclist Ride Through - Sign-Controlled Intersection";111144;2009;"B: Evident Injury";"Residential";"30-39";36;"No";"21-25 mph";"O: No Injury";"White";"Male";"Passenger Car";"No";"No";"Daylight";"Mixed (30% To 70% Developed)";"8 lanes";3;"Straight - Level";"Local Street";"Dry";"Two-Way, Not Divided";"None";"Four-Way Intersection";"Coarse Asphalt";"Piedmont";"Urban";"20 - 25  MPH";"Stop Sign";"Clear";"No";"35.78815, -78.48927"
"484";377;378;"Yes";"30-39";32;"No";"With Traffic";"B: Evident Injury";"Bike Lane / Paved Shoulder";"White";"Male";"None - Rural Crash";"Iredell";"No";"01-01-02";2009-07-21;"Bicyclist Left Turn / Merge";17;"Non-Intersection";"01-07-01";1-01-01 17:34:58;"Bicyclist Left Turn - Same Direction";321221;2009;"B: Evident Injury";"Residential";"25-29";25;"No";"41-45 mph";"O: No Injury";"White";"Male";"Pickup";"No";"No";"Daylight";"Mixed (30% To 70% Developed)";"2 lanes";2;"Straight - Level";"State Secondary Route";"Dry";"Two-Way, Not Divided";"None";"No Special Feature";"Smooth Asphalt";"Piedmont";"Rural";"40 - 45  MPH";"No Control Present";"Clear";"No";"35.617138, -80.837425"
"485";378;379;"Yes";"15-Nov";14;"No";"With Traffic";"K: Killed";"Travel Lane";"White";"Male";"Winston-Salem";"Forsyth";"No";"01-01-07";2009-07-12;"Motorist Overtaking Bicyclist";7;"Non-Intersection";"01-07-01";1-01-01 07:29:58;"Motorist Overtaking - Other /";311239;2009;"K: Killed";"Commercial";"0-19";18;"No";"56-60 mph";"O: No Injury";"Hispanic";"Female";"Passenger Car";"No";"No";"Dark - Roadway Not Lighted";"Urban (>70% Developed)";"2 lanes";2;"Straight - Level";"US Route";"Dry";"Two-Way, Divided, Unprotected Median";"None";"No Special Feature";"Smooth Asphalt";"Piedmont";"Urban";"60 - 75 MPH";"No Control Present";"Clear";"No";"36.050114, -80.13101"
"486";388;389;"Yes";"40-49";40;"No";"With Traffic";"B: Evident Injury";"Travel Lane";"White";"Female";"Albemarle";"Stanly";"No";"01-01-05";2009-07-24;"Motorist Failed to Yield - Sign-Controlled Intersection";22;"Intersection";"01-07-01";1-01-01 21:59:58;"Motorist Drive Out - Sign-Controlled Intersection";111141;2009;"B: Evident Injury";"Residential";"20-24";24;"No";"6-10 mph";"O: No Injury";"White";"Female";"Passenger Car";"No";"No";"Dark - Lighted Roadway";"Urban (>70% Developed)";"2 lanes";2;"Curve - Level";"Local Street";"Dry";"Two-Way, Not Divided";"None";"T-Intersection";"Smooth Asphalt";"Piedmont";"Urban";"30 - 35  MPH";"Flashing Signal With Stop Sign";"Clear";"No";"35.354176, -80.18499"
"487";391;392;"No";"25-29";26;"No";"With Traffic";"B: Evident Injury";"Travel Lane";"White";"Male";"Huntersville";"Mecklenburg";"No";"01-01-07";2009-07-26;"Motorist Overtaking Bicyclist";8;"Non-Intersection";"01-07-01";1-01-01 08:43:58;"Motorist Overtaking - Other /";311239;2009;"B: Evident Injury";"Residential";"30-39";37;"No";"31-35 mph";"O: No Injury";"White";"Female";"Pickup";"No";"No";"Daylight";"Mixed (30% To 70% Developed)";"2 lanes";2;"Curve - Grade";"State Secondary Route";"Dry";"Two-Way, Divided, Unprotected Median";"None";"No Special Feature";"Smooth Asphalt";"Piedmont";"Urban";"40 - 45  MPH";"Double Yellow Line, No Passing Zone";"Clear";"No";"35.407154, -80.90043"
"488";395;396;"Yes";"16-19";16;"No";"Facing Traffic";"A: Disabling Injury";"Bike Lane / Paved Shoulder";"White";"Female";"None - Rural Crash";"Carteret";"No";NA;2009-08-03;"Loss of Control / Turning Error";22;"Non-Intersection";"01-08-01";1-01-01 22:02:58;"Bicyclist Lost Control - Other /";322129;2009;"A: Disabling Injury";"Residential";"0-19";18;"No";"51-55 mph";"O: No Injury";"White";"Male";"Van";"No";"Yes";"Dark - Roadway Not Lighted";"Mixed (30% To 70% Developed)";"5 lanes";2;"Straight - Level";"NC Route";"Dry";"Two-Way, Not Divided";"None";"No Special Feature";"Smooth Asphalt";"Coastal";"Rural";"50 - 55  MPH";"No Control Present";"Clear";"No";"34.726852, -76.92526"
"489";406;407;"Yes";"15-Nov";14;"No";"Not Applicable";"C: Possible Injury";"Non-Roadway";"Black";"Female";"Charlotte";"Mecklenburg";"No";"01-01-04";2009-07-30;"Non-Roadway";11;"Non-Roadway";"01-07-01";1-01-01 11:14:58;"Non-Roadway";460910;2009;"C: Possible Injury";"Commercial";"60-69";62;"No";"0-5 mph";"O: No Injury";"White";"Male";"Sport Utility";"No";"No";"Daylight";"Urban (>70% Developed)";NA;2;"Straight - Grade";"Public Vehicular Area";"Dry";"One-Way, Not Divided";"None";"Driveway, Public";"Smooth Asphalt";"Piedmont";"Urban";"30 - 35  MPH";"No Control Present";"Clear";"No";"35.221127, -80.81812"
"490";410;411;"Yes";"50-59";51;"No";"With Traffic";"K: Killed";"Travel Lane";"White";"Male";"Apex";"Wake";"No";"01-01-06";2009-07-11;"Bicyclist Left Turn / Merge";11;"Intersection";"01-07-01";1-01-01 11:24:58;"Bicyclist Left Turn - Opposite Direction";111222;2009;"K: Killed";"Residential";"25-29";29;"No";"36-40 mph";"O: No Injury";"Black";"Male";"Passenger Car";"No";"No";"Daylight";"Urban (>70% Developed)";"3 lanes";2;"Straight - Level";"Local Street";"Dry";"Two-Way, Not Divided";"None";"T-Intersection";"Grooved Concrete";"Piedmont";"Urban";"40 - 45  MPH";"No Control Present";"Clear";"No";"35.721493, -78.86497"
"491";412;413;"No";"60-69";62;"No";"With Traffic";"B: Evident Injury";"Bike Lane / Paved Shoulder";"Black";"Male";"Charlotte";"Mecklenburg";"No";NA;2009-08-03;"Motorist Failed to Yield - Sign-Controlled Intersection";7;"Intersection";"01-08-01";1-01-01 07:14:58;"Motorist Drive Out - Sign-Controlled Intersection";121141;2009;"B: Evident Injury";"Residential";"30-39";36;"No";"0-5 mph";"O: No Injury";"White";"Female";"Passenger Car";"No";"No";"Daylight";"Urban (>70% Developed)";"4 lanes";2;"Straight - Level";"Local Street";"Dry";"Two-Way, Divided, Unprotected Median";"None";"T-Intersection";"Smooth Asphalt";"Piedmont";"Urban";"30 - 35  MPH";"Stop Sign";"Clear";"No";"35.35427, -80.780914"
"492";414;415;"Yes";"50-59";50;"No";"With Traffic";"C: Possible Injury";"Travel Lane";"Black";"Male";"Kinston";"Lenoir";"No";NA;2009-07-27;"Motorist Failed to Yield - Midblock";8;"Non-Intersection";"01-07-01";1-01-01 08:03:58;"Motorist Drive Out - Commercial Driveway / Alley";311322;2009;"C: Possible Injury";"Commercial";"30-39";31;"No";NA;"O: No Injury";"White";"Female";"Passenger Car";"No";"No";"Daylight";"Urban (>70% Developed)";"4 lanes";2;"Straight - Level";"US Route";"Dry";"Two-Way, Not Divided";"None";"No Special Feature";"Smooth Asphalt";"Coastal";"Urban";"40 - 45  MPH";"Stop Sign";"Clear";"No";"35.28341, -77.646164"
"493";415;416;"No";"40-49";42;"No";"With Traffic";"B: Evident Injury";"Travel Lane";"White";"Male";"None - Rural Crash";"Halifax";"No";"01-01-04";2009-07-16;"Motorist Right Turn / Merge";14;"Non-Intersection";"01-07-01";1-01-01 14:25:58;"Motorist Right Turn - Same Direction";311213;2009;"B: Evident Injury";"Residential";"30-39";33;"No";"21-25 mph";"O: No Injury";"White";"Female";"Passenger Car";"No";"No";"Daylight";"Mixed (30% To 70% Developed)";"2 lanes";2;"Straight - Level";"NC Route";"Dry";"Two-Way, Not Divided";"None";"Driveway, Public";"Smooth Asphalt";"Coastal";"Rural";"40 - 45  MPH";"No Control Present";"Clear";"No";"36.395115, -77.63942"
"494";423;424;"No";"15-Nov";11;"No";"Facing Traffic";"B: Evident Injury";"Travel Lane";"Black";"Male";"Greensboro";"Guilford";"No";NA;2009-08-03;"Crossing Paths - Other Circumstances";18;"Intersection";"01-08-01";1-01-01 18:00:58;"Sign-Controlled Intersection - Other /";112148;2009;"B: Evident Injury";"Residential";NA;NA;"Missing";NA;"Injury";"/Missing";NA;NA;"No";"Yes";"Daylight";"Urban (>70% Developed)";"2 lanes";2;"Straight - Level";"Local Street";"Dry";"Two-Way, Not Divided";"None";"No Special Feature";"Smooth Asphalt";"Piedmont";"Urban";"20 - 25  MPH";"Stop Sign";"Clear";"No";"36.048996, -79.76308"
"495";428;429;"Yes";"60-69";64;"No";"With Traffic";"B: Evident Injury";"Travel Lane";"White";"Male";"None - Rural Crash";"Burke";"No";"01-01-06";2009-08-01;"Motorist Overtaking Bicyclist";10;"Non-Intersection";"01-08-01";1-01-01 10:48:58;"Motorist Overtaking - Other /";311239;2009;"B: Evident Injury";"Farms, Woods, Pastures";"60-69";66;"No";"26-30 mph";"O: No Injury";"White";"Male";"Pickup";"No";"No";"Daylight";"Rural (<30% Developed)";"2 lanes";2;"Straight - Grade";"State Secondary Route";"Dry";"Two-Way, Not Divided";"None";"No Special Feature";"Smooth Asphalt";"Mountains";"Rural";"50 - 55  MPH";"Double Yellow Line, No Passing Zone";"Clear";"No";"35.83495, -81.73262"
"496";430;431;"Yes";"50-59";58;"No";"With Traffic";"B: Evident Injury";"Travel Lane";"Black";"Male";"None - Rural Crash";"Durham";"No";"01-01-03";2009-07-22;"Motorist Overtaking Bicyclist";14;"Non-Intersection";"01-07-01";1-01-01 14:09:58;"Motorist Overtaking - Other /";311239;2009;"B: Evident Injury";"Residential";"70+";NA;"No";"36-40 mph";"O: No Injury";"White";"Female";"Sport Utility";"No";"Yes";"Daylight";"Mixed (30% To 70% Developed)";"2 lanes";2;"Straight - Level";"State Secondary Route";"Dry";"Two-Way, Not Divided";"None";"No Special Feature";"Smooth Asphalt";"Piedmont";"Rural";"40 - 45  MPH";"Double Yellow Line, No Passing Zone";"Clear";"No";"36.045498, -78.81108"
"497";431;432;"Yes";"70+";NA;"No";"Not Applicable";"C: Possible Injury";NA;"White";"Female";"Winston-Salem";"Forsyth";"No";"01-01-02";2009-08-04;"Crossing Paths - Other Circumstances";0;"Intersection";"01-08-01";1-01-01 00:08:58;"Sign-Controlled Intersection - Other /";193148;2009;"C: Possible Injury";"Residential";"70+";NA;"No";"0-5 mph";"O: No Injury";"White";"Female";"Passenger Car";"No";"No";"Daylight";"Urban (>70% Developed)";"2 lanes";2;"Straight - Level";"Local Street";"Dry";"Two-Way, Not Divided";"None";"No Special Feature";"Smooth Asphalt";"Piedmont";"Urban";"20 - 25  MPH";"Stop Sign";"Clear";"No";"36.10506, -80.27939"
"498";435;436;"No";"40-49";44;"No";"With Traffic";"C: Possible Injury";"Travel Lane";"White";"Male";"Havelock";"Craven";"No";"01-01-05";2009-07-31;"Loss of Control / Turning Error";13;"Non-Intersection";"01-07-01";1-01-01 13:09:58;"Bicyclist Lost Control - Other /";311129;2009;"C: Possible Injury";"Commercial";"60-69";65;"No";"36-40 mph";"O: No Injury";"White";"Male";"Pickup";"No";"No";"Daylight";"Urban (>70% Developed)";"2 lanes";2;"Straight - Level";"US Route";"Dry";"Two-Way, Divided, Positive Median Barrier";"None";"Bridge";"Smooth Asphalt";"Coastal";"Urban";"40 - 45  MPH";"No Control Present";"Clear";"No";"34.89102, -76.92265"
"499";440;441;"Yes";"50-59";59;"No";"With Traffic";"B: Evident Injury";"Travel Lane";"White";"Male";"None - Rural Crash";"Burke";"No";"01-01-04";2009-07-30;"Motorist Overtaking Bicyclist";10;"Non-Intersection";"01-07-01";1-01-01 10:49:58;"Motorist Overtaking - Misjudged Space";311232;2009;"B: Evident Injury";"Farms, Woods, Pastures";"70+";NA;"No";"41-45 mph";"O: No Injury";"White";"Male";"Passenger Car";"No";"No";"Daylight";"Rural (<30% Developed)";"2 lanes";2;"Straight - Level";"State Secondary Route";"Dry";"Two-Way, Not Divided";"None";"No Special Feature";"Smooth Asphalt";"Mountains";"Rural";"40 - 45  MPH";"Double Yellow Line, No Passing Zone";"Clear";"No";"35.742096, -81.448906"
"500";444;445;"Yes";"16-19";16;"No";"With Traffic";"C: Possible Injury";"Travel Lane";"Black";"Male";"Shelby";"Cleveland";"No";"01-01-02";2009-08-11;"Crossing Paths - Other Circumstances";0;"Intersection";"01-08-01";1-01-01 00:07:58;"Sign-Controlled Intersection - Other /";111148;2009;"C: Possible Injury";"Residential";"25-29";29;"No";"26-30 mph";"O: No Injury";"White";"Female";"Passenger Car";"No";"No";"Dark - Roadway Not Lighted";"Mixed (30% To 70% Developed)";"2 lanes";2;"Straight - Grade";"NC Route";"Dry";"Two-Way, Not Divided";"None";"No Special Feature";"Coarse Asphalt";"Mountains";"Urban";"30 - 35  MPH";"No Control Present";"Clear";"No";"35.29311, -81.53009"
"501";680;681;"No";"15-Nov";14;"No";"Facing Traffic";"O: No Injury";"Sidewalk / Crosswalk / Driveway Crossing";"White";"Female";"Sanford";"Lee";"No";NA;2007-08-20;"Motorist Left Turn / Merge";15;"Intersection";"01-08-01";1-01-01 15:57:58;"Motorist Left Turn - Same Direction";132211;2007;"C: Possible Injury";"Commercial";"0-19";18;"No";"31-35 mph";"C: Possible Injury";"Black";"Male";"Passenger Car";"No";"No";"Daylight";"Urban (>70% Developed)";"5 lanes";2;"Straight - Grade";"US Route";"Dry";"Two-Way, Not Divided";"None";"Driveway, Public";"Coarse Asphalt";"Piedmont";"Urban";"30 - 35  MPH";"No Control Present";"Clear";"No";"35.464962, -79.15325"
"502";686;687;"No";"30-39";31;"No";"Facing Traffic";"B: Evident Injury";"Travel Lane";"Asian";"Male";"Fayetteville";"Cumberland";"No";"01-01-03";2007-08-22;"Motorist Failed to Yield - Signalized Intersection";9;"Intersection";"01-08-01";1-01-01 09:39:58;"Motorist Drive Out - Right Turn on Red";112151;2007;"B: Evident Injury";"Commercial";NA;NA;"No";NA;"O: No Injury";"White";"Male";"Sport Utility";"No";"No";"Daylight";"Urban (>70% Developed)";"7 lanes";2;"Straight - Level";"Local Street";"Dry";"Two-Way, Not Divided";"None";"Related To Intersection";"Coarse Asphalt";"Coastal";"Urban";"30 - 35  MPH";"Stop And Go Signal";"Clear";"No";"35.045372, -78.89208"
"503";688;689;"Yes";"10-Jun";10;"No";"Facing Traffic";"B: Evident Injury";"Travel Lane";"Black";"Female";"Greensboro";"Guilford";"No";"01-01-03";2007-08-22;"Crossing Paths - Other Circumstances";12;"Intersection";"01-08-01";1-01-01 12:04:58;"Crossing Paths - Intersection - Other /";112180;2007;"B: Evident Injury";"Residential";"20-24";23;"No";"21-25 mph";"O: No Injury";"Black";"Female";"Passenger Car";"No";"No";"Daylight";"Urban (>70% Developed)";"3 lanes";2;"Straight - Level";"Local Street";"Dry";"Two-Way, Not Divided";"None";"T-Intersection";"Coarse Asphalt";"Piedmont";"Urban";"30 - 35  MPH";"No Control Present";"Cloudy";"No";"36.146336, -79.78515"
"504";692;693;"Yes";"20-24";24;"No";NA;"B: Evident Injury";"Travel Lane";"White";"Male";"Charlotte";"Mecklenburg";"No";NA;2007-09-17;"Motorist Left Turn / Merge";7;"Intersection";"01-09-01";1-01-01 07:57:58;"Motorist Left Turn - Same Direction";119211;2007;"B: Evident Injury";"Residential";"40-49";48;"No";"0-5 mph";"O: No Injury";"Black";"Male";"School Bus";"No";"No";"Daylight";"Urban (>70% Developed)";"2 lanes";2;"Straight - Level";"Local Street";"Dry";"Two-Way, Not Divided";"None";"Four-Way Intersection";"Smooth Asphalt";"Piedmont";"Urban";"30 - 35  MPH";"Stop Sign";"Clear";"No";"35.22998, -80.71985"
"505";694;695;"No";"10-Jun";10;"No";"With Traffic";"C: Possible Injury";"Travel Lane";"Native American";"Male";"Pembroke";"Robeson";"No";"01-01-05";2007-08-24;"Bicyclist Failed to Yield - Signalized Intersection";16;"Intersection";"01-08-01";1-01-01 16:19:58;"Bicyclist Ride Through - Signalized Intersection";111155;2007;"C: Possible Injury";"Commercial";"30-39";33;"No";"16-20 mph";"O: No Injury";"Other";"Male";"Passenger Car";"No";"No";"Daylight";"Urban (>70% Developed)";"5 lanes";2;"Straight - Level";"Local Street";"Dry";"Two-Way, Not Divided";"None";"Four-Way Intersection";"Smooth Asphalt";"Coastal";"Rural";"30 - 35  MPH";"Stop And Go Signal";"Cloudy";"No";"34.678207, -79.191414"
"506";706;707;"No";"16-19";18;"No";NA;"O: No Injury";"Sidewalk / Crosswalk / Driveway Crossing";"White";"Female";"Wilmington";"New Hanover";"No";"01-01-02";2007-08-28;"Non-Roadway";13;"Non-Roadway";"01-08-01";1-01-01 13:49:58;"Non-Roadway";430910;2007;"O: No Injury";"Institutional";NA;NA;"Missing";"0-5 mph";"Injury";"/Missing";NA;NA;"No";"Yes";"Daylight";"Urban (>70% Developed)";"2 lanes";2;"Straight - Level";"Public Vehicular Area";"Dry";"Two-Way, Not Divided";"None";"No Special Feature";"Smooth Asphalt";"Coastal";"Urban";"20 - 25  MPH";"Double Yellow Line, No Passing Zone";"Clear";"No";"34.22141, -77.869354"
"507";714;715;"No";"16-19";16;"No";"With Traffic";"B: Evident Injury";"Other";"White";"Male";"None - Rural Crash";"Cumberland";"No";"01-01-06";2007-09-01;"Motorist Overtaking Bicyclist";4;"Non-Intersection";"01-09-01";1-01-01 04:38:58;"Motorist Overtaking - Other /";381239;2007;"B: Evident Injury";"Residential";NA;NA;"Missing";"41-45 mph";"Injury";"/Missing";NA;NA;"No";"Yes";"Dark - Lighted Roadway";"Mixed (30% To 70% Developed)";"2 lanes";2;"Straight - Level";"State Secondary Route";"Dry";"Two-Way, Not Divided";"None";"No Special Feature";"Smooth Asphalt";"Coastal";"Rural";"40 - 45  MPH";"Double Yellow Line, No Passing Zone";"Clear";"No";"34.979027, -78.99883"
"508";717;718;"Yes";"50-59";53;"No";"With Traffic";"B: Evident Injury";"Travel Lane";"White";"Female";"None - Rural Crash";"Chatham";"No";"01-01-05";2007-08-31;"Other / Unusual Circumstances";8;"Intersection";"01-08-01";1-01-01 08:21:58;"Unusual Circumstances";111800;2007;"B: Evident Injury";"Farms, Woods, Pastures";"20-24";23;"No";"51-55 mph";"B: Evident Injury";"White";"Male";"Sport Utility";"No";"No";"Daylight";"Rural (<30% Developed)";"2 lanes";4;"Straight - Level";"US Route";"Dry";"Two-Way, Divided, Unprotected Median";"None";"Four-Way Intersection";"Coarse Asphalt";"Piedmont";"Rural";"50 - 55  MPH";"Stop Sign";"Clear";"No";"35.738876, -79.057434"
"509";724;725;"Yes";"16-19";17;"No";"Facing Traffic";"B: Evident Injury";"Multi-use Path";"Black";"Male";"Statesville";"Iredell";"No";NA;2007-09-03;"Motorist Failed to Yield - Sign-Controlled Intersection";17;"Intersection";"01-09-01";1-01-01 17:58:58;"Motorist Drive Out - Sign-Controlled Intersection";142141;2007;"B: Evident Injury";"Residential";"50-59";51;"No";"31-35 mph";"O: No Injury";"White";"Female";"Passenger Car";"No";"No";"Dusk";"Urban (>70% Developed)";"2 lanes";2;"Straight - Level";"Local Street";"Dry";"Two-Way, Not Divided";"None";"Four-Way Intersection";"Smooth Asphalt";"Piedmont";"Urban";"30 - 35  MPH";"Flashing Signal With Stop Sign";"Clear";"No";"35.79936, -80.89075"
"510";727;728;"Yes";"50-59";52;"Yes";"Facing Traffic";"B: Evident Injury";"Travel Lane";"Black";"Male";"Winston-Salem";"Forsyth";"Yes";"01-01-03";2007-09-05;"Bicyclist Failed to Yield - Sign-Controlled Intersection";20;"Intersection";"01-09-01";1-01-01 20:04:58;"Bicyclist Ride Through - Sign-Controlled Intersection";112144;2007;"B: Evident Injury";"Commercial";"40-49";42;"No";"41-45 mph";"O: No Injury";"White";"Male";"Sport Utility";"No";"No";"Dark - Lighted Roadway";"Urban (>70% Developed)";"2 lanes";2;"Straight - Level";"Local Street";"Dry";"Two-Way, Not Divided";"None";"Four-Way Intersection";"Smooth Asphalt";"Piedmont";"Urban";"40 - 45  MPH";"No Control Present";"Clear";"No";"36.15769, -80.205086"
"511";729;730;"Yes";"15-Nov";15;"No";"With Traffic";"C: Possible Injury";"Travel Lane";"White";"Male";"None - Rural Crash";"Surry";"No";"01-01-03";2007-09-05;"Motorist Left Turn / Merge";17;"Intersection";"01-09-01";1-01-01 17:14:58;"Motorist Left Turn - Opposite Direction";111212;2007;"C: Possible Injury";"Residential";"70+";NA;"No";"41-45 mph";"O: No Injury";"White";"Male";"Pickup";"No";"No";"Daylight";"Mixed (30% To 70% Developed)";"2 lanes";2;"Straight - Level";"State Secondary Route";"Dry";"Two-Way, Not Divided";"None";"Four-Way Intersection";"Coarse Asphalt";"Mountains";"Rural";"40 - 45  MPH";"No Control Present";"Clear";"No";"36.50729, -80.73477"
"512";731;732;"No";"30-39";39;"Yes";"Not Applicable";"O: No Injury";"Driveway / Alley";"Black";"Male";"Goldsboro";"Wayne";"Yes";"01-01-03";2007-09-05;"Bicyclist Failed to Yield - Midblock";18;"Non-Intersection";"01-09-01";1-01-01 17:59:58;"Bicyclist Ride Out - Commercial Driveway / Alley";353312;2007;"O: No Injury";"Commercial";"30-39";34;"No";"0-5 mph";"O: No Injury";"White";"Male";"Passenger Car";"No";"No";"Daylight";"Urban (>70% Developed)";"3 lanes";2;"Straight - Level";"Local Street";"Dry";"Two-Way, Not Divided";"None";"Four-Way Intersection";"Coarse Asphalt";"Coastal";"Urban";"30 - 35  MPH";"Stop And Go Signal";"Clear";"No";"35.37738, -77.99751"
"513";732;733;"No";"15-Nov";12;"Yes";NA;"C: Possible Injury";NA;"White";"Male";"None - Rural Crash";"Craven";"Yes";"01-01-04";2007-09-06;"Bicyclist Failed to Yield - Signalized Intersection";18;"Intersection";"01-09-01";1-01-01 18:13:58;"Bicyclist Ride Out - Signalized  Intersection";199153;2007;"C: Possible Injury";"Commercial";"30-39";31;"No";"0-5 mph";"O: No Injury";"White";"Male";"Pickup";"No";"No";"Daylight";"Urban (>70% Developed)";"4 lanes";2;"Straight - Grade";"US Route";"Dry";"Two-Way, Divided, Unprotected Median";"None";"Four-Way Intersection";"Coarse Asphalt";"Coastal";"Rural";"50 - 55  MPH";"Stop And Go Signal";"Clear";"No";"35.081615, -77.0311"
"514";744;745;"Yes";"50-59";50;"No";"With Traffic";"B: Evident Injury";"Travel Lane";"White";"Male";"Roxboro";"Person";"No";"01-01-04";2007-09-06;"Backing Vehicle";12;"Non-Intersection";"01-09-01";1-01-01 11:59:58;"Backing Vehicle";311600;2007;"B: Evident Injury";"Residential";"20-24";21;"No";"0-5 mph";"O: No Injury";"White";"Male";"Pickup";"No";"No";"Daylight";"Mixed (30% To 70% Developed)";"2 lanes";2;"Straight - Level";"State Secondary Route";"Dry";"Two-Way, Not Divided";"None";"Driveway, Private";"Smooth Asphalt";"Piedmont";"Urban";"50 - 55  MPH";"Double Yellow Line, No Passing Zone";"Clear";"No";"36.3539, -79.05267"
"515";752;753;"Yes";"10-Jun";9;"No";"Not Applicable";"C: Possible Injury";"Non-Roadway";"Black";"Male";"High Point";"Guilford";"No";"01-01-06";2007-09-08;"Bicyclist Failed to Yield - Midblock";19;"Non-Intersection";"01-09-01";1-01-01 19:26:58;"Bicyclist Ride Out - Other Midblock";363318;2007;"C: Possible Injury";"Residential";"40-49";42;"No";"6-10 mph";"O: No Injury";"Black";"Male";"Passenger Car";"No";"No";"Daylight";"Urban (>70% Developed)";"2 lanes";2;"Straight - Level";"Local Street";"Dry";"Two-Way, Not Divided";"None";"No Special Feature";"Coarse Asphalt";"Piedmont";"Urban";"30 - 35  MPH";"No Control Present";"Clear";"No";"35.96031, -79.97986"
"516";755;756;"No";"20-24";23;"No";"With Traffic";"B: Evident Injury";"Travel Lane";"Hispanic";"Female";"New Bern";"Craven";"No";"01-01-07";2007-09-09;"Bicyclist Overtaking Motorist";10;"Non-Intersection";"01-09-01";1-01-01 10:22:58;"Bicyclist Overtaking - Other /";311249;2007;"B: Evident Injury";"Commercial";"70+";NA;"No";"0-5 mph";"O: No Injury";"White";"Male";"Passenger Car";"No";"No";"Daylight";"Urban (>70% Developed)";"2 lanes";2;"Straight - Level";"Local Street";"Dry";"Two-Way, Not Divided";"None";"No Special Feature";"Smooth Asphalt";"Coastal";"Urban";"30 - 35  MPH";"No Control Present";"Cloudy";"No";"35.10796, -77.04954"
"517";760;761;"Yes";"10-Jun";6;"No";"Not Applicable";"C: Possible Injury";NA;"White";"Male";"None - Rural Crash";"Gaston";"No";"01-01-03";2007-09-12;"Bicyclist Failed to Yield - Midblock";17;"Non-Intersection";"01-09-01";1-01-01 17:36:58;"Bicyclist Ride Out - Midblock -";393319;2007;"C: Possible Injury";"Residential";"30-39";35;"No";"16-20 mph";"O: No Injury";"Black";"Male";"Passenger Car";"No";"No";"Daylight";"Mixed (30% To 70% Developed)";"2 lanes";2;"Straight - Level";"State Secondary Route";"Dry";"Two-Way, Not Divided";"None";"No Special Feature";"Smooth Asphalt";"Piedmont";"Rural";"30 - 35  MPH";"No Control Present";"Clear";"No";"35.18944, -81.15794"
"518";763;764;"Yes";"40-49";41;"No";"With Traffic";"B: Evident Injury";NA;"Black";"Male";"None - Rural Crash";"Wake";"No";"01-01-03";2007-09-12;"Motorist Overtaking Bicyclist";7;"Non-Intersection";"01-09-01";1-01-01 07:45:58;"Motorist Overtaking - Bicyclist Swerved";391235;2007;"B: Evident Injury";"Farms, Woods, Pastures";"40-49";47;"No";"51-55 mph";"O: No Injury";"White";"Male";"Sport Utility";"No";"No";"Daylight";"Rural (<30% Developed)";"2 lanes";2;"Straight - Level";"State Secondary Route";"Dry";"Two-Way, Not Divided";"None";"Related To Intersection";"Smooth Asphalt";"Piedmont";"Rural";"50 - 55  MPH";"Double Yellow Line, No Passing Zone";"Clear";"No";"35.608223, -78.84006"