"FID";"OBJECTID";"AmbulanceR";"BikeAge_Gr";"Bike_Age";"Bike_Alc_D";"Bike_Dir";"Bike_Injur";"Bike_Pos";"Bike_Race";"Bike_Sex";"City";"County";"CrashAlcoh";"CrashDay";"Crash_Date";"Crash_Grp";"Crash_Hour";"Crash_Loc";"Crash_Mont";"Crash_Time";"Crash_Type";"Crash_Ty_1";"Crash_Year";"Crsh_Sevri";"Developmen";"DrvrAge_Gr";"Drvr_Age";"Drvr_Alc_D";"Drvr_EstSp";"Drvr_Injur";"Drvr_Race";"Drvr_Sex";"Drvr_VehTy";"ExcsSpdInd";"Hit_Run";"Light_Cond";"Locality";"Num_Lanes";"Num_Units";"Rd_Charact";"Rd_Class";"Rd_Conditi";"Rd_Config";"Rd_Defects";"Rd_Feature";"Rd_Surface";"Region";"Rural_Urba";"Speed_Limi";"Traff_Cntr";"Weather";"Workzone_I";"Location"
"630";928;929;"Yes";"16-19";18;"No";"With Traffic";"C: Possible Injury";"Travel Lane";"Hispanic";"Male";"Concord";"Cabarrus";"No";NA;2012-11-12;"Motorist Overtaking Bicyclist";17;"Non-Intersection";"01-11-01";1-01-01 17:39:58;"Motorist Overtaking - Undetected Bicyclist";NA;2012;"C: Possible Injury";"Residential";"30-39";38;"No";"41-45 mph";"O: No Injury";"White";"Male";"Single Unit Truck (2-Axle, 6-Tire)";"No";"No";"Dark - Lighted Roadway";"Urban (>70% Developed)";"2 lanes";2;"Straight - Level";"Local Street";"Dry";"Two-Way, Divided, Unprotected Median";"None";"No Special Feature";"Smooth Asphalt";"Piedmont";"Urban";"40 - 45  MPH";"No Control Present";"Clear";"No";"35.38232, -80.6848"
"631";931;932;"Yes";"40-49";41;"Yes";"Facing Traffic";"K: Killed";"Travel Lane";"White";"Male";"None - Rural Crash";"Nash";"Yes";"01-01-04";2012-11-29;"Bicyclist Right Turn / Merge";13;"Non-Intersection";"01-11-01";1-01-01 13:06:58;"Bicyclist Right Turn - Same Direction";NA;2012;"K: Killed";"Farms, Woods, Pastures";"40-49";45;"No";"51-55 mph";"O: No Injury";"Black";"Female";"Passenger Car";"No";"No";"Daylight";"Rural (<30% Developed)";"2 lanes";2;"Straight - Level";"State Secondary Route";"Dry";"Two-Way, Not Divided";"None";"No Special Feature";"Smooth Asphalt";"Coastal";"Rural";"50 - 55  MPH";"No Control Present";"Clear";"No";"35.77929, -78.1812"
"632";936;937;"Yes";"20-24";22;"No";"With Traffic";"B: Evident Injury";"Travel Lane";"White";"Male";"None - Rural Crash";"Orange";"No";NA;2012-12-03;"Motorist Failed to Yield - Sign-Controlled Intersection";16;"Intersection";"01-12-01";1-01-01 15:59:58;"Motorist Drive Out - Sign-Controlled Intersection";NA;2012;"B: Evident Injury";"Farms, Woods, Pastures";"40-49";40;"No";"21-25 mph";"O: No Injury";"White";"Male";"Passenger Car";"No";"No";"Daylight";"Rural (<30% Developed)";"2 lanes";2;"Straight - Grade";"State Secondary Route";"Dry";"Two-Way, Not Divided";"None";"T-Intersection";"Smooth Asphalt";"Piedmont";"Rural";"40 - 45  MPH";"Stop Sign";"Clear";"No";"36.03282, -79.0383"
"633";938;939;"No";"10-Jun";6;"No";NA;"O: No Injury";NA;"Native American";"Male";"Fayetteville";"Cumberland";"No";NA;2012-11-12;"Other /  - Insufficient Details";16;"Non-Intersection";"01-11-01";1-01-01 16:32:58;"Approach Paths";NA;2012;"O: No Injury";"Residential";"40-49";40;"No";NA;"O: No Injury";"Black";"Female";"Sport Utility";"No";"No";"Daylight";"Mixed (30% To 70% Developed)";"1 lane";2;"Straight - Level";"Public Vehicular Area";"Dry";"Two-Way, Not Divided";"None";"Driveway, Public";"Concrete";"Coastal";"Urban";"5 - 15 MPH";"Stop Sign";"Clear";"No";"34.99453, -78.9104"
"634";939;940;"No";"50-59";53;"No";"Facing Traffic";"B: Evident Injury";"Sidewalk / Crosswalk / Driveway Crossing";"White";"Male";"Asheville";"Buncombe";"No";"01-01-06";2012-11-10;"Motorist Failed to Yield - Sign-Controlled Intersection";13;"Intersection";"01-11-01";1-01-01 13:10:58;"Motorist Drive Out - Sign-Controlled Intersection";NA;2012;"B: Evident Injury";"Commercial";"40-49";44;"No";NA;"O: No Injury";"White";"Female";"Passenger Car";"No";"No";"Daylight";"Urban (>70% Developed)";"4 lanes";2;"Straight - Grade";"US Route";"Dry";"Two-Way, Divided, Unprotected Median";"None";"T-Intersection";"Smooth Asphalt";"Mountains";"Urban";"40 - 45  MPH";"Stop Sign";"Clear";"No";"35.57693, -82.6116"
"635";940;941;"Yes";"50-59";54;"No";"With Traffic";"C: Possible Injury";"Travel Lane";"White";"Male";"Chapel Hill";"Orange";"No";"01-01-02";2012-11-27;"Bicyclist Overtaking Motorist";17;"Intersection-Related";"01-11-01";1-01-01 17:24:58;"Bicyclist Overtaking - Extended Door";NA;2012;"C: Possible Injury";"Residential";"30-39";31;"No";"0-5 mph";"O: No Injury";"White";"Female";"Passenger Car";"No";"No";"Dark - Lighted Roadway";"Urban (>70% Developed)";"2 lanes";2;"Straight - Level";"Local Street";"Wet";"Two-Way, Divided, Unprotected Median";"None";"No Special Feature";"Smooth Asphalt";"Piedmont";"Urban";"20 - 25  MPH";"Double Yellow Line, No Passing Zone";"Rain";"No";"35.91165, -79.0626"
"636";945;946;"Yes";"50-59";56;"No";"With Traffic";"C: Possible Injury";"Travel Lane";"Black";"Male";"Greenville";"Pitt";"No";"01-01-02";2012-12-04;"Bicyclist Failed to Yield - Sign-Controlled Intersection";13;"Intersection";"01-12-01";1-01-01 13:45:58;"Bicyclist Ride Out - Sign-Controlled Intersection";NA;2012;"C: Possible Injury";"Commercial";"20-24";21;"No";"41-45 mph";"O: No Injury";"White";"Female";"Passenger Car";"No";"No";"Daylight";"Urban (>70% Developed)";"7 lanes";2;"Straight - Level";"NC Route";"Dry";"Two-Way, Not Divided";"None";"T-Intersection";"Smooth Asphalt";"Coastal";"Urban";"40 - 45  MPH";"No Control Present";"Clear";"No";"35.60871, -77.3946"
"637";946;947;"Yes";"50-59";50;"No";"With Traffic";"B: Evident Injury";"Travel Lane";"Black";"Male";"Greenville";"Pitt";"No";NA;2012-12-03;"Bicyclist Failed to Yield - Sign-Controlled Intersection";19;"Intersection";"01-12-01";1-01-01 19:47:58;"Bicyclist Ride Out - Sign-Controlled Intersection";NA;2012;"B: Evident Injury";"Residential";"50-59";51;"No";"16-20 mph";"O: No Injury";"Black";"Male";"Pickup";"No";"No";"Dark - Lighted Roadway";"Urban (>70% Developed)";"2 lanes";2;"Straight - Level";"Local Street";"Dry";"Two-Way, Not Divided";"None";"No Special Feature";"Coarse Asphalt";"Coastal";"Urban";"20 - 25  MPH";"Stop Sign";"Clear";"No";"35.60262, -77.3742"
"638";947;948;"No";NA;0;"No";"With Traffic";"Injury";"Travel Lane";"/Missing";NA;"Shelby";"Cleveland";"No";"01-01-05";2012-11-16;"Motorist Left Turn / Merge";16;"Intersection";"01-11-01";1-01-01 16:02:58;"Motorist Left Turn - Opposite Direction";NA;2012;"O: No Injury";"Commercial";"40-49";43;"No";"6-10 mph";"O: No Injury";"White";"Male";"Sport Utility";"No";"No";"Daylight";"Mixed (30% To 70% Developed)";"3 lanes";2;"Straight - Level";"US Route";"Dry";"Two-Way, Divided, Positive Median Barrier";"None";"Four-Way Intersection";"Smooth Asphalt";"Mountains";"Urban";"40 - 45  MPH";"Stop And Go Signal";"Clear";"No";"35.29354, -81.5983"
"639";953;954;"Yes";"40-49";42;"No";"With Traffic";"B: Evident Injury";"Travel Lane";"White";"Male";"None - Rural Crash";"Iredell";"No";NA;2012-12-10;"Motorist Overtaking Bicyclist";16;"Non-Intersection";"01-12-01";1-01-01 16:49:58;"Motorist Overtaking - Other /";NA;2012;"B: Evident Injury";"Residential";"20-24";20;"No";"41-45 mph";"O: No Injury";"White";"Female";"Passenger Car";"No";"No";"Daylight";"Mixed (30% To 70% Developed)";"2 lanes";2;"Straight - Level";"State Secondary Route";"Wet";"Two-Way, Not Divided";"None";"No Special Feature";"Smooth Asphalt";"Piedmont";"Rural";"50 - 55  MPH";"Double Yellow Line, No Passing Zone";"Rain";"No";"35.64592, -80.8092"
"640";959;960;"Yes";"30-39";35;"No";"Facing Traffic";"O: No Injury";"Sidewalk / Crosswalk / Driveway Crossing";"Hispanic";"Male";"Charlotte";"Mecklenburg";"No";"01-01-03";2012-12-12;"Motorist Failed to Yield - Midblock";9;"Non-Intersection";"01-12-01";1-01-01 09:10:58;"Motorist Drive Out - Residential Driveway";NA;2012;"B: Evident Injury";"Residential";"40-49";49;"No";"0-5 mph";"O: No Injury";"White";"Male";"Passenger Car";"No";"No";"Daylight";"Urban (>70% Developed)";"2 lanes";2;"Straight - Level";"Local Street";"Dry";"Two-Way, Divided, Unprotected Median";"None";"Driveway, Public";"Concrete";"Piedmont";"Urban";"20 - 25  MPH";"Stop Sign";"Cloudy";"No";"35.1863, -80.7443"
"641";963;964;"Yes";"40-49";40;"No";"Facing Traffic";"C: Possible Injury";"Sidewalk / Crosswalk / Driveway Crossing";"White";"Male";"Greensboro";"Guilford";"No";"01-01-05";2012-12-14;"Motorist Failed to Yield - Sign-Controlled Intersection";17;"Intersection";"01-12-01";1-01-01 17:49:58;"Motorist Drive Out - Sign-Controlled Intersection";NA;2012;"C: Possible Injury";"Commercial";"40-49";44;"No";"0-5 mph";"O: No Injury";"White";"Male";"Passenger Car";"No";"No";"Dark - Lighted Roadway";"Urban (>70% Developed)";"4 lanes";2;"Straight - Bottom";"Local Street";"Dry";"One-Way, Not Divided";"None";"Four-Way Intersection";"Coarse Asphalt";"Piedmont";"Urban";"20 - 25  MPH";"Stop Sign";"Clear";"No";"36.07581, -79.797"
"642";965;966;"Yes";"50-59";56;"No";"With Traffic";"A: Disabling Injury";"Travel Lane";"White";"Female";"Weddington";"Union";"No";"01-01-06";2012-12-15;"Motorist Failed to Yield - Sign-Controlled Intersection";16;"Intersection";"01-12-01";1-01-01 16:48:58;"Motorist Drive Out - Sign-Controlled Intersection";NA;2012;"A: Disabling Injury";"Farms, Woods, Pastures";"30-39";32;"No";"6-10 mph";"O: No Injury";"Black";"Female";"Passenger Car";"No";"No";"Daylight";"Rural (<30% Developed)";"1 lane";2;"Curve - Level";"State Secondary Route";"Dry";"One-Way, Not Divided";"None";"Traffic Circle/Roundabout";"Smooth Asphalt";"Piedmont";"Urban";"40 - 45  MPH";"Yield Sign";"Clear";"No";"35.02387, -80.6915"
"643";969;970;"Yes";NA;0;"Missing";"Facing Traffic";"Injury";"Sidewalk / Crosswalk / Driveway Crossing";"/Missing";NA;"Greensboro";"Guilford";"No";"01-01-04";2012-05-24;"Motorist Failed to Yield - Midblock";11;"Non-Intersection";"01-05-01";1-01-01 11:36:58;"Motorist Drive Out - Commercial Driveway / Alley";NA;2012;"O: No Injury";"Commercial";"30-39";38;"No";"0-5 mph";"O: No Injury";"White";"Female";"Passenger Car";"No";"No";"Daylight";"Urban (>70% Developed)";"4 lanes";2;"Straight - Level";"Local Street";"Dry";"Two-Way, Not Divided";"None";"No Special Feature";"Smooth Asphalt";"Piedmont";"Urban";"30 - 35  MPH";"Stop Sign";"Clear";"No";"36.07069, -79.869"
"644";975;976;"Yes";"60-69";61;"No";"With Traffic";"Injury";"Travel Lane";"Black";"Male";"Morehead City";"Carteret";"No";"01-01-03";2012-12-05;"Motorist Overtaking Bicyclist";16;"Intersection-Related";"01-12-01";1-01-01 16:06:58;"Motorist Overtaking - Undetected Bicyclist";NA;2012;"Injury";"Residential";"20-24";20;"No";"11-15 mph";"Injury";"White";"Male";"Pickup";"No";"No";"Daylight";"Urban (>70% Developed)";"2 lanes";2;"Straight - Level";"Local Street";"Dry";"Two-Way, Not Divided";"None";"No Special Feature";"Smooth Asphalt";"Coastal";"Urban";"20 - 25  MPH";"No Control Present";"Clear";"No";"34.72393, -76.7229"
"645";977;978;"Yes";"16-19";18;"No";"With Traffic";"B: Evident Injury";"Bike Lane / Paved Shoulder";"White";"Male";"Wilmington";"New Hanover";"No";"01-01-02";2012-12-04;"Motorist Right Turn / Merge";17;"Non-Intersection";"01-12-01";1-01-01 17:47:58;"Motorist Right Turn - Same Direction";NA;2012;"B: Evident Injury";"Commercial";"20-24";24;"No";"16-20 mph";"O: No Injury";"White";"Male";"Passenger Car";"No";"No";"Dark - Lighted Roadway";"Urban (>70% Developed)";"3 lanes";2;"Straight - Level";"Local Street";"Dry";"Two-Way, Divided, Unprotected Median";"None";"Driveway, Public";"Coarse Asphalt";"Coastal";"Urban";"30 - 35  MPH";"No Control Present";"Cloudy";"No";"34.21435, -77.887"
"646";990;991;"Yes";"20-24";21;"No";"With Traffic";"A: Disabling Injury";"Travel Lane";"White";"Male";"None - Rural Crash";"Duplin";"No";NA;2012-12-17;"Motorist Overtaking Bicyclist";19;"Non-Intersection";"01-12-01";1-01-01 19:04:58;"Motorist Overtaking - Other /";NA;2012;"A: Disabling Injury";"Farms, Woods, Pastures";NA;NA;"Missing";"51-55 mph";"Injury";"/Missing";NA;NA;"No";"Yes";"Dark - Roadway Not Lighted";"Rural (<30% Developed)";"4 lanes";2;"Straight - Level";"NC Route";"Wet";"Two-Way, Divided, Unprotected Median";"None";"No Special Feature";"Coarse Asphalt";"Coastal";"Rural";"50 - 55  MPH";"No Control Present";"Rain";"No";"34.92466, -77.7785"
"647";993;994;"Yes";"50-59";53;"No";"With Traffic";"A: Disabling Injury";"Travel Lane";"White";"Male";"None - Rural Crash";"Carteret";"No";"01-01-07";2012-12-30;"Motorist Overtaking Bicyclist";13;"Non-Intersection";"01-12-01";1-01-01 13:54:58;"Motorist Overtaking - Other /";NA;2012;"A: Disabling Injury";"Commercial";"70";70;"No";"46-50 mph";"O: No Injury";"White";"Male";"Pickup";"No";"No";"Daylight";"Mixed (30% To 70% Developed)";"2 lanes";2;"Straight - Level";"US Route";"Dry";"Two-Way, Not Divided";"None";"No Special Feature";"Coarse Asphalt";"Coastal";"Rural";"50 - 55  MPH";"No Control Present";"Clear";"No";"34.76595, -76.5392"
"648";995;996;"Yes";"40-49";48;"Yes";"With Traffic";"K: Killed";"Travel Lane";"Black";"Male";"Goldsboro";"Wayne";"Yes";"01-01-04";2012-12-20;"Bicyclist Left Turn / Merge";17;"Non-Intersection";"01-12-01";1-01-01 17:50:58;"Bicyclist Left Turn - Opposite Direction";NA;2012;"K: Killed";"Commercial";"40-49";48;"No";"26-30 mph";"O: No Injury";"White";"Male";"Pickup";"No";"No";"Dusk";"Urban (>70% Developed)";"5 lanes";2;"Straight - Level";"Local Street";"Dry";"Two-Way, Not Divided";"None";"No Special Feature";"Smooth Asphalt";"Coastal";"Urban";"30 - 35  MPH";"No Control Present";"Cloudy";"No";"35.38777, -77.9805"
"649";1010;1011;"No";"60-69";67;"No";"Facing Traffic";"C: Possible Injury";"Travel Lane";"Black";"Male";"New Bern";"Craven";"No";"01-01-04";2012-05-24;"Motorist Failed to Yield - Sign-Controlled Intersection";12;"Intersection";"01-05-01";1-01-01 12:43:58;"Motorist Drive Out - Sign-Controlled Intersection";NA;2012;"C: Possible Injury";"Commercial";"70";70;"No";"0-5 mph";"O: No Injury";"White";"Female";"Passenger Car";"No";"No";"Daylight";"Urban (>70% Developed)";"4 lanes";2;"Straight - Level";"Local Street";"Dry";"Two-Way, Not Divided";"None";"T-Intersection";"Smooth Asphalt";"Coastal";"Urban";"30 - 35  MPH";"Stop Sign";"Clear";"No";"35.11296, -77.0681"
"650";1015;1016;"Yes";"15-Nov";11;"No";"With Traffic";"A: Disabling Injury";"Travel Lane";"Hispanic";"Male";"Thomasville";"Davidson";"No";"01-01-03";2012-07-11;"Head-On";20;"Non-Intersection";"01-07-01";1-01-01 20:31:58;"Head-On - Bicyclist";NA;2012;"A: Disabling Injury";"Residential";"50-59";57;"No";"21-25 mph";"O: No Injury";"White";"Female";"Passenger Car";"No";"No";"Dark - Lighted Roadway";"Mixed (30% To 70% Developed)";"2 lanes";2;"Straight - Level";"Local Street";"Dry";"Two-Way, Not Divided";"None";"No Special Feature";"Coarse Asphalt";"Piedmont";"Urban";"30 - 35  MPH";"No Control Present";"Cloudy";"No";"35.88971, -80.0553"
"651";1019;1020;"Yes";"15-Nov";12;"No";"With Traffic";"B: Evident Injury";"Travel Lane";"Black";"Male";"Dunn";"Harnett";"No";"01-01-05";2012-10-12;"Motorist Overtaking Bicyclist";6;"Non-Intersection";"01-10-01";1-01-01 06:47:58;"Motorist Overtaking - Other /";NA;2012;"B: Evident Injury";"Residential";"30-39";36;"No";"31-35 mph";"O: No Injury";"Black";"Female";"Passenger Car";"No";"No";"Dark - Roadway Not Lighted";"Urban (>70% Developed)";"2 lanes";2;"Straight - Level";"Local Street";"Dry";"Two-Way, Not Divided";"None";"No Special Feature";"Coarse Asphalt";"Coastal";"Urban";"30 - 35  MPH";"No Control Present";"Clear";"No";"35.30401, -78.6202"
"652";3;4;"Yes";"30-39";30;"No";"With Traffic";"C: Possible Injury";"Travel Lane";"White";"Male";"Salisbury";"Rowan";"No";"01-01-05";2007-01-19;"Motorist Left Turn / Merge";17;"Intersection";NA;1-01-01 17:24:58;"Motorist Left Turn - Opposite Direction";111212;2007;"C: Possible Injury";"Commercial";NA;NA;"No";"31-35 mph";"Injury";"/Missing";NA;"Sport Utility";"No";"Yes";"Daylight";"Urban (>70% Developed)";"2 lanes";2;"Straight - Grade";"Local Street";"Dry";"Two-Way, Not Divided";"None";"Four-Way Intersection";"Smooth Asphalt";"Piedmont";"Urban";"30 - 35  MPH";"No Control Present";"Cloudy";"No";"35.6844, -80.47932"
"653";5;6;"Yes";"50-59";58;"No";"With Traffic";"B: Evident Injury";"Sidewalk / Crosswalk / Driveway Crossing";"White";"Male";"Salisbury";"Rowan";"No";"01-01-03";2007-01-31;"Bicyclist Failed to Yield - Signalized Intersection";9;"Intersection";NA;1-01-01 09:24:58;"Bicyclist Ride Out - Signalized  Intersection";131153;2007;"B: Evident Injury";"Residential";NA;NA;"No";"21-25 mph";"Injury";"/Missing";NA;"Passenger Car";"No";"Yes";"Daylight";"Urban (>70% Developed)";"2 lanes";2;"Straight - Grade";"Local Street";"Dry";"Two-Way, Not Divided";"None";"Four-Way Intersection";"Smooth Asphalt";"Piedmont";"Urban";"30 - 35  MPH";"Stop And Go Signal";"Clear";"No";"35.666668, -80.47759"
"654";11;12;"Yes";"30-39";35;"No";"With Traffic";"B: Evident Injury";"Travel Lane";"Black";"Male";"Raleigh";"Wake";"No";"01-01-02";2007-01-02;"Motorist Overtaking Bicyclist";11;"Non-Intersection";NA;1-01-01 11:31:58;"Motorist Overtaking - Other /";311239;2007;"B: Evident Injury";"Commercial";"25-29";27;"No";"31-35 mph";"O: No Injury";"White";"Male";"Pickup";"No";"No";"Dark - Lighted Roadway";"Urban (>70% Developed)";"6 lanes";2;"Straight - Level";"Local Street";"Dry";"Two-Way, Divided, Unprotected Median";"None";"No Special Feature";"Coarse Asphalt";"Piedmont";"Urban";"40 - 45  MPH";"No Control Present";"Clear";"No";"35.854084, -78.580986"
"655";16;17;"Yes";NA;10;"No";"Not Applicable";"A: Disabling Injury";"Non-Roadway";"White";"Male";"None - Rural Crash";"Davie";"No";"01-01-06";2007-01-06;"Bicyclist Failed to Yield - Midblock";13;"Non-Intersection";NA;1-01-01 13:57:58;"Bicyclist Ride Out - Other Midblock";363318;2007;"A: Disabling Injury";"Residential";"25-29";26;"No";"16-20 mph";"O: No Injury";"White";"Female";"Passenger Car";"No";"No";"Daylight";"Urban (>70% Developed)";"2 lanes";2;"Straight - Level";"Public Vehicular Area";"Dry";"Two-Way, Not Divided";"None";"No Special Feature";"Smooth Asphalt";"Piedmont";"Rural";"50 - 55  MPH";"No Control Present";"Clear";"No";"36.01364, -80.4382"
"656";19;20;"No";"30-39";31;"Yes";"Facing Traffic";"B: Evident Injury";"Sidewalk / Crosswalk / Driveway Crossing";"Hispanic";"Male";"Gastonia";"Gaston";"Yes";"01-01-06";2007-01-06;"Motorist Failed to Yield - Midblock";13;"Non-Intersection";NA;1-01-01 13:29:58;"Motorist Drive Out - Commercial Driveway / Alley";332322;2007;"B: Evident Injury";"Commercial";"25-29";29;"No";"0-5 mph";"O: No Injury";"White";"Male";"Pickup";"No";"No";"Daylight";"Urban (>70% Developed)";NA;2;"Straight - Level";"Public Vehicular Area";"Dry";"Two-Way, Not Divided";"None";"Driveway, Public";"Smooth Asphalt";"Piedmont";"Urban";NA;"No Control Present";"Clear";"No";"35.262295, -81.15347"
"657";21;22;"No";"50-59";54;"No";"Facing Traffic";"C: Possible Injury";"Travel Lane";"Black";"Male";"Winston-Salem";"Forsyth";"No";NA;2007-01-08;"Head-On";15;"Non-Intersection";NA;1-01-01 15:00:58;"Head-On - Bicyclist";312250;2007;"C: Possible Injury";"Commercial";"40-49";46;"No";"31-35 mph";"O: No Injury";"White";"Male";"Passenger Car";"No";"No";"Daylight";"Urban (>70% Developed)";"2 lanes";2;"Straight - Level";"Local Street";"Dry";"Two-Way, Not Divided";"None";"T-Intersection";"Coarse Asphalt";"Piedmont";"Urban";"30 - 35  MPH";"No Control Present";"Clear";"No";"36.12228, -80.23296"
"658";23;24;"Yes";"30-39";33;"No";"With Traffic";"B: Evident Injury";"Travel Lane";"White";"Female";"Greensboro";"Guilford";"No";"01-01-06";2007-01-13;"Motorist Left Turn / Merge";11;"Intersection";NA;1-01-01 11:22:58;"Motorist Left Turn - Opposite Direction";111212;2007;"B: Evident Injury";"Residential";"70+";NA;"No";"11-15 mph";"O: No Injury";"White";"Female";"Passenger Car";"No";"No";"Daylight";"Urban (>70% Developed)";"4 lanes";2;"Straight - Level";"Local Street";"Dry";"Two-Way, Not Divided";"None";"Four-Way Intersection";"Smooth Asphalt";"Piedmont";"Urban";"30 - 35  MPH";"Stop And Go Signal";"Clear";"No";"36.089798, -79.84083"
"659";25;26;"Yes";NA;13;"Yes";"Facing Traffic";"C: Possible Injury";"Travel Lane";"Black";"Male";"None - Rural Crash";"Iredell";"Yes";"01-01-02";2007-01-16;"Head-On";17;"Non-Intersection";NA;1-01-01 17:44:58;"Head-On - Bicyclist";312250;2007;"C: Possible Injury";"Farms, Woods, Pastures";NA;NA;"Missing";NA;"Injury";"/Missing";NA;NA;"No";"Yes";"Dusk";"Rural (<30% Developed)";"2 lanes";2;"Straight - Grade";"NC Route";"Dry";"Two-Way, Not Divided";"None";"No Special Feature";"Smooth Asphalt";"Piedmont";"Rural";"40 - 45  MPH";"Double Yellow Line, No Passing Zone";"Clear";"No";"35.80795, -80.94646"
"660";27;28;"Yes";"20-24";21;"No";"With Traffic";"C: Possible Injury";"Travel Lane";"White";"Male";"None - Rural Crash";"Orange";"No";"01-01-02";2007-01-09;"Motorist Overtaking Bicyclist";8;"Non-Intersection";NA;1-01-01 08:40:58;"Motorist Overtaking - Misjudged Space";311232;2007;"C: Possible Injury";"Farms, Woods, Pastures";NA;NA;"Missing";"16-20 mph";"Injury";"/Missing";NA;NA;"No";"Yes";"Daylight";"Rural (<30% Developed)";"2 lanes";2;"Straight - Level";"State Secondary Route";"Dry";"Two-Way, Not Divided";"None";"No Special Feature";"Smooth Asphalt";"Piedmont";"Rural";"40 - 45  MPH";"No Control Present";"Clear";"No";"35.938232, -79.1048"
"661";28;29;"Yes";"40-49";42;"No";"With Traffic";"K: Killed";"Bike Lane / Paved Shoulder";"White";"Male";"Charlotte";"Mecklenburg";"Yes";"01-01-02";2007-01-09;"Motorist Overtaking Bicyclist";8;"Non-Intersection";NA;1-01-01 08:21:58;"Motorist Overtaking - Other /";321239;2007;"K: Killed";"Residential";"25-29";27;"Yes";"36-40 mph";"O: No Injury";"White";"Female";"Passenger Car";"No";"No";"Daylight";"Urban (>70% Developed)";"2 lanes";2;"Straight - Level";"Local Street";"Dry";"Two-Way, Not Divided";"None";"No Special Feature";"Smooth Asphalt";"Piedmont";"Urban";"40 - 45  MPH";"No Control Present";"Clear";"No";"35.17583, -80.71236"
"662";30;31;"No";"50-59";50;"No";"With Traffic";"C: Possible Injury";"Travel Lane";"White";"Male";"Charlotte";"Mecklenburg";"No";"01-01-04";2007-01-11;"Bicyclist Failed to Yield - Signalized Intersection";11;"Intersection";NA;1-01-01 10:59:58;"Bicyclist Ride Out - Signalized  Intersection";111153;2007;"C: Possible Injury";"Commercial";NA;NA;"Missing";"26-30 mph";"Injury";"/Missing";NA;NA;"No";"Yes";"Daylight";"Urban (>70% Developed)";"3 lanes";2;"Straight - Level";"Local Street";"Dry";"Two-Way, Not Divided";"None";"No Special Feature";"Smooth Asphalt";"Piedmont";"Urban";"40 - 45  MPH";"Stop And Go Signal";"Clear";"No";"35.245506, -80.8931"
"663";31;32;"Yes";NA;12;"No";"Not Applicable";"A: Disabling Injury";"Driveway / Alley";"Black";"Male";"Winston-Salem";"Forsyth";"No";"01-01-05";2007-01-12;"Bicyclist Failed to Yield - Midblock";19;"Non-Intersection";NA;1-01-01 19:18:58;"Bicyclist Ride Out - Commercial Driveway / Alley";353312;2007;"A: Disabling Injury";"Residential";"25-29";28;"No";"21-25 mph";"O: No Injury";"Hispanic";"Male";NA;"No";"Yes";"Dark - Lighted Roadway";"Urban (>70% Developed)";"2 lanes";2;"Straight - Grade";"Local Street";"Dry";"Two-Way, Not Divided";"None";"No Special Feature";"Smooth Asphalt";"Piedmont";"Urban";"20 - 25  MPH";"No Control Present";"Clear";"No";"36.08168, -80.22822"
"664";36;37;"Yes";NA;11;"No";"Not Applicable";"B: Evident Injury";"Non-Roadway";"Black";"Male";"Durham";"Durham";"No";"01-01-05";2007-03-23;"Bicyclist Failed to Yield - Signalized Intersection";18;"Intersection-Related";"01-03-01";1-01-01 18:10:58;"Bicyclist Ride Out - Signalized  Intersection";263153;2007;"B: Evident Injury";"Commercial";"20-24";24;"No";"21-25 mph";"O: No Injury";"Black";"Male";"Passenger Car";"No";"No";"Daylight";"Urban (>70% Developed)";"2 lanes";2;"Straight - Level";"Local Street";"Dry";"Two-Way, Not Divided";"None";"No Special Feature";"Smooth Asphalt";"Piedmont";"Urban";"30 - 35  MPH";"No Control Present";"Clear";"No";"35.99294, -78.870125"
"665";37;38;"Yes";"25-29";28;"No";"With Traffic";"B: Evident Injury";"Travel Lane";"Black";"Male";"Durham";"Durham";"No";"01-01-06";2007-03-24;"Motorist Failed to Yield - Sign-Controlled Intersection";20;"Intersection";"01-03-01";1-01-01 20:40:58;"Motorist Drive Out - Sign-Controlled Intersection";111141;2007;"B: Evident Injury";"Residential";NA;NA;"Missing";"6-10 mph";"Injury";"/Missing";NA;"Passenger Car";"No";"Yes";"Dark - Roadway Not Lighted";"Urban (>70% Developed)";"4 lanes";2;"Straight - Grade";"Local Street";"Dry";"Two-Way, Not Divided";"None";"Four-Way Intersection";"Coarse Asphalt";"Piedmont";"Urban";"30 - 35  MPH";"Stop Sign";"Clear";"No";"35.991573, -78.874756"
"666";41;42;"Yes";"40-49";46;"No";"With Traffic";"K: Killed";"Bike Lane / Paved Shoulder";"White";"Male";"None - Rural Crash";"Cleveland";"No";"01-01-05";2007-01-19;"Parallel Paths - Other Circumstances";12;"Non-Intersection";NA;1-01-01 12:05:58;"Parallel Paths - Other /";321280;2007;"K: Killed";"Farms, Woods, Pastures";"30-39";35;"No";"56-60 mph";"O: No Injury";"White";"Male";"Tractor/Semi-Trailer";"No";"No";"Daylight";"Rural (<30% Developed)";"4 lanes";2;"Straight - Level";"US Route";"Dry";"Two-Way, Divided, Positive Median Barrier";"None";"No Special Feature";"Smooth Asphalt";"Mountains";"Rural";"60 - 75 MPH";"No Control Present";"Clear";"No";"35.246716, -81.42572"