"FID";"OBJECTID";"AmbulanceR";"BikeAge_Gr";"Bike_Age";"Bike_Alc_D";"Bike_Dir";"Bike_Injur";"Bike_Pos";"Bike_Race";"Bike_Sex";"City";"County";"CrashAlcoh";"CrashDay";"Crash_Date";"Crash_Grp";"Crash_Hour";"Crash_Loc";"Crash_Mont";"Crash_Time";"Crash_Type";"Crash_Ty_1";"Crash_Year";"Crsh_Sevri";"Developmen";"DrvrAge_Gr";"Drvr_Age";"Drvr_Alc_D";"Drvr_EstSp";"Drvr_Injur";"Drvr_Race";"Drvr_Sex";"Drvr_VehTy";"ExcsSpdInd";"Hit_Run";"Light_Cond";"Locality";"Num_Lanes";"Num_Units";"Rd_Charact";"Rd_Class";"Rd_Conditi";"Rd_Config";"Rd_Defects";"Rd_Feature";"Rd_Surface";"Region";"Rural_Urba";"Speed_Limi";"Traff_Cntr";"Weather";"Workzone_I";"Location"
"667";44;45;"No";"30-39";32;"No";"With Traffic";"O: No Injury";"Travel Lane";"Black";"Male";"Charlotte";"Mecklenburg";"No";"01-01-05";2007-01-19;"Loss of Control / Turning Error";11;"Intersection-Related";NA;1-01-01 11:37:58;"Bicyclist Turning Error - Right Turn";211115;2007;"O: No Injury";"Residential";"40-49";44;"No";"0-5 mph";"O: No Injury";"White";"Male";"Passenger Car";"No";"No";"Daylight";"Urban (>70% Developed)";"2 lanes";2;"Straight - Level";"Local Street";"Dry";"Two-Way, Not Divided";"None";"No Special Feature";"Smooth Asphalt";"Piedmont";"Urban";"20 - 25  MPH";"Stop Sign";"Clear";"No";"35.211964, -80.855385"
"668";64;65;"No";"15-Nov";13;"No";"With Traffic";"Injury";"Sidewalk / Crosswalk / Driveway Crossing";"/Missing";"Male";"Havelock";"Craven";"No";"01-01-03";2007-02-07;"Motorist Right Turn / Merge";7;"Non-Intersection";"01-02-01";1-01-01 07:35:58;"Motorist Right Turn - Same Direction";331213;2007;"O: No Injury";"Commercial";"0-19";17;"No";"6-10 mph";"O: No Injury";"White";"Female";"Pickup";"No";"No";"Daylight";"Urban (>70% Developed)";"4 lanes";2;"Straight - Level";"Public Vehicular Area";"Dry";"Two-Way, Not Divided";"None";"Driveway, Public";"Smooth Asphalt";"Coastal";"Urban";"30 - 35  MPH";"No Control Present";"Clear";"No";"34.882698, -76.91064"
"669";68;69;"Yes";"20-24";20;"Yes";NA;"B: Evident Injury";"Travel Lane";"Hispanic";"Male";"Monroe";"Union";"Yes";NA;2007-02-12;"Bicyclist Failed to Yield - Sign-Controlled Intersection";19;"Intersection";"01-02-01";1-01-01 19:43:58;"Bicyclist Ride Out - Sign-Controlled Intersection";119142;2007;"B: Evident Injury";"Commercial";"30-39";32;"No";"31-35 mph";"O: No Injury";"White";"Female";"Passenger Car";"No";"No";"Dark - Roadway Not Lighted";"Urban (>70% Developed)";"2 lanes";2;"Straight - Level";"NC Route";"Dry";"Two-Way, Not Divided";"None";"Four-Way Intersection";"Coarse Asphalt";"Piedmont";"Urban";"30 - 35  MPH";"Stop Sign";"Clear";"No";"34.974567, -80.55748"
"670";70;71;"Yes";"15-Nov";11;"No";"With Traffic";"C: Possible Injury";NA;"White";"Female";"Cary";"Wake";"No";"01-01-07";2007-04-22;"Crossing Paths - Other Circumstances";16;"Intersection";"01-04-01";1-01-01 16:39:58;"Crossing Paths - Intersection - Other /";191180;2007;"C: Possible Injury";"Residential";"20-24";20;"No";"46-50 mph";"O: No Injury";"White";"Male";"Passenger Car";"No";"No";"Daylight";"Urban (>70% Developed)";"4 lanes";2;"Curve - Grade";"State Secondary Route";"Dry";"Two-Way, Divided, Unprotected Median";"None";"No Special Feature";"Smooth Asphalt";"Piedmont";"Urban";"30 - 35  MPH";"No Control Present";"Clear";"No";"35.767086, -78.767784"
"671";505;506;"No";"10-Jun";8;"No";"Facing Traffic";"B: Evident Injury";"Travel Lane";"White";"Female";"Emerald Isle";"Carteret";"No";"01-01-03";2007-07-04;"Parallel Paths - Other Circumstances";16;"Non-Intersection";"01-07-01";1-01-01 16:49:58;"Parallel Paths - Other /";312280;2007;"B: Evident Injury";"Residential";"50-59";59;"No";"0-5 mph";"O: No Injury";"White";"Female";"Passenger Car";"No";"No";"Daylight";"Urban (>70% Developed)";"2 lanes";2;"Straight - Hillcrest";"Local Street";"Dry";"Two-Way, Not Divided";"None";"Driveway, Public";"Coarse Asphalt";"Coastal";"Rural";"20 - 25  MPH";"No Control Present";"Clear";"No";"34.670452, -76.99141"
"672";509;510;"No";"16-19";16;"No";"Facing Traffic";"C: Possible Injury";"Sidewalk / Crosswalk / Driveway Crossing";"White";"Male";"Oak Island";"Brunswick";"No";"01-01-05";2007-07-06;"Motorist Failed to Yield - Sign-Controlled Intersection";18;"Intersection";"01-07-01";1-01-01 18:13:58;"Motorist Drive Out - Sign-Controlled Intersection";132141;2007;"C: Possible Injury";"Residential";"60-69";63;"No";"0-5 mph";"O: No Injury";"White";"Male";"Sport Utility";"No";"No";"Daylight";"Urban (>70% Developed)";"2 lanes";2;"Straight - Level";"Local Street";"Dry";"Two-Way, Not Divided";"None";"Four-Way Intersection";"Smooth Asphalt";"Coastal";"Urban";"20 - 25  MPH";"Stop Sign";"Clear";"No";"33.909832, -78.095474"
"673";513;514;"Yes";"40-49";49;"Yes";"Facing Traffic";"C: Possible Injury";"Sidewalk / Crosswalk / Driveway Crossing";"Black";"Male";"Lumberton";"Robeson";"Yes";"01-01-06";2007-07-07;"Motorist Right Turn / Merge";16;"Non-Intersection";"01-07-01";1-01-01 16:31:58;"Motorist Right Turn - Opposite Direction";332214;2007;"C: Possible Injury";"Commercial";"70+";NA;"No";"31-35 mph";"O: No Injury";"Black";"Male";"Passenger Car";"No";"No";"Dusk";"Urban (>70% Developed)";"4 lanes";2;"Straight - Level";"Public Vehicular Area";"Wet";"Two-Way, Not Divided";"None";"Driveway, Public";"Smooth Asphalt";"Coastal";"Urban";"30 - 35  MPH";"No Control Present";"Cloudy";"No";"34.61778, -79.01531"
"674";519;520;"Yes";"30-39";33;"No";"With Traffic";"B: Evident Injury";"Travel Lane";"White";"Male";"Hickory";"Catawba";"No";"01-01-02";2007-07-10;"Motorist Left Turn / Merge";12;"Intersection";"01-07-01";1-01-01 12:13:58;"Motorist Left Turn - Opposite Direction";111212;2007;"B: Evident Injury";"Commercial";"70+";NA;"No";"0-5 mph";"O: No Injury";"White";"Female";"Passenger Car";"No";"No";"Daylight";"Urban (>70% Developed)";"3 lanes";2;"Straight - Level";"Local Street";"Dry";"Two-Way, Not Divided";"None";"Four-Way Intersection";"Coarse Asphalt";"Piedmont";"Urban";"30 - 35  MPH";"Stop And Go Signal";"Cloudy";"No";"35.73852, -81.33565"
"675";521;522;"Yes";"20-24";20;"No";"Facing Traffic";"C: Possible Injury";"Multi-use Path";"White";"Female";"Kill Devil Hills";"Dare";"No";"01-01-03";2007-07-11;"Motorist Failed to Yield - Sign-Controlled Intersection";12;"Intersection";"01-07-01";1-01-01 12:54:58;"Motorist Drive Out - Sign-Controlled Intersection";142141;2007;"C: Possible Injury";"Residential";"50-59";54;"No";"0-5 mph";"O: No Injury";"White";"Male";"Passenger Car";"No";"No";"Daylight";"Urban (>70% Developed)";"2 lanes";2;"Straight - Level";"Local Street";"Dry";"Two-Way, Not Divided";"None";"T-Intersection";"Coarse Asphalt";"Coastal";"Urban";"30 - 35  MPH";"Stop Sign";"Clear";"No";"36.029617, -75.6667"
"676";527;528;"No";"30-39";35;"No";"With Traffic";"C: Possible Injury";"Travel Lane";"Black";"Female";"Statesville";"Iredell";"No";"01-01-04";2007-07-12;"Motorist Overtaking Bicyclist";20;"Intersection-Related";"01-07-01";1-01-01 20:29:58;"Motorist Overtaking - Other /";211239;2007;"C: Possible Injury";"Residential";"40-49";41;"No";"6-10 mph";"Injury";"Black";"Male";NA;"No";"Yes";"Dark -  Lighting";"Urban (>70% Developed)";"2 lanes";2;"Straight - Level";"Local Street";"Dry";"Two-Way, Not Divided";"None";"No Special Feature";"Smooth Asphalt";"Piedmont";"Urban";"30 - 35  MPH";"No Control Present";"Clear";"No";"35.764915, -80.896095"
"677";530;531;"Yes";NA;NA;"No";"With Traffic";"B: Evident Injury";"Travel Lane";"White";"Male";"None - Rural Crash";"Wake";"No";"01-01-05";2007-07-13;"Bicyclist Overtaking Motorist";17;"Non-Intersection";"01-07-01";1-01-01 17:22:58;"Bicyclist Overtaking - Other /";311249;2007;"B: Evident Injury";"Farms, Woods, Pastures";"40-49";42;"No";NA;"O: No Injury";"Asian";"Female";"Passenger Car";"No";"No";"Daylight";"Rural (<30% Developed)";"2 lanes";2;"Straight - Level";"State Secondary Route";"Dry";"Two-Way, Not Divided";"None";"No Special Feature";"Smooth Asphalt";"Piedmont";"Rural";"40 - 45  MPH";"Double Yellow Line, No Passing Zone";"Clear";"No";"35.91785, -78.63391"
"678";537;538;"Yes";"30-39";36;"No";"With Traffic";"B: Evident Injury";"Travel Lane";"Black";"Male";"None - Rural Crash";"Brunswick";"No";"01-01-02";2007-07-03;"Motorist Overtaking Bicyclist";23;"Non-Intersection";"01-07-01";1-01-01 23:06:58;"Motorist Overtaking - Undetected Bicyclist";311231;2007;"B: Evident Injury";"Farms, Woods, Pastures";NA;NA;"Missing";"36-40 mph";"Injury";"/Missing";NA;NA;"No";"Yes";"Dark - Roadway Not Lighted";"Rural (<30% Developed)";"2 lanes";2;"Straight - Level";"State Secondary Route";"Dry";"Two-Way, Not Divided";"None";"No Special Feature";"Smooth Asphalt";"Coastal";"Rural";"50 - 55  MPH";"Double Yellow Line, No Passing Zone";"Clear";"No";"34.304356, -78.07717"
"679";543;544;"Yes";"30-39";34;"No";"With Traffic";"B: Evident Injury";"Bike Lane / Paved Shoulder";"White";"Male";"Charlotte";"Mecklenburg";"No";"01-01-07";2007-10-21;"Motorist Right Turn / Merge";16;"Intersection";"01-10-01";1-01-01 16:01:58;"Motorist Right Turn - Same Direction";121213;2007;"B: Evident Injury";"Commercial";"40-49";45;"No";"31-35 mph";"O: No Injury";"White";"Female";"Sport Utility";"No";"No";"Daylight";"Urban (>70% Developed)";"4 lanes";2;"Straight - Level";"Local Street";"Dry";"Two-Way, Divided, Unprotected Median";"None";"No Special Feature";"Smooth Asphalt";"Piedmont";"Urban";"30 - 35  MPH";"No Control Present";"Clear";"No";"35.199734, -80.84173"
"680";546;547;"Yes";"30-39";39;"No";"With Traffic";"C: Possible Injury";"Bike Lane / Paved Shoulder";"White";"Male";"Beaufort";"Carteret";"No";"01-01-05";2007-10-19;"Motorist Overtaking Bicyclist";12;"Intersection";"01-10-01";1-01-01 12:39:58;"Motorist Overtaking - Other /";121239;2007;"C: Possible Injury";"Commercial";"30-39";31;"No";"26-30 mph";"O: No Injury";"White";"Female";"Sport Utility";"No";"No";"Daylight";"Urban (>70% Developed)";"3 lanes";2;"Straight - Level";"Local Street";"Dry";"Two-Way, Divided, Unprotected Median";"None";"No Special Feature";"Smooth Asphalt";"Coastal";"Rural";"30 - 35  MPH";"No Control Present";"Clear";"No";"34.731667, -76.63813"
"681";547;548;"Yes";"10-Jun";7;"Yes";"Not Applicable";"B: Evident Injury";"Driveway / Alley";"Black";"Male";"Raleigh";"Wake";"Yes";NA;2007-07-16;"Bicyclist Failed to Yield - Midblock";18;"Non-Intersection";"01-07-01";1-01-01 18:18:58;"Bicyclist Ride Out - Residential Driveway";353311;2007;"B: Evident Injury";"Commercial";"50-59";54;"No";"0-5 mph";"O: No Injury";"Black";"Male";"Van";"No";"No";"Daylight";"Urban (>70% Developed)";"2 lanes";2;"Straight - Level";"Local Street";"Dry";"Two-Way, Not Divided";"None";"No Special Feature";"Smooth Asphalt";"Piedmont";"Urban";"30 - 35  MPH";"No Control Present";"Clear";"No";"35.769558, -78.62348"
"682";551;552;"Yes";"40-49";41;"No";NA;"B: Evident Injury";"Non-Roadway";"Black";"Male";"Salisbury";"Rowan";"No";"01-01-02";2007-10-23;"Non-Roadway";17;"Non-Roadway";"01-10-01";1-01-01 17:24:58;"Non-Roadway";460910;2007;"B: Evident Injury";"Commercial";"70+";NA;"No";"6-10 mph";"O: No Injury";"White";"Female";"Passenger Car";"No";"No";"Daylight";"Urban (>70% Developed)";NA;2;"Straight - Level";"Public Vehicular Area";"Dry";"Two-Way, Not Divided";"None";"No Special Feature";"Smooth Asphalt";"Piedmont";"Urban";"5 - 15 MPH";"No Control Present";"Cloudy";"No";"35.685604, -80.48285"
"683";552;553;"Yes";"40-49";46;"No";"Facing Traffic";"B: Evident Injury";"Sidewalk / Crosswalk / Driveway Crossing";"White";"Male";"Charlotte";"Mecklenburg";"No";"01-01-03";2007-10-24;"Motorist Left Turn / Merge";7;"Intersection";"01-10-01";1-01-01 07:57:58;"Motorist Left Turn - Same Direction";132211;2007;"B: Evident Injury";"Institutional";"40-49";43;"No";"0-5 mph";"O: No Injury";"White";"Female";"Van";"No";"No";"Daylight";"Urban (>70% Developed)";"4 lanes";2;"Straight - Level";"Local Street";"Wet";"Two-Way, Not Divided";"None";"No Special Feature";"Smooth Asphalt";"Piedmont";"Urban";"30 - 35  MPH";"No Control Present";"Cloudy";"No";"35.18753, -80.852806"
"684";554;555;"Yes";"30-39";30;"No";"With Traffic";"B: Evident Injury";"Travel Lane";"White";"Male";"Jacksonville";"Onslow";"Yes";"01-01-04";2007-07-19;"Motorist Overtaking Bicyclist";8;"Non-Intersection";"01-07-01";1-01-01 08:16:58;"Motorist Overtaking - Other /";311239;2007;"B: Evident Injury";"Commercial";"30-39";36;"Yes";"41-45 mph";"Injury";"/Missing";NA;"Passenger Car";"No";"Yes";"Daylight";"Urban (>70% Developed)";"4 lanes";2;"Straight - Level";"US Route";"Dry";"Two-Way, Not Divided";"None";"Bridge";"Concrete";"Coastal";"Urban";"40 - 45  MPH";"No Control Present";"Clear";"No";"34.751995, -77.43861"
"685";564;565;"Yes";"10-Jun";10;"No";NA;"B: Evident Injury";"Travel Lane";"White";"Male";"Wrightsville Beach";"New Hanover";"No";"01-01-05";2007-07-20;"Bicyclist Failed to Yield - Sign-Controlled Intersection";11;"Intersection";"01-07-01";1-01-01 11:08:58;"Bicyclist Ride Through - Sign-Controlled Intersection";119144;2007;"B: Evident Injury";"Residential";"50-59";53;"No";"16-20 mph";"O: No Injury";"White";"Male";"Van";"No";"No";"Daylight";"Urban (>70% Developed)";"4 lanes";2;"Straight - Level";"Local Street";"Dry";"Two-Way, Not Divided";"None";"T-Intersection";"Coarse Asphalt";"Coastal";"Rural";"30 - 35  MPH";"Stop Sign";"Clear";"No";"34.206436, -77.79705"
"686";569;570;"Yes";"20-24";24;"No";"With Traffic";"K: Killed";"Travel Lane";"Black";"Male";"None - Rural Crash";"Person";"No";NA;2007-07-23;"Motorist Overtaking Bicyclist";17;"Non-Intersection";"01-07-01";1-01-01 17:19:58;"Motorist Overtaking - Other /";311239;2007;"K: Killed";"Farms, Woods, Pastures";"20-24";21;"No";"56-60 mph";"C: Possible Injury";"White";"Male";"Pickup";"No";"No";"Daylight";"Rural (<30% Developed)";"4 lanes";2;"Straight - Level";"US Route";"Dry";"Two-Way, Divided, Unprotected Median";"None";"No Special Feature";"Smooth Asphalt";"Piedmont";"Rural";"50 - 55  MPH";"No Control Present";"Clear";"No";"36.37689, -78.982834"
"687";577;578;"Yes";"20-24";24;"No";NA;"C: Possible Injury";"Sidewalk / Crosswalk / Driveway Crossing";"Black";"Male";"Durham";"Durham";"No";"01-01-03";2007-10-31;"Motorist Failed to Yield - Signalized Intersection";19;"Intersection";"01-10-01";1-01-01 19:41:58;"Motorist Drive Out - Right Turn on Red";139151;2007;"C: Possible Injury";"Residential";"40-49";44;"No";"0-5 mph";"O: No Injury";"White";"Male";"Sport Utility";"No";"No";"Dark - Lighted Roadway";"Urban (>70% Developed)";"4 lanes";2;"Straight - Level";"Local Street";"Dry";"Two-Way, Not Divided";"None";"No Special Feature";"Smooth Asphalt";"Piedmont";"Urban";"30 - 35  MPH";"Stop And Go Signal";"Clear";"No";"35.959927, -78.910614"
"688";584;585;"Yes";"20-24";20;"No";"With Traffic";"B: Evident Injury";"Travel Lane";"White";"Male";"None - Rural Crash";"Caswell";"No";"01-01-04";2007-07-26;"Head-On";20;"Intersection";"01-07-01";1-01-01 20:18:58;"Head-On - Motorist";111255;2007;"B: Evident Injury";"Farms, Woods, Pastures";NA;NA;"Missing";"51-55 mph";"Injury";"/Missing";NA;NA;"No";"Yes";"Dusk";"Rural (<30% Developed)";"2 lanes";3;"Curve - Level";"State Secondary Route";"Dry";"Two-Way, Not Divided";"None";"No Special Feature";"Smooth Asphalt";"Piedmont";"Rural";"50 - 55  MPH";"Double Yellow Line, No Passing Zone";"Clear";"No";"36.39728, -79.502975"
"689";585;586;"Yes";"50-59";52;"No";"Not Applicable";"C: Possible Injury";"Driveway / Alley";"Black";"Male";"Rocky Mount";"Edgecombe";"No";"01-01-04";2007-07-26;"Motorist Right Turn / Merge";18;"Non-Intersection";"01-07-01";1-01-01 18:57:58;"Motorist Right Turn - Opposite Direction";353214;2007;"C: Possible Injury";"Residential";"20-24";22;"No";"0-5 mph";"O: No Injury";"Black";"Female";"Passenger Car";"No";"No";"Daylight";"Urban (>70% Developed)";"5 lanes";2;"Straight - Level";"Local Street";"Dry";"Two-Way, Not Divided";"None";"No Special Feature";"Smooth Asphalt";"Coastal";"Urban";"30 - 35  MPH";"Stop And Go Signal";"Clear";"No";"35.94465, -77.77644"
"690";586;587;"Yes";"25-29";28;"No";"Facing Traffic";"C: Possible Injury";"Travel Lane";"Hispanic";"Female";"Matthews";"Mecklenburg";"No";"01-01-05";2007-08-17;"Motorist Failed to Yield - Midblock";16;"Non-Intersection";"01-08-01";1-01-01 16:06:58;"Motorist Drive Out - Commercial Driveway / Alley";312322;2007;"C: Possible Injury";"Commercial";"30-39";36;"No";"6-10 mph";"O: No Injury";"White";"Male";"Light Truck (Mini-Van, Panel)";"No";"No";"Daylight";"Mixed (30% To 70% Developed)";"4 lanes";2;"Straight - Level";"US Route";"Dry";"Two-Way, Divided, Positive Median Barrier";"Other";"T-Intersection";"Smooth Asphalt";"Piedmont";"Urban";"20 - 25  MPH";"Stop Sign";"Clear";"No";"35.142757, -80.72024"
"691";587;588;"Yes";"16-19";18;"No";"Facing Traffic";"B: Evident Injury";"Travel Lane";"Black";"Male";"Greenville";"Pitt";"No";"01-01-04";2007-07-26;"Bicyclist Failed to Yield - Signalized Intersection";17;"Intersection";"01-07-01";1-01-01 17:14:58;"Bicyclist Ride Through - Signalized Intersection";112155;2007;"B: Evident Injury";"Commercial";"20-24";22;"No";"31-35 mph";"O: No Injury";"White";"Male";"Pickup";"No";"No";"Daylight";"Urban (>70% Developed)";"5 lanes";3;"Straight - Level";"Local Street";"Dry";"Two-Way, Not Divided";"None";"Four-Way Intersection";"Smooth Asphalt";"Coastal";"Urban";"40 - 45  MPH";"Stop And Go Signal";"Clear";"No";"35.6018, -77.37542"
"692";596;597;"Yes";"40-49";43;"No";"With Traffic";"C: Possible Injury";"Travel Lane";"White";"Male";"Wilmington";"New Hanover";"No";"01-01-06";2007-07-28;"Loss of Control / Turning Error";18;"Intersection";"01-07-01";1-01-01 18:30:58;"Bicyclist Lost Control - Mechanical Problems";111121;2007;"C: Possible Injury";"Commercial";"0-19";19;"No";"0-5 mph";"O: No Injury";"White";"Male";"Passenger Car";"No";"No";"Daylight";"Urban (>70% Developed)";"6 lanes";2;"Straight - Level";"Local Street";"Wet";"Two-Way, Not Divided";"None";"T-Intersection";"Smooth Asphalt";"Coastal";"Urban";"40 - 45  MPH";"Stop Sign";"Cloudy";"No";"34.209835, -77.83915"
"693";597;598;"Yes";"16-19";19;"No";"With Traffic";"B: Evident Injury";"Travel Lane";"White";"Male";"Cary";"Wake";"No";"01-01-06";2007-10-20;"Motorist Failed to Yield - Sign-Controlled Intersection";10;"Intersection";"01-10-01";1-01-01 10:29:58;"Motorist Drive Out - Sign-Controlled Intersection";111141;2007;"B: Evident Injury";"Residential";"40-49";47;"No";"16-20 mph";"O: No Injury";"White";"Male";"Passenger Car";"No";"No";"Daylight";"Urban (>70% Developed)";"2 lanes";2;"Straight - Grade";"Local Street";"Dry";"Two-Way, Not Divided";"None";"Four-Way Intersection";"Coarse Asphalt";"Piedmont";"Urban";"20 - 25  MPH";"Stop Sign";"Clear";"Yes";"35.81396, -78.906944"
"694";599;600;"No";"16-19";17;"No";"With Traffic";"O: No Injury";"Travel Lane";"White";"Male";"Oak Island";"Brunswick";"No";"01-01-07";2007-07-29;"Bicyclist Left Turn / Merge";19;"Intersection";"01-07-01";1-01-01 19:19:58;"Bicyclist Left Turn - Same Direction";111221;2007;"O: No Injury";"Residential";"60-69";65;"No";"21-25 mph";"O: No Injury";"White";"Male";"Passenger Car";"No";"No";"Daylight";"Urban (>70% Developed)";"2 lanes";2;"Straight - Level";"Local Street";"Dry";"Two-Way, Not Divided";"None";"T-Intersection";"Smooth Asphalt";"Coastal";"Urban";"20 - 25  MPH";"No Control Present";"Clear";"No";"33.91119, -78.08497"
"695";611;612;"Yes";"30-39";33;"No";"With Traffic";"C: Possible Injury";"Travel Lane";"Black";"Male";"Greensboro";"Guilford";"No";"01-01-02";2007-07-31;"Bicyclist Failed to Yield - Signalized Intersection";23;"Intersection";"01-07-01";1-01-01 23:49:58;"Bicyclist Failed to Clear - Trapped";111156;2007;"C: Possible Injury";"Residential";"50-59";54;"No";"6-10 mph";"O: No Injury";"Black";"Male";"Sport Utility";"No";"No";"Dark - Lighted Roadway";"Urban (>70% Developed)";"6 lanes";2;"Straight - Level";"Local Street";"Dry";"Two-Way, Divided, Positive Median Barrier";"None";"No Special Feature";"Coarse Asphalt";"Piedmont";"Urban";"30 - 35  MPH";"Stop And Go Signal";"Clear";"No";"36.05173, -79.79774"
"696";614;615;"Yes";"10-Jun";7;"No";"Not Applicable";"A: Disabling Injury";"Driveway / Alley";"White";"Male";"High Point";"Guilford";"No";"01-01-03";2007-08-01;"Bicyclist Failed to Yield - Midblock";13;"Non-Intersection";"01-08-01";1-01-01 13:56:58;"Bicyclist Ride Out - Residential Driveway";353311;2007;"A: Disabling Injury";"Residential";"30-39";33;"No";"36-40 mph";"O: No Injury";"Black";"Female";"Passenger Car";"No";"No";"Daylight";"Urban (>70% Developed)";"2 lanes";2;"Straight - Grade";"Local Street";"Dry";"Two-Way, Not Divided";"None";"No Special Feature";"Smooth Asphalt";"Piedmont";"Urban";"30 - 35  MPH";"No Control Present";"Clear";"No";"35.94954, -80.02042"
"697";615;616;"No";"15-Nov";12;"No";"With Traffic";"B: Evident Injury";"Travel Lane";"Black";"Male";"Black Mountain";"Buncombe";"No";"01-01-04";2007-08-02;"Loss of Control / Turning Error";13;"Non-Intersection";"01-08-01";1-01-01 13:39:58;"Bicyclist Lost Control - Other /";311129;2007;"B: Evident Injury";"Residential";NA;NA;"Missing";NA;"Injury";"/Missing";NA;"Passenger Car";"No";"No";"Daylight";"Mixed (30% To 70% Developed)";"2 lanes";2;"Straight - Level";"Local Street";"Dry";"Two-Way, Not Divided";"None";"Driveway, Public";"Smooth Asphalt";"Mountains";"Urban";"20 - 25  MPH";"No Control Present";"Clear";"No";"35.629917, -82.318344"
"698";617;618;"No";"15-Nov";13;"No";NA;"C: Possible Injury";NA;"Black";"Female";"Elizabeth City";"Pasquotank";"No";"01-01-04";2007-08-02;"Bicyclist Failed to Yield - Sign-Controlled Intersection";17;"Intersection";"01-08-01";1-01-01 16:59:58;"Bicyclist Ride Out - Sign-Controlled Intersection";199142;2007;"C: Possible Injury";"Residential";"30-39";34;"No";"21-25 mph";"O: No Injury";"Black";"Female";"Pickup";"No";"No";"Daylight";"Urban (>70% Developed)";"2 lanes";2;"Straight - Level";"Local Street";"Dry";"Two-Way, Not Divided";"None";"Four-Way Intersection";"Concrete";"Coastal";"Urban";"20 - 25  MPH";"Stop Sign";"Clear";"No";"36.290222, -76.22429"
"699";618;619;"No";"16-19";18;"No";"With Traffic";"C: Possible Injury";"Sidewalk / Crosswalk / Driveway Crossing";"Black";"Male";"Rocky Mount";"Nash";"No";"01-01-05";2007-08-03;"Bicyclist Failed to Yield - Signalized Intersection";14;"Intersection";"01-08-01";1-01-01 14:37:58;"Bicyclist Ride Out - Signalized  Intersection";131153;2007;"C: Possible Injury";"Commercial";"30-39";30;"No";"26-30 mph";"O: No Injury";"Black";"Male";"Passenger Car";"No";"No";"Daylight";"Urban (>70% Developed)";"3 lanes";2;"Straight - Level";"Local Street";"Dry";"One-Way, Not Divided";"None";"Four-Way Intersection";"Coarse Asphalt";"Coastal";"Urban";"20 - 25  MPH";"Stop And Go Signal";"Clear";"No";"35.94514, -77.79773"
"700";622;623;"Yes";"40-49";45;"No";"Not Applicable";"B: Evident Injury";"Driveway / Alley";"Hispanic";"Male";"Spring Lake";"Cumberland";"No";"01-01-05";2007-11-09;"Bicyclist Failed to Yield - Midblock";20;"Non-Intersection";"01-11-01";1-01-01 20:33:58;"Bicyclist Ride Out - Commercial Driveway / Alley";353312;2007;"B: Evident Injury";"Commercial";"40-49";42;"No";"41-45 mph";"O: No Injury";"Black";"Male";"Passenger Car";"No";"No";"Dark - Lighted Roadway";"Urban (>70% Developed)";"2 lanes";2;"Straight - Level";"Local Street";"Dry";"Two-Way, Not Divided";"None";"No Special Feature";"Coarse Asphalt";"Coastal";"Urban";"20 - 25  MPH";"No Control Present";"Clear";"No";"35.165222, -78.97323"
"701";99;100;"No";"40-49";46;"No";"Facing Traffic";"O: No Injury";"Travel Lane";"Black";"Male";"None - Rural Crash";"Jones";"No";"01-01-06";2007-03-03;"Head-On";19;"Non-Intersection";"01-03-01";1-01-01 19:22:58;"Head-On - Bicyclist";312250;2007;"O: No Injury";"Farms, Woods, Pastures";"40-49";43;"No";"51-55 mph";"O: No Injury";"Black";"Female";"Sport Utility";"No";"No";"Dark - Roadway Not Lighted";"Rural (<30% Developed)";"2 lanes";2;"Straight - Level";"US Route";"Dry";"Two-Way, Not Divided";"None";"No Special Feature";"Smooth Asphalt";"Coastal";"Rural";"50 - 55  MPH";"Double Yellow Line, No Passing Zone";"Clear";"No";"35.013, -77.217964"
"702";101;102;"Yes";"60-69";65;"No";"With Traffic";"A: Disabling Injury";"Travel Lane";"White";"Male";"None - Rural Crash";"Davidson";"No";"01-01-02";2007-03-06;"Motorist Overtaking Bicyclist";14;"Non-Intersection";"01-03-01";1-01-01 14:08:58;"Motorist Overtaking - Other /";311239;2007;"A: Disabling Injury";"Residential";"0-19";19;"No";"56-60 mph";"O: No Injury";"White";"Female";"Passenger Car";"No";"No";"Daylight";"Mixed (30% To 70% Developed)";"5 lanes";2;"Straight - Grade";"US Route";"Dry";"Two-Way, Not Divided";"None";"No Special Feature";"Smooth Asphalt";"Piedmont";"Rural";"50 - 55  MPH";"No Control Present";"Clear";"No";"35.81324, -80.19303"
"703";104;105;"Yes";"40-49";45;"Yes";"With Traffic";"B: Evident Injury";"Sidewalk / Crosswalk / Driveway Crossing";"White";"Male";"Beaufort";"Carteret";"Yes";"01-01-04";2007-05-17;"Loss of Control / Turning Error";15;"Intersection";"01-05-01";1-01-01 15:49:58;"Bicylist Lost Control - Alcohol / Drug Impairment";131123;2007;"B: Evident Injury";"Commercial";"60-69";66;"No";"31-35 mph";"O: No Injury";"White";"Male";"Pickup";"No";"No";"Daylight";"Urban (>70% Developed)";"4 lanes";2;"Straight - Level";"US Route";"Wet";"Two-Way, Not Divided";"None";"Four-Way Intersection";"Smooth Asphalt";"Coastal";"Rural";"30 - 35  MPH";"Stop And Go Signal";"Cloudy";"No";"34.720776, -76.662926"