"FID";"OBJECTID";"AmbulanceR";"BikeAge_Gr";"Bike_Age";"Bike_Alc_D";"Bike_Dir";"Bike_Injur";"Bike_Pos";"Bike_Race";"Bike_Sex";"City";"County";"CrashAlcoh";"CrashDay";"Crash_Date";"Crash_Grp";"Crash_Hour";"Crash_Loc";"Crash_Mont";"Crash_Time";"Crash_Type";"Crash_Ty_1";"Crash_Year";"Crsh_Sevri";"Developmen";"DrvrAge_Gr";"Drvr_Age";"Drvr_Alc_D";"Drvr_EstSp";"Drvr_Injur";"Drvr_Race";"Drvr_Sex";"Drvr_VehTy";"ExcsSpdInd";"Hit_Run";"Light_Cond";"Locality";"Num_Lanes";"Num_Units";"Rd_Charact";"Rd_Class";"Rd_Conditi";"Rd_Config";"Rd_Defects";"Rd_Feature";"Rd_Surface";"Region";"Rural_Urba";"Speed_Limi";"Traff_Cntr";"Weather";"Workzone_I";"Location"
"704";108;109;"No";"30-39";36;"No";"Facing Traffic";"C: Possible Injury";"Travel Lane";"White";"Female";"Charlotte";"Mecklenburg";"No";"01-01-05";2007-03-09;"Motorist Failed to Yield - Midblock";17;"Non-Intersection";"01-03-01";1-01-01 17:53:58;"Motorist Drive Out - Commercial Driveway / Alley";312322;2007;"C: Possible Injury";"Commercial";"50-59";55;"No";"0-5 mph";"O: No Injury";"White";"Female";"Van";"No";"No";"Daylight";"Urban (>70% Developed)";"4 lanes";2;"Straight - Level";"Local Street";"Dry";"Two-Way, Divided, Positive Median Barrier";"None";"No Special Feature";"Smooth Asphalt";"Piedmont";"Urban";"30 - 35  MPH";"No Control Present";"Clear";"No";"35.197334, -80.7925"
"705";115;116;"Yes";"20-24";20;"No";"Facing Traffic";"C: Possible Injury";"Travel Lane";"White";"Male";"Durham";"Durham";"No";"01-01-02";2007-05-29;"Motorist Failed to Yield - Signalized Intersection";10;"Intersection";"01-05-01";1-01-01 10:04:58;"Motorist Drive Out - Right Turn on Red";112151;2007;"C: Possible Injury";"Commercial";"20-24";23;"No";"31-35 mph";"O: No Injury";"Black";"Female";"Passenger Car";"No";"No";"Daylight";"Urban (>70% Developed)";"3 lanes";2;"Straight - Level";"Local Street";"Dry";"Two-Way, Not Divided";"None";"No Special Feature";"Coarse Asphalt";"Piedmont";"Urban";"30 - 35  MPH";"Stop And Go Signal";"Clear";"No";"36.009754, -78.95458"
"706";116;117;"Yes";"15-Nov";12;"No";"With Traffic";"C: Possible Injury";"Sidewalk / Crosswalk / Driveway Crossing";"White";"Male";"Lexington";"Davidson";"No";"01-01-03";2007-03-14;"Bicyclist Left Turn / Merge";16;"Intersection";"01-03-01";1-01-01 16:58:58;"Bicyclist Left Turn - Same Direction";131221;2007;"C: Possible Injury";"Commercial";"40-49";49;"No";"16-20 mph";"O: No Injury";"White";"Female";"Sport Utility";"No";"No";"Daylight";"Urban (>70% Developed)";"4 lanes";2;"Straight - Level";"Local Street";"Dry";"Two-Way, Not Divided";"None";"T-Intersection";"Smooth Asphalt";"Piedmont";"Urban";"30 - 35  MPH";"Stop Sign";"Clear";"No";"35.829586, -80.246445"
"707";127;128;"Yes";"15-Nov";15;"No";NA;"B: Evident Injury";"Sidewalk / Crosswalk / Driveway Crossing";"Black";"Male";"Cary";"Wake";"No";"01-01-05";2007-05-11;"Motorist Failed to Yield - Signalized Intersection";15;"Intersection";"01-05-01";1-01-01 15:16:58;"Motorist Drive Out - Right Turn on Red";139151;2007;"B: Evident Injury";"Commercial";"20-24";22;"No";"0-5 mph";"O: No Injury";"White";"Female";"Passenger Car";"No";"No";"Daylight";"Urban (>70% Developed)";"4 lanes";2;"Straight - Level";"State Secondary Route";"Dry";"Two-Way, Divided, Unprotected Median";"None";"Four-Way Intersection";"Smooth Asphalt";"Piedmont";"Urban";"40 - 45  MPH";"Stop And Go Signal";"Clear";"No";"35.769905, -78.76094"
"708";129;130;"Yes";"10-Jun";7;"No";NA;"A: Disabling Injury";"Travel Lane";"White";"Female";"None - Rural Crash";"Johnston";"No";NA;2007-03-12;"Bicyclist Failed to Yield - Sign-Controlled Intersection";18;"Intersection";"01-03-01";1-01-01 18:11:58;"Bicyclist Ride Through - Sign-Controlled Intersection";119144;2007;"A: Disabling Injury";"Residential";"30-39";36;"No";"21-25 mph";"O: No Injury";"White";"Female";"Van";"No";"No";"Daylight";"Mixed (30% To 70% Developed)";"2 lanes";2;"Straight - Level";"State Secondary Route";"Dry";"Two-Way, Not Divided";"None";"Y-Intersection";"Coarse Asphalt";"Coastal";"Rural";"20 - 25  MPH";"Stop Sign";"Clear";"No";"35.566406, -78.547905"
"709";143;144;"Yes";"30-39";36;"No";"Facing Traffic";"C: Possible Injury";"Sidewalk / Crosswalk / Driveway Crossing";"Hispanic";"Male";"Cary";"Wake";"No";"01-01-04";2007-06-07;"Motorist Failed to Yield - Sign-Controlled Intersection";11;"Intersection";"01-06-01";1-01-01 11:58:58;"Motorist Drive Out - Sign-Controlled Intersection";132141;2007;"C: Possible Injury";"Residential";"40-49";49;"No";"0-5 mph";"O: No Injury";"White";"Female";"Sport Utility";"No";"No";"Daylight";"Mixed (30% To 70% Developed)";"2 lanes";2;"Straight - Hillcrest";"Local Street";"Dry";"Two-Way, Not Divided";"None";"T-Intersection";"Smooth Asphalt";"Piedmont";"Urban";"20 - 25  MPH";"Stop Sign";"Clear";"No";"35.76696, -78.77405"
"710";145;146;"Yes";"15-Nov";15;"No";NA;"B: Evident Injury";"Travel Lane";"White";"Male";"Gastonia";"Gaston";"No";"01-01-07";2007-03-25;"Bicyclist Failed to Yield - Sign-Controlled Intersection";18;"Intersection";"01-03-01";1-01-01 18:25:58;"Bicyclist Ride Through - Sign-Controlled Intersection";119144;2007;"B: Evident Injury";"Residential";NA;NA;"Missing";"31-35 mph";"Injury";"/Missing";NA;NA;"No";"Yes";"Daylight";"Urban (>70% Developed)";"2 lanes";2;"Straight - Level";"Local Street";"Dry";"Two-Way, Not Divided";"None";"Four-Way Intersection";"Concrete";"Piedmont";"Urban";"30 - 35  MPH";"Stop Sign";"Clear";"No";"35.260704, -81.17491"
"711";153;154;"Yes";"50-59";51;"No";"With Traffic";"B: Evident Injury";"Travel Lane";"White";"Male";"None - Rural Crash";"Durham";"No";"01-01-02";2007-03-27;"Bicyclist Left Turn / Merge";12;"Intersection-Related";"01-03-01";1-01-01 12:34:58;"Bicyclist Left Turn - Same Direction";211221;2007;"B: Evident Injury";"Commercial";"30-39";37;"No";"21-25 mph";"O: No Injury";"Black";"Male";"Passenger Car";"No";"No";"Daylight";"Mixed (30% To 70% Developed)";"2 lanes";2;"Curve - Grade";"State Secondary Route";"Dry";"Two-Way, Not Divided";"None";"T-Intersection";"Smooth Asphalt";"Piedmont";"Rural";"40 - 45  MPH";"Double Yellow Line, No Passing Zone";"Cloudy";"No";"35.87775, -78.85898"
"712";156;157;"Yes";"16-19";17;"No";"Not Applicable";"C: Possible Injury";NA;"Black";"Male";"None - Rural Crash";"Lenoir";"No";"01-01-04";2007-03-22;"Loss of Control / Turning Error";21;"Non-Intersection";"01-03-01";1-01-01 21:29:58;"Bicylist Lost Control - Alcohol / Drug Impairment";393123;2007;"C: Possible Injury";"Farms, Woods, Pastures";NA;NA;"Missing";NA;"Injury";"/Missing";NA;NA;"No";"Yes";"Dark - Roadway Not Lighted";"Rural (<30% Developed)";"2 lanes";2;"Straight - Level";"State Secondary Route";"Dry";"Two-Way, Not Divided";"None";"No Special Feature";"Smooth Asphalt";"Coastal";"Rural";"50 - 55  MPH";"No Control Present";"Clear";"No";"35.377254, -77.4558"
"713";163;164;"No";"10-Jun";7;"Yes";"Not Applicable";"C: Possible Injury";"Non-Roadway";"Black";"Female";"Shelby";"Cleveland";"Yes";"01-01-05";2007-03-30;"Loss of Control / Turning Error";19;"Non-Intersection";"01-03-01";1-01-01 19:05:58;"Bicyclist Lost Control - Mechanical Problems";363121;2007;"C: Possible Injury";"Residential";"20-24";22;"No";"26-30 mph";"O: No Injury";"Black";"Female";"Sport Utility";"No";"No";"Daylight";"Urban (>70% Developed)";"2 lanes";2;"Straight - Level";"Local Street";"Dry";"Two-Way, Not Divided";"None";"No Special Feature";"Smooth Asphalt";"Mountains";"Urban";"30 - 35  MPH";"No Control Present";"Clear";"No";"35.293934, -81.53182"
"714";170;171;"No";"16-19";18;"No";"With Traffic";"O: No Injury";"Travel Lane";"White";"Male";"Beaufort";"Carteret";"No";NA;2007-06-18;"Crossing Paths - Other Circumstances";23;"Intersection";"01-06-01";1-01-01 23:29:58;"Crossing Paths - Intersection - Other /";111180;2007;"O: No Injury";"Residential";"0-19";18;"No";"0-5 mph";"O: No Injury";"White";"Female";"Sport Utility";"No";"No";"Dark -  Lighting";"Urban (>70% Developed)";"2 lanes";2;"Straight - Level";"Local Street";"Dry";"Two-Way, Not Divided";"None";"Four-Way Intersection";"Smooth Asphalt";"Coastal";"Rural";"20 - 25  MPH";"No Control Present";"Clear";"No";"34.717194, -76.662544"
"715";175;176;"No";"16-19";17;"No";"Facing Traffic";"B: Evident Injury";"Sidewalk / Crosswalk / Driveway Crossing";"White";"Male";"Clemmons";"Forsyth";"No";NA;2007-04-02;"Crossing Paths - Other Circumstances";18;"Intersection";"01-04-01";1-01-01 18:44:58;"Sign-Controlled Intersection - Other /";132148;2007;"B: Evident Injury";"Commercial";"30-39";39;"No";"6-10 mph";"O: No Injury";"White";"Female";"Passenger Car";"No";"No";"Daylight";"Urban (>70% Developed)";"3 lanes";2;"Straight - Level";"State Secondary Route";"Dry";"Two-Way, Not Divided";"None";"Four-Way Intersection";"Smooth Asphalt";"Piedmont";"Urban";"30 - 35  MPH";"Stop Sign";"Clear";"No";"36.03066, -80.38181"
"716";180;181;"Yes";"30-39";33;"No";"With Traffic";"A: Disabling Injury";"Travel Lane";"White";"Male";"None - Rural Crash";"Hoke";"No";"01-01-02";2007-04-03;"Loss of Control / Turning Error";16;"Intersection";"01-04-01";1-01-01 15:59:58;"Motorist Turning Error - Left Turn";111111;2007;"A: Disabling Injury";"Farms, Woods, Pastures";"30-39";31;"No";"31-35 mph";"O: No Injury";"White";"Male";"Pickup";"No";"No";"Daylight";"Mixed (30% To 70% Developed)";"2 lanes";3;"Straight - Level";"State Secondary Route";"Dry";"Two-Way, Not Divided";"None";"Four-Way Intersection";"Smooth Asphalt";"Coastal";"Rural";"50 - 55  MPH";"Stop Sign";"Clear";"No";"35.016075, -79.13635"
"717";182;183;"No";"10-Jun";7;"No";"Not Applicable";"B: Evident Injury";"Driveway / Alley";"White";"Female";"None - Rural Crash";"Randolph";"No";"01-01-03";2007-04-04;"Bicyclist Failed to Yield - Midblock";18;"Non-Intersection";"01-04-01";1-01-01 18:29:58;"Bicyclist Ride Out - Residential Driveway";353311;2007;"B: Evident Injury";"Residential";"0-19";17;"No";"26-30 mph";"O: No Injury";"White";"Male";"Sport Utility";"No";"No";"Daylight";"Urban (>70% Developed)";"2 lanes";2;"Straight - Level";"State Secondary Route";"Dry";"Two-Way, Not Divided";"None";"Driveway, Private";"Smooth Asphalt";"Piedmont";"Rural";"30 - 35  MPH";"Double Yellow Line, No Passing Zone";"Clear";"No";"35.803448, -79.89168"
"718";185;186;"No";NA;NA;"No";NA;"Injury";"Travel Lane";"Black";"Male";"Eden";"Rockingham";"No";"01-01-04";2007-05-31;"Motorist Overtaking Bicyclist";15;"Non-Intersection";"01-05-01";1-01-01 15:13:58;"Motorist Overtaking - Bicyclist Swerved";319235;2007;"O: No Injury";"Residential";"50-59";55;"No";"31-35 mph";"O: No Injury";"Black";"Female";"Passenger Car";"Yes";"No";"Daylight";"Urban (>70% Developed)";"2 lanes";2;"Straight - Bottom";"Local Street";"Dry";"Two-Way, Not Divided";"None";"No Special Feature";"Coarse Asphalt";"Piedmont";"Urban";"20 - 25  MPH";"No Control Present";"Clear";"No";"36.490364, -79.780426"
"719";195;196;"Yes";"20-24";21;"No";NA;"B: Evident Injury";"Sidewalk / Crosswalk / Driveway Crossing";"White";"Female";"Charlotte";"Mecklenburg";"No";"01-01-05";2007-06-29;"Motorist Failed to Yield - Midblock";13;"Non-Intersection";"01-06-01";1-01-01 13:39:58;"Motorist Drive Out - Commercial Driveway / Alley";339322;2007;"B: Evident Injury";"Commercial";"50-59";53;"No";"0-5 mph";"O: No Injury";"White";"Male";"Passenger Car";"No";"No";"Daylight";"Urban (>70% Developed)";"2 lanes";2;"Straight - Level";"Public Vehicular Area";"Dry";"Two-Way, Not Divided";"None";"No Special Feature";"Concrete";"Piedmont";"Urban";"5 - 15 MPH";"No Control Present";"Clear";"No";"35.201366, -80.82501"
"720";199;200;"Yes";"15-Nov";15;"No";"With Traffic";"A: Disabling Injury";"Sidewalk / Crosswalk / Driveway Crossing";"Black";"Male";"Charlotte";"Mecklenburg";"No";NA;2007-04-09;"Bicyclist Failed to Yield - Signalized Intersection";14;"Intersection";"01-04-01";1-01-01 14:15:58;"Bicyclist Ride Out - Signalized  Intersection";131153;2007;"A: Disabling Injury";"Commercial";"50-59";53;"No";"41-45 mph";"O: No Injury";"White";"Male";"Pickup";"No";"No";"Daylight";"Mixed (30% To 70% Developed)";"7 lanes";2;"Straight - Level";"Local Street";"Dry";"Two-Way, Divided, Unprotected Median";"None";"Four-Way Intersection";"Coarse Asphalt";"Piedmont";"Urban";"40 - 45  MPH";"Stop And Go Signal";"Clear";"No";"35.341446, -80.76794"
"721";223;224;"Yes";"30-39";39;"No";"Facing Traffic";"C: Possible Injury";"Travel Lane";"Black";"Male";"None - Rural Crash";"New Hanover";"No";"01-01-02";2007-04-17;"Motorist Failed to Yield - Sign-Controlled Intersection";9;"Intersection";"01-04-01";1-01-01 09:49:58;"Motorist Drive Out - Sign-Controlled Intersection";112141;2007;"C: Possible Injury";"Residential";"20-24";24;"No";"6-10 mph";"O: No Injury";"White";"Male";"Passenger Car";"No";"No";"Daylight";"Mixed (30% To 70% Developed)";"4 lanes";2;"Straight - Level";"NC Route";"Dry";"Two-Way, Divided, Unprotected Median";"None";"T-Intersection";"Coarse Asphalt";"Coastal";"Rural";"40 - 45  MPH";"Stop Sign";"Clear";"No";"34.162994, -77.89183"
"722";229;230;"Yes";"15-Nov";11;"No";NA;"C: Possible Injury";"Non-Roadway";"Black";"Male";"Spring Lake";"Cumberland";"No";"01-01-06";2007-07-14;"Non-Roadway";17;"Non-Roadway";"01-07-01";1-01-01 17:32:58;"Non-Roadway";460910;2007;"C: Possible Injury";"Commercial";"40-49";41;"No";"16-20 mph";"O: No Injury";"Black";"Male";"Sport Utility";"No";"No";"Daylight";"Urban (>70% Developed)";NA;2;"Straight - Level";"Public Vehicular Area";"Dry";"Two-Way, Not Divided";"None";"No Special Feature";"Coarse Asphalt";"Coastal";"Urban";"20 - 25  MPH";"No Control Present";"Clear";"No";"35.17296, -78.97104"
"723";231;232;"Yes";"30-39";35;"No";"With Traffic";"B: Evident Injury";"Sidewalk / Crosswalk / Driveway Crossing";"White";"Male";"Winston-Salem";"Forsyth";"No";"01-01-06";2007-04-14;"Motorist Right Turn / Merge";16;"Intersection";"01-04-01";1-01-01 16:10:58;"Motorist Right Turn - Same Direction";131213;2007;"B: Evident Injury";"Commercial";"30-39";37;"No";"21-25 mph";"O: No Injury";"White";"Female";"Passenger Car";"No";"No";"Daylight";"Urban (>70% Developed)";"1 lane";2;"Straight - Level";"US Route";"Dry";"One-Way, Not Divided";"None";"On or Off Ramp";"Smooth Asphalt";"Piedmont";"Urban";"40 - 45  MPH";"No Control Present";"Clear";"No";"36.09359, -80.279144"
"724";245;246;"Yes";"40-49";46;"No";"Facing Traffic";"O: No Injury";"Travel Lane";"Black";"Male";"Durham";"Durham";"No";NA;2007-07-23;"Motorist Failed to Yield - Midblock";12;"Non-Intersection";"01-07-01";1-01-01 12:27:58;"Motorist Drive Out - Commercial Driveway / Alley";312322;2007;"O: No Injury";"Commercial";"50-59";57;"No";"0-5 mph";"O: No Injury";"Black";"Female";"Passenger Car";"No";"No";"Daylight";"Urban (>70% Developed)";NA;2;"Straight - Level";"Public Vehicular Area";"Dry";"Two-Way, Not Divided";"None";"Driveway, Public";"Coarse Asphalt";"Piedmont";"Urban";"5 - 15 MPH";"Stop Sign";"Clear";"No";"36.037426, -78.89301"
"725";251;252;"Yes";"16-19";18;"No";"Facing Traffic";"C: Possible Injury";"Travel Lane";"Black";"Female";"Charlotte";"Mecklenburg";"No";"01-01-03";2007-04-25;"Motorist Failed to Yield - Midblock";15;"Non-Intersection";"01-04-01";1-01-01 15:38:58;"Motorist Drive Out - Commercial Driveway / Alley";312322;2007;"C: Possible Injury";"Commercial";"40-49";46;"No";"0-5 mph";"O: No Injury";"White";"Male";"Van";"No";"No";"Daylight";"Urban (>70% Developed)";"4 lanes";2;"Straight - Level";"Local Street";"Dry";"Two-Way, Divided, Unprotected Median";"None";"No Special Feature";"Smooth Asphalt";"Piedmont";"Urban";"40 - 45  MPH";"No Control Present";"Clear";"No";"35.13064, -80.94518"
"726";259;260;"No";"20-24";23;"No";"With Traffic";"B: Evident Injury";"Travel Lane";"White";"Male";"Charlotte";"Mecklenburg";"No";"01-01-05";2007-04-27;"Motorist Left Turn / Merge";17;"Intersection";"01-04-01";1-01-01 17:45:58;"Motorist Left Turn - Opposite Direction";111212;2007;"B: Evident Injury";"Commercial";"25-29";27;"No";NA;"O: No Injury";"Black";"Male";NA;"No";"Yes";"Daylight";"Urban (>70% Developed)";"5 lanes";2;"Straight - Level";"Local Street";"Dry";"Two-Way, Not Divided";"None";"No Special Feature";"Smooth Asphalt";"Piedmont";"Urban";NA;"Stop And Go Signal";"Clear";"No";"35.221226, -80.81856"
"727";268;269;"Yes";"16-19";18;"No";"With Traffic";"O: No Injury";NA;"White";"Male";"Wilmington";"New Hanover";"No";NA;2007-04-30;"Backing Vehicle";17;"Non-Intersection";"01-04-01";1-01-01 17:43:58;"Backing Vehicle";391600;2007;"O: No Injury";"Residential";"50-59";54;"No";"0-5 mph";"O: No Injury";"White";"Female";"Passenger Car";"No";"No";"Daylight";"Urban (>70% Developed)";"2 lanes";2;"Straight - Level";"Private Road, Driveway";"Dry";"Two-Way, Divided, Positive Median Barrier";"None";"Driveway, Public";"Smooth Asphalt";"Coastal";"Urban";"5 - 15 MPH";"No Control Present";"Clear";"No";"34.236477, -77.94325"
"728";276;277;"Yes";"15-Nov";15;"No";"With Traffic";"B: Evident Injury";"Travel Lane";"Black";"Male";"None - Rural Crash";"Brunswick";"No";"01-01-06";2007-05-05;"Motorist Overtaking Bicyclist";22;"Non-Intersection";"01-05-01";1-01-01 22:29:58;"Motorist Overtaking - Undetected Bicyclist";311231;2007;"B: Evident Injury";"Residential";"50-59";51;"No";"41-45 mph";"O: No Injury";"White";"Female";"Passenger Car";"No";"No";"Dark - Roadway Not Lighted";"Mixed (30% To 70% Developed)";"2 lanes";2;"Straight - Level";"State Secondary Route";"Wet";"Two-Way, Not Divided";"None";"No Special Feature";"Coarse Asphalt";"Coastal";"Rural";"40 - 45  MPH";"No Control Present";"Cloudy";"No";"34.312202, -78.088356"
"729";277;278;"Yes";"60-69";61;"No";"Facing Traffic";"B: Evident Injury";"Travel Lane";"White";"Male";"None - Rural Crash";"Cumberland";"No";"01-01-04";2007-05-03;"Head-On";20;"Non-Intersection";"01-05-01";1-01-01 20:26:58;"Head-On - Bicyclist";312250;2007;"B: Evident Injury";"Commercial";"30-39";35;"No";"36-40 mph";"O: No Injury";"Hispanic";"Male";"Pickup";"No";"No";"Dark - Roadway Not Lighted";"Urban (>70% Developed)";"5 lanes";2;"Straight - Level";"State Secondary Route";"Dry";"Two-Way, Not Divided";"None";"No Special Feature";"Coarse Asphalt";"Coastal";"Rural";"40 - 45  MPH";"No Control Present";"Clear";"No";"35.013695, -78.93796"
"730";289;290;"Yes";"30-39";35;"Yes";"With Traffic";"A: Disabling Injury";"Travel Lane";"Black";"Male";"None - Rural Crash";"Vance";"Yes";"01-01-02";2007-05-08;"Motorist Overtaking Bicyclist";22;"Non-Intersection";"01-05-01";1-01-01 22:29:58;"Motorist Overtaking - Undetected Bicyclist";311231;2007;"A: Disabling Injury";"Farms, Woods, Pastures";NA;NA;"Missing";"51-55 mph";"Injury";"/Missing";NA;NA;"No";"Yes";"Dark - Roadway Not Lighted";"Rural (<30% Developed)";"2 lanes";2;"Straight - Level";"NC Route";"Dry";"Two-Way, Not Divided";"None";"No Special Feature";"Smooth Asphalt";"Piedmont";"Rural";"50 - 55  MPH";"Double Yellow Line, No Passing Zone";"Clear";"No";"36.488026, -78.427"
"731";294;295;"Yes";"10-Jun";9;"No";"Not Applicable";"B: Evident Injury";"Driveway / Alley";"Black";"Male";"None - Rural Crash";"Robeson";"No";"01-01-04";2007-05-10;"Bicyclist Failed to Yield - Midblock";18;"Non-Intersection";"01-05-01";1-01-01 18:06:58;"Bicyclist Ride Out - Residential Driveway";353311;2007;"B: Evident Injury";"Residential";"30-39";31;"No";"26-30 mph";"O: No Injury";"Black";"Female";"Passenger Car";"No";"No";"Daylight";"Mixed (30% To 70% Developed)";"2 lanes";2;"Straight - Level";"State Secondary Route";"Dry";"Two-Way, Not Divided";"None";"Driveway, Private";"Coarse Asphalt";"Coastal";"Rural";"40 - 45  MPH";"No Control Present";"Clear";"No";"34.59208, -79.038925"
"732";314;315;"No";"30-39";36;"No";"With Traffic";"B: Evident Injury";"Travel Lane";"White";"Male";"None - Rural Crash";"Iredell";"No";"01-01-03";2007-05-16;"Motorist Right Turn / Merge";19;"Intersection";"01-05-01";1-01-01 19:02:58;"Motorist Right Turn - Same Direction";111213;2007;"B: Evident Injury";"Farms, Woods, Pastures";"60-69";65;"No";"51-55 mph";"O: No Injury";"White";"Female";"Passenger Car";"No";"No";"Dusk";"Rural (<30% Developed)";"2 lanes";2;"Straight - Level";"State Secondary Route";"Dry";"Two-Way, Not Divided";"None";"T-Intersection";"Coarse Asphalt";"Piedmont";"Rural";"50 - 55  MPH";"Double Yellow Line, No Passing Zone";"Clear";"No";"35.526302, -80.79749"
"733";315;316;"No";"30-39";34;"No";"With Traffic";"B: Evident Injury";"Travel Lane";"White";"Male";"Charlotte";"Mecklenburg";"Yes";"01-01-02";2007-05-15;"Motorist Left Turn / Merge";23;"Intersection";"01-05-01";1-01-01 23:12:58;"Motorist Left Turn - Opposite Direction";111212;2007;"B: Evident Injury";"Residential";"30-39";34;"Yes";"16-20 mph";"O: No Injury";"White";"Male";"Van";"No";"Yes";"Dark - Lighted Roadway";"Urban (>70% Developed)";"3 lanes";2;"Straight - Level";"Local Street";"Dry";"Two-Way, Not Divided";"None";"No Special Feature";"Smooth Asphalt";"Piedmont";"Urban";"20 - 25  MPH";"No Control Present";"Clear";"No";"35.231133, -80.80805"
"734";319;320;"Yes";"0-5";5;"No";"Not Applicable";"A: Disabling Injury";NA;"Black";"Male";"Charlotte";"Mecklenburg";"No";"01-01-04";2007-05-17;"Bicyclist Failed to Yield - Midblock";18;"Non-Intersection";"01-05-01";1-01-01 18:30:58;"Bicyclist Ride Out - Midblock -";393319;2007;"A: Disabling Injury";"Residential";"30-39";32;"No";"6-10 mph";"O: No Injury";"Black";"Female";"Van";"No";"No";"Daylight";"Urban (>70% Developed)";"4 lanes";2;"Straight - Level";"Local Street";"Dry";"Two-Way, Divided, Unprotected Median";"None";"No Special Feature";"Smooth Asphalt";"Piedmont";"Urban";"40 - 45  MPH";"No Control Present";"Clear";"No";"35.188263, -80.88326"
"735";320;321;"Yes";"25-29";25;"No";"Facing Traffic";"B: Evident Injury";"Travel Lane";"White";"Female";"Charlotte";"Mecklenburg";"No";"01-01-05";2007-08-17;"Bicyclist Failed to Yield - Signalized Intersection";14;"Intersection";"01-08-01";1-01-01 14:26:58;"Bicyclist Ride Through - Signalized Intersection";112155;2007;"B: Evident Injury";"Commercial";NA;NA;"Missing";NA;"Injury";"/Missing";NA;NA;"No";"Yes";"Daylight";"Urban (>70% Developed)";"3 lanes";2;"Straight - Level";"Local Street";"Dry";"Two-Way, Not Divided";"None";"Four-Way Intersection";"Smooth Asphalt";"Piedmont";"Urban";NA;"Stop And Go Signal";"Clear";"No";"35.220387, -80.83502"
"736";322;323;"Yes";"30-39";30;"No";"Facing Traffic";"B: Evident Injury";"Sidewalk / Crosswalk / Driveway Crossing";"Black";"Female";"Charlotte";"Mecklenburg";"No";"01-01-06";2007-08-18;"Motorist Failed to Yield - Midblock";11;"Non-Intersection";"01-08-01";1-01-01 11:08:58;"Motorist Drive Out - Residential Driveway";332321;2007;"B: Evident Injury";"Residential";"25-29";28;"No";"0-5 mph";"O: No Injury";"Black";"Female";"Passenger Car";"No";"No";"Daylight";"Urban (>70% Developed)";NA;2;"Straight - Level";"Public Vehicular Area";"Dry";NA;"None";"No Special Feature";"Grooved Concrete";"Piedmont";"Urban";"40 - 45  MPH";"No Control Present";"Clear";"No";"35.250603, -80.77507"
"737";332;333;"Yes";"10-Jun";9;"No";"Facing Traffic";"C: Possible Injury";"Travel Lane";"Black";"Female";"Warsaw";"Duplin";"No";"01-01-07";2007-07-22;"Bicyclist Failed to Yield - Sign-Controlled Intersection";15;"Intersection";"01-07-01";1-01-01 15:45:58;"Bicyclist Ride Through - Sign-Controlled Intersection";112144;2007;"C: Possible Injury";"Residential";"70+";NA;"No";"21-25 mph";"O: No Injury";"Black";"Female";"Passenger Car";"No";"No";"Daylight";"Urban (>70% Developed)";"2 lanes";2;"Straight - Level";"State Secondary Route";"Dry";"Two-Way, Not Divided";"None";"Four-Way Intersection";"Smooth Asphalt";"Coastal";"Rural";"30 - 35  MPH";"No Control Present";"Clear";"No";"34.9962, -78.09294"
"738";336;337;"Yes";"50-59";54;"No";"With Traffic";"C: Possible Injury";"Travel Lane";"White";"Male";"None - Rural Crash";"New Hanover";"No";"01-01-02";2007-05-22;"Motorist Overtaking Bicyclist";19;"Non-Intersection";"01-05-01";1-01-01 19:09:58;"Motorist Overtaking - Misjudged Space";311232;2007;"C: Possible Injury";"Residential";"50-59";51;"No";"51-55 mph";"O: No Injury";"White";"Female";"Passenger Car";"No";"No";"Daylight";"Urban (>70% Developed)";"4 lanes";2;"Straight - Level";"US Route";"Dry";"Two-Way, Divided, Unprotected Median";"None";"No Special Feature";"Smooth Asphalt";"Coastal";"Rural";"50 - 55  MPH";"No Control Present";"Clear";"No";"34.08746, -77.89625"
"739";337;338;"No";"16-19";16;"No";"With Traffic";"O: No Injury";"Travel Lane";"White";"Male";"Raleigh";"Wake";"No";"01-01-06";2007-05-19;"Bicyclist Overtaking Motorist";12;"Non-Intersection";"01-05-01";1-01-01 12:34:58;"Bicyclist Overtaking - Other /";311249;2007;"O: No Injury";"Residential";"50-59";53;"No";NA;"O: No Injury";"White";"Female";"Passenger Car";"No";"No";"Daylight";"Urban (>70% Developed)";"2 lanes";2;"Straight - Level";"Local Street";"Dry";"Two-Way, Divided, Unprotected Median";"None";"No Special Feature";"Smooth Asphalt";"Piedmont";"Urban";"20 - 25  MPH";"No Control Present";"Clear";"No";"35.925312, -78.57058"
"740";348;349;"Yes";"10-Jun";7;"No";NA;"B: Evident Injury";"Travel Lane";"Black";"Male";"Burlington";"Alamance";"No";"01-01-05";2007-05-25;"Bicyclist Right Turn / Merge";16;"Non-Intersection";"01-05-01";1-01-01 16:41:58;"Bicyclist Right Turn - Opposite Direction";319224;2007;"B: Evident Injury";"Residential";"70+";NA;"No";"11-15 mph";"O: No Injury";"Black";"Male";"Passenger Car";"No";"No";"Daylight";"Urban (>70% Developed)";"2 lanes";2;"Straight - Grade";"Local Street";"Dry";"Two-Way, Not Divided";"None";"No Special Feature";"Smooth Asphalt";"Piedmont";"Urban";"30 - 35  MPH";"No Control Present";"Clear";"No";"36.082916, -79.431175"