"FID";"OBJECTID";"AmbulanceR";"BikeAge_Gr";"Bike_Age";"Bike_Alc_D";"Bike_Dir";"Bike_Injur";"Bike_Pos";"Bike_Race";"Bike_Sex";"City";"County";"CrashAlcoh";"CrashDay";"Crash_Date";"Crash_Grp";"Crash_Hour";"Crash_Loc";"Crash_Mont";"Crash_Time";"Crash_Type";"Crash_Ty_1";"Crash_Year";"Crsh_Sevri";"Developmen";"DrvrAge_Gr";"Drvr_Age";"Drvr_Alc_D";"Drvr_EstSp";"Drvr_Injur";"Drvr_Race";"Drvr_Sex";"Drvr_VehTy";"ExcsSpdInd";"Hit_Run";"Light_Cond";"Locality";"Num_Lanes";"Num_Units";"Rd_Charact";"Rd_Class";"Rd_Conditi";"Rd_Config";"Rd_Defects";"Rd_Feature";"Rd_Surface";"Region";"Rural_Urba";"Speed_Limi";"Traff_Cntr";"Weather";"Workzone_I";"Location"
"741";351;352;"Yes";"15-Nov";12;"No";"Facing Traffic";"B: Evident Injury";"Travel Lane";"Black";"Male";"Asheville";"Buncombe";"No";"01-01-04";2007-05-24;"Motorist Left Turn / Merge";15;"Intersection";"01-05-01";1-01-01 15:46:58;"Motorist Left Turn - Same Direction";112211;2007;"B: Evident Injury";"Residential";"0-19";16;"No";"11-15 mph";"O: No Injury";"Other";"Female";"Passenger Car";"No";"No";"Daylight";"Urban (>70% Developed)";"2 lanes";2;"Straight - Grade";"Local Street";"Dry";"Two-Way, Not Divided";"None";"T-Intersection";"Smooth Asphalt";"Mountains";"Urban";"30 - 35  MPH";"Stop Sign";"Clear";"No";"35.580025, -82.55979"
"742";357;358;"Yes";"40-49";42;"Yes";"Facing Traffic";"A: Disabling Injury";"Travel Lane";"Black";"Male";"None - Rural Crash";"Pasquotank";"Yes";"01-01-06";2007-05-26;"Bicyclist Right Turn / Merge";6;"Non-Intersection";"01-05-01";1-01-01 06:44:58;"Bicyclist Right Turn - Same Direction";312223;2007;"A: Disabling Injury";"Residential";"0-19";19;"No";"41-45 mph";"O: No Injury";"Black";"Male";"Passenger Car";"No";"No";"Daylight";"Rural (<30% Developed)";"2 lanes";2;"Straight - Level";"State Secondary Route";"Dry";"Two-Way, Not Divided";"None";"No Special Feature";"Smooth Asphalt";"Coastal";"Rural";"40 - 45  MPH";"Double Yellow Line, No Passing Zone";"Clear";"No";"36.306812, -76.241585"
"743";358;359;"Yes";"40-49";40;"Yes";"With Traffic";"B: Evident Injury";"Travel Lane";"White";"Male";"None - Rural Crash";"Caldwell";"Yes";"01-01-07";2007-05-27;"Motorist Overtaking Bicyclist";11;"Non-Intersection";"01-05-01";1-01-01 11:48:58;"Motorist Overtaking - Other /";311239;2007;"B: Evident Injury";"Residential";"0-19";19;"No";"41-45 mph";"O: No Injury";"White";"Male";"Passenger Car";"No";"No";"Dark - Roadway Not Lighted";"Mixed (30% To 70% Developed)";"2 lanes";2;"Straight - Level";"State Secondary Route";"Dry";"Two-Way, Not Divided";"None";"No Special Feature";"Smooth Asphalt";"Mountains";"Rural";"40 - 45  MPH";"Double Yellow Line, No Passing Zone";"Clear";"No";"35.83085, -81.554695"
"744";360;361;"Yes";"40-49";47;"No";"Not Applicable";"A: Disabling Injury";NA;"White";"Male";"New Bern";"Craven";"No";"01-01-07";2007-05-27;"Bicyclist Failed to Yield - Midblock";18;"Non-Intersection";"01-05-01";1-01-01 17:59:58;"Bicyclist Ride Out - Midblock -";393319;2007;"A: Disabling Injury";"Farms, Woods, Pastures";"40-49";43;"No";NA;"O: No Injury";"White";"Male";"Pickup";"No";"No";"Daylight";"Urban (>70% Developed)";"5 lanes";2;"Straight - Level";"US Route";"Dry";"Two-Way, Divided, Positive Median Barrier";"None";"Bridge Approach";"Smooth Asphalt";"Coastal";"Urban";"50 - 55  MPH";"No Control Present";"Clear";"No";"35.10043, -77.056885"
"745";374;375;"No";"10-Jun";10;"No";"With Traffic";"O: No Injury";"Sidewalk / Crosswalk / Driveway Crossing";"Black";"Female";"Charlotte";"Mecklenburg";"No";NA;2007-09-03;"Backing Vehicle";17;"Non-Intersection";"01-09-01";1-01-01 17:21:58;"Backing Vehicle";331600;2007;"O: No Injury";"Residential";"30-39";34;"No";"0-5 mph";"O: No Injury";"Black";"Female";"Passenger Car";"No";"No";"Daylight";"Urban (>70% Developed)";"2 lanes";2;"Straight - Level";"Local Street";"Dry";"Two-Way, Not Divided";"None";"Driveway, Private";"Smooth Asphalt";"Piedmont";"Urban";"20 - 25  MPH";"No Control Present";"Clear";"No";"35.295414, -80.694275"
"746";375;376;"Yes";"15-Nov";15;"No";"Not Applicable";"B: Evident Injury";"Driveway / Alley";"Black";"Female";"Charlotte";"Mecklenburg";"No";"01-01-04";2007-05-31;"Bicyclist Failed to Yield - Midblock";17;"Non-Intersection";"01-05-01";1-01-01 16:59:58;"Bicyclist Ride Out - Residential Driveway";353311;2007;"B: Evident Injury";"Residential";"40-49";41;"No";"26-30 mph";"O: No Injury";"Black";"Female";"Passenger Car";"No";"No";"Daylight";"Urban (>70% Developed)";"2 lanes";2;"Straight - Level";"Local Street";"Dry";"Two-Way, Not Divided";"None";"No Special Feature";"Smooth Asphalt";"Piedmont";"Urban";"30 - 35  MPH";"No Control Present";"Clear";"No";"35.25054, -80.82937"
"747";379;380;"Yes";"25-29";25;"No";"With Traffic";"C: Possible Injury";"Travel Lane";"Black";"Male";"Fayetteville";"Cumberland";"No";NA;2007-08-06;"Loss of Control / Turning Error";8;"Intersection";"01-08-01";1-01-01 07:59:58;"Bicyclist Turning Error - Left Turn";111114;2007;"C: Possible Injury";"Residential";"50-59";52;"No";"6-10 mph";"O: No Injury";"Black";"Female";"Sport Utility";"No";"No";"Daylight";"Mixed (30% To 70% Developed)";"5 lanes";2;"Straight - Level";"Local Street";"Dry";"Two-Way, Not Divided";"None";"No Special Feature";"Coarse Asphalt";"Coastal";"Urban";"20 - 25  MPH";"Stop Sign";"Cloudy";"No";"35.087185, -78.98632"
"748";380;381;"No";"10-Jun";8;"No";"With Traffic";"C: Possible Injury";"Travel Lane";"White";"Male";"High Point";"Guilford";"No";"01-01-06";2007-06-02;"Bicyclist Failed to Yield - Sign-Controlled Intersection";11;"Intersection";"01-06-01";1-01-01 11:40:58;"Bicyclist Ride Through - Sign-Controlled Intersection";111144;2007;"C: Possible Injury";"Residential";"30-39";30;"No";"11-15 mph";"O: No Injury";"White";"Female";"Sport Utility";"No";"No";"Daylight";"Urban (>70% Developed)";"2 lanes";2;"Straight - Level";"Local Street";"Dry";"Two-Way, Not Divided";"None";"T-Intersection";"Coarse Asphalt";"Piedmont";"Urban";"30 - 35  MPH";"Stop Sign";"Clear";"No";"36.005993, -79.97991"
"749";381;382;"Yes";"50-59";52;"No";"With Traffic";"B: Evident Injury";"Travel Lane";"White";"Male";"Charlotte";"Mecklenburg";"No";"01-01-07";2007-09-09;"Motorist Failed to Yield - Sign-Controlled Intersection";16;"Intersection";"01-09-01";1-01-01 16:56:58;"Motorist Drive Out - Sign-Controlled Intersection";111141;2007;"B: Evident Injury";"Residential";"50-59";55;"No";"16-20 mph";"O: No Injury";"White";"Male";"Passenger Car";"No";"No";"Daylight";"Urban (>70% Developed)";"4 lanes";2;"Straight - Level";"Local Street";"Dry";"Two-Way, Divided, Unprotected Median";"None";"No Special Feature";"Smooth Asphalt";"Piedmont";"Urban";"30 - 35  MPH";"Stop Sign";"Clear";"No";"35.183517, -80.83978"
"750";384;385;"No";"15-Nov";14;"No";"With Traffic";"C: Possible Injury";"Other";"Native American";"Male";"None - Rural Crash";"Scotland";"No";NA;2007-06-04;"Bicyclist Left Turn / Merge";18;"Non-Intersection";"01-06-01";1-01-01 18:35:58;"Bicyclist Left Turn - Same Direction";381221;2007;"C: Possible Injury";"Farms, Woods, Pastures";"25-29";26;"No";"41-45 mph";"O: No Injury";"White";"Female";"Passenger Car";"No";"No";"Daylight";"Rural (<30% Developed)";"2 lanes";2;"Straight - Level";"State Secondary Route";"Dry";"Two-Way, Not Divided";"None";"No Special Feature";"Smooth Asphalt";"Coastal";"Rural";"50 - 55  MPH";"No Control Present";"Clear";"No";"34.848648, -79.52091"
"751";399;400;"Yes";"15-Nov";15;"No";"With Traffic";"B: Evident Injury";"Travel Lane";"White";"Male";"Mint Hill";"Mecklenburg";"No";"01-01-05";2007-06-08;"Bicyclist Failed to Yield - Sign-Controlled Intersection";18;"Intersection";"01-06-01";1-01-01 18:44:58;"Bicyclist Ride Through - Sign-Controlled Intersection";111144;2007;"B: Evident Injury";"Residential";"50-59";51;"No";"26-30 mph";"O: No Injury";"White";"Female";"Passenger Car";"No";"No";"Dark - Lighted Roadway";"Mixed (30% To 70% Developed)";"2 lanes";2;"Straight - Grade";"Local Street";"Wet";"Two-Way, Not Divided";"None";"T-Intersection";"Smooth Asphalt";"Piedmont";"Urban";"30 - 35  MPH";"Stop Sign";"Rain";"No";"35.164536, -80.691505"
"752";410;411;"Yes";"50-59";55;"No";"With Traffic";"C: Possible Injury";"Travel Lane";"Black";"Male";"Southern Pines";"Moore";"No";"01-01-06";2007-06-09;"Motorist Failed to Yield - Sign-Controlled Intersection";10;"Intersection";"01-06-01";1-01-01 10:19:58;"Motorist Drive Out - Sign-Controlled Intersection";111141;2007;"C: Possible Injury";"Commercial";"40-49";43;"No";"0-5 mph";"O: No Injury";"White";"Female";"Pickup";"No";"No";"Daylight";"Urban (>70% Developed)";"2 lanes";2;"Straight - Level";"Local Street";"Dry";"Two-Way, Not Divided";"None";"Four-Way Intersection";"Coarse Asphalt";"Piedmont";"Urban";"30 - 35  MPH";"Stop Sign";"Clear";"No";"35.170544, -79.39698"
"753";414;415;"Yes";"20-24";20;"No";"Facing Traffic";"Injury";"Sidewalk / Crosswalk / Driveway Crossing";"Black";"Male";"Raleigh";"Wake";"No";NA;2007-06-11;"Bicyclist Failed to Yield - Signalized Intersection";14;"Intersection";"01-06-01";1-01-01 14:12:58;"Bicyclist Ride Through - Signalized Intersection";132155;2007;"O: No Injury";"Commercial";"70+";NA;"No";"11-15 mph";"O: No Injury";"White";"Male";"Pickup";"No";"No";"Daylight";"Urban (>70% Developed)";"8 lanes";2;"Straight - Level";"Local Street";"Dry";"Two-Way, Not Divided";"None";"Four-Way Intersection";"Smooth Asphalt";"Piedmont";"Urban";"30 - 35  MPH";"Stop And Go Signal";"Clear";"No";"35.832523, -78.56008"
"754";417;418;"No";"10-Jun";6;"No";"Not Applicable";"C: Possible Injury";"Driveway / Alley";"Black";"Male";"None - Rural Crash";"Bertie";"No";"01-01-03";2007-06-13;"Bicyclist Failed to Yield - Midblock";16;"Non-Intersection";"01-06-01";1-01-01 16:12:58;"Bicyclist Ride Out - Residential Driveway";353311;2007;"C: Possible Injury";"Farms, Woods, Pastures";"70+";NA;"No";"31-35 mph";"O: No Injury";"Black";"Male";"Passenger Car";"No";"No";"Daylight";"Rural (<30% Developed)";"2 lanes";2;"Straight - Level";"State Secondary Route";"Dry";"Two-Way, Not Divided";"None";"Driveway, Private";"Coarse Asphalt";"Coastal";"Rural";"50 - 55  MPH";"Double Yellow Line, No Passing Zone";"Clear";"No";"36.015537, -77.138664"
"755";418;419;"No";"0-5";4;"No";"Not Applicable";"B: Evident Injury";"Driveway / Alley";"Hispanic";"Male";"Clemmons";"Forsyth";"No";"01-01-03";2007-06-13;"Bicyclist Failed to Yield - Midblock";14;"Non-Intersection";"01-06-01";1-01-01 14:09:58;"Bicyclist Ride Out - Residential Driveway";353311;2007;"B: Evident Injury";"Commercial";"60-69";62;"No";"21-25 mph";"O: No Injury";"White";"Male";"Pickup";"No";"No";"Daylight";"Mixed (30% To 70% Developed)";"2 lanes";2;"Straight - Level";"State Secondary Route";"Dry";"Two-Way, Not Divided";"None";"Driveway, Private";"Smooth Asphalt";"Piedmont";"Urban";"30 - 35  MPH";"No Control Present";"Clear";"No";"36.02645, -80.38132"
"756";420;421;"Yes";"50-59";56;"No";"With Traffic";"B: Evident Injury";"Travel Lane";"White";"Male";"Charlotte";"Mecklenburg";"No";NA;2007-09-17;"Motorist Left Turn / Merge";6;"Intersection";"01-09-01";1-01-01 06:18:58;"Motorist Left Turn - Opposite Direction";111212;2007;"B: Evident Injury";"Commercial";"60-69";62;"No";"0-5 mph";"O: No Injury";"Black";"Male";"Passenger Car";"No";"No";"Dark - Lighted Roadway";"Mixed (30% To 70% Developed)";"2 lanes";2;"Straight - Level";"Local Street";"Dry";"Two-Way, Not Divided";"Work Zone";"T-Intersection";"Coarse Asphalt";"Piedmont";"Urban";"40 - 45  MPH";"No Control Present";"Clear";"Yes";"35.284187, -80.83558"
"757";424;425;"Yes";"10-Jun";8;"No";"With Traffic";"B: Evident Injury";"Travel Lane";"Black";"Female";"Dunn";"Harnett";"No";"01-01-04";2007-06-14;"Bicyclist Failed to Yield - Sign-Controlled Intersection";19;"Intersection";"01-06-01";1-01-01 19:09:58;"Bicyclist Ride Through - Sign-Controlled Intersection";111144;2007;"B: Evident Injury";"Residential";"20-24";22;"No";"21-25 mph";"O: No Injury";"Black";"Male";"Van";"No";"No";"Daylight";"Urban (>70% Developed)";"2 lanes";2;"Straight - Level";"Local Street";"Dry";"Two-Way, Not Divided";"None";"Four-Way Intersection";"Coarse Asphalt";"Coastal";"Urban";"30 - 35  MPH";"Stop Sign";"Cloudy";"No";"35.301502, -78.60502"
"758";435;436;"Yes";"40-49";42;"No";"Facing Traffic";"C: Possible Injury";"Travel Lane";"Black";"Male";"Rocky Mount";"Nash";"No";NA;2007-06-18;"Bicyclist Failed to Yield - Signalized Intersection";9;"Intersection";"01-06-01";1-01-01 09:28:58;"Bicyclist Ride Through - Signalized Intersection";112155;2007;"C: Possible Injury";"Commercial";"50-59";54;"No";"11-15 mph";"O: No Injury";"Black";"Female";"Passenger Car";"No";"No";"Daylight";"Urban (>70% Developed)";"4 lanes";2;"Straight - Grade";"Local Street";"Dry";"Two-Way, Divided, Unprotected Median";"None";"Four-Way Intersection";"Smooth Asphalt";"Coastal";"Urban";"30 - 35  MPH";"Stop And Go Signal";"Clear";"No";"35.955982, -77.82265"
"759";440;441;"No";"25-29";27;"No";"Facing Traffic";"C: Possible Injury";"Sidewalk / Crosswalk / Driveway Crossing";"White";"Female";"Fayetteville";"Cumberland";"No";"01-01-02";2007-09-25;"Motorist Failed to Yield - Sign-Controlled Intersection";14;"Intersection";"01-09-01";1-01-01 14:07:58;"Motorist Drive Out - Sign-Controlled Intersection";132141;2007;"C: Possible Injury";"Residential";"50-59";59;"No";NA;"O: No Injury";"Black";"Male";"Passenger Car";"No";"No";"Daylight";"Urban (>70% Developed)";"2 lanes";2;"Straight - Level";"Local Street";"Dry";"Two-Way, Not Divided";"None";"T-Intersection";"Coarse Asphalt";"Coastal";"Urban";NA;"Stop Sign";"Clear";"No";"35.07221, -78.8836"
"760";444;445;"Yes";"15-Nov";14;"No";"Not Applicable";"B: Evident Injury";"Driveway / Alley";"White";"Male";"None - Rural Crash";"Burke";"No";"01-01-04";2007-06-21;"Bicyclist Failed to Yield - Midblock";16;"Non-Intersection";"01-06-01";1-01-01 16:36:58;"Bicyclist Ride Out - Residential Driveway";353311;2007;"B: Evident Injury";"Residential";"20-24";21;"No";"36-40 mph";"O: No Injury";"White";"Male";"Pickup";"No";"No";"Daylight";"Mixed (30% To 70% Developed)";"2 lanes";3;"Straight - Grade";"State Secondary Route";"Dry";"Two-Way, Not Divided";"None";"Driveway, Private";"Smooth Asphalt";"Mountains";"Rural";"40 - 45  MPH";"Double Yellow Line, No Passing Zone";"Clear";"No";"35.6758, -81.79727"
"761";445;446;"Yes";"16-19";17;"No";"Not Applicable";"C: Possible Injury";"Non-Roadway";"Black";"Male";"Farmville";"Pitt";"No";"01-01-04";2007-06-21;"Crossing Paths - Other Circumstances";15;"Intersection-Related";"01-06-01";1-01-01 15:52:58;"Crossing Paths - Intersection - Other /";263180;2007;"C: Possible Injury";"Residential";"60-69";63;"No";"31-35 mph";"O: No Injury";"Black";"Male";"Passenger Car";"No";"No";"Daylight";"Mixed (30% To 70% Developed)";"2 lanes";2;"Straight - Level";"Local Street";"Dry";"Two-Way, Not Divided";"None";"No Special Feature";"Smooth Asphalt";"Coastal";"Rural";"30 - 35  MPH";"No Control Present";"Clear";"No";"35.58893, -77.59163"
"762";450;451;"Yes";"15-Nov";11;"No";"Not Applicable";"B: Evident Injury";"Multi-use Path";"White";"Male";"None - Rural Crash";"Currituck";"No";"01-01-06";2007-06-23;"Bicyclist Failed to Yield - Midblock";14;"Non-Intersection";"01-06-01";1-01-01 14:07:58;"Bicyclist Ride Out - Other Midblock";343318;2007;"B: Evident Injury";"Residential";"40-49";46;"No";"6-10 mph";"O: No Injury";"White";"Female";"Sport Utility";"No";"No";"Daylight";"Mixed (30% To 70% Developed)";"2 lanes";2;"Straight - Level";"Public Vehicular Area";"Dry";"Two-Way, Not Divided";"None";"No Special Feature";"Coarse Asphalt";"Coastal";"Rural";"20 - 25  MPH";"No Control Present";"Clear";"No";"36.25345, -75.78425"
"763";453;454;"Yes";"15-Nov";14;"No";"With Traffic";"B: Evident Injury";"Travel Lane";"White";"Male";"Southern Shores";"Dare";"No";"01-01-07";2007-06-24;"Motorist Left Turn / Merge";21;"Intersection";"01-06-01";1-01-01 21:49:58;"Motorist Left Turn - Opposite Direction";111212;2007;"B: Evident Injury";"Residential";NA;NA;"Missing";"0-5 mph";"Injury";"/Missing";NA;NA;"No";"Yes";"Dark - Roadway Not Lighted";"Urban (>70% Developed)";"2 lanes";2;"Straight - Level";"Local Street";"Dry";"Two-Way, Not Divided";"None";"T-Intersection";"Grooved Concrete";"Coastal";"Rural";"20 - 25  MPH";"Stop Sign";"Clear";"No";"36.12929, -75.74027"
"764";455;456;"Yes";"50-59";53;"No";"Facing Traffic";"A: Disabling Injury";"Bike Lane / Paved Shoulder";"White";"Female";"None - Rural Crash";"Dare";"No";NA;2007-06-25;"Motorist Left Turn / Merge";16;"Intersection";"01-06-01";1-01-01 16:49:58;"Motorist Left Turn - Same Direction";122211;2007;"A: Disabling Injury";"Commercial";"20-24";23;"No";"26-30 mph";"O: No Injury";"Hispanic";"Female";"Light Truck (Mini-Van, Panel)";"No";"No";"Daylight";"Urban (>70% Developed)";"2 lanes";2;"Straight - Level";"NC Route";"Dry";"Two-Way, Not Divided";"None";"T-Intersection";"Smooth Asphalt";"Coastal";"Rural";"30 - 35  MPH";"Double Yellow Line, No Passing Zone";"Clear";"No";"35.351765, -75.503296"
"765";457;458;"Yes";"60-69";60;"No";"With Traffic";"A: Disabling Injury";"Travel Lane";"White";"Male";"Morehead City";"Carteret";"No";NA;2007-06-25;"Motorist Failed to Yield - Midblock";10;"Non-Intersection";"01-06-01";1-01-01 10:54:58;"Motorist Drive Out - Commercial Driveway / Alley";311322;2007;"A: Disabling Injury";"Commercial";"70+";NA;"No";"0-5 mph";"O: No Injury";"White";"Female";"Passenger Car";"No";"No";"Daylight";"Urban (>70% Developed)";"4 lanes";2;"Straight - Level";"US Route";"Dry";"Two-Way, Divided, Unprotected Median";"None";"No Special Feature";"Smooth Asphalt";"Coastal";"Urban";"40 - 45  MPH";"No Control Present";"Clear";"No";"34.736496, -76.80008"
"766";464;465;"Yes";"25-29";25;"No";"With Traffic";"B: Evident Injury";"Travel Lane";"White";"Male";"None - Rural Crash";"Orange";"No";"01-01-06";2007-06-16;"Motorist Left Turn / Merge";19;"Non-Intersection";"01-06-01";1-01-01 19:00:58;"Motorist Left Turn - Opposite Direction";311212;2007;"B: Evident Injury";"Farms, Woods, Pastures";NA;NA;"No";"11-15 mph";"Injury";"/Missing";NA;"Pickup";"No";"Yes";"Daylight";"Rural (<30% Developed)";"2 lanes";2;"Curve - Hillcrest";"State Secondary Route";"Dry";"Two-Way, Not Divided";"None";"No Special Feature";"Smooth Asphalt";"Piedmont";"Rural";"40 - 45  MPH";"Double Yellow Line, No Passing Zone";"Clear";"No";"36.03295, -79.05684"
"767";469;470;"Yes";"20-24";22;"No";NA;"B: Evident Injury";"Travel Lane";"White";"Male";"Hickory";"Catawba";"No";"01-01-02";2007-06-26;"Bicyclist Failed to Yield - Sign-Controlled Intersection";21;"Intersection";"01-06-01";1-01-01 21:18:58;"Bicyclist Ride Through - Sign-Controlled Intersection";119144;2007;"B: Evident Injury";"Residential";"20-24";21;"No";"6-10 mph";"O: No Injury";"White";"Female";"Passenger Car";"No";"No";"Dark - Lighted Roadway";"Urban (>70% Developed)";"2 lanes";2;"Straight - Bottom";"Local Street";"Dry";"Two-Way, Not Divided";"None";"T-Intersection";"Smooth Asphalt";"Piedmont";"Urban";"30 - 35  MPH";"Stop Sign";"Clear";"No";"35.745693, -81.29968"
"768";480;481;"Yes";"50-59";51;"No";"With Traffic";"B: Evident Injury";"Travel Lane";"White";"Male";"None - Rural Crash";"Beaufort";"No";"01-01-06";2007-06-30;"Motorist Overtaking Bicyclist";11;"Non-Intersection";"01-06-01";1-01-01 11:23:58;"Motorist Overtaking - Other /";311239;2007;"B: Evident Injury";"Residential";"70+";NA;"No";"31-35 mph";"O: No Injury";"White";"Male";"Passenger Car";"No";"No";"Daylight";"Rural (<30% Developed)";"2 lanes";2;"Straight - Level";"State Secondary Route";"Dry";"Two-Way, Not Divided";"None";"No Special Feature";"Smooth Asphalt";"Coastal";"Rural";"50 - 55  MPH";"Double Yellow Line, No Passing Zone";"Clear";"No";"35.56556, -76.98483"
"769";482;483;"Yes";"15-Nov";12;"No";NA;"B: Evident Injury";"Travel Lane";"Black";"Male";"Rocky Mount";"Nash";"No";"01-01-06";2007-06-30;"Loss of Control / Turning Error";21;"Intersection";"01-06-01";1-01-01 21:29:58;"Bicyclist Lost Control - Mechanical Problems";119121;2007;"B: Evident Injury";"Residential";"30-39";39;"No";"31-35 mph";"O: No Injury";"Black";"Male";"Sport Utility";"No";"No";"Dark - Lighted Roadway";"Urban (>70% Developed)";"2 lanes";2;"Straight - Level";"Local Street";"Dry";"One-Way, Not Divided";"None";"Four-Way Intersection";"Coarse Asphalt";"Coastal";"Urban";"30 - 35  MPH";"Stop Sign";"Cloudy";"No";"35.94466, -77.804115"
"770";487;488;"Yes";"40-49";42;"Yes";"With Traffic";"B: Evident Injury";"Travel Lane";"Black";"Male";"Charlotte";"Mecklenburg";"Yes";"01-01-06";2007-10-06;"Bicyclist Failed to Yield - Signalized Intersection";2;"Intersection";"01-10-01";1-01-01 02:01:58;"Bicyclist Ride Through - Signalized Intersection";111155;2007;"B: Evident Injury";"Commercial";NA;NA;"Missing";NA;"Injury";"/Missing";NA;"Passenger Car";"No";"Yes";"Dark - Lighted Roadway";"Urban (>70% Developed)";"4 lanes";2;"Straight - Level";"Local Street";"Dry";"Two-Way, Not Divided";"None";"No Special Feature";"Concrete";"Piedmont";"Urban";NA;"Stop And Go Signal";"Clear";"No";"35.22564, -80.845406"
"771";497;498;"Yes";"16-19";17;"No";"With Traffic";"C: Possible Injury";"Travel Lane";"Black";"Male";"Rocky Mount";"Edgecombe";"No";NA;2007-07-02;"Bicyclist Failed to Yield - Sign-Controlled Intersection";11;"Intersection";"01-07-01";1-01-01 11:03:58;"Bicyclist Ride Through - Sign-Controlled Intersection";111144;2007;"C: Possible Injury";"Residential";"70+";NA;"No";"16-20 mph";"O: No Injury";"White";"Female";"Passenger Car";"No";"No";"Daylight";"Urban (>70% Developed)";"2 lanes";2;"Straight - Level";"Local Street";"Dry";"Two-Way, Not Divided";"None";"Four-Way Intersection";"Smooth Asphalt";"Coastal";"Urban";"30 - 35  MPH";"Stop Sign";"Clear";"No";"35.93797, -77.784065"
"772";6;7;"Yes";"70+";NA;"Yes";"With Traffic";"B: Evident Injury";"Travel Lane";"White";"Male";"Durham";"Durham";"Yes";"01-01-03";2008-02-06;"Bicyclist Failed to Yield - Sign-Controlled Intersection";13;"Intersection";"01-02-01";1-01-01 13:24:58;"Bicyclist Ride Through - Sign-Controlled Intersection";111144;2008;"B: Evident Injury";"Residential";"70+";NA;"No";"21-25 mph";"O: No Injury";"White";"Female";"Passenger Car";"No";"No";"Daylight";"Urban (>70% Developed)";"2 lanes";2;"Straight - Level";"Local Street";"Dry";"Two-Way, Not Divided";"None";"Four-Way Intersection";"Smooth Asphalt";"Piedmont";"Urban";"30 - 35  MPH";"Stop Sign";"Cloudy";"No";"0.0, 0.0"
"773";21;22;"Yes";"10-Jun";9;"No";"Not Applicable";"B: Evident Injury";"Non-Roadway";"Black";"Male";"Charlotte";"Mecklenburg";"No";"01-01-07";2008-03-16;"Bicyclist Failed to Yield - Sign-Controlled Intersection";16;"Intersection";"01-03-01";1-01-01 16:53:58;"Bicyclist Ride Through - Sign-Controlled Intersection";163144;2008;"B: Evident Injury";"Residential";"20-24";20;"No";"31-35 mph";"O: No Injury";"Other";"Male";"Passenger Car";"No";"No";"Daylight";"Mixed (30% To 70% Developed)";"2 lanes";2;"Straight - Grade";"Local Street";"Dry";"Two-Way, Not Divided";"None";"T-Intersection";"Smooth Asphalt";"Piedmont";"Urban";"30 - 35  MPH";"Stop Sign";"Clear";"No";"0.0, 0.0"
"774";22;23;"Yes";"30-39";38;"No";"With Traffic";"B: Evident Injury";"Travel Lane";"Black";"Male";"Durham";"Durham";"No";"01-01-02";2008-03-18;"Motorist Right Turn / Merge";7;"Intersection";"01-03-01";1-01-01 07:01:58;"Motorist Right Turn - Same Direction";111213;2008;"B: Evident Injury";"Residential";"20-24";21;"No";"11-15 mph";"O: No Injury";"Black";"Female";"Passenger Car";"No";"No";"Daylight";"Urban (>70% Developed)";"2 lanes";2;"Straight - Grade";"Local Street";"Dry";"Two-Way, Not Divided";"None";"T-Intersection";"Coarse Asphalt";"Piedmont";"Urban";"40 - 45  MPH";"No Control Present";"Clear";"No";"0.0, 0.0"
"775";24;25;"No";"15-Nov";14;"No";"Facing Traffic";"O: No Injury";NA;"Black";"Male";"Cary";"Wake";"No";"01-01-05";2008-03-28;"Motorist Failed to Yield - Sign-Controlled Intersection";14;"Intersection";"01-03-01";1-01-01 14:49:58;"Motorist Drive Out - Sign-Controlled Intersection";192141;2008;"O: No Injury";"Residential";"40-49";40;"No";"0-5 mph";"O: No Injury";"Black";"Female";"Van";"No";"No";"Daylight";"Urban (>70% Developed)";"2 lanes";2;"Straight - Level";"State Secondary Route";"Dry";"Two-Way, Not Divided";"None";"Related To Intersection";"Smooth Asphalt";"Piedmont";"Urban";"20 - 25  MPH";"Stop Sign";"Clear";"No";"0.0, 0.0"
"776";34;35;"Yes";"15-Nov";14;"No";"With Traffic";"B: Evident Injury";"Travel Lane";"White";"Male";"None - Rural Crash";"Pasquotank";"No";"01-01-03";2008-04-02;"Head-On";16;"Non-Intersection";"01-04-01";1-01-01 16:48:58;"Head-On - Bicyclist";311250;2008;"B: Evident Injury";"Residential";"0-19";18;"No";"16-20 mph";"O: No Injury";"White";"Female";"Passenger Car";"No";"No";"Daylight";"Mixed (30% To 70% Developed)";"1 lane";2;"Straight - Level";"State Secondary Route";"Dry";"Two-Way, Not Divided";"None";"No Special Feature";"Coarse Asphalt";"Coastal";"Rural";"20 - 25  MPH";"No Control Present";"Clear";"No";"0.0, 0.0"