"FID";"OBJECTID";"AmbulanceR";"BikeAge_Gr";"Bike_Age";"Bike_Alc_D";"Bike_Dir";"Bike_Injur";"Bike_Pos";"Bike_Race";"Bike_Sex";"City";"County";"CrashAlcoh";"CrashDay";"Crash_Date";"Crash_Grp";"Crash_Hour";"Crash_Loc";"Crash_Mont";"Crash_Time";"Crash_Type";"Crash_Ty_1";"Crash_Year";"Crsh_Sevri";"Developmen";"DrvrAge_Gr";"Drvr_Age";"Drvr_Alc_D";"Drvr_EstSp";"Drvr_Injur";"Drvr_Race";"Drvr_Sex";"Drvr_VehTy";"ExcsSpdInd";"Hit_Run";"Light_Cond";"Locality";"Num_Lanes";"Num_Units";"Rd_Charact";"Rd_Class";"Rd_Conditi";"Rd_Config";"Rd_Defects";"Rd_Feature";"Rd_Surface";"Region";"Rural_Urba";"Speed_Limi";"Traff_Cntr";"Weather";"Workzone_I";"Location"
"889";223;224;"Yes";"15-Nov";15;"No";"With Traffic";"B: Evident Injury";"Sidewalk / Crosswalk / Driveway Crossing";"/Missing";"Male";"Greensboro";"Guilford";"No";"01-01-06";2012-04-21;"Loss of Control / Turning Error";19;"Intersection";"01-04-01";1-01-01 19:56:58;"Bicyclist Lost Control - Mechanical Problems";NA;2012;"B: Evident Injury";"Residential";"40-49";49;"No";"31-35 mph";"O: No Injury";"Black";"Female";"Passenger Car";"No";"No";"Dark - Lighted Roadway";"Urban (>70% Developed)";"2 lanes";2;"Straight - Grade";"Local Street";"Wet";"Two-Way, Not Divided";"None";"Four-Way Intersection";"Coarse Asphalt";"Piedmont";"Urban";"30 - 35  MPH";"Stop And Go Signal";"Rain";"No";"36.04885, -79.7915"
"890";232;233;"No";NA;0;"No";"With Traffic";"Injury";"Travel Lane";"/Missing";NA;"None - Rural Crash";"Jones";"No";"01-01-04";2012-05-03;"Motorist Overtaking Bicyclist";17;"Non-Intersection";"01-05-01";1-01-01 17:06:58;"Motorist Overtaking - Bicyclist Swerved";NA;2012;"O: No Injury";"Residential";"30-39";38;"No";"41-45 mph";"O: No Injury";"White";"Female";"Van";"No";"No";"Daylight";"Rural (<30% Developed)";"2 lanes";2;"Straight - Level";"NC Route";"Dry";"Two-Way, Not Divided";"None";"No Special Feature";"Coarse Asphalt";"Coastal";"Rural";"40 - 45  MPH";"No Control Present";"Clear";"No";"35.09679, -77.3432"
"891";246;247;"No";"15-Nov";14;"No";"With Traffic";"B: Evident Injury";"Travel Lane";"Black";"Female";"Charlotte";"Mecklenburg";"No";"01-01-02";2012-04-10;"Loss of Control / Turning Error";18;"Intersection";"01-04-01";1-01-01 18:18:58;"Bicyclist Lost Control - Mechanical Problems";NA;2012;"B: Evident Injury";"Residential";"50-59";51;"No";"36-40 mph";"O: No Injury";"White";"Female";"Sport Utility";"No";"No";"Daylight";"Urban (>70% Developed)";"2 lanes";2;"Straight - Level";"Local Street";"Dry";NA;"None";"No Special Feature";"Smooth Asphalt";"Piedmont";"Urban";"40 - 45  MPH";"No Control Present";"Clear";"No";"35.07876, -80.8303"
"892";255;256;"No";"40-49";46;"Missing";"With Traffic";"C: Possible Injury";"Travel Lane";"White";"Male";"Charlotte";"Mecklenburg";"No";"01-01-06";2012-05-05;"Motorist Failed to Yield - Sign-Controlled Intersection";13;"Intersection";"01-05-01";1-01-01 13:05:58;"Motorist Drive Out - Sign-Controlled Intersection";NA;2012;"C: Possible Injury";"Residential";"20-24";23;"No";NA;"O: No Injury";"White";"Female";"Passenger Car";"No";"No";"Daylight";"Urban (>70% Developed)";"4 lanes";2;"Straight - Grade";"Local Street";"Dry";"Two-Way, Divided, Unprotected Median";"None";"Four-Way Intersection";"Smooth Asphalt";"Piedmont";"Urban";"30 - 35  MPH";"Stop Sign";"Clear";"No";"35.18625, -80.8402"
"893";260;261;"No";"30-39";32;"No";"With Traffic";"B: Evident Injury";"Travel Lane";"White";"Male";"Fayetteville";"Cumberland";"No";"01-01-05";2012-04-27;"Motorist Right Turn / Merge";12;"Intersection";"01-04-01";1-01-01 12:06:58;"Motorist Right Turn - Same Direction";NA;2012;"B: Evident Injury";"Commercial";"20-24";21;"No";"16-20 mph";"O: No Injury";"White";"Female";"Passenger Car";"No";"No";"Daylight";"Urban (>70% Developed)";"4 lanes";2;"Straight - Level";"State Secondary Route";"Dry";"Two-Way, Not Divided";"None";"T-Intersection";"Coarse Asphalt";"Coastal";"Urban";"30 - 35  MPH";"Stop Sign";"Clear";"No";"35.07206, -78.952"
"894";262;263;"No";"10-Jun";10;"No";"Not Applicable";"O: No Injury";"Non-Roadway";"Black";"Male";"Cary";"Wake";"No";"01-01-06";2012-04-28;"Non-Roadway";14;"Non-Roadway";"01-04-01";1-01-01 14:49:58;"Non-Roadway";NA;2012;"O: No Injury";"Residential";NA;NA;"Missing";"0-5 mph";"Injury";"/Missing";NA;"Pickup";"No";"No";"Daylight";"Urban (>70% Developed)";NA;2;"Straight - Grade";"Public Vehicular Area";"Dry";"Two-Way, Not Divided";"None";"Driveway, Public";"Smooth Asphalt";"Piedmont";"Urban";NA;"No Control Present";"Cloudy";"No";"35.80093, -78.7741"
"895";293;294;"Yes";"16-19";16;"No";"With Traffic";"B: Evident Injury";"Travel Lane";"White";"Male";"None - Rural Crash";"Wake";"No";"01-01-06";2012-05-19;"Bicyclist Overtaking Motorist";9;"Non-Intersection";"01-05-01";1-01-01 09:57:58;"Bicyclist Overtaking - Other /";NA;2012;"B: Evident Injury";"Farms, Woods, Pastures";"60-69";61;"No";"41-45 mph";"O: No Injury";"White";"Female";"Passenger Car";"No";"No";"Daylight";"Rural (<30% Developed)";"2 lanes";2;"Straight - Level";"NC Route";"Dry";"Two-Way, Not Divided";"None";"Driveway, Private";"Smooth Asphalt";"Piedmont";"Rural";"50 - 55  MPH";"No Control Present";"Clear";"No";"35.5682, -78.848"
"896";296;297;"No";NA;0;"Missing";"With Traffic";"Injury";"Travel Lane";"/Missing";NA;"Sanford";"Lee";"No";"01-01-07";2012-05-06;"Bicyclist Left Turn / Merge";20;"Non-Intersection";"01-05-01";1-01-01 20:56:58;"Bicyclist Left Turn - Same Direction";NA;2012;"O: No Injury";"Commercial";"30-39";31;"No";"31-35 mph";"O: No Injury";"Black";"Male";"Passenger Car";"No";"No";"Dark - Roadway Not Lighted";"Mixed (30% To 70% Developed)";"2 lanes";2;"Straight - Level";"Local Street";"Dry";"Two-Way, Not Divided";"None";"No Special Feature";"Coarse Asphalt";"Piedmont";"Urban";"40 - 45  MPH";"No Control Present";"Clear";"No";"35.44672, -79.1722"
"897";305;306;"No";"60-69";60;"No";"With Traffic";"C: Possible Injury";"Sidewalk / Crosswalk / Driveway Crossing";"White";"Male";"Charlotte";"Mecklenburg";"No";"01-01-05";2012-05-18;"Motorist Failed to Yield - Midblock";13;"Non-Intersection";"01-05-01";1-01-01 13:19:58;"Motorist Drive Out - Commercial Driveway / Alley";NA;2012;"C: Possible Injury";"Residential";"40-49";44;"No";"6-10 mph";"O: No Injury";"Asian";"Female";"Van";"No";"No";"Daylight";"Urban (>70% Developed)";"4 lanes";2;"Straight - Level";"Local Street";"Dry";"Two-Way, Divided, Positive Median Barrier";"None";"No Special Feature";"Smooth Asphalt";"Piedmont";"Urban";"40 - 45  MPH";"Stop Sign";"Clear";"No";"35.08575, -80.8178"
"898";311;312;"No";"25-29";29;"No";"With Traffic";"C: Possible Injury";"Travel Lane";"White";"Female";"Durham";"Durham";"No";"01-01-07";2012-05-20;"Crossing Paths - Other Circumstances";10;"Intersection";"01-05-01";1-01-01 10:50:58;"Signalized Intersection - Other /";NA;2012;"C: Possible Injury";"Residential";"30-39";38;"No";"6-10 mph";"O: No Injury";"Black";"Female";"Sport Utility";"No";"No";"Daylight";"Mixed (30% To 70% Developed)";"2 lanes";2;"Straight - Level";"NC Route";"Dry";"Two-Way, Divided, Unprotected Median";"None";"T-Intersection";"Smooth Asphalt";"Piedmont";"Urban";"30 - 35  MPH";"Stop And Go Signal";"Clear";"No";"35.93108, -78.8887"
"899";314;315;"Yes";"50-59";58;"No";"With Traffic";"C: Possible Injury";"Travel Lane";"Black";"Male";"Wilson";"Wilson";"No";"01-01-03";2012-05-02;"Crossing Paths - Other Circumstances";14;"Intersection";"01-05-01";1-01-01 14:57:58;"Signalized Intersection - Other /";NA;2012;"C: Possible Injury";"Residential";"70";70;"No";"0-5 mph";"O: No Injury";"White";"Female";"Passenger Car";"No";"No";"Daylight";"Urban (>70% Developed)";"5 lanes";2;"Straight - Level";"Local Street";"Dry";"Two-Way, Not Divided";"None";"Four-Way Intersection";"Smooth Asphalt";"Coastal";"Urban";"40 - 45  MPH";"Stop And Go Signal";"Clear";"No";"35.72008, -77.9458"
"900";323;324;"Yes";"60-69";60;"No";"With Traffic";"B: Evident Injury";"Travel Lane";"White";"Female";"None - Rural Crash";"Catawba";"No";NA;2012-05-28;"Bicyclist Overtaking Motorist";9;"Non-Intersection";"01-05-01";1-01-01 09:04:58;"Bicyclist Overtaking - Other /";NA;2012;"B: Evident Injury";"Farms, Woods, Pastures";"40-49";46;"No";"0-5 mph";"O: No Injury";"White";"Male";"Single Unit Truck (3 Or More Axles)";"No";"No";"Daylight";"Mixed (30% To 70% Developed)";"2 lanes";2;"Straight - Level";"State Secondary Route";"Dry";"Two-Way, Not Divided";"None";"Driveway, Private";"Coarse Asphalt";"Piedmont";"Rural";"40 - 45  MPH";"Double Yellow Line, No Passing Zone";"Cloudy";"No";"35.78857, -81.2355"
"901";453;454;"No";"30-39";38;"No";"With Traffic";"C: Possible Injury";"Travel Lane";"White";"Male";"None - Rural Crash";"Wake";"No";"01-01-05";2009-05-15;"Motorist Right Turn / Merge";19;"Intersection-Related";"01-05-01";1-01-01 18:59:58;"Motorist Right Turn - Same Direction";211213;2009;"C: Possible Injury";"Farms, Woods, Pastures";"0-19";17;"No";"41-45 mph";"O: No Injury";"White";"Female";"Passenger Car";"No";"No";"Daylight";"Rural (<30% Developed)";"2 lanes";2;"Straight - Level";"State Secondary Route";"Dry";"Two-Way, Not Divided";"None";"No Special Feature";"Smooth Asphalt";"Piedmont";"Rural";"40 - 45  MPH";"Double Yellow Line, No Passing Zone";"Clear";"No";"36.035152, -78.66405"
"902";456;457;"No";"15-Nov";12;"No";"With Traffic";"C: Possible Injury";"Sidewalk / Crosswalk / Driveway Crossing";"Black";"Male";"Concord";"Cabarrus";"No";"01-01-06";2009-08-22;"Motorist Right Turn / Merge";19;"Non-Intersection";"01-08-01";1-01-01 19:29:58;"Motorist Right Turn - Same Direction";331213;2009;"C: Possible Injury";"Residential";"30-39";34;"No";"0-5 mph";"O: No Injury";"White";"Female";"Sport Utility";"No";"No";"Daylight";"Mixed (30% To 70% Developed)";"1 lane";2;"Straight - Level";"Private Road, Driveway";"Dry";"One-Way, Not Divided";"None";"No Special Feature";"Coarse Asphalt";"Piedmont";"Urban";"5 - 15 MPH";"No Control Present";"Clear";"No";"35.44016, -80.62723"
"903";457;458;"Yes";"40-49";46;"No";"With Traffic";"K: Killed";"Travel Lane";"Black";"Male";"Charlotte";"Mecklenburg";"No";"01-01-03";2009-07-29;"Bicyclist Failed to Yield - Sign-Controlled Intersection";12;"Intersection";"01-07-01";1-01-01 12:45:58;"Bicyclist Ride Through - Sign-Controlled Intersection";111144;2009;"K: Killed";"Residential";"20-24";20;"No";"21-25 mph";"O: No Injury";"Black";"Female";"Passenger Car";"No";"No";"Daylight";"Urban (>70% Developed)";"2 lanes";2;"Straight - Grade";"Local Street";"Dry";"Two-Way, Not Divided";"None";"Four-Way Intersection";"Smooth Asphalt";"Piedmont";"Urban";"20 - 25  MPH";"Stop Sign";"Clear";"No";"35.244118, -80.87589"
"904";463;464;"Yes";"40-49";49;"Yes";"Facing Traffic";"A: Disabling Injury";"Travel Lane";"Black";"Male";"Lumberton";"Robeson";"Yes";"01-01-05";2009-08-21;"Head-On";22;"Non-Intersection";"01-08-01";1-01-01 22:14:58;"Head-On - Bicyclist";312250;2009;"A: Disabling Injury";"Commercial";"20-24";21;"No";"51-55 mph";"O: No Injury";"Black";"Male";"Passenger Car";"No";"No";"Dark - Lighted Roadway";"Urban (>70% Developed)";"5 lanes";2;"Straight - Level";"NC Route";"Dry";"Two-Way, Not Divided";"None";"No Special Feature";"Coarse Asphalt";"Coastal";"Urban";"40 - 45  MPH";"No Control Present";"Clear";"No";"34.62064, -78.98119"
"905";465;466;"Yes";"50-59";53;"No";"With Traffic";"B: Evident Injury";"Travel Lane";"White";"Male";"None - Rural Crash";"Durham";"No";"01-01-03";2009-08-26;"Other / Unusual Circumstances";17;"Non-Intersection";"01-08-01";1-01-01 17:40:58;"Motorist Intentionally Caused";311510;2009;"B: Evident Injury";"Residential";"20-24";22;"No";"41-45 mph";"O: No Injury";"Black";"Male";"Passenger Car";"No";"Yes";"Daylight";"Mixed (30% To 70% Developed)";"2 lanes";2;"Straight - Level";"State Secondary Route";"Dry";"Two-Way, Not Divided";"None";"No Special Feature";"Smooth Asphalt";"Piedmont";"Rural";"40 - 45  MPH";"Double Yellow Line, No Passing Zone";"Clear";"No";"35.880215, -78.99664"
"906";470;471;"No";"50-59";51;"No";"With Traffic";"C: Possible Injury";"Travel Lane";"White";"Male";"Greensboro";"Guilford";"No";"01-01-07";2009-08-23;"Motorist Overtaking Bicyclist";17;"Non-Intersection";"01-08-01";1-01-01 17:29:58;"Motorist Overtaking - Other /";311239;2009;"C: Possible Injury";"Residential";"40-49";43;"No";NA;"Injury";"White";"Female";NA;"No";"Yes";"Daylight";"Urban (>70% Developed)";"5 lanes";2;"Straight - Level";"Local Street";"Dry";"Two-Way, Divided, Unprotected Median";"None";"No Special Feature";"Smooth Asphalt";"Piedmont";"Urban";"40 - 45  MPH";"No Control Present";"Clear";"No";"36.131153, -79.79857"
"907";471;472;"Yes";"15-Nov";15;"No";"With Traffic";"C: Possible Injury";"Travel Lane";"White";"Male";"Durham";"Durham";"No";"01-01-03";2009-09-02;"Bicyclist Overtaking Motorist";20;"Intersection-Related";"01-09-01";1-01-01 20:24:58;"Bicyclist Overtaking - Other /";211249;2009;"C: Possible Injury";"Commercial";"40-49";42;"No";"0-5 mph";"O: No Injury";"Black";"Male";"Passenger Car";"No";"No";"Dusk";"Urban (>70% Developed)";"4 lanes";2;"Straight - Grade";"Local Street";"Dry";"One-Way, Not Divided";"None";"No Special Feature";"Smooth Asphalt";"Piedmont";"Urban";"20 - 25  MPH";"No Control Present";"Clear";"No";"35.99383, -78.90153"
"908";473;474;"No";"20-24";20;"No";"Facing Traffic";"C: Possible Injury";"Sidewalk / Crosswalk / Driveway Crossing";"White";"Male";"Greensboro";"Guilford";"No";"01-01-03";2009-08-12;"Motorist Failed to Yield - Midblock";20;"Non-Intersection";"01-08-01";1-01-01 20:41:58;"Motorist Drive Out - Other Midblock";332328;2009;"C: Possible Injury";"Commercial";NA;NA;"Missing";"6-10 mph";"Injury";"/Missing";NA;NA;"No";"Yes";"Dusk";"Urban (>70% Developed)";"5 lanes";2;"Straight - Level";"Local Street";"Dry";"Two-Way, Not Divided";"None";"Driveway, Public";"Coarse Asphalt";"Piedmont";"Urban";"30 - 35  MPH";"No Control Present";"Clear";"No";"36.07359, -79.88696"
"909";477;478;"Yes";"10-Jun";6;"No";"With Traffic";"C: Possible Injury";"Travel Lane";"Black";"Female";"Oriental";"Pamlico";"No";"01-01-06";2009-09-05;"Crossing Paths - Other Circumstances";17;"Intersection";"01-09-01";1-01-01 17:39:58;"Crossing Paths - Intersection - Other /";111180;2009;"C: Possible Injury";"Residential";"40-49";47;"No";"21-25 mph";"O: No Injury";"White";"Male";"Sport Utility";"No";"No";"Daylight";"Mixed (30% To 70% Developed)";"2 lanes";2;"Straight - Level";"Local Street";"Dry";"Two-Way, Not Divided";"None";"T-Intersection";"Coarse Asphalt";"Coastal";"Rural";"20 - 25  MPH";"Double Yellow Line, No Passing Zone";"Clear";"No";"35.032227, -76.693954"
"910";479;480;"No";"10-Jun";7;"No";"Not Applicable";"C: Possible Injury";NA;"Black";"Male";"Spring Lake";"Cumberland";"No";"01-01-07";2009-09-06;"Bicyclist Failed to Yield - Midblock";13;"Non-Intersection";"01-09-01";1-01-01 13:13:58;"Bicyclist Ride Out - Midblock -";393319;2009;"C: Possible Injury";"Commercial";"20-24";23;"No";"41-45 mph";"O: No Injury";"White";"Male";"Pickup";"No";"No";"Daylight";"Mixed (30% To 70% Developed)";"5 lanes";2;"Straight - Level";"NC Route";"Dry";"Two-Way, Not Divided";"None";"No Special Feature";"Coarse Asphalt";"Coastal";"Urban";"40 - 45  MPH";"No Control Present";"Clear";"No";"35.199688, -78.989975"
"911";480;481;"Yes";"60-69";64;"No";"Facing Traffic";"C: Possible Injury";"Sidewalk / Crosswalk / Driveway Crossing";"White";"Female";"Charlotte";"Mecklenburg";"No";"01-01-07";2009-08-23;"Motorist Failed to Yield - Signalized Intersection";10;"Intersection";"01-08-01";1-01-01 10:10:58;"Motorist Drive Out - Right Turn on Red";132151;2009;"C: Possible Injury";"Residential";"50-59";54;"No";"0-5 mph";"O: No Injury";"White";"Male";"Tractor/Semi-Trailer";"No";"No";"Daylight";"Urban (>70% Developed)";"2 lanes";2;"Straight - Level";"Local Street";"Dry";"Two-Way, Not Divided";"None";"Four-Way Intersection";"Smooth Asphalt";"Piedmont";"Urban";"20 - 25  MPH";"Stop And Go Signal";"Cloudy";"No";"35.17801, -80.80095"
"912";482;483;"Yes";"50-59";53;"No";"With Traffic";"B: Evident Injury";"Travel Lane";"White";"Female";"High Point";"Guilford";"No";"01-01-03";2009-08-12;"Crossing Paths - Other Circumstances";17;"Intersection";"01-08-01";1-01-01 17:12:58;"Sign-Controlled Intersection - Other /";111148;2009;"B: Evident Injury";"Commercial";"20-24";22;"No";"41-45 mph";"O: No Injury";"White";"Male";"Pickup";"No";"No";"Daylight";"Urban (>70% Developed)";"5 lanes";2;"Straight - Grade";"NC Route";"Dry";"Two-Way, Not Divided";"None";"Four-Way Intersection";"Smooth Asphalt";"Piedmont";"Urban";"40 - 45  MPH";"Stop Sign";"Clear";"No";"35.984833, -80.006874"
"913";510;511;"No";"60-69";68;"No";"With Traffic";"B: Evident Injury";"Travel Lane";"White";"Male";"Asheville";"Buncombe";"No";"01-01-07";2009-08-30;"Motorist Left Turn / Merge";12;"Intersection";"01-08-01";1-01-01 12:32:58;"Motorist Left Turn - Opposite Direction";111212;2009;"B: Evident Injury";"Commercial";"0-19";19;"No";"36-40 mph";"O: No Injury";"White";"Male";"Passenger Car";"No";"No";"Daylight";"Urban (>70% Developed)";"2 lanes";2;"Straight - Level";"Local Street";"Dry";"Two-Way, Not Divided";"None";"No Special Feature";"Smooth Asphalt";"Mountains";"Urban";"40 - 45  MPH";"Stop Sign";"Clear";"No";"35.60858, -82.577194"
"914";512;513;"Yes";"40-49";46;"No";"With Traffic";"C: Possible Injury";"Travel Lane";"White";"Male";"Monroe";"Union";"No";NA;2009-08-31;"Motorist Overtaking Bicyclist";6;"Non-Intersection";"01-08-01";1-01-01 06:31:58;"Motorist Overtaking - Other /";311239;2009;"C: Possible Injury";"Commercial";"70+";NA;"No";"26-30 mph";"O: No Injury";"White";"Male";"Pickup";"No";"No";"Dark - Lighted Roadway";"Mixed (30% To 70% Developed)";"4 lanes";2;"Straight - Level";"US Route";"Wet";"Two-Way, Not Divided";"None";"No Special Feature";"Smooth Asphalt";"Piedmont";"Urban";"30 - 35  MPH";"No Control Present";"Rain";"No";"34.988758, -80.5491"
"915";514;515;"No";"10-Jun";7;"No";"Not Applicable";"C: Possible Injury";"Travel Lane";"White";"Female";"Greensboro";"Guilford";"No";"01-01-03";2009-07-15;"Non-Roadway";18;"Non-Roadway";"01-07-01";1-01-01 18:17:58;"Non-Roadway";410910;2009;"C: Possible Injury";"Residential";"40-49";44;"No";"0-5 mph";"O: No Injury";"Native American";"Male";NA;"No";"Yes";"Daylight";"Urban (>70% Developed)";NA;2;"Straight - Level";"Public Vehicular Area";"Dry";"Two-Way, Not Divided";"None";"No Special Feature";"Smooth Asphalt";"Piedmont";"Urban";"20 - 25  MPH";"No Control Present";"Clear";"No";"36.00946, -79.788315"
"916";525;526;"Yes";"30-39";36;"No";"Facing Traffic";"C: Possible Injury";"Sidewalk / Crosswalk / Driveway Crossing";"White";"Male";"Fayetteville";"Cumberland";"No";"01-01-02";2009-09-15;"Motorist Failed to Yield - Sign-Controlled Intersection";15;"Intersection";"01-09-01";1-01-01 15:00:58;"Motorist Drive Out - Sign-Controlled Intersection";132141;2009;"C: Possible Injury";"Commercial";"40-49";41;"No";"0-5 mph";"O: No Injury";"White";"Female";"Sport Utility";"No";"No";"Daylight";"Urban (>70% Developed)";"2 lanes";2;"Straight - Level";"Local Street";"Dry";"Two-Way, Divided, Unprotected Median";"None";"T-Intersection";"Coarse Asphalt";"Coastal";"Urban";"5 - 15 MPH";"Stop Sign";"Clear";"No";"35.068718, -78.96613"
"917";535;536;"No";"16-19";18;"No";"Not Applicable";"B: Evident Injury";"Sidewalk / Crosswalk / Driveway Crossing";"White";"Male";"Black Mountain";"Buncombe";"No";"01-01-04";2009-09-10;"Other /  - Insufficient Details";15;"Non-Intersection";"01-09-01";1-01-01 15:52:58;"Approach Paths";333970;2009;"B: Evident Injury";"Commercial";"40-49";42;"No";NA;"O: No Injury";"White";"Male";"Pickup";"No";"Yes";"Daylight";"Mixed (30% To 70% Developed)";"4 lanes";2;"Straight - Grade";"NC Route";"Dry";"Two-Way, Not Divided";"None";"Four-Way Intersection";"Smooth Asphalt";"Mountains";"Urban";"30 - 35  MPH";"Stop And Go Signal";"Cloudy";"No";"35.614765, -82.31901"
"918";539;540;"Yes";"16-19";19;"No";"Facing Traffic";"B: Evident Injury";"Travel Lane";"White";"Male";"None - Rural Crash";"New Hanover";"No";"01-01-05";2009-09-25;"Motorist Failed to Yield - Midblock";12;"Non-Intersection";"01-09-01";1-01-01 12:47:58;"Motorist Drive Out - Commercial Driveway / Alley";312322;2009;"B: Evident Injury";"Commercial";"40-49";43;"No";"0-5 mph";"O: No Injury";"White";"Male";"Sport Utility";"No";"No";"Daylight";"Mixed (30% To 70% Developed)";"4 lanes";2;"Straight - Level";"US Route";"Dry";"Two-Way, Divided, Unprotected Median";"None";"Driveway, Public";"Coarse Asphalt";"Coastal";"Rural";"40 - 45  MPH";"No Control Present";"Clear";"No";"34.15006, -77.90299"
"919";542;543;"Yes";"30-39";38;"No";"With Traffic";"B: Evident Injury";"Travel Lane";"White";"Male";"Long View";"Catawba";"No";"01-01-07";2009-09-13;"Motorist Left Turn / Merge";10;"Non-Intersection";"01-09-01";1-01-01 10:49:58;"Motorist Left Turn - Opposite Direction";311212;2009;"B: Evident Injury";"Residential";"70+";NA;"No";"16-20 mph";"O: No Injury";"White";"Female";"Passenger Car";"No";"No";"Daylight";"Urban (>70% Developed)";"2 lanes";2;"Straight - Level";"Local Street";"Dry";"Two-Way, Divided, Unprotected Median";"None";"No Special Feature";"Coarse Asphalt";"Piedmont";"Rural";"30 - 35  MPH";"No Control Present";"Clear";"No";"35.717358, -81.389496"
"920";543;544;"No";"50-59";50;"No";"With Traffic";"B: Evident Injury";"Travel Lane";"White";"Male";"None - Rural Crash";"New Hanover";"No";NA;2009-09-14;"Motorist Failed to Yield - Sign-Controlled Intersection";7;"Intersection";"01-09-01";1-01-01 06:59:58;"Motorist Drive Out - Sign-Controlled Intersection";111141;2009;"B: Evident Injury";"Institutional";"0-19";17;"No";"0-5 mph";"O: No Injury";"Other";"Female";"Passenger Car";"No";"No";"Daylight";"Urban (>70% Developed)";"3 lanes";2;"Curve - Level";"State Secondary Route";"Dry";"Two-Way, Not Divided";"None";"Driveway, Public";"Smooth Asphalt";"Coastal";"Rural";"30 - 35  MPH";"Stop Sign";"Clear";"No";"34.103592, -77.90374"
"921";547;548;"Yes";"40-49";44;"No";"With Traffic";"O: No Injury";"Travel Lane";"White";"Male";"Monroe";"Union";"No";NA;2009-09-14;"Crossing Paths - Other Circumstances";19;"Intersection";"01-09-01";1-01-01 19:24:58;"Sign-Controlled Intersection - Other /";111148;2009;"B: Evident Injury";"Commercial";"20-24";20;"No";"0-5 mph";"B: Evident Injury";"White";"Male";"Passenger Car";"No";"No";"Dusk";"Urban (>70% Developed)";"2 lanes";2;"Straight - Level";"Public Vehicular Area";"Dry";"Two-Way, Not Divided";"None";"Four-Way Intersection";"Smooth Asphalt";"Piedmont";"Urban";"5 - 15 MPH";"Stop Sign";"Clear";"No";"35.005917, -80.56077"
"922";554;555;"Yes";"20-24";21;"No";"Facing Traffic";"C: Possible Injury";"Travel Lane";"Other";"Female";"Nags Head";"Dare";"No";"01-01-03";2009-07-01;"Motorist Failed to Yield - Sign-Controlled Intersection";13;"Intersection";"01-07-01";1-01-01 13:49:58;"Motorist Drive Out - Sign-Controlled Intersection";112141;2009;"C: Possible Injury";"Commercial";"25-29";28;"No";"0-5 mph";"O: No Injury";"White";"Female";"Sport Utility";"No";"No";"Daylight";"Mixed (30% To 70% Developed)";"5 lanes";2;"Straight - Level";"Local Street";"Dry";"Two-Way, Divided, Unprotected Median";"None";"T-Intersection";"Coarse Asphalt";"Coastal";"Rural";"50 - 55  MPH";"Stop Sign";"Clear";"No";"35.921017, -75.605705"
"923";563;564;"Yes";"16-19";17;"No";"Not Applicable";"B: Evident Injury";"Travel Lane";"White";"Male";"None - Rural Crash";"Buncombe";"No";"01-01-02";2009-09-22;"Non-Roadway";13;"Non-Roadway";"01-09-01";1-01-01 13:55:58;"Non-Roadway";410910;2009;"B: Evident Injury";"Farms, Woods, Pastures";"25-29";25;"No";NA;"O: No Injury";"White";"Female";"Van";"No";"No";"Daylight";"Rural (<30% Developed)";"1 lane";2;"Curve - Grade";"Public Vehicular Area";"Sand, Mud, Dirt, Gravel";"Two-Way, Not Divided";"None";"Driveway, Public";"Gravel";"Mountains";"Rural";NA;"No Control Present";"Cloudy";"No";"35.607502, -82.37562"
"924";564;565;"Yes";"15-Nov";13;"No";"With Traffic";"C: Possible Injury";"Travel Lane";"White";"Male";"Gastonia";"Gaston";"No";"01-01-02";2009-09-22;"Crossing Paths - Other Circumstances";18;"Intersection";"01-09-01";1-01-01 18:04:58;"Crossing Paths - Uncontrolled Intersection";111160;2009;"C: Possible Injury";"Commercial";"30-39";32;"No";"26-30 mph";"O: No Injury";"Black";"Male";"Passenger Car";"No";"No";"Daylight";"Urban (>70% Developed)";"5 lanes";2;"Straight - Grade";"State Secondary Route";"Dry";"Two-Way, Not Divided";"None";"No Special Feature";"Smooth Asphalt";"Piedmont";"Urban";"40 - 45  MPH";"No Control Present";"Clear";"No";"35.253433, -81.17812"
"925";565;566;"Yes";"30-39";35;"No";"With Traffic";"C: Possible Injury";"Travel Lane";"White";"Male";"None - Rural Crash";"Columbus";"No";"01-01-05";2009-10-02;"Motorist Overtaking Bicyclist";19;"Non-Intersection";"01-10-01";1-01-01 19:28:58;"Motorist Overtaking - Undetected Bicyclist";311231;2009;"C: Possible Injury";"Farms, Woods, Pastures";"70+";NA;"No";"51-55 mph";"O: No Injury";"White";"Male";"Pickup";"No";"No";"Dark - Roadway Not Lighted";"Rural (<30% Developed)";"2 lanes";2;"Straight - Level";"State Secondary Route";"Dry";"Two-Way, Not Divided";"None";"No Special Feature";"Coarse Asphalt";"Coastal";"Rural";"50 - 55  MPH";"No Control Present";"Clear";"No";"34.277805, -78.72908"