"FID";"OBJECTID";"AmbulanceR";"BikeAge_Gr";"Bike_Age";"Bike_Alc_D";"Bike_Dir";"Bike_Injur";"Bike_Pos";"Bike_Race";"Bike_Sex";"City";"County";"CrashAlcoh";"CrashDay";"Crash_Date";"Crash_Grp";"Crash_Hour";"Crash_Loc";"Crash_Mont";"Crash_Time";"Crash_Type";"Crash_Ty_1";"Crash_Year";"Crsh_Sevri";"Developmen";"DrvrAge_Gr";"Drvr_Age";"Drvr_Alc_D";"Drvr_EstSp";"Drvr_Injur";"Drvr_Race";"Drvr_Sex";"Drvr_VehTy";"ExcsSpdInd";"Hit_Run";"Light_Cond";"Locality";"Num_Lanes";"Num_Units";"Rd_Charact";"Rd_Class";"Rd_Conditi";"Rd_Config";"Rd_Defects";"Rd_Feature";"Rd_Surface";"Region";"Rural_Urba";"Speed_Limi";"Traff_Cntr";"Weather";"Workzone_I";"Location"
"926";566;567;"Yes";"50-59";50;"No";"Facing Traffic";"B: Evident Injury";"Travel Lane";"White";"Male";"Mills River";"Henderson";"No";"01-01-07";2009-10-04;"Motorist Overtaking Bicyclist";16;"Non-Intersection";"01-10-01";1-01-01 16:08:58;"Motorist Overtaking - Other /";312239;2009;"B: Evident Injury";"Residential";"40-49";49;"No";"31-35 mph";"O: No Injury";"White";"Male";"Passenger Car";"No";"No";"Daylight";"Mixed (30% To 70% Developed)";"2 lanes";2;"Straight - Grade";"State Secondary Route";"Dry";"Two-Way, Not Divided";"None";"No Special Feature";"Coarse Asphalt";"Mountains";"Urban";"30 - 35  MPH";"Double Yellow Line, No Passing Zone";"Cloudy";"No";"35.375854, -82.57849"
"927";598;599;"Yes";"40-49";44;"Yes";"With Traffic";"B: Evident Injury";"Travel Lane";"Hispanic";"Male";"Charlotte";"Mecklenburg";"Yes";NA;2009-10-05;"Motorist Overtaking Bicyclist";19;"Non-Intersection";"01-10-01";1-01-01 19:36:58;"Motorist Overtaking - Bicyclist Swerved";311235;2009;"B: Evident Injury";"Commercial";"20-24";22;"No";"31-35 mph";"O: No Injury";"White";"Male";"Passenger Car";"No";"No";"Dark - Lighted Roadway";"Urban (>70% Developed)";"6 lanes";2;"Straight - Level";"Local Street";"Wet";"Two-Way, Divided, Unprotected Median";"None";"No Special Feature";"Smooth Asphalt";"Piedmont";"Urban";"40 - 45  MPH";"No Control Present";"Cloudy";"No";"35.22594, -80.90943"
"928";599;600;"Yes";"30-39";39;"No";"With Traffic";"B: Evident Injury";"Travel Lane";"White";"Male";"Midland";"Cabarrus";"No";"01-01-04";2009-10-15;"Motorist Overtaking Bicyclist";6;"Non-Intersection";"01-10-01";1-01-01 06:44:58;"Motorist Overtaking - Other /";311239;2009;"B: Evident Injury";"Residential";NA;NA;"No";"51-55 mph";"Injury";"/Missing";NA;NA;"No";"Yes";"Dark - Roadway Not Lighted";"Mixed (30% To 70% Developed)";"5 lanes";2;"Straight - Level";"NC Route";"Wet";"Two-Way, Not Divided";"None";"No Special Feature";"Smooth Asphalt";"Piedmont";"Rural";"50 - 55  MPH";"No Control Present";"Cloudy";"No";"35.250446, -80.50819"
"929";608;609;"Yes";"15-Nov";14;"No";"With Traffic";"B: Evident Injury";"Travel Lane";"White";"Male";"Raleigh";"Wake";"No";"01-01-07";2009-09-20;"Bicyclist Failed to Yield - Sign-Controlled Intersection";15;"Intersection";"01-09-01";1-01-01 15:09:58;"Bicyclist Ride Through - Sign-Controlled Intersection";111144;2009;"B: Evident Injury";"Residential";"50-59";52;"No";"26-30 mph";"O: No Injury";"White";"Male";"Sport Utility";"No";"No";"Daylight";"Urban (>70% Developed)";"2 lanes";2;"Straight - Grade";"Local Street";"Dry";"Two-Way, Not Divided";"None";"No Special Feature";"Coarse Asphalt";"Piedmont";"Urban";"30 - 35  MPH";"Stop Sign";"Clear";"No";"35.84828, -78.708725"
"930";612;613;"Yes";"60-69";60;"No";"With Traffic";"A: Disabling Injury";"Travel Lane";"White";"Male";"None - Rural Crash";"Robeson";"No";NA;2009-10-19;"Motorist Overtaking Bicyclist";7;"Non-Intersection";"01-10-01";1-01-01 07:49:58;"Motorist Overtaking - Other /";311239;2009;"A: Disabling Injury";"Farms, Woods, Pastures";"20-24";24;"No";"51-55 mph";"O: No Injury";"Native American";"Male";"Pickup";"No";"No";"Daylight";"Rural (<30% Developed)";"2 lanes";2;"Straight - Level";"State Secondary Route";"Dry";"Two-Way, Not Divided";"None";"No Special Feature";"Coarse Asphalt";"Coastal";"Rural";"50 - 55  MPH";"No Control Present";"Clear";"No";"34.816418, -79.201454"
"931";615;616;"Yes";"16-19";19;"No";"Not Applicable";"B: Evident Injury";NA;"Black";"Male";"Raleigh";"Wake";"No";"01-01-07";2009-09-27;"Bicyclist Failed to Yield - Midblock";20;"Non-Intersection";"01-09-01";1-01-01 20:48:58;"Bicyclist Ride Out - Midblock -";393319;2009;"B: Evident Injury";"Residential";NA;NA;"Missing";"31-35 mph";"Injury";"/Missing";NA;"Sport Utility";"No";"Yes";"Dark - Lighted Roadway";"Mixed (30% To 70% Developed)";"2 lanes";2;"Straight - Level";"Local Street";"Dry";"Two-Way, Not Divided";"None";"No Special Feature";"Smooth Asphalt";"Piedmont";"Urban";"30 - 35  MPH";"No Control Present";"Clear";"No";"35.746876, -78.606865"
"932";617;618;"Yes";"25-29";27;"No";"Facing Traffic";"C: Possible Injury";"Travel Lane";"Black";"Male";"Rocky Mount";"Nash";"No";"01-01-03";2009-09-23;"Crossing Paths - Other Circumstances";19;"Intersection";"01-09-01";1-01-01 19:21:58;"Signalized Intersection - Other /";112158;2009;"C: Possible Injury";"Residential";"30-39";39;"No";"6-10 mph";"O: No Injury";"White";"Male";"Sport Utility";"No";"No";"Dusk";"Urban (>70% Developed)";"2 lanes";2;"Straight - Level";"Local Street";"Dry";"One-Way, Not Divided";"None";"T-Intersection";"Coarse Asphalt";"Coastal";"Urban";"30 - 35  MPH";"Stop And Go Signal";"Clear";"No";"35.9427, -77.80186"
"933";618;619;"No";"16-19";18;"No";"Facing Traffic";"O: No Injury";"Travel Lane";"White";"Male";"Greenville";"Pitt";"No";"01-01-03";2009-09-30;"Bicyclist Failed to Yield - Signalized Intersection";14;"Intersection";"01-09-01";1-01-01 14:33:58;"Bicyclist Failed to Clear - Multiple Threat";112157;2009;"O: No Injury";"Commercial";"50-59";50;"No";"0-5 mph";"O: No Injury";"White";"Male";"Pickup";"No";"No";"Daylight";"Urban (>70% Developed)";"4 lanes";2;"Straight - Level";"Local Street";"Dry";"Two-Way, Not Divided";"None";"No Special Feature";"Smooth Asphalt";"Coastal";"Urban";"30 - 35  MPH";"Stop And Go Signal";"Clear";"No";"35.60576, -77.37229"
"934";619;620;"No";"16-19";17;"No";"Facing Traffic";"B: Evident Injury";"Sidewalk / Crosswalk / Driveway Crossing";"White";"Female";"Asheville";"Buncombe";"No";"01-01-02";2009-09-22;"Motorist Failed to Yield - Sign-Controlled Intersection";19;"Intersection";"01-09-01";1-01-01 18:59:58;"Motorist Drive Out - Sign-Controlled Intersection";132141;2009;"B: Evident Injury";"Commercial";NA;NA;"Missing";"6-10 mph";"Injury";"/Missing";NA;"Pickup";"No";"Yes";"Dusk";"Urban (>70% Developed)";"2 lanes";2;"Straight - Level";"Public Vehicular Area";"Dry";NA;"None";"T-Intersection";"Smooth Asphalt";"Mountains";"Urban";"20 - 25  MPH";"Stop Sign";"Clear";"No";"35.630234, -82.553085"
"935";621;622;"Yes";"20-24";20;"No";"With Traffic";"B: Evident Injury";"Travel Lane";"White";"Male";"Greensboro";"Guilford";"No";"01-01-03";2009-10-07;"Motorist Left Turn / Merge";18;"Intersection";"01-10-01";1-01-01 18:27:58;"Motorist Left Turn - Opposite Direction";111212;2009;"B: Evident Injury";"Residential";"70+";NA;"No";NA;"O: No Injury";"White";"Male";"Passenger Car";"No";"No";"Daylight";"Urban (>70% Developed)";"6 lanes";2;"Straight - Level";"Local Street";"Dry";"Two-Way, Not Divided";NA;"Four-Way Intersection";"Smooth Asphalt";"Piedmont";"Urban";"30 - 35  MPH";"Stop And Go Signal";"Clear";"No";"36.089096, -79.88451"
"936";622;623;"Yes";"15-Nov";15;"No";"Not Applicable";"B: Evident Injury";"Driveway / Alley";"White";"Male";"None - Rural Crash";"Burke";"No";"01-01-06";2009-10-24;"Bicyclist Failed to Yield - Midblock";16;"Non-Intersection";"01-10-01";1-01-01 16:17:58;"Bicyclist Ride Out - Residential Driveway";353311;2009;"B: Evident Injury";"Residential";"70+";NA;"No";"41-45 mph";"O: No Injury";"White";"Female";"Pickup";"No";"No";"Daylight";"Urban (>70% Developed)";"2 lanes";2;"Straight - Level";"State Secondary Route";"Dry";"Two-Way, Not Divided";"None";"Driveway, Private";"Smooth Asphalt";"Mountains";"Rural";"40 - 45  MPH";"No Control Present";"Clear";"No";"35.776196, -81.78591"
"937";623;624;"Yes";"50-59";52;"Yes";"Facing Traffic";"B: Evident Injury";"Travel Lane";"White";"Male";"Wilmington";"New Hanover";"Yes";"01-01-05";2009-10-09;"Motorist Failed to Yield - Midblock";18;"Non-Intersection";"01-10-01";1-01-01 18:24:58;"Motorist Drive Out - Residential Driveway";312321;2009;"B: Evident Injury";"Commercial";"30-39";39;"No";"0-5 mph";"O: No Injury";"White";"Male";"Pickup";"No";"No";"Daylight";"Urban (>70% Developed)";"2 lanes";2;"Straight - Level";"Local Street";"Dry";"Two-Way, Not Divided";"None";"Driveway, Private";"Smooth Asphalt";"Coastal";"Urban";"30 - 35  MPH";"No Control Present";"Clear";"No";"34.237885, -77.88886"
"938";628;629;"Yes";"16-19";17;"No";"With Traffic";"A: Disabling Injury";"Travel Lane";"Black";"Male";"None - Rural Crash";"Moore";"No";"01-01-02";2009-10-06;"Bicyclist Failed to Yield - Sign-Controlled Intersection";17;"Intersection";"01-10-01";1-01-01 17:14:58;"Bicyclist Ride Through - Sign-Controlled Intersection";111144;2009;"A: Disabling Injury";"Farms, Woods, Pastures";"40-49";40;"No";"51-55 mph";"C: Possible Injury";"Hispanic";"Female";"Sport Utility";"No";"No";"Daylight";"Rural (<30% Developed)";"2 lanes";2;"Straight - Grade";"State Secondary Route";"Dry";"Two-Way, Not Divided";"None";"T-Intersection";"Coarse Asphalt";"Piedmont";"Rural";"50 - 55  MPH";"Stop Sign";"Cloudy";"No";"35.309036, -79.3409"
"939";637;638;"Yes";"10-Jun";10;"No";"With Traffic";"B: Evident Injury";"Travel Lane";"White";"Male";"None - Rural Crash";"Haywood";"No";"01-01-07";2009-10-18;"Crossing Paths - Other Circumstances";15;"Intersection";"01-10-01";1-01-01 15:20:58;"Crossing Paths - Intersection - Other /";111180;2009;"B: Evident Injury";"Residential";"50-59";56;"No";"26-30 mph";"O: No Injury";"White";"Female";"Passenger Car";"No";"No";"Daylight";"Mixed (30% To 70% Developed)";"2 lanes";2;"Straight - Grade";"State Secondary Route";"Dry";"Two-Way, Not Divided";"None";"T-Intersection";"Coarse Asphalt";"Mountains";"Rural";"30 - 35  MPH";"Double Yellow Line, No Passing Zone";"Cloudy";"No";"35.507526, -83.07668"
"940";638;639;"Yes";"15-Nov";14;"No";"With Traffic";"B: Evident Injury";"Travel Lane";"White";"Male";"Concord";"Cabarrus";"No";"01-01-04";2009-10-22;"Loss of Control / Turning Error";19;"Non-Intersection";"01-10-01";1-01-01 19:01:58;"Bicyclist Lost Control - Mechanical Problems";311121;2009;"B: Evident Injury";"Residential";"70+";NA;"No";"31-35 mph";"O: No Injury";"Black";"Female";"Passenger Car";"No";"No";"Dusk";"Urban (>70% Developed)";"2 lanes";2;"Straight - Grade";"Local Street";"Dry";"Two-Way, Divided, Unprotected Median";"None";"No Special Feature";"Smooth Asphalt";"Piedmont";"Urban";"30 - 35  MPH";"Double Yellow Line, No Passing Zone";"Clear";"No";"35.380943, -80.600235"
"941";645;646;"Yes";"25-29";25;"No";"With Traffic";"C: Possible Injury";"Travel Lane";"Black";"Male";"Washington";"Beaufort";"No";NA;2009-10-26;"Other / Unusual Circumstances";0;"Intersection";"01-10-01";1-01-01 00:56:58;"Motorist Intentionally Caused";111510;2009;"C: Possible Injury";"Residential";"20-24";20;"No";"16-20 mph";"O: No Injury";"Black";"Female";"Passenger Car";"No";"No";"Dark - Lighted Roadway";"Urban (>70% Developed)";"2 lanes";2;"Straight - Level";"Local Street";"Dry";"Two-Way, Not Divided";"None";"T-Intersection";"Coarse Asphalt";"Coastal";"Urban";"30 - 35  MPH";"Stop Sign";"Clear";"No";"35.554768, -77.05742"
"942";646;647;"No";"40-49";45;"No";"With Traffic";"C: Possible Injury";"Travel Lane";"White";"Male";"None - Rural Crash";"Catawba";"No";NA;2009-10-26;"Motorist Overtaking Bicyclist";7;"Non-Intersection";"01-10-01";1-01-01 07:44:58;"Motorist Overtaking - Misjudged Space";311232;2009;"C: Possible Injury";"Residential";"70+";NA;"No";"41-45 mph";"O: No Injury";"White";"Male";"Van";"No";"No";"Daylight";"Rural (<30% Developed)";"2 lanes";2;"Straight - Level";"State Secondary Route";"Dry";"Two-Way, Not Divided";"None";"No Special Feature";"Smooth Asphalt";"Piedmont";"Rural";"40 - 45  MPH";"Double Yellow Line, No Passing Zone";"Clear";"No";"35.78795, -81.26046"
"943";648;649;"Yes";"20-24";22;"No";"With Traffic";"C: Possible Injury";"Travel Lane";"White";"Male";"None - Rural Crash";"Onslow";"No";"01-01-06";2009-11-07;"Motorist Overtaking Bicyclist";7;"Non-Intersection";"01-11-01";1-01-01 07:04:58;"Motorist Overtaking - Other /";311239;2009;"C: Possible Injury";"Institutional";NA;NA;"Missing";"31-35 mph";"Injury";"/Missing";NA;NA;"No";"Yes";"Daylight";"Rural (<30% Developed)";"2 lanes";2;"Straight - Level";"State Secondary Route";"Dry";"Two-Way, Not Divided";"None";"No Special Feature";"Coarse Asphalt";"Coastal";"Rural";"40 - 45  MPH";"No Control Present";"Clear";"No";"34.815254, -77.41206"
"944";651;652;"No";"16-19";19;"No";"Not Applicable";"C: Possible Injury";NA;"White";"Male";"Wilmington";"New Hanover";"No";"01-01-03";2009-10-14;"Bicyclist Failed to Yield - Signalized Intersection";15;"Intersection-Related";"01-10-01";1-01-01 15:15:58;"Bicyclist Ride Out - Signalized  Intersection";293153;2009;"C: Possible Injury";"Commercial";"20-24";23;"No";"0-5 mph";"O: No Injury";"Black";"Female";"Van";"No";"No";"Daylight";"Urban (>70% Developed)";"3 lanes";2;"Straight - Level";"Local Street";"Wet";"Two-Way, Divided, Positive Median Barrier";"None";"No Special Feature";"Coarse Asphalt";"Coastal";"Urban";"5 - 15 MPH";"Stop And Go Signal";"Rain";"No";"34.20091, -77.88847"
"945";654;655;"Yes";"50-59";50;"No";"With Traffic";"C: Possible Injury";"Travel Lane";"Black";"Male";"Kinston";"Lenoir";"No";"01-01-02";2009-11-10;"Bicyclist Failed to Yield - Signalized Intersection";15;"Intersection";"01-11-01";1-01-01 15:43:58;"Bicyclist Ride Through - Signalized Intersection";111155;2009;"C: Possible Injury";"Commercial";"70+";NA;"No";"0-5 mph";"O: No Injury";"Black";"Female";"Passenger Car";"No";"No";"Daylight";"Urban (>70% Developed)";"4 lanes";2;"Straight - Level";"Local Street";"Wet";"Two-Way, Not Divided";"None";"Four-Way Intersection";"Smooth Asphalt";"Coastal";"Urban";"20 - 25  MPH";"Stop And Go Signal";"Rain";"No";"35.26506, -77.58112"
"946";656;657;"Yes";"30-39";35;"No";"With Traffic";"B: Evident Injury";"Travel Lane";"White";"Male";"Fayetteville";"Cumberland";"No";"01-01-05";2009-10-30;"Crossing Paths - Other Circumstances";17;"Intersection";"01-10-01";1-01-01 17:53:58;"Crossing Paths - Intersection - Other /";111180;2009;"B: Evident Injury";"Farms, Woods, Pastures";"30-39";30;"No";"21-25 mph";"O: No Injury";"Black";"Male";"Sport Utility";"No";"No";"Dark - Roadway Not Lighted";"Rural (<30% Developed)";"4 lanes";2;"Straight - Level";"US Route";"Dry";"Two-Way, Divided, Unprotected Median";"None";"No Special Feature";"Coarse Asphalt";"Coastal";"Urban";"50 - 55  MPH";"Stop And Go Signal";"Cloudy";"No";"34.975136, -78.91043"
"947";678;679;"Yes";"50-59";52;"No";"With Traffic";"A: Disabling Injury";"Sidewalk / Crosswalk / Driveway Crossing";"White";"Female";"Greensboro";"Guilford";"No";"01-01-07";2009-11-08;"Motorist Failed to Yield - Midblock";13;"Non-Intersection";"01-11-01";1-01-01 13:49:58;"Motorist Drive Out - Commercial Driveway / Alley";331322;2009;"A: Disabling Injury";"Commercial";"0-19";17;"No";"0-5 mph";"O: No Injury";"White";"Male";"Passenger Car";"No";"No";"Daylight";"Urban (>70% Developed)";"4 lanes";2;"Straight - Grade";NA;"Dry";"Two-Way, Not Divided";"None";"No Special Feature";"Concrete";"Piedmont";"Urban";"30 - 35  MPH";"No Control Present";"Clear";"No";"36.088642, -79.832954"
"948";679;680;"No";"20-24";20;"No";"With Traffic";"C: Possible Injury";"Travel Lane";"White";"Male";"Wilmington";"New Hanover";"No";"01-01-03";2009-11-04;"Motorist Failed to Yield - Midblock";18;"Non-Intersection";"01-11-01";1-01-01 18:22:58;"Motorist Drive Out - Commercial Driveway / Alley";311322;2009;"C: Possible Injury";"Commercial";"60-69";60;"No";"6-10 mph";"O: No Injury";"White";"Male";"Passenger Car";"No";"No";"Dark - Lighted Roadway";"Urban (>70% Developed)";"2 lanes";2;"Straight - Level";"Local Street";"Dry";"Two-Way, Not Divided";"None";"No Special Feature";"Coarse Asphalt";"Coastal";"Urban";"20 - 25  MPH";"No Control Present";"Clear";"No";"34.211315, -77.86371"
"949";689;690;"Yes";"50-59";55;"No";"With Traffic";"K: Killed";"Travel Lane";"White";"Male";"None - Rural Crash";"Guilford";"No";"01-01-06";2009-10-24;"Loss of Control / Turning Error";17;"Non-Intersection";"01-10-01";1-01-01 17:40:58;"Motorist Lost Control - Other /";311139;2009;"K: Killed";"Farms, Woods, Pastures";"40-49";48;"No";"46-50 mph";"O: No Injury";"White";"Female";"Sport Utility";"No";"No";"Daylight";"Rural (<30% Developed)";"2 lanes";2;"Straight - Grade";"State Secondary Route";"Dry";"Two-Way, Not Divided";"None";"No Special Feature";"Smooth Asphalt";"Piedmont";"Rural";"50 - 55  MPH";"No Control Present";"Clear";"No";"36.219673, -79.78799"
"950";690;691;"Yes";"20-24";22;"No";"With Traffic";"C: Possible Injury";"Travel Lane";"White";"Male";"Raleigh";"Wake";"No";"01-01-03";2009-10-21;"Motorist Left Turn / Merge";19;"Non-Intersection";"01-10-01";1-01-01 19:18:58;"Motorist Left Turn - Opposite Direction";311212;2009;"C: Possible Injury";"Commercial";"30-39";35;"No";"0-5 mph";"O: No Injury";"Black";"Female";"Passenger Car";"No";"No";"Dark - Lighted Roadway";"Urban (>70% Developed)";"5 lanes";2;"Straight - Level";"Local Street";"Dry";"Two-Way, Not Divided";"None";"No Special Feature";"Smooth Asphalt";"Piedmont";"Urban";"30 - 35  MPH";"No Control Present";"Clear";"No";"35.78462, -78.65868"
"951";691;692;"Yes";"50-59";58;"No";"With Traffic";"C: Possible Injury";"Travel Lane";"White";"Male";"None - Rural Crash";"Rockingham";"No";"01-01-02";2009-12-01;"Motorist Left Turn / Merge";13;"Non-Intersection";"01-12-01";1-01-01 13:50:58;"Motorist Left Turn - Opposite Direction";311212;2009;"C: Possible Injury";"Farms, Woods, Pastures";"70+";NA;"No";"41-45 mph";"O: No Injury";"White";"Male";"Pickup";"No";"No";"Daylight";"Rural (<30% Developed)";"2 lanes";2;"Straight - Level";"State Secondary Route";"Dry";"Two-Way, Not Divided";"None";"No Special Feature";"Smooth Asphalt";"Piedmont";"Rural";"50 - 55  MPH";"Double Yellow Line, No Passing Zone";"Clear";"No";"36.328808, -79.98155"
"952";694;695;"No";"25-29";25;"No";"Facing Traffic";"C: Possible Injury";"Sidewalk / Crosswalk / Driveway Crossing";"White";"Male";"Raleigh";"Wake";"No";"01-01-02";2009-10-20;"Motorist Failed to Yield - Signalized Intersection";12;"Intersection";"01-10-01";1-01-01 12:11:58;"Motorist Drive Out - Right Turn on Red";132151;2009;"C: Possible Injury";"Commercial";"40-49";46;"No";"31-35 mph";"O: No Injury";"Black";"Male";"Passenger Car";"No";"No";"Daylight";"Urban (>70% Developed)";"3 lanes";2;"Straight - Level";"Local Street";"Dry";"Two-Way, Not Divided";"None";"T-Intersection";"Smooth Asphalt";"Piedmont";"Urban";"30 - 35  MPH";"Stop And Go Signal";"Clear";"No";"35.788967, -78.6732"
"953";697;698;"No";"50-59";54;"No";"Facing Traffic";"Injury";"Travel Lane";"White";"Male";"Raleigh";"Wake";"No";"01-01-05";2009-11-06;"Parallel Paths - Other Circumstances";17;"Intersection";"01-11-01";1-01-01 17:26:58;"Parallel Paths - Other /";112280;2009;"O: No Injury";"Commercial";"25-29";28;"No";"6-10 mph";"O: No Injury";"Hispanic";"Female";"Passenger Car";"No";"No";"Daylight";"Urban (>70% Developed)";"7 lanes";2;"Straight - Hillcrest";"Local Street";"Dry";"Two-Way, Divided, Unprotected Median";"None";"No Special Feature";"Smooth Asphalt";"Piedmont";"Urban";"30 - 35  MPH";"Stop And Go Signal";"Clear";"No";"35.786495, -78.58887"
"954";707;708;"No";"10-Jun";6;"No";"Not Applicable";"O: No Injury";NA;"Black";"Male";"Fayetteville";"Cumberland";"No";"01-01-07";2009-11-22;"Bicyclist Failed to Yield - Midblock";14;"Non-Intersection";"01-11-01";1-01-01 14:30:58;"Bicyclist Ride Out - Midblock -";393319;2009;"O: No Injury";"Residential";NA;NA;"Missing";"21-25 mph";"Injury";"/Missing";NA;NA;"No";"Yes";"Daylight";"Urban (>70% Developed)";"2 lanes";2;"Straight - Grade";"Local Street";"Dry";"Two-Way, Not Divided";"None";"No Special Feature";"Coarse Asphalt";"Coastal";"Urban";"20 - 25  MPH";"No Control Present";"Cloudy";"No";"35.040005, -79.02066"
"955";709;710;"Yes";"40-49";47;"No";"Facing Traffic";"B: Evident Injury";"Sidewalk / Crosswalk / Driveway Crossing";"Black";"Male";"Wilmington";"New Hanover";"No";"01-01-06";2009-11-28;"Bicyclist Failed to Yield - Signalized Intersection";8;"Intersection";"01-11-01";1-01-01 08:13:58;"Bicyclist Failed to Clear - Multiple Threat";132157;2009;"B: Evident Injury";"Commercial";"30-39";37;"No";"26-30 mph";"O: No Injury";"White";"Male";"Passenger Car";"No";"No";"Daylight";"Urban (>70% Developed)";"3 lanes";2;"Straight - Level";"US Route";"Dry";"One-Way, Not Divided";"None";"Related To Intersection";"Coarse Asphalt";"Coastal";"Urban";"30 - 35  MPH";"Stop And Go Signal";"Clear";"No";"34.225697, -77.92763"
"956";712;713;"No";"20-24";20;"No";"Not Applicable";"C: Possible Injury";"Travel Lane";"White";"Male";"Greensboro";"Guilford";"No";NA;2009-11-23;"Motorist Failed to Yield - Sign-Controlled Intersection";18;"Intersection";"01-11-01";1-01-01 18:15:58;"Motorist Drive Out - Sign-Controlled Intersection";113141;2009;"C: Possible Injury";"Residential";"30-39";37;"No";"0-5 mph";"O: No Injury";"White";"Female";"Passenger Car";"No";"No";"Dark - Roadway Not Lighted";"Mixed (30% To 70% Developed)";"4 lanes";2;"Straight - Hillcrest";"Local Street";"Wet";"Two-Way, Divided, Unprotected Median";"None";"No Special Feature";"Grooved Concrete";"Piedmont";"Urban";"30 - 35  MPH";"Stop Sign";"Rain";"No";"36.112606, -79.82094"
"957";715;716;"No";"25-29";27;"No";"With Traffic";"B: Evident Injury";"Travel Lane";"White";"Male";"Wrightsville Beach";"New Hanover";"No";"01-01-04";2009-10-29;"Bicyclist Overtaking Motorist";16;"Non-Intersection";"01-10-01";1-01-01 16:18:58;"Bicyclist Overtaking - Passing on Right";311241;2009;"B: Evident Injury";"Residential";"60-69";62;"No";NA;"O: No Injury";"White";"Male";"Passenger Car";"No";"No";"Daylight";"Urban (>70% Developed)";"2 lanes";2;"Straight - Level";"Local Street";"Dry";"Two-Way, Not Divided";"None";"No Special Feature";"Coarse Asphalt";"Coastal";"Rural";"20 - 25  MPH";"No Control Present";"Clear";"No";"34.22929, -77.78084"
"958";732;733;"No";"15-Nov";13;"No";"Facing Traffic";"O: No Injury";"Travel Lane";"Other";"Male";"None - Rural Crash";"Franklin";"No";"01-01-04";2009-11-26;"Bicyclist Right Turn / Merge";12;"Non-Intersection";"01-11-01";1-01-01 12:45:58;"Bicyclist Right Turn - Same Direction";312223;2009;"O: No Injury";"Farms, Woods, Pastures";"30-39";30;"No";"41-45 mph";"O: No Injury";"White";"Male";"Sport Utility";"No";"No";"Daylight";"Rural (<30% Developed)";"2 lanes";2;"Straight - Grade";"State Secondary Route";"Dry";"Two-Way, Not Divided";"None";"No Special Feature";"Smooth Asphalt";"Piedmont";"Rural";"50 - 55  MPH";"Double Yellow Line, No Passing Zone";"Clear";"No";"35.9481, -78.31534"
"959";736;737;"Yes";"50-59";50;"No";"Not Applicable";"B: Evident Injury";NA;"Black";"Male";"Winston-Salem";"Forsyth";"No";NA;2009-11-30;"Bicyclist Failed to Yield - Midblock";6;"Non-Intersection";"01-11-01";1-01-01 06:18:58;"Bicyclist Ride Out - Midblock -";393319;2009;"B: Evident Injury";"Residential";"30-39";38;"No";"16-20 mph";"O: No Injury";"Black";"Male";"Passenger Car";"No";"No";"Dark - Roadway Not Lighted";"Urban (>70% Developed)";"2 lanes";2;"Straight - Grade";"Local Street";"Dry";"Two-Way, Not Divided";"None";"No Special Feature";"Smooth Asphalt";"Piedmont";"Urban";"30 - 35  MPH";"No Control Present";"Cloudy";"No";"36.12177, -80.251945"
"960";750;751;"No";"40-49";48;"No";"Not Applicable";"C: Possible Injury";"Sidewalk / Crosswalk / Driveway Crossing";"Other";"Male";"High Point";"Guilford";"No";"01-01-03";2009-12-16;"Non-Roadway";12;"Non-Roadway";"01-12-01";1-01-01 12:06:58;"Non-Roadway";430910;2009;"C: Possible Injury";"Commercial";"60-69";64;"No";"0-5 mph";"O: No Injury";"White";"Male";"Passenger Car";"No";"No";"Daylight";"Urban (>70% Developed)";NA;2;"Straight - Level";"Public Vehicular Area";"Dry";"Two-Way, Not Divided";"None";"Driveway, Public";"Smooth Asphalt";"Piedmont";"Urban";NA;"No Control Present";"Clear";"No";"35.974514, -80.01816"
"961";758;759;"Yes";"30-39";30;"No";"With Traffic";"B: Evident Injury";"Travel Lane";"White";"Female";"Bessemer City";"Gaston";"No";"01-01-02";2009-12-22;"Motorist Overtaking Bicyclist";8;"Non-Intersection";"01-12-01";1-01-01 08:14:58;"Motorist Overtaking - Misjudged Space";311232;2009;"B: Evident Injury";"Residential";"40-49";46;"No";"31-35 mph";"O: No Injury";"White";"Female";"Sport Utility";"No";"No";"Daylight";"Urban (>70% Developed)";"2 lanes";2;"Straight - Level";"Local Street";"Dry";"Two-Way, Not Divided";"None";"No Special Feature";"Smooth Asphalt";"Piedmont";"Urban";"40 - 45  MPH";"Stop Sign";"Clear";"No";"35.270435, -81.26187"
"962";760;761;"Yes";"25-29";29;"No";"Not Applicable";"C: Possible Injury";NA;"White";"Male";"Hendersonville";"Henderson";"No";"01-01-02";2009-12-22;"Bicyclist Failed to Yield - Signalized Intersection";13;"Intersection-Related";"01-12-01";1-01-01 13:42:58;"Bicyclist Ride Out - Signalized  Intersection";293153;2009;"C: Possible Injury";"Commercial";"70+";NA;"No";"16-20 mph";"O: No Injury";"White";"Male";"Van";"No";"No";"Daylight";"Urban (>70% Developed)";"2 lanes";2;"Straight - Level";"Local Street";"Dry";"One-Way, Not Divided";"None";"Four-Way Intersection";"Coarse Asphalt";"Mountains";"Urban";"20 - 25  MPH";"Stop And Go Signal";"Clear";"No";"35.311398, -82.46037"