"FID";"OBJECTID";"AmbulanceR";"BikeAge_Gr";"Bike_Age";"Bike_Alc_D";"Bike_Dir";"Bike_Injur";"Bike_Pos";"Bike_Race";"Bike_Sex";"City";"County";"CrashAlcoh";"CrashDay";"Crash_Date";"Crash_Grp";"Crash_Hour";"Crash_Loc";"Crash_Mont";"Crash_Time";"Crash_Type";"Crash_Ty_1";"Crash_Year";"Crsh_Sevri";"Developmen";"DrvrAge_Gr";"Drvr_Age";"Drvr_Alc_D";"Drvr_EstSp";"Drvr_Injur";"Drvr_Race";"Drvr_Sex";"Drvr_VehTy";"ExcsSpdInd";"Hit_Run";"Light_Cond";"Locality";"Num_Lanes";"Num_Units";"Rd_Charact";"Rd_Class";"Rd_Conditi";"Rd_Config";"Rd_Defects";"Rd_Feature";"Rd_Surface";"Region";"Rural_Urba";"Speed_Limi";"Traff_Cntr";"Weather";"Workzone_I";"Location"
"1112";708;709;"Yes";"16-19";19;"No";"Facing Traffic";"B: Evident Injury";"Sidewalk / Crosswalk / Driveway Crossing";"White";"Male";"Boone";"Watauga";"No";"01-01-03";2007-08-29;"Motorist Failed to Yield - Midblock";16;"Non-Intersection";"01-08-01";1-01-01 16:22:58;"Motorist Drive Out - Commercial Driveway / Alley";332322;2007;"B: Evident Injury";"Commercial";"30-39";35;"No";"16-20 mph";"O: No Injury";"White";"Male";"Van";"No";"No";"Daylight";"Urban (>70% Developed)";"4 lanes";2;"Straight - Grade";"Local Street";"Dry";"Two-Way, Divided, Unprotected Median";"None";"Driveway, Public";"Smooth Asphalt";"Mountains";"Urban";"30 - 35  MPH";"No Control Present";"Clear";"No";"36.217346, -81.6649"
"1113";709;710;"Yes";"16-19";17;"No";"Not Applicable";"A: Disabling Injury";"Driveway / Alley";"White";"Male";"None - Rural Crash";"Macon";"No";"01-01-04";2007-08-30;"Bicyclist Failed to Yield - Midblock";12;"Non-Intersection";"01-08-01";1-01-01 12:34:58;"Bicyclist Ride Out - Residential Driveway";353311;2007;"A: Disabling Injury";"Residential";"40-49";48;"No";"21-25 mph";"O: No Injury";"White";"Male";"Pickup";"No";"No";"Daylight";"Urban (>70% Developed)";"2 lanes";2;"Straight - Grade";"State Secondary Route";"Dry";"Two-Way, Not Divided";"None";"No Special Feature";"Smooth Asphalt";"Mountains";"Rural";"30 - 35  MPH";"Double Yellow Line, No Passing Zone";"Clear";"No";"35.21386, -83.35928"
"1114";712;713;"Yes";"16-19";18;"No";"With Traffic";"O: No Injury";NA;"Hispanic";"Female";"Raleigh";"Wake";"No";"01-01-05";2007-08-31;"Motorist Right Turn / Merge";14;"Intersection";"01-08-01";1-01-01 13:59:58;"Motorist Right Turn on Red - Same Direction";191217;2007;"O: No Injury";"Residential";NA;NA;"Missing";"0-5 mph";"Injury";"/Missing";NA;NA;"No";"Yes";"Daylight";"Urban (>70% Developed)";"4 lanes";2;"Straight - Level";"Local Street";"Dry";"Two-Way, Not Divided";"None";"No Special Feature";"Smooth Asphalt";"Piedmont";"Urban";"40 - 45  MPH";"No Control Present";"Clear";"No";"35.76785, -78.62483"
"1115";715;716;"Yes";"10-Jun";9;"No";"With Traffic";"C: Possible Injury";"Travel Lane";"Black";"Male";"Conetoe";"Edgecombe";"No";"01-01-06";2007-09-01;"Bicyclist Failed to Yield - Sign-Controlled Intersection";19;"Intersection";"01-09-01";1-01-01 19:05:58;"Bicyclist Ride Through - Sign-Controlled Intersection";111144;2007;"C: Possible Injury";"Residential";"25-29";26;"No";"31-35 mph";"O: No Injury";"Black";"Male";"Sport Utility";"No";"No";"Daylight";"Urban (>70% Developed)";"2 lanes";2;"Straight - Level";"State Secondary Route";"Dry";"Two-Way, Not Divided";"None";"Four-Way Intersection";"Coarse Asphalt";"Coastal";"Rural";"30 - 35  MPH";"Stop Sign";"Clear";"No";"35.81982, -77.461555"
"1116";719;720;"No";"50-59";51;"No";"With Traffic";"B: Evident Injury";"Bike Lane / Paved Shoulder";"White";"Male";"Emerald Isle";"Carteret";"No";NA;2007-09-03;"Motorist Left Turn / Merge";15;"Non-Intersection";"01-09-01";1-01-01 15:06:58;"Motorist Left Turn - Opposite Direction";321212;2007;"B: Evident Injury";"Commercial";"50-59";56;"No";"11-15 mph";"O: No Injury";"White";"Male";"Sport Utility";"No";"No";"Daylight";"Urban (>70% Developed)";"2 lanes";2;"Straight - Level";"NC Route";"Dry";"Two-Way, Not Divided";"None";"Driveway, Public";"Coarse Asphalt";"Coastal";"Rural";"30 - 35  MPH";"No Control Present";"Clear";"No";"34.665943, -77.03039"
"1117";723;724;"Yes";"25-29";27;"No";"Facing Traffic";"B: Evident Injury";"Travel Lane";"White";"Male";"Washington";"Beaufort";"No";NA;2007-09-03;"Motorist Failed to Yield - Midblock";14;"Non-Intersection";"01-09-01";1-01-01 14:50:58;"Motorist Drive Out - Commercial Driveway / Alley";312322;2007;"B: Evident Injury";"Commercial";"20-24";24;"No";"0-5 mph";"O: No Injury";"White";"Female";"Sport Utility";"No";"No";"Daylight";"Urban (>70% Developed)";"4 lanes";2;"Straight - Level";"Local Street";"Dry";"Two-Way, Not Divided";"None";"No Special Feature";"Coarse Asphalt";"Coastal";"Urban";"30 - 35  MPH";"No Control Present";"Clear";"Yes";"35.563583, -77.06233"
"1118";725;726;"No";"10-Jun";7;"No";NA;"B: Evident Injury";"Travel Lane";"Black";"Male";"None - Rural Crash";"Craven";"No";"01-01-02";2007-09-04;"Bicyclist Failed to Yield - Sign-Controlled Intersection";15;"Intersection";"01-09-01";1-01-01 15:29:58;"Bicyclist Ride Through - Sign-Controlled Intersection";119144;2007;"B: Evident Injury";"Residential";"25-29";25;"No";"11-15 mph";"O: No Injury";"Black";"Female";"Van";"No";"No";"Daylight";"Urban (>70% Developed)";"2 lanes";2;"Straight - Level";"Local Street";"Dry";"Two-Way, Not Divided";"None";"Four-Way Intersection";"Smooth Asphalt";"Coastal";"Rural";"20 - 25  MPH";"Stop Sign";"Clear";"No";"35.121357, -77.05657"
"1119";735;736;"Yes";"30-39";34;"Yes";NA;"B: Evident Injury";NA;"Black";"Male";"Wilmington";"New Hanover";"Yes";"01-01-07";2007-08-26;"Other /  - Insufficient Details";4;"Non-Intersection";"01-08-01";1-01-01 04:05:58;"Approach Paths";399970;2007;"B: Evident Injury";"Residential";"25-29";29;"Yes";"21-25 mph";"O: No Injury";"White";"Male";"Passenger Car";"No";"No";"Dark - Lighted Roadway";"Urban (>70% Developed)";"2 lanes";2;"Straight - Level";"Local Street";"Dry";"Two-Way, Not Divided";"None";"No Special Feature";"Smooth Asphalt";"Coastal";"Urban";"20 - 25  MPH";"No Control Present";"Clear";"No";"34.236115, -77.90235"
"1120";739;740;"Yes";"30-39";34;"No";"With Traffic";"B: Evident Injury";"Travel Lane";"White";"Male";"None - Rural Crash";"Orange";"No";"01-01-05";2007-10-12;"Motorist Left Turn / Merge";17;"Non-Intersection";"01-10-01";1-01-01 17:09:58;"Motorist Left Turn - Opposite Direction";311212;2007;"B: Evident Injury";"Farms, Woods, Pastures";"0-19";18;"No";"11-15 mph";"O: No Injury";"White";"Female";"Passenger Car";"No";"No";"Daylight";"Mixed (30% To 70% Developed)";"2 lanes";2;"Straight - Grade";"State Secondary Route";"Dry";"Two-Way, Not Divided";"None";"Driveway, Private";"Smooth Asphalt";"Piedmont";"Rural";"30 - 35  MPH";"No Control Present";"Clear";"No";"35.990383, -79.07298"
"1121";742;743;"Yes";"30-39";36;"No";"With Traffic";"B: Evident Injury";"Travel Lane";"White";"Male";"None - Rural Crash";"Pitt";"No";"01-01-06";2007-10-06;"Motorist Left Turn / Merge";10;"Intersection";"01-10-01";1-01-01 10:16:58;"Motorist Left Turn - Opposite Direction";111212;2007;"B: Evident Injury";"Farms, Woods, Pastures";"30-39";38;"No";"16-20 mph";"O: No Injury";"White";"Female";"Passenger Car";"No";"No";"Daylight";"Rural (<30% Developed)";"2 lanes";2;"Straight - Level";"State Secondary Route";"Dry";"Two-Way, Not Divided";"None";"T-Intersection";"Smooth Asphalt";"Coastal";"Rural";"50 - 55  MPH";"No Control Present";"Clear";"No";"35.522152, -77.301926"
"1122";743;744;"No";"20-24";20;"No";"With Traffic";"K: Killed";"Travel Lane";"White";"Male";"None - Rural Crash";"Onslow";"No";"01-01-04";2007-09-06;"Motorist Overtaking Bicyclist";6;"Non-Intersection";"01-09-01";1-01-01 06:19:58;"Motorist Overtaking - Undetected Bicyclist";311231;2007;"K: Killed";"Residential";"0-19";19;"No";"41-45 mph";"O: No Injury";"White";"Male";"Passenger Car";"No";"No";"Dark - Roadway Not Lighted";"Rural (<30% Developed)";"3 lanes";2;"Straight - Level";"NC Route";"Dry";"Two-Way, Not Divided";"None";"Driveway, Private";"Coarse Asphalt";"Coastal";"Rural";"40 - 45  MPH";"Double Yellow Line, No Passing Zone";"Clear";"No";"34.73466, -77.572945"
"1123";753;754;"Yes";"10-Jun";9;"No";"With Traffic";"B: Evident Injury";"Travel Lane";"Black";"Male";"Greensboro";"Guilford";"No";"01-01-06";2007-09-08;"Loss of Control / Turning Error";14;"Intersection";"01-09-01";1-01-01 14:02:58;"Bicyclist Lost Control - Mechanical Problems";111121;2007;"B: Evident Injury";"Residential";"20-24";20;"No";"26-30 mph";"O: No Injury";"Black";"Male";"Passenger Car";"No";"No";"Daylight";"Urban (>70% Developed)";"2 lanes";2;"Straight - Level";"Local Street";"Dry";"Two-Way, Not Divided";"None";"T-Intersection";"Smooth Asphalt";"Piedmont";"Urban";"30 - 35  MPH";"Stop Sign";"Clear";"No";"36.05889, -79.80635"
"1124";758;759;"No";"30-39";38;"Yes";NA;"C: Possible Injury";"Travel Lane";"White";"Male";"Dunn";"Harnett";"Yes";"01-01-02";2007-09-11;"Bicyclist Failed to Yield - Sign-Controlled Intersection";20;"Intersection";"01-09-01";1-01-01 20:09:58;"Bicyclist Ride Through - Sign-Controlled Intersection";119144;2007;"C: Possible Injury";"Industrial";"70+";NA;"No";"6-10 mph";"O: No Injury";"White";"Male";"Pickup";"No";"No";"Dark - Roadway Not Lighted";"Mixed (30% To 70% Developed)";"2 lanes";2;"Straight - Level";"Local Street";"Dry";"Two-Way, Not Divided";"None";"Four-Way Intersection";"Coarse Asphalt";"Coastal";"Urban";"30 - 35  MPH";"Stop Sign";"Clear";"No";"35.326004, -78.63051"
"1125";772;773;"Yes";"20-24";24;"No";"With Traffic";"B: Evident Injury";"Travel Lane";"White";"Male";"None - Rural Crash";"Wake";"Yes";NA;2007-12-24;"Motorist Overtaking Bicyclist";9;"Non-Intersection";"01-12-01";1-01-01 09:41:58;"Motorist Overtaking - Bicyclist Swerved";311235;2007;"B: Evident Injury";"Farms, Woods, Pastures";"50-59";58;"Yes";"31-35 mph";"O: No Injury";"White";"Female";"Passenger Car";"No";"No";"Daylight";"Rural (<30% Developed)";"2 lanes";2;"Straight - Level";"State Secondary Route";"Dry";"Two-Way, Not Divided";"None";"No Special Feature";"Coarse Asphalt";"Piedmont";"Rural";"50 - 55  MPH";"Double Yellow Line, No Passing Zone";"Clear";"No";"35.58743, -78.71219"
"1126";779;780;"Yes";"40-49";43;"No";"With Traffic";"B: Evident Injury";"Travel Lane";"Black";"Male";"Greensboro";"Guilford";"No";"01-01-06";2007-09-15;"Bicyclist Left Turn / Merge";15;"Intersection";"01-09-01";1-01-01 15:22:58;"Bicyclist Left Turn - Opposite Direction";111222;2007;"B: Evident Injury";"Commercial";"40-49";41;"No";"16-20 mph";"O: No Injury";"White";"Female";"Passenger Car";"No";"No";"Daylight";"Urban (>70% Developed)";"2 lanes";2;"Straight - Level";"Local Street";"Dry";"Two-Way, Not Divided";"None";"Four-Way Intersection";"Smooth Asphalt";"Piedmont";"Urban";"20 - 25  MPH";"Stop And Go Signal";"Clear";"No";"36.070274, -79.79041"
"1127";782;783;"No";"10-Jun";7;"No";NA;"B: Evident Injury";"Travel Lane";"White";"Male";"None - Rural Crash";"Buncombe";"No";NA;2007-09-17;"Loss of Control / Turning Error";17;"Intersection-Related";"01-09-01";1-01-01 17:45:58;"Bicyclist Turning Error - Left Turn";219114;2007;"B: Evident Injury";"Residential";"40-49";46;"No";"16-20 mph";"O: No Injury";"White";"Female";"Passenger Car";"No";"No";"Daylight";"Mixed (30% To 70% Developed)";"2 lanes";2;"Straight - Grade";"Public Vehicular Area";"Dry";"Two-Way, Not Divided";"None";"T-Intersection";"Coarse Asphalt";"Mountains";"Rural";NA;"No Control Present";"Clear";"No";"35.62123, -82.29145"
"1128";785;786;"No";"25-29";26;"Yes";"With Traffic";"O: No Injury";"Sidewalk / Crosswalk / Driveway Crossing";"Black";"Male";"Charlotte";"Mecklenburg";"Yes";"01-01-06";2007-12-29;"Motorist Failed to Yield - Sign-Controlled Intersection";21;"Intersection";"01-12-01";1-01-01 21:00:58;"Motorist Drive Out - Sign-Controlled Intersection";131141;2007;"O: No Injury";"Commercial";"25-29";27;"No";"0-5 mph";"O: No Injury";"White";"Male";"Passenger Car";"No";"No";"Dark - Lighted Roadway";"Urban (>70% Developed)";"3 lanes";2;"Straight - Grade";"US Route";"Dry";"Two-Way, Divided, Unprotected Median";"None";"On or Off Ramp";"Smooth Asphalt";"Piedmont";"Urban";"20 - 25  MPH";"Yield Sign";"Clear";"No";"35.208168, -80.79628"
"1129";786;787;"Yes";"50-59";54;"No";"With Traffic";"C: Possible Injury";"Travel Lane";"White";"Male";"None - Rural Crash";"Lincoln";"No";NA;2007-09-17;"Motorist Overtaking Bicyclist";5;"Non-Intersection";"01-09-01";1-01-01 05:41:58;"Motorist Overtaking - Undetected Bicyclist";311231;2007;"C: Possible Injury";"Residential";"40-49";48;"No";"36-40 mph";"O: No Injury";"White";"Female";"Passenger Car";"No";"No";"Dark - Roadway Not Lighted";"Mixed (30% To 70% Developed)";"2 lanes";2;"Straight - Level";"NC Route";"Dry";"Two-Way, Not Divided";"None";"No Special Feature";"Coarse Asphalt";"Piedmont";"Rural";"40 - 45  MPH";"No Control Present";"Clear";"No";"35.42642, -81.30907"
"1130";789;790;"Yes";"25-29";27;"No";"Not Applicable";"B: Evident Injury";"Sidewalk / Crosswalk / Driveway Crossing";"White";"Male";"Greenville";"Pitt";"No";NA;2007-09-17;"Other / Unusual Circumstances";11;"Intersection";"01-09-01";1-01-01 11:35:58;"Unusual Circumstances";133800;2007;"B: Evident Injury";"Commercial";"20-24";22;"No";"26-30 mph";"O: No Injury";"White";"Male";"Sport Utility";"No";"No";"Daylight";"Urban (>70% Developed)";"3 lanes";3;"Straight - Level";"Local Street";"Dry";"Two-Way, Not Divided";"None";"Four-Way Intersection";"Smooth Asphalt";"Coastal";"Urban";"30 - 35  MPH";"Stop And Go Signal";"Clear";"No";"35.61084, -77.370804"
"1131";796;797;"Yes";"25-29";25;"No";"With Traffic";"C: Possible Injury";"Travel Lane";"White";"Male";"Raleigh";"Wake";"No";"01-01-03";2007-09-19;"Motorist Left Turn / Merge";23;"Intersection";"01-09-01";1-01-01 23:11:58;"Motorist Left Turn - Opposite Direction";111212;2007;"C: Possible Injury";"Residential";"50-59";54;"No";"31-35 mph";"O: No Injury";"White";"Male";"Passenger Car";"No";"No";"Dark - Lighted Roadway";"Urban (>70% Developed)";"4 lanes";2;"Straight - Grade";"Local Street";"Dry";"Two-Way, Divided, Unprotected Median";"None";"Four-Way Intersection";"Coarse Asphalt";"Piedmont";"Urban";"30 - 35  MPH";"Stop And Go Signal";"Clear";"No";"35.779865, -78.649155"
"1132";809;810;"Yes";"40-49";41;"No";"Facing Traffic";"C: Possible Injury";"Travel Lane";"Black";"Male";"Gastonia";"Gaston";"No";NA;2007-09-24;"Head-On";4;"Non-Intersection";"01-09-01";1-01-01 03:59:58;"Head-On - Bicyclist";312250;2007;"C: Possible Injury";"Residential";NA;NA;"Missing";"31-35 mph";"Injury";"/Missing";NA;NA;"No";"Yes";"Dark - Lighted Roadway";"Urban (>70% Developed)";"2 lanes";2;"Straight - Level";"Local Street";"Dry";"Two-Way, Not Divided";"None";"No Special Feature";"Smooth Asphalt";"Piedmont";"Urban";"30 - 35  MPH";"No Control Present";"Clear";"No";"35.26388, -81.20801"
"1133";819;820;"Yes";"20-24";24;"No";"With Traffic";"C: Possible Injury";"Travel Lane";"White";"Female";"High Point";"Guilford";"No";"01-01-05";2007-09-28;"Bicyclist Failed to Yield - Signalized Intersection";15;"Intersection";"01-09-01";1-01-01 15:02:58;"Bicyclist Ride Through - Signalized Intersection";111155;2007;"C: Possible Injury";"Commercial";"30-39";38;"No";"16-20 mph";"O: No Injury";"Asian";"Male";"Passenger Car";"No";"No";"Daylight";"Urban (>70% Developed)";"3 lanes";2;"Straight - Grade";"Local Street";"Dry";"One-Way, Not Divided";"None";"Four-Way Intersection";"Smooth Asphalt";"Piedmont";"Urban";"30 - 35  MPH";"Stop And Go Signal";"Clear";"No";"35.955048, -80.01426"
"1134";821;822;"Yes";"60-69";65;"No";"Facing Traffic";"C: Possible Injury";NA;"White";"Male";"Matthews";"Mecklenburg";"No";"01-01-04";2007-09-27;"Motorist Failed to Yield - Sign-Controlled Intersection";1;"Intersection";"01-09-01";1-01-01 01:10:58;"Motorist Drive Out - Sign-Controlled Intersection";192141;2007;"C: Possible Injury";"Residential";"50-59";59;"No";NA;"O: No Injury";"White";"Female";"Passenger Car";"No";"No";"Daylight";"Urban (>70% Developed)";"2 lanes";2;"Straight - Bottom";"Local Street";"Dry";"Two-Way, Divided, Unprotected Median";"None";"T-Intersection";"Smooth Asphalt";"Piedmont";"Urban";"20 - 25  MPH";"Stop Sign";"Clear";"No";"35.11237, -80.758064"
"1135";829;830;"No";"15-Nov";14;"No";"With Traffic";"C: Possible Injury";"Travel Lane";"Black";"Male";"Wilmington";"New Hanover";"No";"01-01-06";2007-06-02;"Head-On";22;"Non-Intersection";"01-06-01";1-01-01 22:09:58;"Head-On - Motorist";311255;2007;"C: Possible Injury";"Residential";NA;NA;"Missing";NA;"Injury";"/Missing";NA;NA;"No";"Yes";"Dark - Lighted Roadway";"Urban (>70% Developed)";"2 lanes";2;"Straight - Level";"Local Street";"Water (Standing, Moving)";"Two-Way, Not Divided";"None";"No Special Feature";"Gravel";"Coastal";"Urban";"30 - 35  MPH";"Stop Sign";"Cloudy";"No";"34.223938, -77.932495"
"1136";834;835;"Yes";"15-Nov";14;"No";"Not Applicable";"B: Evident Injury";NA;"Black";"Male";"Winston-Salem";"Forsyth";"No";"01-01-03";2007-10-03;"Bicyclist Failed to Yield - Signalized Intersection";17;"Intersection-Related";"01-10-01";1-01-01 17:34:58;"Bicyclist Ride Out - Signalized  Intersection";293153;2007;"B: Evident Injury";"Industrial";"30-39";36;"No";"0-5 mph";"O: No Injury";"Black";"Male";"Pickup";"No";"No";"Daylight";"Urban (>70% Developed)";"3 lanes";2;"Straight - Level";"Local Street";"Dry";"Two-Way, Not Divided";"None";"T-Intersection";"Smooth Asphalt";"Piedmont";"Urban";"30 - 35  MPH";"Stop And Go Signal";"Clear";"No";"36.131588, -80.23167"
"1137";838;839;"Yes";"40-49";44;"No";"With Traffic";"A: Disabling Injury";"Travel Lane";"Black";"Male";"Charlotte";"Mecklenburg";"No";"01-01-03";2007-09-12;"Motorist Left Turn / Merge";6;"Intersection";"01-09-01";1-01-01 06:25:58;"Motorist Left Turn - Opposite Direction";111212;2007;"A: Disabling Injury";"Residential";NA;NA;"Missing";"11-15 mph";"Injury";"/Missing";NA;"Passenger Car";"No";"Yes";"Dark - Lighted Roadway";"Urban (>70% Developed)";"4 lanes";2;"Straight - Grade";"Local Street";"Dry";"Two-Way, Divided, Positive Median Barrier";"None";"Bridge";"Coarse Asphalt";"Piedmont";"Urban";"40 - 45  MPH";"No Control Present";"Clear";"No";"35.331818, -80.742516"
"1138";843;844;"Yes";"16-19";16;"No";NA;"C: Possible Injury";"Travel Lane";"Black";"Male";"Gastonia";"Gaston";"No";"01-01-02";2007-10-09;"Motorist Left Turn / Merge";20;"Non-Intersection";"01-10-01";1-01-01 20:28:58;"Motorist Left Turn - Same Direction";319211;2007;"C: Possible Injury";"Residential";"25-29";26;"No";"26-30 mph";"O: No Injury";"White";"Male";"Passenger Car";"No";"No";"Dark - Lighted Roadway";"Urban (>70% Developed)";"2 lanes";2;"Straight - Grade";"Local Street";"Wet";"Two-Way, Not Divided";"None";"No Special Feature";"Smooth Asphalt";"Piedmont";"Urban";"30 - 35  MPH";"No Control Present";"Cloudy";"No";"35.241547, -81.18739"
"1139";856;857;"Yes";"40-49";42;"No";"With Traffic";"C: Possible Injury";"Travel Lane";"White";"Male";"None - Rural Crash";"Guilford";"No";"01-01-03";2007-10-10;"Motorist Right Turn / Merge";7;"Intersection";"01-10-01";1-01-01 07:29:58;"Motorist Right Turn - Same Direction";111213;2007;"C: Possible Injury";"Commercial";"30-39";30;"No";"11-15 mph";"O: No Injury";"White";"Female";"Passenger Car";"No";"No";"Daylight";"Urban (>70% Developed)";"5 lanes";2;"Straight - Level";"Public Vehicular Area";"Dry";"Two-Way, Not Divided";"None";"No Special Feature";"Smooth Asphalt";"Piedmont";"Rural";"30 - 35  MPH";"Stop And Go Signal";"Clear";"No";"36.075737, -79.91272"
"1140";857;858;"No";"50-59";50;"No";"With Traffic";"B: Evident Injury";"Travel Lane";"White";"Male";"None - Rural Crash";"Johnston";"No";"01-01-07";2007-10-14;"Bicyclist Left Turn / Merge";12;"Non-Intersection";"01-10-01";1-01-01 12:29:58;"Bicyclist Left Turn - Same Direction";311221;2007;"B: Evident Injury";"Farms, Woods, Pastures";"30-39";34;"No";"16-20 mph";"O: No Injury";"White";"Male";"Sport Utility";"No";"No";"Daylight";"Rural (<30% Developed)";"2 lanes";2;"Straight - Level";"NC Route";"Dry";"Two-Way, Not Divided";"None";"Driveway, Private";"Smooth Asphalt";"Coastal";"Rural";"50 - 55  MPH";"Double Yellow Line, No Passing Zone";"Clear";"No";"35.26058, -78.38963"
"1141";861;862;"Yes";"20-24";20;"No";"With Traffic";"C: Possible Injury";"Bike Lane / Paved Shoulder";"White";"Male";"Emerald Isle";"Carteret";"No";"01-01-02";2007-10-16;"Crossing Paths - Other Circumstances";11;"Intersection";"01-10-01";1-01-01 11:43:58;"Crossing Paths - Intersection - Other /";121180;2007;"B: Evident Injury";"Commercial";"40-49";42;"No";"6-10 mph";"O: No Injury";"White";"Male";"Pickup";"No";"No";"Daylight";"Urban (>70% Developed)";"2 lanes";2;"Straight - Level";"Local Street";"Dry";"Two-Way, Not Divided";"None";"Driveway, Public";"Smooth Asphalt";"Coastal";"Rural";"20 - 25  MPH";"Stop Sign";"Clear";"No";"34.665737, -77.03112"
"1142";862;863;"No";"30-39";32;"No";NA;"B: Evident Injury";"Travel Lane";"Hispanic";"Male";"Hendersonville";"Henderson";"No";"01-01-07";2007-09-16;"Head-On";18;"Non-Intersection";"01-09-01";1-01-01 18:29:58;"Head-On - Bicyclist";319250;2007;"B: Evident Injury";"Residential";NA;NA;"Missing";"16-20 mph";"Injury";"/Missing";NA;"Passenger Car";"No";"Yes";"Daylight";"Mixed (30% To 70% Developed)";"1 lane";2;"Curve - Grade";"Local Street";"Dry";"Two-Way, Not Divided";"None";"No Special Feature";"Coarse Asphalt";"Mountains";"Urban";"30 - 35  MPH";"No Control Present";"Other";"No";"35.294586, -82.43405"
"1143";864;865;"No";"15-Nov";14;"No";"With Traffic";"O: No Injury";"Travel Lane";"Black";"Male";"Kannapolis";"Cabarrus";"No";"01-01-03";2007-10-17;"Bicyclist Failed to Yield - Sign-Controlled Intersection";18;"Intersection";"01-10-01";1-01-01 18:54:58;"Bicyclist Ride Through - Sign-Controlled Intersection";111144;2007;"O: No Injury";"Residential";"40-49";42;"No";"21-25 mph";"O: No Injury";"Native American";"Male";"Sport Utility";"No";"No";"Dusk";"Mixed (30% To 70% Developed)";"2 lanes";2;"Straight - Grade";"Local Street";"Dry";"Two-Way, Not Divided";"None";"No Special Feature";"Smooth Asphalt";"Piedmont";"Urban";"30 - 35  MPH";"Stop Sign";"Clear";"No";"35.486828, -80.616745"
"1144";866;867;"No";NA;NA;"Missing";"With Traffic";"Injury";"Travel Lane";"/Missing";NA;"None - Rural Crash";"Pitt";"No";"01-01-05";2007-10-19;"Motorist Overtaking Bicyclist";19;"Non-Intersection";"01-10-01";1-01-01 18:59:58;"Motorist Overtaking - Other /";311239;2007;"O: No Injury";"Residential";"0-19";16;"No";"6-10 mph";"O: No Injury";"Black";"Female";"Passenger Car";"No";"No";"Dark - Roadway Not Lighted";"Urban (>70% Developed)";"2 lanes";2;"Straight - Level";"Public Vehicular Area";"Dry";"Two-Way, Not Divided";"None";"Driveway, Public";"Coarse Asphalt";"Coastal";"Rural";"20 - 25  MPH";"No Control Present";"Clear";"No";"35.67268, -77.5185"
"1145";867;868;"No";"16-19";19;"No";"Not Applicable";"B: Evident Injury";"Non-Roadway";"White";"Male";"Dudley";"Wayne";"No";"01-01-05";2007-10-19;"Bicyclist Failed to Yield - Midblock";13;"Non-Intersection";"01-10-01";1-01-01 13:52:58;"Bicyclist Ride Out - Commercial Driveway / Alley";363312;2007;"B: Evident Injury";"Commercial";"50-59";54;"No";"41-45 mph";"O: No Injury";"White";"Female";"Passenger Car";"No";"No";"Daylight";"Mixed (30% To 70% Developed)";"2 lanes";2;"Straight - Level";"US Route";"Dry";"Two-Way, Not Divided";"None";"No Special Feature";"Smooth Asphalt";"Coastal";"Rural";"40 - 45  MPH";"Double Yellow Line, No Passing Zone";"Cloudy";"No";"35.26771, -78.04223"
"1146";878;879;"No";"15-Nov";15;"No";"Not Applicable";"B: Evident Injury";"Non-Roadway";"Black";"Male";"Winterville";"Pitt";"No";"01-01-02";2007-10-23;"Parallel Paths - Other Circumstances";12;"Non-Intersection";"01-10-01";1-01-01 12:14:58;"Motorist Turn / Merge - Other /";363219;2007;"B: Evident Injury";"Commercial";NA;NA;"No";"0-5 mph";"Injury";"/Missing";NA;"Passenger Car";"No";"Yes";"Daylight";"Urban (>70% Developed)";"2 lanes";2;"Straight - Level";"Local Street";"Dry";"Two-Way, Not Divided";"None";"Driveway, Public";"Smooth Asphalt";"Coastal";"Urban";"30 - 35  MPH";"No Control Present";"Clear";"No";"35.52881, -77.40321"
"1147";879;880;"Yes";"25-29";28;"No";"With Traffic";"C: Possible Injury";"Travel Lane";"White";"Female";"Asheville";"Buncombe";"No";"01-01-03";2007-10-24;"Parallel Paths - Other Circumstances";8;"Non-Intersection";"01-10-01";1-01-01 08:03:58;"Parallel Paths - Other /";311280;2007;"C: Possible Injury";"Commercial";NA;NA;"Missing";"21-25 mph";"Injury";"/Missing";NA;NA;"No";"Yes";"Daylight";"Urban (>70% Developed)";"2 lanes";2;"Straight - Grade";"Local Street";"Wet";"One-Way, Not Divided";"None";"No Special Feature";"Smooth Asphalt";"Mountains";"Urban";"30 - 35  MPH";"No Control Present";"Rain";"No";"35.609737, -82.565254"
"1148";888;889;"No";"15-Nov";12;"No";"Not Applicable";"B: Evident Injury";NA;"Black";"Male";"Burlington";"Alamance";"No";NA;2007-10-29;"Bicyclist Failed to Yield - Midblock";15;"Non-Intersection";"01-10-01";1-01-01 15:03:58;"Bicyclist Ride Out - Midblock -";393319;2007;"B: Evident Injury";"Commercial";"0-19";17;"No";"6-10 mph";"O: No Injury";"Black";"Male";"Passenger Car";"No";"No";"Daylight";"Urban (>70% Developed)";"5 lanes";2;"Straight - Level";"US Route";"Dry";"Two-Way, Not Divided";"None";"No Special Feature";"Smooth Asphalt";"Piedmont";"Urban";"40 - 45  MPH";"No Control Present";"Clear";"No";"36.093678, -79.398575"