"FID";"OBJECTID";"AmbulanceR";"BikeAge_Gr";"Bike_Age";"Bike_Alc_D";"Bike_Dir";"Bike_Injur";"Bike_Pos";"Bike_Race";"Bike_Sex";"City";"County";"CrashAlcoh";"CrashDay";"Crash_Date";"Crash_Grp";"Crash_Hour";"Crash_Loc";"Crash_Mont";"Crash_Time";"Crash_Type";"Crash_Ty_1";"Crash_Year";"Crsh_Sevri";"Developmen";"DrvrAge_Gr";"Drvr_Age";"Drvr_Alc_D";"Drvr_EstSp";"Drvr_Injur";"Drvr_Race";"Drvr_Sex";"Drvr_VehTy";"ExcsSpdInd";"Hit_Run";"Light_Cond";"Locality";"Num_Lanes";"Num_Units";"Rd_Charact";"Rd_Class";"Rd_Conditi";"Rd_Config";"Rd_Defects";"Rd_Feature";"Rd_Surface";"Region";"Rural_Urba";"Speed_Limi";"Traff_Cntr";"Weather";"Workzone_I";"Location"
"1149";903;904;"Yes";"10-Jun";10;"No";"Facing Traffic";"B: Evident Injury";"Travel Lane";"White";"Male";"None - Rural Crash";"Catawba";"No";"01-01-07";2007-11-04;"Bicyclist Right Turn / Merge";18;"Non-Intersection";"01-11-01";1-01-01 17:59:58;"Bicyclist Right Turn - Same Direction";312223;2007;"B: Evident Injury";"Residential";"20-24";22;"No";"26-30 mph";"O: No Injury";"White";"Female";"Passenger Car";"No";"No";"Daylight";"Mixed (30% To 70% Developed)";"2 lanes";2;"Straight - Level";"State Secondary Route";"Dry";"Two-Way, Not Divided";"None";"No Special Feature";"Smooth Asphalt";"Piedmont";"Rural";"30 - 35  MPH";"No Control Present";"Clear";"No";"35.679188, -81.36237"
"1150";905;906;"Yes";"30-39";32;"No";"Not Applicable";"C: Possible Injury";NA;"White";"Male";"Gastonia";"Gaston";"No";NA;2007-11-05;"Bicyclist Failed to Yield - Midblock";8;"Non-Intersection";"01-11-01";1-01-01 08:00:58;"Bicyclist Ride Out - Midblock -";393319;2007;"C: Possible Injury";"Residential";"25-29";27;"No";"26-30 mph";"O: No Injury";"White";"Female";"Passenger Car";"No";"No";"Daylight";"Urban (>70% Developed)";"4 lanes";2;"Straight - Level";"Local Street";"Dry";"Two-Way, Not Divided";"None";"No Special Feature";"Smooth Asphalt";"Piedmont";"Urban";"30 - 35  MPH";"No Control Present";"Clear";"No";"35.2492, -81.17493"
"1151";912;913;"No";"25-29";25;"No";"With Traffic";"O: No Injury";"Travel Lane";"White";"Female";"Raleigh";"Wake";"No";"01-01-02";2007-11-06;"Bicyclist Overtaking Motorist";12;"Non-Intersection";"01-11-01";1-01-01 12:28:58;"Bicyclist Overtaking - Parked Vehicle";311243;2007;"O: No Injury";"Commercial";NA;NA;"Missing";NA;"Injury";"/Missing";NA;"Sport Utility";"No";"No";"Daylight";"Urban (>70% Developed)";"2 lanes";2;"Straight - Level";"Local Street";"Dry";"Two-Way, Not Divided";"None";"No Special Feature";"Coarse Asphalt";"Piedmont";"Urban";"30 - 35  MPH";"No Control Present";"Clear";"No";"35.794895, -78.70041"
"1152";916;917;"No";"30-39";38;"No";"Facing Traffic";"C: Possible Injury";"Sidewalk / Crosswalk / Driveway Crossing";"Black";"Male";"High Point";"Guilford";"No";"01-01-05";2007-11-09;"Motorist Failed to Yield - Signalized Intersection";8;"Intersection";"01-11-01";1-01-01 08:21:58;"Motorist Drive Out - Right Turn on Red";132151;2007;"C: Possible Injury";"Commercial";"60-69";65;"No";"0-5 mph";"O: No Injury";"White";"Female";"Passenger Car";"No";"No";"Daylight";"Urban (>70% Developed)";"2 lanes";2;"Straight - Grade";"Local Street";"Dry";"Two-Way, Not Divided";"None";"Four-Way Intersection";"Smooth Asphalt";"Piedmont";"Urban";"30 - 35  MPH";"Stop And Go Signal";"Clear";"No";"35.93804, -79.995056"
"1153";918;919;"No";NA;NA;"Missing";"With Traffic";"Injury";"Other";"/Missing";NA;"None - Rural Crash";"Carteret";"No";"01-01-06";2007-11-10;"Bicyclist Left Turn / Merge";21;"Non-Intersection";"01-11-01";1-01-01 21:55:58;"Bicyclist Left Turn - Same Direction";381221;2007;"O: No Injury";"Residential";"0-19";18;"No";"51-55 mph";"O: No Injury";"White";"Female";"Passenger Car";"No";"No";"Dark - Roadway Not Lighted";"Mixed (30% To 70% Developed)";"2 lanes";2;"Straight - Level";"State Secondary Route";"Dry";"Two-Way, Not Divided";"None";"No Special Feature";"Smooth Asphalt";"Coastal";"Rural";"50 - 55  MPH";"No Control Present";"Clear";"No";"34.818966, -76.87324"
"1154";933;934;"Yes";"16-19";17;"No";"With Traffic";"B: Evident Injury";"Travel Lane";"White";"Male";"Apex";"Wake";"No";"01-01-02";2007-11-20;"Bicyclist Left Turn / Merge";18;"Intersection";"01-11-01";1-01-01 18:20:58;"Bicyclist Left Turn - Opposite Direction";111222;2007;"B: Evident Injury";"Commercial";"25-29";28;"No";"26-30 mph";"O: No Injury";"White";"Female";"Sport Utility";"No";"No";"Dark - Lighted Roadway";"Urban (>70% Developed)";"6 lanes";2;"Straight - Grade";"Local Street";"Dry";"Two-Way, Not Divided";"None";"Four-Way Intersection";"Smooth Asphalt";"Piedmont";"Urban";"40 - 45  MPH";"Stop And Go Signal";"Clear";"No";"35.738556, -78.86537"
"1155";939;940;"Yes";"40-49";40;"Yes";"With Traffic";"C: Possible Injury";"Travel Lane";"White";"Male";"None - Rural Crash";"Wayne";"Yes";NA;2007-11-26;"Motorist Overtaking Bicyclist";17;"Non-Intersection";"01-11-01";1-01-01 17:41:58;"Motorist Overtaking - Misjudged Space";311232;2007;"C: Possible Injury";"Residential";"70+";NA;"No";"36-40 mph";"O: No Injury";"White";"Female";"Passenger Car";"No";"No";"Dark - Roadway Not Lighted";"Urban (>70% Developed)";"2 lanes";2;"Straight - Level";"State Secondary Route";"Wet";"Two-Way, Not Divided";"None";"No Special Feature";"Coarse Asphalt";"Coastal";"Rural";"40 - 45  MPH";"No Control Present";"Cloudy";"No";"35.33215, -78.07824"
"1156";942;943;"No";"15-Nov";13;"No";"With Traffic";"B: Evident Injury";"Other";"White";"Male";"High Point";"Guilford";"No";"01-01-06";2007-12-01;"Backing Vehicle";13;"Non-Intersection";"01-12-01";1-01-01 13:23:58;"Backing Vehicle";381600;2007;"B: Evident Injury";"Residential";"0-19";17;"No";"6-10 mph";"O: No Injury";"Asian";"Male";"Passenger Car";"No";"No";"Daylight";"Urban (>70% Developed)";"1 lane";2;"Straight - Level";"Local Street";"Dry";"Two-Way, Not Divided";"None";"No Special Feature";"Coarse Asphalt";"Piedmont";"Urban";"20 - 25  MPH";"No Control Present";"Clear";"No";"35.929546, -79.964134"
"1157";961;962;"No";NA;NA;"Missing";"Facing Traffic";"Injury";"Travel Lane";"/Missing";NA;"Raleigh";"Wake";"No";"01-01-03";2007-12-05;"Motorist Failed to Yield - Sign-Controlled Intersection";18;"Intersection";"01-12-01";1-01-01 18:11:58;"Motorist Drive Out - Sign-Controlled Intersection";112141;2007;"O: No Injury";"Commercial";"30-39";38;"No";"11-15 mph";"O: No Injury";"Black";"Female";"Passenger Car";"No";"No";"Dark - Lighted Roadway";"Urban (>70% Developed)";"6 lanes";2;"Straight - Level";"Local Street";"Dry";"Two-Way, Divided, Unprotected Median";"None";"No Special Feature";"Smooth Asphalt";"Piedmont";"Urban";"40 - 45  MPH";"Stop Sign";"Clear";"No";"35.779778, -78.61804"
"1158";962;963;"Yes";"70+";NA;"No";"With Traffic";"B: Evident Injury";"Bike Lane / Paved Shoulder";"White";"Male";"Roper";"Washington";"No";"01-01-03";2007-12-05;"Bicyclist Left Turn / Merge";17;"Non-Intersection";"01-12-01";1-01-01 17:09:58;"Bicyclist Left Turn - Same Direction";321221;2007;"B: Evident Injury";"Farms, Woods, Pastures";"40-49";43;"No";"31-35 mph";"O: No Injury";"Black";"Male";"Pickup";"No";"No";"Dawn";"Rural (<30% Developed)";"2 lanes";2;"Straight - Level";"NC Route";"Dry";"Two-Way, Not Divided";"None";"No Special Feature";"Smooth Asphalt";"Coastal";"Rural";"40 - 45  MPH";"Double Yellow Line, No Passing Zone";"Clear";"No";"35.882225, -76.61047"
"1159";963;964;"Yes";"16-19";16;"No";"With Traffic";"C: Possible Injury";"Sidewalk / Crosswalk / Driveway Crossing";"Black";"Male";"Wilmington";"New Hanover";"No";"01-01-03";2007-12-05;"Motorist Right Turn / Merge";7;"Intersection";"01-12-01";1-01-01 07:22:58;"Motorist Right Turn - Same Direction";131213;2007;"C: Possible Injury";"Commercial";"40-49";42;"No";"6-10 mph";"O: No Injury";"White";"Female";"Pickup";"No";"No";"Daylight";"Urban (>70% Developed)";"5 lanes";2;"Straight - Grade";"Local Street";"Dry";"Two-Way, Not Divided";"None";"Four-Way Intersection";"Smooth Asphalt";"Coastal";"Urban";"30 - 35  MPH";"Stop And Go Signal";"Cloudy";"No";"34.235474, -77.94591"
"1160";966;967;"Yes";"16-19";19;"No";NA;"C: Possible Injury";NA;"White";"Male";"Concord";"Cabarrus";"No";"01-01-06";2007-06-02;"Bicyclist Failed to Yield - Midblock";0;"Non-Intersection";"01-06-01";1-01-01 00:46:58;"Bicyclist Ride Out - Midblock -";399319;2007;"C: Possible Injury";"Commercial";"25-29";27;"No";"41-45 mph";"O: No Injury";"Black";"Male";"Van";"No";"No";"Dark - Roadway Not Lighted";"Urban (>70% Developed)";"2 lanes";2;"Straight - Level";"Local Street";"Dry";"Two-Way, Not Divided";"None";"No Special Feature";"Smooth Asphalt";"Piedmont";"Urban";"40 - 45  MPH";"No Control Present";"Clear";"No";"35.410606, -80.568214"
"1161";973;974;"No";"10-Jun";8;"No";NA;"C: Possible Injury";"Non-Roadway";"White";"Male";"Raleigh";"Wake";"No";"01-01-02";2007-12-11;"Non-Roadway";9;"Non-Roadway";"01-12-01";1-01-01 09:45:58;"Non-Roadway";460910;2007;"C: Possible Injury";"Residential";"20-24";22;"No";"0-5 mph";"O: No Injury";"Black";"Female";"Passenger Car";"No";"No";"Daylight";"Urban (>70% Developed)";NA;2;"Straight - Level";"Public Vehicular Area";"Dry";"Two-Way, Not Divided";"None";"No Special Feature";"Smooth Asphalt";"Piedmont";"Urban";"5 - 15 MPH";"No Control Present";"Clear";"No";"35.84403, -78.57353"
"1162";974;975;"Yes";"15-Nov";12;"No";"Facing Traffic";"C: Possible Injury";"Sidewalk / Crosswalk / Driveway Crossing";"Black";"Male";"Rocky Mount";"Nash";"No";"01-01-04";2007-12-13;"Bicyclist Failed to Yield - Sign-Controlled Intersection";19;"Intersection";"01-12-01";1-01-01 19:26:58;"Bicyclist Ride Out - Sign-Controlled Intersection";132142;2007;"C: Possible Injury";"Residential";"50-59";52;"No";"0-5 mph";"O: No Injury";"Black";"Female";"Passenger Car";"No";"No";"Dark - Lighted Roadway";"Urban (>70% Developed)";"2 lanes";2;"Straight - Level";"Local Street";"Wet";"One-Way, Not Divided";"None";"T-Intersection";"Smooth Asphalt";"Coastal";"Urban";"30 - 35  MPH";"Stop Sign";"Rain";"No";"35.943115, -77.808495"
"1163";993;994;"No";NA;NA;"No";"With Traffic";"Injury";"Travel Lane";"/Missing";NA;"Eden";"Rockingham";"No";"01-01-02";2007-08-14;"Bicyclist Failed to Yield - Sign-Controlled Intersection";15;"Intersection";"01-08-01";1-01-01 15:41:58;"Bicyclist Ride Through - Sign-Controlled Intersection";111144;2007;"O: No Injury";"Residential";"60-69";65;"No";"31-35 mph";"O: No Injury";"White";"Male";"Passenger Car";"No";"No";"Daylight";"Urban (>70% Developed)";"2 lanes";2;"Straight - Level";"Local Street";"Dry";"Two-Way, Divided, Unprotected Median";"None";"Four-Way Intersection";"Coarse Asphalt";"Piedmont";"Urban";"30 - 35  MPH";"Stop Sign";"Clear";"No";"36.498432, -79.76799"
"1164";71;72;"Yes";"20-24";20;"No";"With Traffic";"B: Evident Injury";"Travel Lane";"Black";"Male";"Wilson";"Wilson";"No";"01-01-02";2007-02-13;"Motorist Left Turn / Merge";22;"Intersection";"01-02-01";1-01-01 22:46:58;"Motorist Left Turn - Opposite Direction";111212;2007;"B: Evident Injury";"Residential";"30-39";36;"No";"11-15 mph";"O: No Injury";"White";"Female";"Passenger Car";"No";"No";"Dark - Lighted Roadway";"Urban (>70% Developed)";"5 lanes";2;"Straight - Level";"Local Street";"Wet";"Two-Way, Not Divided";"Road Surface Condition";"No Special Feature";"Coarse Asphalt";"Coastal";"Urban";"40 - 45  MPH";"Stop And Go Signal";"Rain";"No";"35.73195, -77.92268"
"1165";74;75;"No";"30-39";38;"No";"With Traffic";"O: No Injury";"Travel Lane";"White";"Male";"Jefferson";"Ashe";"No";"01-01-05";2007-04-27;"Bicyclist Failed to Yield - Signalized Intersection";7;"Intersection";"01-04-01";1-01-01 07:36:58;"Bicyclist Failed to Clear - Trapped";111156;2007;"O: No Injury";"Commercial";"60-69";64;"No";"6-10 mph";"O: No Injury";"White";"Female";"Passenger Car";"No";"No";"Daylight";"Urban (>70% Developed)";"4 lanes";2;"Straight - Level";"US Route";"Dry";"Two-Way, Not Divided";"None";"Four-Way Intersection";"Smooth Asphalt";"Mountains";"Rural";"30 - 35  MPH";"Stop And Go Signal";"Clear";"No";"36.420494, -81.47394"
"1166";78;79;"Yes";"40-49";48;"No";"With Traffic";"B: Evident Injury";"Travel Lane";"White";"Male";"Cary";"Wake";"No";"01-01-02";2007-05-01;"Motorist Left Turn / Merge";14;"Intersection";"01-05-01";1-01-01 14:46:58;"Motorist Left Turn - Opposite Direction";111212;2007;"B: Evident Injury";"Residential";"30-39";37;"No";"21-25 mph";"O: No Injury";"Black";"Male";"Single Unit Truck (2-Axle, 6-Tire)";"No";"No";"Daylight";"Urban (>70% Developed)";"5 lanes";2;"Straight - Level";"State Secondary Route";"Dry";"Two-Way, Not Divided";"None";"T-Intersection";"Smooth Asphalt";"Piedmont";"Urban";"20 - 25  MPH";"No Control Present";"Clear";"No";"35.767788, -78.76549"
"1167";87;88;"Yes";"30-39";34;"No";"With Traffic";"B: Evident Injury";"Travel Lane";"White";"Male";"Asheville";"Buncombe";"No";"01-01-05";2007-02-23;"Bicyclist Left Turn / Merge";23;"Non-Intersection";"01-02-01";1-01-01 23:26:58;"Bicyclist Left Turn - Same Direction";311221;2007;"B: Evident Injury";"Commercial";"20-24";24;"No";"31-35 mph";"O: No Injury";"White";"Female";"Passenger Car";"No";"No";"Dark - Roadway Not Lighted";"Urban (>70% Developed)";"4 lanes";2;"Straight - Grade";"US Route";"Dry";"Two-Way, Not Divided";"None";"No Special Feature";"Coarse Asphalt";"Mountains";"Urban";"30 - 35  MPH";"No Control Present";"Clear";"No";"35.57517, -82.613594"
"1168";90;91;"Yes";"20-24";23;"No";"Facing Traffic";"C: Possible Injury";"Sidewalk / Crosswalk / Driveway Crossing";"Black";"Male";"Charlotte";"Mecklenburg";"No";"01-01-02";2007-02-27;"Motorist Failed to Yield - Midblock";13;"Non-Intersection";"01-02-01";1-01-01 13:24:58;"Motorist Drive Out - Commercial Driveway / Alley";332322;2007;"C: Possible Injury";"Commercial";"0-19";19;"No";"0-5 mph";"O: No Injury";"White";"Female";"Sport Utility";"No";"No";"Daylight";"Urban (>70% Developed)";"2 lanes";2;"Straight - Level";"Local Street";"Dry";"Two-Way, Not Divided";"None";"Driveway, Public";"Concrete";"Piedmont";"Urban";"40 - 45  MPH";"No Control Present";"Clear";"No";"35.20265, -80.73419"
"1169";97;98;"Yes";"60-69";61;"No";"With Traffic";"A: Disabling Injury";"Travel Lane";"Black";"Male";"Charlotte";"Mecklenburg";"No";"01-01-04";2007-03-01;"Motorist Right Turn / Merge";16;"Non-Intersection";"01-03-01";1-01-01 16:54:58;"Motorist Right Turn - Same Direction";311213;2007;"A: Disabling Injury";"Residential";"60-69";64;"No";"11-15 mph";"O: No Injury";"Black";"Male";"Passenger Car";"No";"No";"Daylight";"Urban (>70% Developed)";"2 lanes";2;"Straight - Grade";"Local Street";"Wet";"Two-Way, Not Divided";"None";"No Special Feature";"Smooth Asphalt";"Piedmont";"Urban";"30 - 35  MPH";"No Control Present";"Cloudy";"No";"35.26145, -80.84692"
"1170";103;104;"Yes";"30-39";37;"No";"With Traffic";"B: Evident Injury";"Travel Lane";"White";"Male";"Charlotte";"Mecklenburg";"No";"01-01-02";2007-03-06;"Head-On";7;"Intersection";"01-03-01";1-01-01 07:58:58;"Head-On - Motorist";111255;2007;"B: Evident Injury";"Residential";"25-29";27;"No";"11-15 mph";"O: No Injury";"White";"Female";"Passenger Car";"No";"No";"Daylight";"Urban (>70% Developed)";"2 lanes";2;"Straight - Level";"Local Street";"Dry";"Two-Way, Not Divided";"None";"T-Intersection";"Smooth Asphalt";"Piedmont";"Urban";"20 - 25  MPH";"Stop Sign";"Clear";"No";"35.17768, -80.84549"
"1171";106;107;"Yes";"10-Jun";6;"No";"With Traffic";"B: Evident Injury";"Travel Lane";"Black";"Male";"Charlotte";"Mecklenburg";"No";"01-01-03";2007-03-07;"Bicyclist Failed to Yield - Sign-Controlled Intersection";17;"Intersection";"01-03-01";1-01-01 17:16:58;"Bicyclist Ride Through - Sign-Controlled Intersection";111144;2007;"B: Evident Injury";"Residential";"30-39";32;"No";"11-15 mph";"O: No Injury";"Black";"Female";"Passenger Car";"No";"No";"Daylight";"Urban (>70% Developed)";"2 lanes";2;"Curve - Grade";"Local Street";"Dry";"Two-Way, Divided, Unprotected Median";"None";"T-Intersection";"Smooth Asphalt";"Piedmont";"Urban";"30 - 35  MPH";"Stop Sign";"Clear";"No";"35.19942, -80.894005"
"1172";110;111;"Yes";"0-5";5;"No";"Facing Traffic";"C: Possible Injury";"Travel Lane";"Black";"Male";"None - Rural Crash";"Robeson";"No";"01-01-06";2007-03-10;"Bicyclist Right Turn / Merge";13;"Non-Intersection";"01-03-01";1-01-01 12:59:58;"Bicyclist Right Turn - Same Direction";312223;2007;"C: Possible Injury";"Residential";"20-24";24;"No";"16-20 mph";"O: No Injury";"Black";"Male";"Passenger Car";"No";"No";"Daylight";"Rural (<30% Developed)";"2 lanes";2;"Straight - Level";"State Secondary Route";"Dry";"Two-Way, Not Divided";"None";"No Special Feature";"Coarse Asphalt";"Coastal";"Rural";"30 - 35  MPH";"Double Yellow Line, No Passing Zone";"Clear";"No";"34.8146, -78.960464"
"1173";112;113;"Yes";"50-59";52;"Yes";"With Traffic";"B: Evident Injury";"Travel Lane";"Black";"Male";"None - Rural Crash";"Duplin";"Yes";"01-01-07";2007-03-11;"Motorist Failed to Yield - Sign-Controlled Intersection";19;"Intersection";"01-03-01";1-01-01 19:52:58;"Motorist Drive Out - Sign-Controlled Intersection";111141;2007;"B: Evident Injury";"Farms, Woods, Pastures";"40-49";46;"No";"11-15 mph";"O: No Injury";"White";"Female";"Van";"No";"No";"Dark - Roadway Not Lighted";"Rural (<30% Developed)";"2 lanes";2;"Straight - Level";"NC Route";"Dry";"Two-Way, Not Divided";"None";"T-Intersection";"Coarse Asphalt";"Coastal";"Rural";"50 - 55  MPH";"Stop Sign";"Clear";"No";"34.83176, -77.95218"
"1174";114;115;"Yes";"20-24";23;"No";"With Traffic";"B: Evident Injury";"Travel Lane";"White";"Male";"Goldsboro";"Wayne";"No";"01-01-02";2007-03-13;"Bicyclist Left Turn / Merge";18;"Intersection";"01-03-01";1-01-01 18:04:58;"Bicyclist Left Turn - Opposite Direction";111222;2007;"B: Evident Injury";"Residential";"0-19";18;"No";"31-35 mph";"O: No Injury";"White";"Female";"Passenger Car";"No";"No";"Daylight";"Urban (>70% Developed)";"3 lanes";2;"Straight - Level";"Local Street";"Dry";"Two-Way, Not Divided";"None";"No Special Feature";"Smooth Asphalt";"Coastal";"Urban";"30 - 35  MPH";"No Control Present";"Clear";"No";"35.361355, -77.93335"
"1175";124;125;"Yes";"10-Jun";8;"No";"With Traffic";"C: Possible Injury";"Travel Lane";"Black";"Male";"Durham";"Durham";"No";"01-01-02";2007-05-29;"Loss of Control / Turning Error";18;"Intersection-Related";"01-05-01";1-01-01 18:32:58;"Bicyclist Turning Error - Other";211116;2007;"C: Possible Injury";"Residential";"60-69";66;"No";"21-25 mph";"O: No Injury";"Black";"Male";"Pickup";"No";"No";"Daylight";"Urban (>70% Developed)";"2 lanes";2;"Straight - Level";"Local Street";"Dry";"Two-Way, Not Divided";"None";"No Special Feature";"Coarse Asphalt";"Piedmont";"Urban";"30 - 35  MPH";"Stop And Go Signal";"Clear";"No";"35.991714, -78.91449"
"1176";126;127;"No";"16-19";18;"No";"With Traffic";"C: Possible Injury";"Bike Lane / Paved Shoulder";"White";"Male";"None - Rural Crash";"Person";"No";"01-01-05";2007-03-16;"Bicyclist Left Turn / Merge";8;"Intersection";"01-03-01";1-01-01 08:44:58;"Bicyclist Left Turn - Same Direction";121221;2007;"C: Possible Injury";"Farms, Woods, Pastures";"70+";NA;"No";"0-5 mph";"O: No Injury";"White";"Male";"Passenger Car";"No";"No";"Daylight";"Rural (<30% Developed)";"3 lanes";2;"Straight - Level";"US Route";"Wet";"Two-Way, Divided, Unprotected Median";"None";"Four-Way Intersection";"Smooth Asphalt";"Piedmont";"Rural";"50 - 55  MPH";"Stop And Go Signal";"Cloudy";"No";"36.32585, -78.97471"
"1177";139;140;"Yes";"10-Jun";10;"No";NA;"B: Evident Injury";"Travel Lane";"White";"Male";"Matthews";"Mecklenburg";"No";"01-01-02";2007-03-20;"Bicyclist Failed to Yield - Sign-Controlled Intersection";16;"Intersection";"01-03-01";1-01-01 16:33:58;"Bicyclist Ride Through - Sign-Controlled Intersection";119144;2007;"B: Evident Injury";"Residential";"0-19";18;"No";"21-25 mph";"O: No Injury";"White";"Male";"Passenger Car";"No";"No";"Daylight";"Urban (>70% Developed)";"2 lanes";2;"Straight - Bottom";"Local Street";"Dry";"Two-Way, Not Divided";"None";"T-Intersection";"Coarse Asphalt";"Piedmont";"Urban";"20 - 25  MPH";"Stop Sign";"Clear";"No";"35.09666, -80.71109"
"1178";149;150;"Yes";"50-59";54;"No";"Not Applicable";"C: Possible Injury";"Non-Roadway";"Black";"Male";"Wadesboro";"Anson";"No";"01-01-04";2007-02-22;"Bicyclist Failed to Yield - Midblock";17;"Non-Intersection";"01-02-01";1-01-01 17:35:58;"Bicyclist Ride Out - Midblock -";363319;2007;"C: Possible Injury";"Residential";"60-69";65;"No";"6-10 mph";"O: No Injury";"Black";"Male";"Pickup";"No";"No";"Daylight";"Mixed (30% To 70% Developed)";"2 lanes";2;"Straight - Level";"Local Street";"Dry";"Two-Way, Not Divided";"None";"No Special Feature";"Coarse Asphalt";"Piedmont";"Urban";"30 - 35  MPH";"No Control Present";"Clear";"No";"34.97654, -80.085846"
"1179";169;170;"Yes";"10-Jun";6;"No";NA;"B: Evident Injury";"Travel Lane";"Hispanic";"Male";"None - Rural Crash";"Caldwell";"No";"01-01-06";2007-03-31;"Crossing Paths - Other Circumstances";17;"Intersection";"01-03-01";1-01-01 17:56:58;"Crossing Paths - Intersection - Other /";119180;2007;"B: Evident Injury";"Residential";"60-69";66;"No";"21-25 mph";"O: No Injury";"White";"Male";"Passenger Car";"No";"No";"Daylight";"Urban (>70% Developed)";"2 lanes";2;"Straight - Grade";"State Secondary Route";"Dry";"Two-Way, Not Divided";"None";"T-Intersection";"Smooth Asphalt";"Mountains";"Rural";"20 - 25  MPH";"No Control Present";"Clear";"No";"35.85083, -81.60362"
"1180";172;173;"Yes";"30-39";38;"No";NA;"A: Disabling Injury";"Non-Roadway";"Black";"Male";"Charlotte";"Mecklenburg";"No";"01-01-06";2007-03-31;"Non-Roadway";19;"Non-Roadway";"01-03-01";1-01-01 19:14:58;"Non-Roadway";460910;2007;"A: Disabling Injury";"Residential";NA;NA;"Missing";"6-10 mph";"Injury";"/Missing";NA;"Passenger Car";"No";"Yes";"Daylight";"Urban (>70% Developed)";NA;2;"Straight - Level";"Public Vehicular Area";"Dry";NA;"None";"Driveway, Public";"Smooth Asphalt";"Piedmont";"Urban";"5 - 15 MPH";"No Control Present";"Clear";"No";"35.245174, -80.75186"
"1181";183;184;"Yes";"16-19";16;"No";"Not Applicable";"C: Possible Injury";NA;"Black";"Male";"Ellerbe";"Richmond";"No";"01-01-03";2007-04-04;"Bicyclist Failed to Yield - Midblock";15;"Non-Intersection";"01-04-01";1-01-01 15:38:58;"Bicyclist Ride Out - Midblock -";393319;2007;"C: Possible Injury";"Commercial";"50-59";59;"No";"21-25 mph";"O: No Injury";"White";"Male";"Pickup";"No";"No";"Daylight";"Urban (>70% Developed)";"2 lanes";2;"Straight - Level";"US Route";"Dry";"Two-Way, Not Divided";"None";"No Special Feature";"Smooth Asphalt";"Piedmont";"Rural";"20 - 25  MPH";"No Control Present";"Clear";"No";"35.06984, -79.76114"
"1182";184;185;"Yes";"15-Nov";11;"No";"With Traffic";"A: Disabling Injury";"Travel Lane";"Black";"Male";"East Spencer";"Rowan";"No";"01-01-03";2007-04-04;"Bicyclist Failed to Yield - Sign-Controlled Intersection";10;"Intersection";"01-04-01";1-01-01 10:34:58;"Bicyclist Ride Out - Sign-Controlled Intersection";111142;2007;"A: Disabling Injury";"Residential";"20-24";24;"No";"26-30 mph";"O: No Injury";"Black";"Female";"Passenger Car";"No";"No";"Daylight";"Urban (>70% Developed)";"2 lanes";2;"Straight - Hillcrest";"Local Street";"Dry";"Two-Way, Not Divided";"None";"No Special Feature";"Coarse Asphalt";"Piedmont";"Rural";"30 - 35  MPH";"Stop Sign";"Clear";"No";"35.68668, -80.42781"
"1183";198;199;"No";"40-49";43;"No";"With Traffic";"Injury";"Travel Lane";"White";"Male";"Reidsville";"Rockingham";"No";"01-01-06";2007-03-10;"Motorist Failed to Yield - Signalized Intersection";12;"Intersection";"01-03-01";1-01-01 12:44:58;"Motorist Drive Through - Signalized Intersection";111154;2007;"Injury";"Commercial";"30-39";38;"No";"16-20 mph";"Injury";"White";"Male";"Passenger Car";"No";"No";"Daylight";"Urban (>70% Developed)";"3 lanes";2;"Straight - Level";"Local Street";"Dry";"Two-Way, Not Divided";"None";"Four-Way Intersection";"Smooth Asphalt";"Piedmont";"Urban";"40 - 45  MPH";"Stop And Go Signal";"Clear";"No";"36.32494, -79.68673"
"1184";201;202;"Yes";"10-Jun";8;"No";"With Traffic";"B: Evident Injury";"Travel Lane";"Hispanic";"Male";"Raleigh";"Wake";"No";"01-01-02";2007-04-10;"Bicyclist Left Turn / Merge";17;"Intersection-Related";"01-04-01";1-01-01 17:43:58;"Bicyclist Left Turn - Opposite Direction";211222;2007;"B: Evident Injury";"Residential";"40-49";41;"No";"26-30 mph";"O: No Injury";"Black";"Female";"Passenger Car";"No";"No";"Daylight";"Urban (>70% Developed)";"2 lanes";2;"Straight - Level";"Local Street";"Dry";"Two-Way, Not Divided";"None";"Four-Way Intersection";"Coarse Asphalt";"Piedmont";"Urban";"30 - 35  MPH";"Stop Sign";"Clear";"No";"35.846447, -78.571465"
"1185";202;203;"Yes";"16-19";16;"No";"Facing Traffic";"B: Evident Injury";"Sidewalk / Crosswalk / Driveway Crossing";"Black";"Male";"Charlotte";"Mecklenburg";"No";"01-01-02";2007-07-03;"Motorist Failed to Yield - Sign-Controlled Intersection";13;"Intersection";"01-07-01";1-01-01 13:24:58;"Motorist Drive Out - Sign-Controlled Intersection";132141;2007;"B: Evident Injury";"Residential";"25-29";29;"No";"0-5 mph";"O: No Injury";"White";"Female";"Passenger Car";"No";"No";"Daylight";"Urban (>70% Developed)";"2 lanes";2;"Straight - Level";"Local Street";"Dry";"Two-Way, Divided, Unprotected Median";"None";"T-Intersection";"Smooth Asphalt";"Piedmont";"Urban";"30 - 35  MPH";"Stop Sign";"Clear";"No";"35.22908, -80.74451"