"FID";"OBJECTID";"AmbulanceR";"BikeAge_Gr";"Bike_Age";"Bike_Alc_D";"Bike_Dir";"Bike_Injur";"Bike_Pos";"Bike_Race";"Bike_Sex";"City";"County";"CrashAlcoh";"CrashDay";"Crash_Date";"Crash_Grp";"Crash_Hour";"Crash_Loc";"Crash_Mont";"Crash_Time";"Crash_Type";"Crash_Ty_1";"Crash_Year";"Crsh_Sevri";"Developmen";"DrvrAge_Gr";"Drvr_Age";"Drvr_Alc_D";"Drvr_EstSp";"Drvr_Injur";"Drvr_Race";"Drvr_Sex";"Drvr_VehTy";"ExcsSpdInd";"Hit_Run";"Light_Cond";"Locality";"Num_Lanes";"Num_Units";"Rd_Charact";"Rd_Class";"Rd_Conditi";"Rd_Config";"Rd_Defects";"Rd_Feature";"Rd_Surface";"Region";"Rural_Urba";"Speed_Limi";"Traff_Cntr";"Weather";"Workzone_I";"Location"
"1186";203;204;"Yes";"16-19";18;"No";"Not Applicable";"B: Evident Injury";NA;"Black";"Female";"Durham";"Durham";"No";"01-01-02";2007-07-03;"Motorist Left Turn / Merge";22;"Intersection-Related";"01-07-01";1-01-01 22:49:58;"Motorist Left Turn - Opposite Direction";293212;2007;"B: Evident Injury";"Commercial";NA;NA;"Missing";"31-35 mph";"Injury";"/Missing";NA;"Passenger Car";"No";"Yes";"Dark - Roadway Not Lighted";"Urban (>70% Developed)";"2 lanes";2;"Straight - Grade";"Local Street";"Dry";"Two-Way, Not Divided";"None";"Four-Way Intersection";"Smooth Asphalt";"Piedmont";"Urban";"30 - 35  MPH";"Stop And Go Signal";"Clear";"No";"36.00735, -78.885544"
"1187";205;206;"Yes";"30-39";35;"No";"Facing Traffic";"C: Possible Injury";"Travel Lane";"White";"Female";"Burlington";"Alamance";"No";"01-01-04";2007-04-12;"Motorist Failed to Yield - Sign-Controlled Intersection";13;"Intersection";"01-04-01";1-01-01 13:44:58;"Motorist Drive Out - Sign-Controlled Intersection";112141;2007;"C: Possible Injury";"Commercial";"30-39";32;"No";"0-5 mph";"O: No Injury";"Black";"Female";"Sport Utility";"No";"No";"Daylight";"Urban (>70% Developed)";"5 lanes";2;"Straight - Grade";"Local Street";"Dry";"Two-Way, Not Divided";"None";"T-Intersection";"Smooth Asphalt";"Piedmont";"Urban";"40 - 45  MPH";"Stop Sign";"Clear";"No";"36.074574, -79.42785"
"1188";211;212;"Yes";"16-19";16;"No";"Facing Traffic";"C: Possible Injury";"Travel Lane";"White";"Male";"Jacksonville";"Onslow";"No";"01-01-05";2007-04-13;"Motorist Failed to Yield - Midblock";17;"Non-Intersection";"01-04-01";1-01-01 17:34:58;"Motorist Drive Out - Commercial Driveway / Alley";312322;2007;"C: Possible Injury";"Commercial";"50-59";53;"No";"0-5 mph";"O: No Injury";"White";"Male";"Van";"No";"No";"Daylight";"Urban (>70% Developed)";"5 lanes";2;"Straight - Level";"Local Street";"Dry";"Two-Way, Not Divided";"None";"Driveway, Public";"Smooth Asphalt";"Coastal";"Urban";"40 - 45  MPH";"No Control Present";"Clear";"No";"34.77783, -77.414406"
"1189";220;221;"Yes";"10-Jun";10;"No";"Not Applicable";"B: Evident Injury";"Driveway / Alley";"White";"Male";"None - Rural Crash";"Chatham";"No";"01-01-02";2007-04-17;"Bicyclist Failed to Yield - Midblock";17;"Non-Intersection";"01-04-01";1-01-01 17:17:58;"Bicyclist Ride Out - Residential Driveway";353311;2007;"B: Evident Injury";"Farms, Woods, Pastures";"25-29";26;"No";"11-15 mph";"O: No Injury";"White";"Male";"Passenger Car";"No";"No";"Daylight";"Rural (<30% Developed)";"2 lanes";2;"Straight - Level";"State Secondary Route";"Dry";"Two-Way, Not Divided";"None";"Driveway, Private";"Coarse Asphalt";"Piedmont";"Rural";"30 - 35  MPH";"No Control Present";"Clear";"No";"35.856655, -79.08671"
"1190";238;239;"Yes";"16-19";18;"No";NA;"B: Evident Injury";"Non-Roadway";"White";"Male";"Durham";"Durham";"No";NA;2007-07-09;"Non-Roadway";12;"Non-Roadway";"01-07-01";1-01-01 12:08:58;"Non-Roadway";460910;2007;"B: Evident Injury";"Commercial";"30-39";32;"No";"6-10 mph";"O: No Injury";"White";"Female";"Passenger Car";"No";"No";"Daylight";"Urban (>70% Developed)";"2 lanes";2;"Curve - Level";"Public Vehicular Area";"Dry";"Two-Way, Divided, Unprotected Median";"None";"Driveway, Public";"Smooth Asphalt";"Piedmont";"Urban";"5 - 15 MPH";"No Control Present";"Clear";"No";"36.019897, -78.91253"
"1191";246;247;"No";"30-39";36;"No";"With Traffic";"O: No Injury";"Travel Lane";"Black";"Male";"Charlotte";"Mecklenburg";"No";NA;2007-07-23;"Motorist Overtaking Bicyclist";17;"Non-Intersection";"01-07-01";1-01-01 17:06:58;"Motorist Overtaking - Bicyclist Swerved";311235;2007;"O: No Injury";"Residential";"40-49";45;"No";"31-35 mph";"O: No Injury";"White";"Female";"Passenger Car";"No";"No";"Daylight";"Urban (>70% Developed)";"2 lanes";2;"Straight - Grade";"Local Street";"Dry";"Two-Way, Not Divided";"None";"No Special Feature";"Smooth Asphalt";"Piedmont";"Urban";"30 - 35  MPH";"No Control Present";"Clear";"No";"35.233204, -80.882576"
"1192";247;248;"No";"70+";NA;"No";"With Traffic";"C: Possible Injury";"Travel Lane";"White";"Male";"Charlotte";"Mecklenburg";"No";"01-01-06";2007-07-07;"Bicyclist Left Turn / Merge";21;"Non-Intersection";"01-07-01";1-01-01 21:29:58;"Bicyclist Left Turn - Same Direction";311221;2007;"C: Possible Injury";"Residential";"20-24";21;"No";"36-40 mph";"O: No Injury";"Hispanic";"Female";"Passenger Car";"No";"No";"Daylight";"Urban (>70% Developed)";"2 lanes";2;"Straight - Hillcrest";"Local Street";"Dry";"Two-Way, Not Divided";"None";"No Special Feature";"Smooth Asphalt";"Piedmont";"Urban";"40 - 45  MPH";"No Control Present";"Clear";"No";"35.309444, -80.93925"
"1193";248;249;"Yes";"15-Nov";11;"No";"Not Applicable";"C: Possible Injury";"Driveway / Alley";"White";"Male";"None - Rural Crash";"Granville";"No";"01-01-03";2007-04-25;"Bicyclist Failed to Yield - Midblock";20;"Non-Intersection";"01-04-01";1-01-01 20:09:58;"Bicyclist Ride Out - Residential Driveway";353311;2007;"C: Possible Injury";"Farms, Woods, Pastures";NA;NA;"Missing";NA;"Injury";"/Missing";NA;NA;"No";"Yes";"Dusk";"Rural (<30% Developed)";"2 lanes";2;"Straight - Level";"State Secondary Route";"Dry";"Two-Way, Not Divided";"None";"Driveway, Private";"Smooth Asphalt";"Piedmont";"Rural";"40 - 45  MPH";"No Control Present";"Clear";"No";"36.20691, -78.68547"
"1194";249;250;"No";"40-49";45;"No";"Facing Traffic";"B: Evident Injury";"Travel Lane";"White";"Male";"Wilson";"Wilson";"No";"01-01-03";2007-04-25;"Motorist Failed to Yield - Sign-Controlled Intersection";8;"Intersection";"01-04-01";1-01-01 08:42:58;"Motorist Drive Out - Sign-Controlled Intersection";112141;2007;"B: Evident Injury";"Residential";"20-24";22;"No";"6-10 mph";"O: No Injury";"Black";"Female";"Passenger Car";"No";"No";"Daylight";"Urban (>70% Developed)";"4 lanes";2;"Straight - Hillcrest";"Local Street";"Dry";"Two-Way, Not Divided";"None";"No Special Feature";"Coarse Asphalt";"Coastal";"Urban";"40 - 45  MPH";"Stop Sign";"Clear";"No";"35.710075, -77.94293"
"1195";254;255;"Yes";"50-59";52;"No";"With Traffic";"B: Evident Injury";"Travel Lane";"White";"Female";"None - Rural Crash";"Stanly";"No";"01-01-04";2007-04-26;"Motorist Overtaking Bicyclist";13;"Non-Intersection";"01-04-01";1-01-01 13:32:58;"Motorist Overtaking - Other /";311239;2007;"B: Evident Injury";"Institutional";"70+";NA;"No";"36-40 mph";"O: No Injury";"White";"Female";"Passenger Car";"No";"No";"Daylight";"Mixed (30% To 70% Developed)";"2 lanes";2;"Straight - Grade";"State Secondary Route";"Dry";"Two-Way, Not Divided";"None";"No Special Feature";"Smooth Asphalt";"Piedmont";"Rural";"50 - 55  MPH";"Double Yellow Line, No Passing Zone";"Clear";"No";"35.411285, -80.233"
"1196";256;257;"No";"20-24";24;"No";"With Traffic";"B: Evident Injury";"Sidewalk / Crosswalk / Driveway Crossing";"White";"Male";"Mint Hill";"Mecklenburg";"No";"01-01-05";2007-04-27;"Motorist Failed to Yield - Midblock";20;"Non-Intersection";"01-04-01";1-01-01 20:29:58;"Motorist Drive Out - Commercial Driveway / Alley";331322;2007;"B: Evident Injury";"Commercial";"30-39";34;"No";"0-5 mph";"O: No Injury";"White";"Male";"Passenger Car";"No";"No";"Dusk";"Urban (>70% Developed)";"3 lanes";2;"Straight - Level";"Local Street";"Dry";"Two-Way, Not Divided";"None";"Driveway, Public";"Smooth Asphalt";"Piedmont";"Urban";"40 - 45  MPH";"Stop Sign";"Clear";"No";"35.188053, -80.69164"
"1197";258;259;"Yes";"25-29";26;"No";"With Traffic";"C: Possible Injury";"Travel Lane";"White";"Male";"Charlotte";"Mecklenburg";"No";"01-01-04";2007-07-26;"Motorist Left Turn / Merge";21;"Intersection";"01-07-01";1-01-01 21:02:58;"Motorist Left Turn - Opposite Direction";111212;2007;"C: Possible Injury";"Residential";"50-59";57;"No";"11-15 mph";"O: No Injury";"Black";"Male";"Passenger Car";"No";"No";"Dark - Lighted Roadway";"Urban (>70% Developed)";"2 lanes";2;"Curve - Level";"Local Street";"Dry";"Two-Way, Not Divided";"None";"T-Intersection";"Smooth Asphalt";"Piedmont";"Urban";"20 - 25  MPH";"Stop Sign";"Clear";"No";"35.215626, -80.81495"
"1198";260;261;"Yes";"50-59";53;"No";"Facing Traffic";"A: Disabling Injury";"Travel Lane";"Black";"Male";"Winston-Salem";"Forsyth";"No";"01-01-07";2007-04-29;"Bicyclist Failed to Yield - Sign-Controlled Intersection";20;"Intersection";"01-04-01";1-01-01 20:34:58;"Bicyclist Ride Through - Sign-Controlled Intersection";112144;2007;"A: Disabling Injury";"Residential";"70+";NA;"No";"31-35 mph";"B: Evident Injury";"Black";"Male";"Passenger Car";"No";"No";"Dark - Lighted Roadway";"Urban (>70% Developed)";"3 lanes";2;"Straight - Level";"Local Street";"Dry";"Two-Way, Not Divided";"None";"T-Intersection";"Smooth Asphalt";"Piedmont";"Urban";"30 - 35  MPH";"Stop Sign";"Clear";"No";"36.100372, -80.22693"
"1199";264;265;"Yes";"15-Nov";14;"No";"With Traffic";"C: Possible Injury";"Travel Lane";"Asian";"Male";"Charlotte";"Mecklenburg";"No";"01-01-07";2007-04-29;"Motorist Overtaking Bicyclist";14;"Non-Intersection";"01-04-01";1-01-01 14:14:58;"Motorist Overtaking - Misjudged Space";311232;2007;"C: Possible Injury";"Commercial";NA;NA;"Missing";"11-15 mph";"Injury";"/Missing";NA;NA;"No";"Yes";"Daylight";"Urban (>70% Developed)";"2 lanes";2;"Straight - Level";"Local Street";"Dry";"Two-Way, Not Divided";"None";"No Special Feature";"Smooth Asphalt";"Piedmont";"Urban";"5 - 15 MPH";"No Control Present";"Clear";"No";"35.097996, -80.77862"
"1200";265;266;"No";"40-49";46;"No";NA;"B: Evident Injury";"Non-Roadway";"Black";"Male";"Jacksonville";"Onslow";"No";NA;2007-04-30;"Non-Roadway";13;"Non-Roadway";"01-04-01";1-01-01 12:59:58;"Non-Roadway";460910;2007;"B: Evident Injury";"Commercial";"30-39";36;"No";"11-15 mph";"O: No Injury";"White";"Female";"Passenger Car";"No";"Yes";"Daylight";"Urban (>70% Developed)";NA;2;"Straight - Level";"Public Vehicular Area";"Dry";NA;"None";"Other";"Smooth Asphalt";"Coastal";"Urban";"40 - 45  MPH";"No Control Present";"Clear";"No";"34.765553, -77.409225"
"1201";156;157;"Yes";"15-Nov";14;"No";"With Traffic";"B: Evident Injury";"Travel Lane";"Black";"Male";"None - Rural Crash";"Wilson";"No";"01-01-07";2008-03-09;"Loss of Control / Turning Error";18;"Intersection";"01-03-01";1-01-01 18:29:58;"Bicyclist Turning Error - Left Turn";111114;2008;"B: Evident Injury";"Residential";"20-24";20;"No";"6-10 mph";"O: No Injury";"Black";"Male";"Passenger Car";"No";"No";"Daylight";"Mixed (30% To 70% Developed)";"2 lanes";2;"Straight - Level";"State Secondary Route";"Dry";"Two-Way, Not Divided";"None";"T-Intersection";"Coarse Asphalt";"Coastal";"Rural";"20 - 25  MPH";"Stop Sign";"Cloudy";"No";"0.0, 0.0"
"1202";161;162;"Yes";"40-49";48;"No";"Facing Traffic";"B: Evident Injury";"Travel Lane";"White";"Male";"Huntersville";"Mecklenburg";"No";"01-01-02";2008-03-11;"Motorist Failed to Yield - Sign-Controlled Intersection";15;"Intersection";"01-03-01";1-01-01 15:07:58;"Motorist Drive Out - Sign-Controlled Intersection";112141;2008;"B: Evident Injury";"Commercial";"50-59";55;"No";"0-5 mph";"O: No Injury";"Hispanic";"Male";"Passenger Car";"No";"No";"Daylight";"Urban (>70% Developed)";"2 lanes";2;"Straight - Level";"Local Street";"Dry";"Two-Way, Not Divided";"None";"T-Intersection";"Smooth Asphalt";"Piedmont";"Urban";"40 - 45  MPH";"Double Yellow Line, No Passing Zone";"Clear";"No";"0.0, 0.0"
"1203";165;166;"Yes";"15-Nov";13;"No";"Not Applicable";"B: Evident Injury";"Non-Roadway";"Hispanic";"Male";"Charlotte";"Mecklenburg";"No";"01-01-03";2008-05-07;"Bicyclist Failed to Yield - Midblock";17;"Non-Intersection";"01-05-01";1-01-01 17:27:58;"Bicyclist Ride Out - Other Midblock";363318;2008;"B: Evident Injury";"Residential";"20-24";21;"No";"36-40 mph";"O: No Injury";"Black";"Female";"Passenger Car";"Yes";"No";"Daylight";"Urban (>70% Developed)";"2 lanes";2;"Straight - Hillcrest";"Local Street";"Dry";"Two-Way, Not Divided";"None";"No Special Feature";"Smooth Asphalt";"Piedmont";"Urban";"20 - 25  MPH";"No Control Present";"Clear";"No";"0.0, 0.0"
"1204";169;170;"Yes";"20-24";21;"No";"With Traffic";"B: Evident Injury";"Travel Lane";"White";"Female";"None - Rural Crash";"Avery";"No";"01-01-04";2008-03-13;"Motorist Overtaking Bicyclist";17;"Non-Intersection";"01-03-01";1-01-01 17:00:58;"Motorist Overtaking - Misjudged Space";311232;2008;"B: Evident Injury";"Residential";"70+";NA;"No";"41-45 mph";"O: No Injury";"White";"Male";"Pickup";"No";"No";"Daylight";"Mixed (30% To 70% Developed)";"2 lanes";2;"Straight - Level";"NC Route";"Dry";"One-Way, Not Divided";"None";"No Special Feature";"Smooth Asphalt";"Mountains";"Rural";"50 - 55  MPH";"Double Yellow Line, No Passing Zone";"Clear";"No";"0.0, 0.0"
"1205";186;187;"Yes";"40-49";45;"Yes";"With Traffic";"B: Evident Injury";"Travel Lane";"Black";"Male";"None - Rural Crash";"Duplin";"Yes";"01-01-07";2008-03-23;"Motorist Overtaking Bicyclist";20;"Non-Intersection";"01-03-01";1-01-01 19:59:58;"Motorist Overtaking - Other /";311239;2008;"B: Evident Injury";"Farms, Woods, Pastures";"40-49";48;"No";"41-45 mph";"O: No Injury";"Black";"Male";"Passenger Car";"No";"No";"Dark - Roadway Not Lighted";"Rural (<30% Developed)";"2 lanes";2;"Straight - Level";"State Secondary Route";"Dry";"Two-Way, Not Divided";"None";"No Special Feature";"Coarse Asphalt";"Coastal";"Rural";"50 - 55  MPH";"No Control Present";"Clear";"No";"0.0, 0.0"
"1206";196;197;"Yes";"60-69";61;"No";"With Traffic";"B: Evident Injury";"Travel Lane";"White";"Female";"Lewisville";"Forsyth";"No";"01-01-04";2008-03-27;"Motorist Failed to Yield - Sign-Controlled Intersection";16;"Intersection";"01-03-01";1-01-01 16:29:58;"Motorist Drive Through - Sign-Controlled Intersection";111143;2008;"B: Evident Injury";"Farms, Woods, Pastures";"60-69";65;"No";"0-5 mph";"O: No Injury";"White";"Female";"Passenger Car";"No";"No";"Daylight";"Rural (<30% Developed)";"1 lane";2;"Straight - Level";"State Secondary Route";"Dry";"One-Way, Not Divided";"None";"Traffic Circle/Roundabout";"Smooth Asphalt";"Piedmont";"Urban";"40 - 45  MPH";"Yield Sign";"Clear";"No";"0.0, 0.0"
"1207";201;202;"Yes";"20-24";22;"No";"Facing Traffic";"B: Evident Injury";"Sidewalk / Crosswalk / Driveway Crossing";"White";"Male";"Raleigh";"Wake";"No";"01-01-05";2008-03-28;"Motorist Failed to Yield - Midblock";16;"Non-Intersection";"01-03-01";1-01-01 16:55:58;"Motorist Drive Out - Commercial Driveway / Alley";332322;2008;"B: Evident Injury";"Commercial";"25-29";26;"No";NA;"O: No Injury";"White";"Male";"Pickup";"No";"No";"Daylight";"Urban (>70% Developed)";"2 lanes";2;"Straight - Grade";"Local Street";"Dry";"Two-Way, Divided, Unprotected Median";"None";"No Special Feature";"Smooth Asphalt";"Piedmont";"Urban";"30 - 35  MPH";"No Control Present";"Clear";"No";"0.0, 0.0"
"1208";210;211;"Yes";"25-29";26;"No";"With Traffic";"B: Evident Injury";"Travel Lane";"Black";"Male";"High Point";"Guilford";"No";"01-01-04";2008-04-03;"Bicyclist Failed to Yield - Sign-Controlled Intersection";9;"Intersection";"01-04-01";1-01-01 09:31:58;"Bicyclist Ride Through - Sign-Controlled Intersection";111144;2008;"B: Evident Injury";"Residential";"50-59";57;"No";"26-30 mph";"O: No Injury";"Black";"Female";"Passenger Car";"No";"No";"Daylight";"Urban (>70% Developed)";"2 lanes";2;"Straight - Level";"Public Vehicular Area";"Dry";"Two-Way, Not Divided";"None";"Four-Way Intersection";"Smooth Asphalt";"Piedmont";"Urban";"30 - 35  MPH";"Stop Sign";"Clear";"No";"0.0, 0.0"
"1209";216;217;"No";"15-Nov";15;"No";"With Traffic";"B: Evident Injury";NA;"Black";"Male";"Rocky Mount";"Edgecombe";"No";"01-01-05";2008-04-11;"Loss of Control / Turning Error";21;"Intersection";"01-04-01";1-01-01 21:17:58;"Bicyclist Lost Control - Mechanical Problems";191121;2008;"B: Evident Injury";"Residential";"30-39";34;"No";NA;"O: No Injury";"Black";"Female";"Passenger Car";"No";"No";"Daylight";"Urban (>70% Developed)";"2 lanes";2;"Straight - Level";"Local Street";"Dry";"Two-Way, Not Divided";"None";"No Special Feature";"Coarse Asphalt";"Coastal";"Urban";"30 - 35  MPH";"Stop Sign";"Clear";"No";"0.0, 0.0"
"1210";226;227;"Yes";"20-24";20;"No";"With Traffic";"B: Evident Injury";"Travel Lane";"White";"Male";"Raleigh";"Wake";"No";"01-01-04";2008-04-10;"Bicyclist Left Turn / Merge";10;"Intersection";"01-04-01";1-01-01 10:06:58;"Bicyclist Left Turn - Same Direction";111221;2008;"B: Evident Injury";"Residential";"20-24";23;"No";"6-10 mph";"O: No Injury";"White";"Male";"Motorcycle";"No";"No";"Daylight";"Urban (>70% Developed)";"2 lanes";2;"Straight - Level";"Local Street";"Dry";"Two-Way, Not Divided";"None";"T-Intersection";"Coarse Asphalt";"Piedmont";"Urban";"40 - 45  MPH";"Missing";"Clear";"No";"0.0, 0.0"
"1211";231;232;"No";"0-5";3;"No";"Not Applicable";"C: Possible Injury";"Sidewalk / Crosswalk / Driveway Crossing";"White";"Male";"Mooresville";"Iredell";"No";"01-01-06";2008-04-12;"Non-Roadway";19;"Non-Roadway";"01-04-01";1-01-01 19:58:58;"Non-Roadway";430910;2008;"C: Possible Injury";"Residential";"30-39";37;"No";NA;"O: No Injury";"White";"Female";"Passenger Car";"No";"No";"Dusk";"Urban (>70% Developed)";NA;2;NA;"Local Street";"Dry";NA;"None";"No Special Feature";NA;"Piedmont";"Urban";NA;"Missing";"Clear";"No";"0.0, 0.0"
"1212";234;235;"Yes";"50-59";53;"No";"With Traffic";"B: Evident Injury";"Travel Lane";"White";"Female";"Huntersville";"Mecklenburg";"No";"01-01-06";2008-05-31;"Loss of Control / Turning Error";10;"Non-Intersection";"01-05-01";1-01-01 10:16:58;"Bicyclist Lost Control - Other /";311129;2008;"B: Evident Injury";"Residential";"40-49";40;"No";"21-25 mph";"O: No Injury";"Black";"Male";"Single Unit Truck (2-Axle, 6-Tire)";"No";"No";"Daylight";"Urban (>70% Developed)";"2 lanes";2;"Straight - Level";"Local Street";"Dry";"Two-Way, Not Divided";"None";"No Special Feature";"Smooth Asphalt";"Piedmont";"Urban";"40 - 45  MPH";"No Control Present";"Clear";"No";"0.0, 0.0"
"1213";237;238;"No";"50-59";52;"No";"With Traffic";"B: Evident Injury";"Travel Lane";"Hispanic";"Male";"Fayetteville";"Cumberland";"No";NA;2008-04-14;"Bicyclist Failed to Yield - Sign-Controlled Intersection";15;"Intersection";"01-04-01";1-01-01 15:31:58;"Bicyclist Ride Through - Sign-Controlled Intersection";111144;2008;"B: Evident Injury";"Commercial";"60-69";62;"No";"31-35 mph";"O: No Injury";"White";"Female";"Passenger Car";"No";"No";"Daylight";"Urban (>70% Developed)";"4 lanes";2;"Straight - Level";"Local Street";"Dry";"Two-Way, Divided, Unprotected Median";"None";"Four-Way Intersection";"Coarse Asphalt";"Coastal";"Urban";"30 - 35  MPH";"Stop Sign";"Clear";"No";"0.0, 0.0"
"1214";238;239;"Yes";"60-69";60;"No";"With Traffic";"O: No Injury";"Sidewalk / Crosswalk / Driveway Crossing";"Black";"Male";"Goldsboro";"Wayne";"No";"01-01-03";2008-04-16;"Parallel Paths - Other Circumstances";10;"Non-Intersection";"01-04-01";1-01-01 10:19:58;"Bicyclist Ride Out - Parallel Path";331225;2008;"B: Evident Injury";"Commercial";"60-69";62;"No";NA;"B: Evident Injury";"Black";"Male";"Pedestrian";"No";"No";"Daylight";"Urban (>70% Developed)";"3 lanes";2;"Straight - Level";"Local Street";"Dry";"Two-Way, Not Divided";"None";"No Special Feature";"Coarse Asphalt";"Coastal";"Urban";NA;"No Control Present";"Clear";"No";"0.0, 0.0"
"1215";254;255;"No";"50-59";51;"No";"With Traffic";"B: Evident Injury";"Travel Lane";"White";"Male";"None - Rural Crash";"Orange";"No";"01-01-04";2008-04-17;"Motorist Overtaking Bicyclist";20;"Non-Intersection";"01-04-01";1-01-01 20:37:58;"Motorist Overtaking - Undetected Bicyclist";311231;2008;"B: Evident Injury";"Farms, Woods, Pastures";"40-49";49;"No";"41-45 mph";"O: No Injury";"Black";"Male";"Sport Utility";"No";"No";"Dark - Roadway Not Lighted";"Mixed (30% To 70% Developed)";"2 lanes";2;"Straight - Level";"State Secondary Route";"Dry";"Two-Way, Not Divided";"None";"No Special Feature";"Smooth Asphalt";"Piedmont";"Rural";"40 - 45  MPH";"Double Yellow Line, No Passing Zone";"Clear";"No";"0.0, 0.0"
"1216";259;260;"No";"20-24";24;"No";"With Traffic";"O: No Injury";"Travel Lane";"Hispanic";"Male";"Charlotte";"Mecklenburg";"No";"01-01-04";2008-06-05;"Motorist Right Turn / Merge";7;"Non-Intersection";"01-06-01";1-01-01 07:34:58;"Motorist Right Turn - Same Direction";311213;2008;"O: No Injury";"Commercial";"30-39";31;"No";"21-25 mph";"O: No Injury";"Hispanic";"Male";"Light Truck (Mini-Van, Panel)";"No";"No";"Daylight";"Urban (>70% Developed)";"4 lanes";2;"Straight - Level";"Local Street";"Dry";"Two-Way, Not Divided";"None";"No Special Feature";"Smooth Asphalt";"Piedmont";"Urban";"40 - 45  MPH";"No Control Present";"Clear";"No";"0.0, 0.0"
"1217";263;264;"No";"16-19";18;"No";NA;"C: Possible Injury";NA;"White";"Female";"Raleigh";"Wake";"No";"01-01-02";2008-04-22;"Crossing Paths - Other Circumstances";16;"Non-Intersection";"01-04-01";1-01-01 16:04:58;"Crossing Paths - Midblock - Other /";399380;2008;"C: Possible Injury";"Commercial";"30-39";34;"No";"31-35 mph";"O: No Injury";"Black";"Female";"Passenger Car";"No";"No";"Daylight";"Urban (>70% Developed)";"4 lanes";2;"Straight - Grade";"Local Street";"Wet";"Two-Way, Divided, Positive Median Barrier";"None";"No Special Feature";"Smooth Asphalt";"Piedmont";"Urban";"40 - 45  MPH";"Missing";"Cloudy";"No";"0.0, 0.0"
"1218";268;269;"Yes";"25-29";25;"No";"With Traffic";"B: Evident Injury";"Sidewalk / Crosswalk / Driveway Crossing";"White";"Male";"Gastonia";"Gaston";"No";"01-01-05";2008-04-25;"Motorist Left Turn / Merge";15;"Intersection";"01-04-01";1-01-01 15:40:58;"Motorist Left Turn - Same Direction";131211;2008;"B: Evident Injury";"Commercial";NA;NA;"Missing";"16-20 mph";"Injury";"/Missing";NA;NA;"No";"Yes";"Daylight";"Urban (>70% Developed)";"4 lanes";2;"Straight - Level";"Local Street";"Dry";"Two-Way, Not Divided";"None";"Four-Way Intersection";"Smooth Asphalt";"Piedmont";"Urban";"30 - 35  MPH";"Stop And Go Signal";"Clear";"No";"0.0, 0.0"
"1219";269;270;"No";"10-Jun";10;"No";"Not Applicable";"O: No Injury";"Driveway / Alley";"Black";"Male";"Reidsville";"Rockingham";"No";"01-01-07";2008-04-27;"Bicyclist Failed to Yield - Midblock";10;"Non-Intersection";"01-04-01";1-01-01 10:55:58;"Bicyclist Ride Out - Residential Driveway";353311;2008;"O: No Injury";"Residential";"30-39";31;"No";"31-35 mph";"O: No Injury";"White";"Male";"Passenger Car";"No";"No";"Daylight";"Rural (<30% Developed)";"2 lanes";2;"Straight - Level";"Local Street";"Dry";"Two-Way, Not Divided";"None";"No Special Feature";"Coarse Asphalt";"Piedmont";"Urban";"30 - 35  MPH";"No Control Present";"Clear";"No";"0.0, 0.0"
"1220";271;272;"No";"30-39";34;"No";"With Traffic";"O: No Injury";"Travel Lane";"Hispanic";"Male";"Charlotte";"Mecklenburg";"No";"01-01-06";2008-06-07;"Motorist Failed to Yield - Midblock";19;"Non-Intersection";"01-06-01";1-01-01 19:35:58;"Motorist Drive Out - Commercial Driveway / Alley";311322;2008;"O: No Injury";"Residential";"20-24";22;"No";"36-40 mph";"O: No Injury";"Hispanic";"Male";"Passenger Car";"No";"No";"Daylight";"Urban (>70% Developed)";"2 lanes";2;"Straight - Level";"Local Street";"Dry";"Two-Way, Not Divided";"None";"No Special Feature";"Concrete";"Piedmont";"Urban";"20 - 25  MPH";"No Control Present";"Clear";"No";"0.0, 0.0"
"1221";273;274;"Yes";"60-69";61;"No";"Facing Traffic";"C: Possible Injury";"Travel Lane";"Hispanic";"Male";"Sanford";"Lee";"No";"01-01-04";2008-04-24;"Crossing Paths - Other Circumstances";11;"Intersection";"01-04-01";1-01-01 11:20:58;"Signalized Intersection - Other /";112158;2008;"C: Possible Injury";"Residential";"40-49";44;"No";"0-5 mph";"O: No Injury";"White";"Male";"Police";"No";"No";"Daylight";"Urban (>70% Developed)";"2 lanes";2;"Straight - Level";"Local Street";"Dry";"Two-Way, Not Divided";"None";"Four-Way Intersection";"Smooth Asphalt";"Piedmont";"Urban";"30 - 35  MPH";"Stop And Go Signal";"Clear";"No";"0.0, 0.0"
"1222";276;277;"Yes";"10-Jun";10;"No";"Not Applicable";"A: Disabling Injury";"Driveway / Alley";"White";"Male";"Cary";"Wake";"No";"01-01-07";2008-06-08;"Bicyclist Failed to Yield - Midblock";14;"Non-Intersection";"01-06-01";1-01-01 14:53:58;"Bicyclist Ride Out - Residential Driveway";353311;2008;"A: Disabling Injury";"Residential";"50-59";54;"No";"21-25 mph";"O: No Injury";"White";"Male";"Passenger Car";"No";"No";"Daylight";"Urban (>70% Developed)";"2 lanes";2;"Straight - Level";"Local Street";"Dry";"Two-Way, Not Divided";"None";"No Special Feature";"Smooth Asphalt";"Piedmont";"Urban";"20 - 25  MPH";"No Control Present";"Clear";"No";"0.0, 0.0"
"1223";279;280;"No";"40-49";45;"No";"With Traffic";"C: Possible Injury";"Travel Lane";"White";"Male";"Wilmington";"New Hanover";"No";"01-01-07";2008-04-27;"Motorist Overtaking Bicyclist";22;"Non-Intersection";"01-04-01";1-01-01 22:14:58;"Motorist Overtaking - Other /";311239;2008;"C: Possible Injury";"Commercial";NA;NA;"Missing";NA;"Injury";"/Missing";NA;NA;"No";"Yes";"Dark - Lighted Roadway";"Urban (>70% Developed)";"4 lanes";2;"Straight - Level";"Local Street";"Dry";"Two-Way, Divided, Unprotected Median";"None";"No Special Feature";"Smooth Asphalt";"Coastal";"Urban";NA;"Missing";"Clear";"No";"0.0, 0.0"