"FID";"OBJECTID";"AmbulanceR";"BikeAge_Gr";"Bike_Age";"Bike_Alc_D";"Bike_Dir";"Bike_Injur";"Bike_Pos";"Bike_Race";"Bike_Sex";"City";"County";"CrashAlcoh";"CrashDay";"Crash_Date";"Crash_Grp";"Crash_Hour";"Crash_Loc";"Crash_Mont";"Crash_Time";"Crash_Type";"Crash_Ty_1";"Crash_Year";"Crsh_Sevri";"Developmen";"DrvrAge_Gr";"Drvr_Age";"Drvr_Alc_D";"Drvr_EstSp";"Drvr_Injur";"Drvr_Race";"Drvr_Sex";"Drvr_VehTy";"ExcsSpdInd";"Hit_Run";"Light_Cond";"Locality";"Num_Lanes";"Num_Units";"Rd_Charact";"Rd_Class";"Rd_Conditi";"Rd_Config";"Rd_Defects";"Rd_Feature";"Rd_Surface";"Region";"Rural_Urba";"Speed_Limi";"Traff_Cntr";"Weather";"Workzone_I";"Location"
"1299";917;918;"Yes";"15-Nov";12;"No";"With Traffic";"C: Possible Injury";"Travel Lane";"Black";"Male";"Albemarle";"Stanly";"No";"01-01-05";2007-11-09;"Bicyclist Failed to Yield - Sign-Controlled Intersection";16;"Intersection";"01-11-01";1-01-01 16:02:58;"Bicyclist Ride Through - Sign-Controlled Intersection";111144;2007;"C: Possible Injury";"Residential";"0-19";18;"No";"26-30 mph";"O: No Injury";"White";"Male";"Pickup";"No";"No";"Daylight";"Urban (>70% Developed)";"2 lanes";2;"Straight - Level";"Local Street";"Dry";"Two-Way, Not Divided";"None";"Four-Way Intersection";"Coarse Asphalt";"Piedmont";"Urban";"30 - 35  MPH";"Stop Sign";"Clear";"No";"35.36504, -80.20365"
"1300";919;920;"Yes";"20-24";22;"No";"With Traffic";"B: Evident Injury";"Travel Lane";"White";"Male";"None - Rural Crash";"New Hanover";"No";"01-01-06";2007-11-10;"Motorist Overtaking Bicyclist";21;"Non-Intersection";"01-11-01";1-01-01 21:39:58;"Motorist Overtaking - Misjudged Space";311232;2007;"B: Evident Injury";"Residential";NA;NA;"Missing";"41-45 mph";"Injury";"/Missing";NA;NA;"No";"Yes";"Dark - Roadway Not Lighted";"Mixed (30% To 70% Developed)";"2 lanes";2;"Straight - Level";"State Secondary Route";"Dry";"Two-Way, Not Divided";"None";"No Special Feature";"Smooth Asphalt";"Coastal";"Rural";"40 - 45  MPH";"Double Yellow Line, No Passing Zone";"Clear";"No";"34.12596, -77.87861"
"1301";324;325;"Yes";"25-29";28;"No";"Facing Traffic";"C: Possible Injury";"Sidewalk / Crosswalk / Driveway Crossing";"Black";"Male";"Charlotte";"Mecklenburg";"No";"01-01-02";2012-05-29;"Motorist Failed to Yield - Midblock";14;"Non-Intersection";"01-05-01";1-01-01 13:59:58;"Motorist Drive Out - Commercial Driveway / Alley";NA;2012;"C: Possible Injury";"Commercial";"70";70;"No";"16-20 mph";"O: No Injury";"White";"Female";"Passenger Car";"No";"Yes";"Daylight";"Urban (>70% Developed)";"2 lanes";2;"Straight - Level";"Local Street";"Dry";"Two-Way, Not Divided";"None";"No Special Feature";"Smooth Asphalt";"Piedmont";"Urban";"40 - 45  MPH";"Stop Sign";"Clear";"No";"35.13813, -80.7388"
"1302";333;334;"No";"25-29";25;"No";"With Traffic";"B: Evident Injury";"Travel Lane";"White";"Male";"Raleigh";"Wake";"No";"01-01-04";2012-05-24;"Motorist Overtaking Bicyclist";13;"Intersection-Related";"01-05-01";1-01-01 13:41:58;"Motorist Overtaking - Other /";NA;2012;"B: Evident Injury";"Residential";"0-19";18;"No";"21-25 mph";"O: No Injury";"White";"Female";"Passenger Car";"No";"No";"Daylight";"Urban (>70% Developed)";"2 lanes";2;"Straight - Level";"Local Street";"Dry";"Two-Way, Not Divided";"None";"No Special Feature";"Coarse Asphalt";"Piedmont";"Urban";"30 - 35  MPH";"No Control Present";"Clear";"No";"35.77707, -78.6829"
"1303";340;341;"Yes";"25-29";29;"No";"With Traffic";"C: Possible Injury";"Travel Lane";"White";"Male";"Raleigh";"Wake";"No";"01-01-03";2012-05-30;"Bicyclist Overtaking Motorist";15;"Non-Intersection";"01-05-01";1-01-01 15:50:58;"Bicyclist Overtaking - Extended Door";NA;2012;"C: Possible Injury";"Industrial";"30-39";39;"Missing";"0-5 mph";"O: No Injury";"White";"Male";"Police";"No";"No";"Daylight";"Urban (>70% Developed)";"2 lanes";2;"Straight - Level";"Local Street";"Dry";"One-Way, Not Divided";"None";"No Special Feature";"Smooth Asphalt";"Piedmont";"Urban";"30 - 35  MPH";"Stop And Go Signal";"Clear";"Yes";"35.77608, -78.6404"
"1304";345;346;"Yes";"40-49";49;"No";"With Traffic";"B: Evident Injury";"Travel Lane";"White";"Male";"Huntersville";"Mecklenburg";"No";"01-01-05";2012-05-25;"Motorist Overtaking Bicyclist";22;"Intersection-Related";"01-05-01";1-01-01 22:30:58;"Motorist Overtaking - Undetected Bicyclist";NA;2012;"B: Evident Injury";"Commercial";"30-39";30;"No";"41-45 mph";"O: No Injury";"White";"Male";"Passenger Car";"No";"No";"Dark - Lighted Roadway";"Urban (>70% Developed)";"2 lanes";2;"Straight - Grade";"NC Route";"Dry";"Two-Way, Not Divided";"None";"No Special Feature";"Smooth Asphalt";"Piedmont";"Urban";"40 - 45  MPH";"Double Yellow Line, No Passing Zone";"Clear";"No";"35.41599, -80.8568"
"1305";347;348;"No";"25-29";25;"No";"With Traffic";"C: Possible Injury";"Travel Lane";"Black";"Male";"Winston-Salem";"Forsyth";"No";"01-01-06";2012-06-02;"Motorist Overtaking Bicyclist";23;"Non-Intersection";"01-06-01";1-01-01 23:04:58;"Motorist Overtaking - Other /";NA;2012;"C: Possible Injury";"Commercial";NA;NA;"No";"6-10 mph";"Injury";"/Missing";NA;NA;"No";"Yes";"Daylight";"Urban (>70% Developed)";"2 lanes";2;"Straight - Level";"Local Street";"Dry";"Two-Way, Divided, Unprotected Median";"None";"No Special Feature";"Smooth Asphalt";"Piedmont";"Urban";"30 - 35  MPH";"No Control Present";"Clear";"No";"36.10796, -80.2477"
"1306";352;353;"Yes";"50-59";51;"No";"With Traffic";"B: Evident Injury";"Travel Lane";"White";"Female";"Salter Path";"Carteret";"No";"01-01-02";2012-05-29;"Motorist Overtaking Bicyclist";18;"Non-Intersection";"01-05-01";1-01-01 18:44:58;"Motorist Overtaking - Misjudged Space";NA;2012;"B: Evident Injury";"Commercial";"40-49";43;"No";"0-5 mph";"O: No Injury";"White";"Male";"Single Unit Truck (3 Or More Axles)";"No";"No";"Daylight";"Mixed (30% To 70% Developed)";"3 lanes";2;"Straight - Level";"NC Route";"Dry";"Two-Way, Not Divided";"None";"Driveway, Public";"Smooth Asphalt";"Coastal";"Rural";"30 - 35  MPH";"No Control Present";"Clear";"No";"34.68877, -76.8817"
"1307";355;356;"No";"50-59";53;"No";"Facing Traffic";"B: Evident Injury";"Bike Lane / Paved Shoulder";"White";"Male";"None - Rural Crash";"Caldwell";"No";"01-01-05";2012-06-01;"Motorist Failed to Yield - Sign-Controlled Intersection";15;"Intersection";"01-06-01";1-01-01 15:19:58;"Motorist Drive Out - Sign-Controlled Intersection";NA;2012;"B: Evident Injury";"Commercial";"50-59";56;"No";"6-10 mph";"O: No Injury";"White";"Female";"Sport Utility";"No";"No";"Daylight";"Mixed (30% To 70% Developed)";"2 lanes";2;"Straight - Grade";"US Route";"Dry";"Two-Way, Not Divided";"None";"Four-Way Intersection";"Smooth Asphalt";"Mountains";"Rural";"50 - 55  MPH";"Stop Sign";"Clear";"No";"35.85556, -81.608"
"1308";363;364;"Yes";"50-59";50;"No";"Facing Traffic";"C: Possible Injury";"Sidewalk / Crosswalk / Driveway Crossing";"Black";"Male";"Charlotte";"Mecklenburg";"No";"01-01-02";2012-06-12;"Bicyclist Failed to Yield - Signalized Intersection";22;"Intersection";"01-06-01";1-01-01 22:27:58;"Bicyclist Ride Through - Signalized Intersection";NA;2012;"C: Possible Injury";"Residential";"40-49";44;"No";"0-5 mph";"O: No Injury";"Black";"Female";"Sport Utility";"No";"No";"Dark - Lighted Roadway";"Rural (<30% Developed)";"4 lanes";2;"Straight - Level";"Local Street";"Wet";"Two-Way, Not Divided";"None";"Four-Way Intersection";"Smooth Asphalt";"Piedmont";"Urban";"30 - 35  MPH";"Stop And Go Signal";"Rain";"No";"35.26307, -80.8546"
"1309";364;365;"No";"40-49";45;"No";"With Traffic";"B: Evident Injury";"Travel Lane";"White";"Male";"Harrisburg";"Cabarrus";"No";"01-01-06";2012-05-26;"Motorist Overtaking Bicyclist";11;"Non-Intersection";"01-05-01";1-01-01 11:56:58;"Motorist Overtaking - Misjudged Space";NA;2012;"B: Evident Injury";"Residential";"40-49";46;"No";"36-40 mph";"O: No Injury";"White";"Female";"Passenger Car";"No";"No";"Daylight";"Rural (<30% Developed)";"2 lanes";2;"Straight - Grade";"Local Street";"Dry";"Two-Way, Not Divided";"None";"No Special Feature";"Smooth Asphalt";"Piedmont";"Urban";"40 - 45  MPH";"No Control Present";"Clear";"No";"35.33086, -80.6183"
"1310";369;370;"Yes";"50-59";51;"No";"With Traffic";"C: Possible Injury";"Travel Lane";"Black";"Female";"None - Rural Crash";"Columbus";"No";"01-01-04";2012-06-07;"Motorist Overtaking Bicyclist";6;"Non-Intersection";"01-06-01";1-01-01 06:37:58;"Motorist Overtaking - Other /";NA;2012;"C: Possible Injury";"Residential";NA;NA;"Missing";"36-40 mph";"Injury";"/Missing";NA;"Passenger Car";"No";"Yes";"Daylight";"Mixed (30% To 70% Developed)";"2 lanes";2;"Straight - Level";"State Secondary Route";"Dry";"Two-Way, Not Divided";"None";"No Special Feature";"Coarse Asphalt";"Coastal";"Rural";"50 - 55  MPH";"No Control Present";"Clear";"No";"34.42376, -78.8066"
"1311";371;372;"Yes";"10-Jun";8;"No";"Not Applicable";"C: Possible Injury";"Driveway / Alley";"Black";"Female";"Ramseur";"Randolph";"No";"01-01-07";2012-06-10;"Bicyclist Failed to Yield - Midblock";18;"Non-Intersection";"01-06-01";1-01-01 17:59:58;"Bicyclist Ride Out - Residential Driveway";NA;2012;"C: Possible Injury";"Residential";"60-69";64;"No";"11-15 mph";"O: No Injury";"White";"Male";"Pickup";"No";"No";"Daylight";"Urban (>70% Developed)";"2 lanes";2;"Straight - Grade";"Local Street";"Dry";"Two-Way, Not Divided";"None";"No Special Feature";"Coarse Asphalt";"Piedmont";"Rural";"30 - 35  MPH";"No Control Present";"Clear";"No";"35.73743, -79.651"
"1312";372;373;"No";"20-24";24;"No";"Facing Traffic";"C: Possible Injury";"Sidewalk / Crosswalk / Driveway Crossing";"Black";"Male";"Wilson";"Wilson";"No";"01-01-02";2012-05-29;"Motorist Failed to Yield - Midblock";15;"Non-Intersection";"01-05-01";1-01-01 15:00:58;"Motorist Drive Out - Commercial Driveway / Alley";NA;2012;"C: Possible Injury";"Commercial";"0-19";19;"No";"0-5 mph";"O: No Injury";"White";"Male";"Passenger Car";"No";"No";"Daylight";"Urban (>70% Developed)";"5 lanes";2;"Straight - Level";"Local Street";"Dry";"Two-Way, Not Divided";"None";"T-Intersection";"Smooth Asphalt";"Coastal";"Urban";"40 - 45  MPH";"No Control Present";"Clear";"No";"35.75656, -77.9575"
"1313";379;380;"Yes";"50-59";50;"No";"Not Applicable";"K: Killed";NA;"White";"Male";"Havelock";"Craven";"No";"01-01-05";2012-05-11;"Crossing Paths - Other Circumstances";22;"Non-Intersection";"01-05-01";1-01-01 22:27:58;"Crossing Paths - Midblock - Other /";NA;2012;"K: Killed";"Commercial";"40-49";49;"No";"46-50 mph";"C: Possible Injury";"Black";"Male";"Passenger Car";"No";"No";"Dark - Roadway Not Lighted";"Urban (>70% Developed)";"4 lanes";2;"Straight - Grade";"US Route";"Dry";"Two-Way, Divided, Unprotected Median";"None";"No Special Feature";"Smooth Asphalt";"Coastal";"Urban";"50 - 55  MPH";"No Control Present";"Clear";"No";"34.89253, -76.924"
"1314";388;389;"No";"16-19";16;"No";"With Traffic";"B: Evident Injury";"Travel Lane";"White";"Male";"None - Rural Crash";"Craven";"No";"01-01-04";2012-06-14;"Bicyclist Left Turn / Merge";17;"Non-Intersection";"01-06-01";1-01-01 17:09:58;"Bicyclist Left Turn - Same Direction";NA;2012;"B: Evident Injury";"Residential";"40-49";40;"No";"26-30 mph";"O: No Injury";"White";"Male";"Pickup";"No";"No";"Daylight";"Urban (>70% Developed)";"2 lanes";2;"Straight - Level";"State Secondary Route";"Dry";"Two-Way, Not Divided";"None";"No Special Feature";"Coarse Asphalt";"Coastal";"Rural";"40 - 45  MPH";"Double Yellow Line, No Passing Zone";"Clear";"No";"34.90703, -76.9375"
"1315";389;390;"Yes";"40-49";48;"No";NA;"B: Evident Injury";"Travel Lane";"Hispanic";"Male";"Matthews";"Mecklenburg";"No";"01-01-03";2012-06-13;"Other /  - Insufficient Details";8;"Non-Intersection";"01-06-01";1-01-01 08:29:58;"Approach Paths";NA;2012;"B: Evident Injury";"Commercial";"50-59";53;"No";"41-45 mph";"O: No Injury";"White";"Male";"Passenger Car";"No";"No";"Daylight";"Urban (>70% Developed)";"2 lanes";2;"Straight - Level";"US Route";"Dry";"Two-Way, Divided, Unprotected Median";"None";"No Special Feature";"Smooth Asphalt";"Piedmont";"Urban";"40 - 45  MPH";"No Control Present";"Clear";"No";"35.14024, -80.7181"
"1316";391;392;"No";NA;0;"No";NA;"C: Possible Injury";"Travel Lane";"White";"Male";"Emerald Isle";"Carteret";"No";"01-01-06";2012-06-09;"Crossing Paths - Other Circumstances";18;"Intersection-Related";"01-06-01";1-01-01 18:19:58;"Crossing Paths - Uncontrolled Intersection";NA;2012;"C: Possible Injury";"Commercial";"40-49";40;"No";"0-5 mph";"O: No Injury";"Black";"Male";"Van";"No";"No";"Daylight";"Urban (>70% Developed)";"2 lanes";2;"Straight - Level";"Local Street";"Dry";"Two-Way, Not Divided";"None";"No Special Feature";"Smooth Asphalt";"Coastal";"Rural";"20 - 25  MPH";"No Control Present";"Clear";"No";"34.66473, -77.0349"
"1317";392;393;"No";"16-19";17;"No";"Facing Traffic";"C: Possible Injury";"Travel Lane";"White";"Male";"Salisbury";"Rowan";"No";"01-01-03";2012-06-20;"Motorist Failed to Yield - Sign-Controlled Intersection";11;"Intersection";"01-06-01";1-01-01 11:36:58;"Motorist Drive Out - Sign-Controlled Intersection";NA;2012;"C: Possible Injury";"Commercial";"20-24";22;"No";NA;"O: No Injury";"Hispanic";"Male";"Passenger Car";"No";"No";"Daylight";"Urban (>70% Developed)";"2 lanes";2;"Straight - Level";"Local Street";"Dry";"Two-Way, Not Divided";"None";"T-Intersection";"Smooth Asphalt";"Piedmont";"Urban";NA;"Stop Sign";"Clear";"No";"35.64114, -80.5098"
"1318";404;405;"Yes";"15-Nov";15;"No";"Facing Traffic";"B: Evident Injury";"Travel Lane";"Black";"Male";"Henderson";"Vance";"No";"01-01-05";2012-06-15;"Motorist Left Turn / Merge";16;"Intersection";"01-06-01";1-01-01 16:01:58;"Motorist Left Turn - Same Direction";NA;2012;"B: Evident Injury";"Residential";"60-69";61;"No";"6-10 mph";"O: No Injury";"Black";"Female";"Passenger Car";"No";"No";"Daylight";"Urban (>70% Developed)";"2 lanes";2;"Straight - Hillcrest";"Local Street";"Dry";"Two-Way, Not Divided";"None";"T-Intersection";"Smooth Asphalt";"Piedmont";"Urban";"30 - 35  MPH";"Stop Sign";"Clear";"No";"36.33002, -78.4299"
"1319";406;407;"Yes";"15-Nov";15;"No";"With Traffic";"B: Evident Injury";"Travel Lane";"Asian";"Female";"Huntersville";"Mecklenburg";"No";"01-01-05";2012-06-15;"Bicyclist Left Turn / Merge";12;"Non-Intersection";"01-06-01";1-01-01 12:55:58;"Bicyclist Left Turn - Same Direction";NA;2012;"B: Evident Injury";"Residential";"50-59";52;"No";"41-45 mph";"O: No Injury";"White";"Male";"Pickup";"No";"No";"Daylight";"Mixed (30% To 70% Developed)";"2 lanes";2;"Straight - Level";"NC Route";"Dry";"Two-Way, Not Divided";"None";"No Special Feature";"Smooth Asphalt";"Piedmont";"Urban";"40 - 45  MPH";"Double Yellow Line, No Passing Zone";"Clear";"No";"35.43469, -80.905"
"1320";410;411;"Yes";"15-Nov";15;"No";"With Traffic";"C: Possible Injury";"Travel Lane";"Black";"Male";"Winston-Salem";"Forsyth";"No";"01-01-06";2012-06-16;"Motorist Overtaking Bicyclist";20;"Non-Intersection";"01-06-01";1-01-01 20:31:58;"Motorist Overtaking - Bicyclist Swerved";NA;2012;"C: Possible Injury";"Residential";NA;NA;"Missing";"31-35 mph";"Injury";"/Missing";NA;NA;"No";"Yes";"Daylight";"Urban (>70% Developed)";"2 lanes";2;"Straight - Level";"Local Street";"Dry";"Two-Way, Not Divided";"None";"No Special Feature";"Smooth Asphalt";"Piedmont";"Urban";"30 - 35  MPH";"No Control Present";"Clear";"No";"36.151, -80.2137"
"1321";414;415;"Yes";"50-59";51;"No";NA;"A: Disabling Injury";NA;"Black";"Male";"Smithfield";"Johnston";"No";"01-01-06";2012-06-16;"Other /  - Insufficient Details";14;"Intersection-Related";"01-06-01";1-01-01 14:45:58;"Approach Paths";NA;2012;"A: Disabling Injury";"Commercial";"30-39";35;"No";"31-35 mph";"O: No Injury";"Hispanic";"Female";"Passenger Car";"No";"No";"Daylight";"Urban (>70% Developed)";"5 lanes";2;"Straight - Level";"US Route";"Dry";"Two-Way, Not Divided";"None";"No Special Feature";"Coarse Asphalt";"Coastal";"Urban";"30 - 35  MPH";"No Control Present";"Clear";"No";"35.5134, -78.3326"
"1322";417;418;"Yes";"40-49";47;"No";"With Traffic";"C: Possible Injury";"Travel Lane";"White";"Female";"Cary";"Wake";"No";"01-01-04";2012-06-14;"Motorist Failed to Yield - Midblock";13;"Non-Intersection";"01-06-01";1-01-01 13:32:58;"Motorist Drive Out - Commercial Driveway / Alley";NA;2012;"C: Possible Injury";"Commercial";"25-29";29;"No";"6-10 mph";"O: No Injury";"Black";"Female";"Passenger Car";"No";"No";"Daylight";"Urban (>70% Developed)";"5 lanes";2;"Straight - Grade";"State Secondary Route";"Dry";"Two-Way, Not Divided";"None";"No Special Feature";"Coarse Asphalt";"Piedmont";"Urban";NA;"No Control Present";"Clear";"No";"35.76376, -78.7444"
"1323";422;423;"No";"16-19";19;"No";"With Traffic";"O: No Injury";"Sidewalk / Crosswalk / Driveway Crossing";"White";"Male";"Raleigh";"Wake";"No";"01-01-07";2012-06-24;"Motorist Failed to Yield - Midblock";16;"Non-Intersection";"01-06-01";1-01-01 16:30:58;"Motorist Drive Out - Midblock -";NA;2012;"O: No Injury";"Residential";NA;NA;"Missing";"0-5 mph";"Injury";"/Missing";NA;"Passenger Car";"No";"Yes";"Daylight";"Mixed (30% To 70% Developed)";"2 lanes";2;"Straight - Level";"Local Street";"Dry";"Two-Way, Not Divided";"None";"No Special Feature";"Smooth Asphalt";"Piedmont";"Urban";"20 - 25  MPH";"No Control Present";"Clear";"No";"35.78393, -78.6606"
"1324";430;431;"Yes";"20-24";21;"No";"Facing Traffic";"C: Possible Injury";"Sidewalk / Crosswalk / Driveway Crossing";"Black";"Male";"Raleigh";"Wake";"No";"01-01-06";2012-06-23;"Bicyclist Failed to Yield - Signalized Intersection";21;"Intersection";"01-06-01";1-01-01 21:37:58;"Bicyclist Failed to Clear - Trapped";NA;2012;"C: Possible Injury";"Commercial";"40-49";48;"No";"11-15 mph";"O: No Injury";"Other";"Male";"Taxicab";"No";"Yes";"Dark - Lighted Roadway";"Mixed (30% To 70% Developed)";"4 lanes";2;"Straight - Level";"Local Street";"Dry";"One-Way, Not Divided";"None";"Four-Way Intersection";"Smooth Asphalt";"Piedmont";"Urban";"30 - 35  MPH";"Stop And Go Signal";"Clear";"No";"35.77983, -78.6222"
"1325";436;437;"Yes";"20-24";24;"No";"Facing Traffic";"C: Possible Injury";"Sidewalk / Crosswalk / Driveway Crossing";"White";"Male";"Raleigh";"Wake";"No";"01-01-03";2012-06-27;"Motorist Failed to Yield - Signalized Intersection";18;"Intersection";"01-06-01";1-01-01 18:48:58;"Motorist Drive Out - Right Turn on Red";NA;2012;"C: Possible Injury";"Institutional";"50-59";59;"No";"0-5 mph";"O: No Injury";"White";"Male";"Pickup";"No";"No";"Daylight";"Urban (>70% Developed)";"2 lanes";2;"Straight - Level";"Public Vehicular Area";"Dry";"Two-Way, Not Divided";"None";"Four-Way Intersection";"Smooth Asphalt";"Piedmont";"Urban";"5 - 15 MPH";"Stop And Go Signal";"Clear";"No";"35.77516, -78.6567"
"1326";449;450;"Yes";"40-49";43;"Missing";"Facing Traffic";"C: Possible Injury";"Sidewalk / Crosswalk / Driveway Crossing";"Black";"Male";"Charlotte";"Mecklenburg";"No";"01-01-03";2012-07-11;"Motorist Failed to Yield - Sign-Controlled Intersection";12;"Intersection";"01-07-01";1-01-01 12:02:58;"Motorist Drive Out - Sign-Controlled Intersection";NA;2012;"C: Possible Injury";"Commercial";"30-39";33;"No";NA;"O: No Injury";"White";"Male";"Sport Utility";"No";"No";"Daylight";"Urban (>70% Developed)";"4 lanes";2;"Curve - Grade";"Local Street";"Dry";"Two-Way, Not Divided";"None";"Four-Way Intersection";"Smooth Asphalt";"Piedmont";"Urban";"30 - 35  MPH";"Stop Sign";"Cloudy";"No";"35.21629, -80.852"
"1327";453;454;"Yes";NA;0;"No";"With Traffic";"B: Evident Injury";"Travel Lane";"White";"Male";"Wrightsville Beach";"New Hanover";"No";"01-01-05";2012-06-22;"Bicyclist Overtaking Motorist";7;"Non-Intersection";"01-06-01";1-01-01 07:47:58;"Bicyclist Overtaking - Extended Door";NA;2012;"B: Evident Injury";"Residential";"40-49";47;"No";NA;"O: No Injury";"White";"Male";"Passenger Car";"No";"No";"Daylight";"Urban (>70% Developed)";NA;2;NA;NA;"Dry";NA;"None";"No Special Feature";NA;"Coastal";"Rural";"20 - 25  MPH";"No Control Present";"Clear";"No";"34.18989, -77.8094"
"1328";459;460;"Yes";"40-49";43;"No";"With Traffic";"B: Evident Injury";"Travel Lane";"White";"Female";"None - Rural Crash";"Onslow";"No";"01-01-07";2012-07-08;"Motorist Failed to Yield - Sign-Controlled Intersection";10;"Intersection";"01-07-01";1-01-01 10:14:58;"Motorist Drive Out - Sign-Controlled Intersection";NA;2012;"B: Evident Injury";"Commercial";"50-59";58;"No";"0-5 mph";"O: No Injury";"White";"Male";"Sport Utility";"No";"No";"Daylight";"Mixed (30% To 70% Developed)";"2 lanes";2;"Straight - Level";"State Secondary Route";"Water (Standing, Moving)";"Two-Way, Not Divided";"None";"T-Intersection";"Smooth Asphalt";"Coastal";"Rural";"40 - 45  MPH";"Stop Sign";"Clear";"No";"34.7175, -77.3203"
"1329";463;464;"Yes";"15-Nov";12;"No";"With Traffic";"C: Possible Injury";"Travel Lane";"Black";"Female";"Gastonia";"Gaston";"No";"01-01-04";2012-06-21;"Bicyclist Left Turn / Merge";16;"Non-Intersection";"01-06-01";1-01-01 15:59:58;"Bicyclist Left Turn - Same Direction";NA;2012;"C: Possible Injury";"Residential";NA;NA;"Missing";"31-35 mph";"Injury";"/Missing";NA;NA;"No";"Yes";"Daylight";"Urban (>70% Developed)";"5 lanes";2;"Straight - Grade";"NC Route";"Dry";"Two-Way, Not Divided";"None";"No Special Feature";"Smooth Asphalt";"Piedmont";"Urban";"30 - 35  MPH";"No Control Present";"Clear";"No";"35.25401, -81.1764"
"1330";464;465;"No";"10-Jun";6;"No";"With Traffic";"O: No Injury";"Travel Lane";"Black";"Male";"Farmville";"Pitt";"No";"01-01-02";2012-07-10;"Bicyclist Failed to Yield - Sign-Controlled Intersection";16;"Intersection";"01-07-01";1-01-01 16:34:58;"Bicyclist Ride Through - Sign-Controlled Intersection";NA;2012;"C: Possible Injury";"Residential";"70";70;"No";"26-30 mph";"O: No Injury";"Black";"Female";"Passenger Car";"No";"No";"Daylight";"Urban (>70% Developed)";"2 lanes";2;"Straight - Level";"Local Street";"Dry";"Two-Way, Not Divided";"None";"No Special Feature";"Smooth Asphalt";"Coastal";"Rural";"30 - 35  MPH";"Stop Sign";"Clear";"No";"35.58913, -77.5928"
"1331";476;477;"No";"50-59";58;"No";"With Traffic";"O: No Injury";"Travel Lane";"Black";"Male";"Wilmington";"New Hanover";"No";NA;2012-07-02;"Bicyclist Left Turn / Merge";9;"Non-Intersection";"01-07-01";1-01-01 09:22:58;"Bicyclist Left Turn - Opposite Direction";NA;2012;"O: No Injury";"Commercial";"20-24";22;"No";"26-30 mph";"O: No Injury";"Black";"Male";"Passenger Car";"No";"No";"Daylight";"Urban (>70% Developed)";"2 lanes";2;"Straight - Level";"Local Street";"Dry";"Two-Way, Not Divided";"None";"No Special Feature";"Coarse Asphalt";"Coastal";"Urban";"30 - 35  MPH";"No Control Present";"Clear";"No";"34.24255, -77.892"
"1332";479;480;"Yes";"40-49";41;"No";"With Traffic";"B: Evident Injury";"Travel Lane";"Black";"Male";"None - Rural Crash";"Mecklenburg";"No";"01-01-05";2012-07-20;"Motorist Overtaking Bicyclist";5;"Intersection";"01-07-01";1-01-01 05:27:58;"Motorist Overtaking - Other /";NA;2012;"B: Evident Injury";"Residential";"60-69";63;"No";"26-30 mph";"O: No Injury";"White";"Male";"Passenger Car";"No";"No";"Dark - Lighted Roadway";"Urban (>70% Developed)";"4 lanes";2;"Straight - Level";"Local Street";"Dry";"Two-Way, Not Divided";"None";"No Special Feature";"Smooth Asphalt";"Piedmont";"Rural";"30 - 35  MPH";"No Control Present";"Clear";"No";"35.23639, -80.8306"
"1333";481;482;"Yes";"25-29";29;"No";"Facing Traffic";"C: Possible Injury";"Sidewalk / Crosswalk / Driveway Crossing";"Other";"Male";"Kitty Hawk";"Dare";"No";"01-01-04";2012-06-21;"Motorist Failed to Yield - Midblock";11;"Non-Intersection";"01-06-01";1-01-01 11:51:58;"Motorist Drive Out - Commercial Driveway / Alley";NA;2012;"C: Possible Injury";"Commercial";"20-24";21;"No";"0-5 mph";"O: No Injury";"White";"Male";"Pickup";"No";"No";"Daylight";"Urban (>70% Developed)";"5 lanes";2;"Straight - Level";"US Route";"Dry";"Two-Way, Divided, Unprotected Median";"None";"No Special Feature";"Smooth Asphalt";"Coastal";"Rural";"50 - 55  MPH";"No Control Present";"Clear";"No";"36.06598, -75.6933"
"1334";491;492;"Yes";"50-59";58;"No";"With Traffic";"B: Evident Injury";"Travel Lane";"White";"Male";"Pine Knoll Shores";"Carteret";"No";"01-01-02";2012-07-24;"Motorist Left Turn / Merge";7;"Intersection";"01-07-01";1-01-01 07:32:58;"Motorist Left Turn - Opposite Direction";NA;2012;"B: Evident Injury";"Residential";"60-69";61;"No";"11-15 mph";"O: No Injury";"White";"Male";"Pickup";"No";"No";"Daylight";"Urban (>70% Developed)";"2 lanes";2;"Straight - Level";"Local Street";"Dry";"Two-Way, Not Divided";"None";"T-Intersection";"Smooth Asphalt";"Coastal";"Rural";"40 - 45  MPH";"Stop And Go Signal";"Clear";"No";"34.69526, -76.8218"
"1335";507;508;"Yes";"60-69";60;"No";"Facing Traffic";"C: Possible Injury";"Travel Lane";"Black";"Male";"Ayden";"Pitt";"No";"01-01-07";2012-06-24;"Backing Vehicle";21;"Non-Intersection";"01-06-01";1-01-01 21:50:58;"Backing Vehicle";NA;2012;"C: Possible Injury";"Residential";"50-59";55;"No";"16-20 mph";"O: No Injury";"Black";"Male";"Passenger Car";"No";"No";"Dark - Lighted Roadway";"Urban (>70% Developed)";"2 lanes";2;"Straight - Level";"Local Street";"Dry";"Two-Way, Not Divided";"None";"No Special Feature";"Smooth Asphalt";"Coastal";"Rural";"20 - 25  MPH";"No Control Present";"Clear";"No";"35.46561, -77.4205"