"FID";"OBJECTID";"AmbulanceR";"BikeAge_Gr";"Bike_Age";"Bike_Alc_D";"Bike_Dir";"Bike_Injur";"Bike_Pos";"Bike_Race";"Bike_Sex";"City";"County";"CrashAlcoh";"CrashDay";"Crash_Date";"Crash_Grp";"Crash_Hour";"Crash_Loc";"Crash_Mont";"Crash_Time";"Crash_Type";"Crash_Ty_1";"Crash_Year";"Crsh_Sevri";"Developmen";"DrvrAge_Gr";"Drvr_Age";"Drvr_Alc_D";"Drvr_EstSp";"Drvr_Injur";"Drvr_Race";"Drvr_Sex";"Drvr_VehTy";"ExcsSpdInd";"Hit_Run";"Light_Cond";"Locality";"Num_Lanes";"Num_Units";"Rd_Charact";"Rd_Class";"Rd_Conditi";"Rd_Config";"Rd_Defects";"Rd_Feature";"Rd_Surface";"Region";"Rural_Urba";"Speed_Limi";"Traff_Cntr";"Weather";"Workzone_I";"Location"
"1449";775;776;"No";"16-19";16;"No";"Facing Traffic";"C: Possible Injury";"Travel Lane";"Black";"Male";"Goldsboro";"Wayne";"No";"01-01-03";2008-10-01;"Motorist Failed to Yield - Sign-Controlled Intersection";20;"Intersection";"01-10-01";1-01-01 19:59:58;"Motorist Drive Out - Sign-Controlled Intersection";112141;2008;"C: Possible Injury";"Residential";"20-24";24;"No";"6-10 mph";"O: No Injury";"White";"Male";"Pickup";"No";"No";"Dark - Lighted Roadway";"Urban (>70% Developed)";"3 lanes";2;"Straight - Level";"Local Street";"Dry";"Two-Way, Not Divided";"None";"T-Intersection";"Coarse Asphalt";"Coastal";"Urban";"40 - 45  MPH";"Stop Sign";"Clear";"No";"0.0, 0.0"
"1450";776;777;"No";"15-Nov";13;"No";NA;"O: No Injury";NA;"White";"Female";"Kings Mountain";"Cleveland";"No";"01-01-07";2008-09-28;"Other /  - Insufficient Details";9;"Location";"01-09-01";1-01-01 09:22:58;"Location";999980;2008;"O: No Injury";"Residential";NA;NA;"Missing";NA;"Injury";"/Missing";NA;NA;"No";"Yes";"Daylight";"Mixed (30% To 70% Developed)";"4 lanes";2;"Straight - Level";"Local Street";"Dry";"Two-Way, Divided, Unprotected Median";"None";"Four-Way Intersection";"Smooth Asphalt";"Mountains";"Urban";"30 - 35  MPH";"Stop And Go Signal";"Clear";"No";"0.0, 0.0"
"1451";777;778;"Yes";"15-Nov";11;"No";"With Traffic";"B: Evident Injury";"Sidewalk / Crosswalk / Driveway Crossing";"White";"Male";"Winston-Salem";"Forsyth";"No";"01-01-05";2008-10-03;"Crossing Paths - Other Circumstances";18;"Intersection";"01-10-01";1-01-01 18:27:58;"Signalized Intersection - Other /";131158;2008;"B: Evident Injury";"Commercial";"40-49";47;"No";"31-35 mph";"O: No Injury";"White";"Male";"Pickup";"No";"No";"Daylight";"Urban (>70% Developed)";"4 lanes";2;"Straight - Level";"Local Street";"Dry";"Two-Way, Divided, Unprotected Median";"None";"Four-Way Intersection";"Smooth Asphalt";"Piedmont";"Urban";"30 - 35  MPH";"Stop And Go Signal";"Clear";"No";"0.0, 0.0"
"1452";783;784;"No";"40-49";46;"No";"Facing Traffic";"C: Possible Injury";"Sidewalk / Crosswalk / Driveway Crossing";"Black";"Male";"Charlotte";"Mecklenburg";"No";"01-01-04";2008-10-16;"Motorist Failed to Yield - Sign-Controlled Intersection";17;"Intersection";"01-10-01";1-01-01 17:11:58;"Motorist Drive Out - Sign-Controlled Intersection";132141;2008;"C: Possible Injury";"Commercial";"30-39";30;"No";"0-5 mph";"O: No Injury";"Black";"Female";"Passenger Car";"No";"No";"Daylight";"Urban (>70% Developed)";"2 lanes";2;"Straight - Level";"Local Street";"Dry";"Two-Way, Not Divided";"None";"T-Intersection";"Smooth Asphalt";"Piedmont";"Urban";"20 - 25  MPH";"Stop Sign";"Clear";"No";"0.0, 0.0"
"1453";792;793;"Yes";"40-49";47;"No";"With Traffic";"C: Possible Injury";"Travel Lane";"Black";"Male";"Charlotte";"Mecklenburg";"No";"01-01-02";2008-10-07;"Crossing Paths - Other Circumstances";16;"Intersection";"01-10-01";1-01-01 15:59:58;"Sign-Controlled Intersection - Other /";111148;2008;"C: Possible Injury";"Commercial";"20-24";22;"No";"16-20 mph";"O: No Injury";"White";"Female";"Passenger Car";"No";"No";"Daylight";"Urban (>70% Developed)";"2 lanes";2;"Straight - Level";"Local Street";"Dry";"Two-Way, Not Divided";"None";"No Special Feature";"Smooth Asphalt";"Piedmont";"Urban";"30 - 35  MPH";"Stop Sign";"Clear";"No";"0.0, 0.0"
"1454";807;808;"Yes";"60-69";62;"No";"With Traffic";"K: Killed";"Travel Lane";"White";"Male";"Wilmington";"New Hanover";"No";"01-01-04";2008-10-16;"Motorist Right Turn / Merge";9;"Non-Intersection";"01-10-01";1-01-01 09:21:58;"Motorist Right Turn - Same Direction";311213;2008;"K: Killed";"Commercial";"40-49";49;"No";"31-35 mph";"O: No Injury";"White";"Female";"Passenger Car";"No";"No";"Daylight";"Urban (>70% Developed)";NA;2;"Straight - Level";"Local Street";"Dry";"Two-Way, Divided, Unprotected Median";"None";"No Special Feature";"Smooth Asphalt";"Coastal";"Urban";"40 - 45  MPH";"Missing";"Clear";"No";"0.0, 0.0"
"1455";809;810;"Yes";"50-59";51;"No";"Facing Traffic";"Injury";"Sidewalk / Crosswalk / Driveway Crossing";"/Missing";NA;"Fayetteville";"Cumberland";"No";NA;2008-10-20;"Motorist Failed to Yield - Midblock";15;"Non-Intersection";"01-10-01";1-01-01 15:04:58;"Motorist Drive Out - Commercial Driveway / Alley";332322;2008;"O: No Injury";"Commercial";"30-39";36;"No";"6-10 mph";"O: No Injury";"Black";"Female";"Pickup";"No";"No";"Daylight";"Urban (>70% Developed)";NA;2;"Straight - Level";"Public Vehicular Area";"Dry";NA;"None";"Driveway, Private";"Coarse Asphalt";"Coastal";"Urban";"5 - 15 MPH";"No Control Present";"Clear";"No";"0.0, 0.0"
"1456";812;813;"No";"60-69";64;"No";"With Traffic";"B: Evident Injury";"Travel Lane";"White";"Male";"Shallotte";"Brunswick";"No";NA;2008-10-20;"Motorist Right Turn / Merge";15;"Non-Intersection";"01-10-01";1-01-01 14:59:58;"Motorist Right Turn - Same Direction";311213;2008;"B: Evident Injury";"Residential";"40-49";47;"No";NA;"O: No Injury";"White";"Male";"Pickup";"No";"No";"Daylight";"Mixed (30% To 70% Developed)";"3 lanes";2;"Straight - Level";"Local Street";"Dry";"Two-Way, Not Divided";"None";"No Special Feature";"Coarse Asphalt";"Coastal";"Rural";NA;"No Control Present";"Clear";"No";"0.0, 0.0"
"1457";814;815;"No";"20-24";23;"No";"With Traffic";"C: Possible Injury";"Sidewalk / Crosswalk / Driveway Crossing";"White";"Female";"Raleigh";"Wake";"No";"01-01-07";2008-08-24;"Motorist Right Turn / Merge";16;"Non-Intersection";"01-08-01";1-01-01 16:33:58;"Motorist Right Turn - Same Direction";331213;2008;"C: Possible Injury";"Commercial";"0-19";19;"No";"0-5 mph";"O: No Injury";"White";"Male";"Pickup";"No";"No";"Daylight";"Urban (>70% Developed)";"4 lanes";2;"Straight - Level";"Local Street";"Dry";"Two-Way, Not Divided";"None";"No Special Feature";"Coarse Asphalt";"Piedmont";"Urban";"30 - 35  MPH";"No Control Present";"Clear";"No";"0.0, 0.0"
"1458";823;824;"Yes";"50-59";51;"No";"With Traffic";"B: Evident Injury";"Travel Lane";"Black";"Female";"Norwood";"Stanly";"No";"01-01-04";2008-09-18;"Bicyclist Failed to Yield - Sign-Controlled Intersection";1;"Intersection";"01-09-01";1-01-01 01:08:58;"Bicyclist Ride Out - Sign-Controlled Intersection";111142;2008;"B: Evident Injury";"Residential";"30-39";36;"No";"31-35 mph";"O: No Injury";"White";"Male";"Heavy Truck";"No";"No";"Dark - Lighted Roadway";"Mixed (30% To 70% Developed)";"3 lanes";2;"Straight - Grade";"Local Street";"Dry";"Two-Way, Not Divided";"None";"T-Intersection";"Coarse Asphalt";"Piedmont";"Rural";"30 - 35  MPH";"Stop Sign";"Clear";"No";"0.0, 0.0"
"1459";831;832;"Yes";"25-29";29;"No";"Facing Traffic";"C: Possible Injury";"Sidewalk / Crosswalk / Driveway Crossing";"Hispanic";"Female";"Charlotte";"Mecklenburg";"No";"01-01-03";2008-11-05;"Motorist Failed to Yield - Midblock";12;"Non-Intersection";"01-11-01";1-01-01 12:27:58;"Motorist Drive Out - Commercial Driveway / Alley";332322;2008;"C: Possible Injury";"Commercial";"0-19";17;"No";"0-5 mph";"O: No Injury";"White";"Female";"Passenger Car";"No";"No";"Daylight";"Urban (>70% Developed)";NA;2;"Straight - Level";"Local Street";"Dry";"Two-Way, Not Divided";"None";"No Special Feature";"Smooth Asphalt";"Piedmont";"Urban";"5 - 15 MPH";"No Control Present";"Clear";"No";"0.0, 0.0"
"1460";833;834;"Yes";"25-29";26;"Yes";"Facing Traffic";"B: Evident Injury";"Travel Lane";"White";"Male";"None - Rural Crash";"Currituck";"Yes";"01-01-04";2008-10-16;"Bicyclist Right Turn / Merge";20;"Non-Intersection";"01-10-01";1-01-01 20:42:58;"Bicyclist Right Turn - Opposite Direction";312224;2008;"B: Evident Injury";"Farms, Woods, Pastures";"20-24";21;"No";"51-55 mph";"O: No Injury";"White";"Male";"Passenger Car";"No";"No";"Dark - Roadway Not Lighted";"Rural (<30% Developed)";"5 lanes";2;"Curve - Level";"US Route";"Dry";"Two-Way, Not Divided";"None";"No Special Feature";"Coarse Asphalt";"Coastal";"Rural";"50 - 55  MPH";"Missing";"Clear";"No";"0.0, 0.0"
"1461";835;836;"No";"25-29";27;"No";"With Traffic";"O: No Injury";"Travel Lane";"White";"Male";"None - Rural Crash";"Davidson";"No";"01-01-06";2008-10-25;"Motorist Right Turn / Merge";14;"Non-Intersection";"01-10-01";1-01-01 14:27:58;"Motorist Right Turn - Same Direction";311213;2008;"O: No Injury";"Residential";"20-24";20;"No";"0-5 mph";"O: No Injury";"White";"Male";"Passenger Car";"No";"No";"Dark - Roadway Not Lighted";"Rural (<30% Developed)";"2 lanes";2;"Curve - Grade";"State Secondary Route";"Dry";"Two-Way, Not Divided";"None";"Driveway, Private";"Smooth Asphalt";"Piedmont";"Rural";"20 - 25  MPH";"No Control Present";"Clear";"No";"0.0, 0.0"
"1462";841;842;"No";"40-49";49;"No";"With Traffic";"B: Evident Injury";"Travel Lane";"White";"Male";"Marvin";"Union";"No";"01-01-06";2008-10-25;"Motorist Overtaking Bicyclist";17;"Non-Intersection";"01-10-01";1-01-01 17:04:58;"Motorist Overtaking - Other /";311239;2008;"B: Evident Injury";"Institutional";"30-39";37;"No";"56-60 mph";"O: No Injury";"White";"Male";"Passenger Car";"No";"No";"Daylight";"Mixed (30% To 70% Developed)";"2 lanes";2;"Straight - Grade";"State Secondary Route";"Dry";"Two-Way, Not Divided";"None";"No Special Feature";"Smooth Asphalt";"Piedmont";"Rural";"40 - 45  MPH";"Double Yellow Line, No Passing Zone";"Clear";"No";"0.0, 0.0"
"1463";848;849;"Yes";"15-Nov";14;"No";"With Traffic";"B: Evident Injury";"Travel Lane";"Black";"Female";"Wilmington";"New Hanover";"No";"01-01-03";2008-10-22;"Motorist Overtaking Bicyclist";21;"Non-Intersection";"01-10-01";1-01-01 20:59:58;"Motorist Overtaking - Other /";311239;2008;"B: Evident Injury";"Residential";NA;NA;"Missing";"36-40 mph";"Injury";"/Missing";NA;NA;"No";"Yes";"Dark - Lighted Roadway";"Urban (>70% Developed)";"2 lanes";2;"Straight - Level";"Local Street";"Dry";"Two-Way, Not Divided";"None";"No Special Feature";"Coarse Asphalt";"Coastal";"Urban";"20 - 25  MPH";"No Control Present";"Clear";"No";"0.0, 0.0"
"1464";160;161;"Yes";"30-39";34;"No";"With Traffic";"A: Disabling Injury";"Travel Lane";"White";"Female";"None - Rural Crash";"Wayne";"No";"01-01-05";2010-04-09;"Motorist Overtaking Bicyclist";19;"Non-Intersection";"01-04-01";1-01-01 19:26:58;"Motorist Overtaking - Other /";0;2010;"A: Disabling Injury";"Farms, Woods, Pastures";"30-39";32;"No";"51-55 mph";"O: No Injury";"White";"Male";"Sport Utility";"No";"No";"Daylight";"Rural (<30% Developed)";"2 lanes";2;"Straight - Level";"State Secondary Route";"Dry";"Two-Way, Not Divided";"None";"No Special Feature";"Coarse Asphalt";"Coastal";"Rural";"50 - 55  MPH";"No Control Present";"Clear";"No";"35.40876, -78.122"
"1465";162;163;"Yes";"40-49";40;"Yes";"Not Applicable";"B: Evident Injury";"Travel Lane";"Black";"Female";"Wilson";"Wilson";"Yes";"01-01-05";2010-04-02;"Crossing Paths - Other Circumstances";16;"Intersection-Related";"01-04-01";1-01-01 16:27:58;"Crossing Paths - Uncontrolled Intersection";0;2010;"B: Evident Injury";"Residential";"50-59";50;"No";"11-15 mph";"O: No Injury";"Black";"Male";"Van";"No";"No";"Daylight";"Urban (>70% Developed)";"2 lanes";2;"Straight - Level";"Local Street";"Dry";"Two-Way, Not Divided";"None";"No Special Feature";"Coarse Asphalt";"Coastal";"Urban";"30 - 35  MPH";"No Control Present";"Clear";"No";"35.7093, -77.92154"
"1466";166;167;"No";"20-24";21;"No";"Facing Traffic";"B: Evident Injury";"Travel Lane";"Black";"Male";"Warsaw";"Duplin";"No";NA;2010-04-19;"Head-On";20;"Non-Intersection";"01-04-01";1-01-01 19:59:58;"Head-On - Bicyclist";0;2010;"B: Evident Injury";"Residential";NA;NA;"Missing";"31-35 mph";"Injury";"/Missing";NA;"Passenger Car";"No";"Yes";"Daylight";"Rural (<30% Developed)";"2 lanes";2;"Straight - Level";"Local Street";"Dry";"Two-Way, Not Divided";"None";"No Special Feature";"Coarse Asphalt";"Coastal";"Rural";"30 - 35  MPH";"No Control Present";"Clear";"No";"35.00399, -78.08487"
"1467";171;172;"Yes";"50-59";59;"No";"With Traffic";"B: Evident Injury";"Travel Lane";"White";"Female";"Charlotte";"Mecklenburg";"No";"01-01-02";2010-04-13;"Motorist Overtaking Bicyclist";13;"Non-Intersection";"01-04-01";1-01-01 13:15:58;"Motorist Overtaking - Bicyclist Swerved";0;2010;"B: Evident Injury";"Residential";"30-39";36;"No";"36-40 mph";"O: No Injury";"Black";"Female";"Sport Utility";"No";"No";"Daylight";"Urban (>70% Developed)";"4 lanes";2;"Straight - Level";"Local Street";"Dry";"Two-Way, Not Divided";"None";"No Special Feature";"Smooth Asphalt";"Piedmont";"Urban";"40 - 45  MPH";"No Control Present";"Clear";"No";"35.16861, -80.79537"
"1468";849;850;"Yes";"40-49";46;"No";"With Traffic";"C: Possible Injury";"Travel Lane";"White";"Female";"None - Rural Crash";"Carteret";"No";"01-01-04";2008-11-13;"Motorist Overtaking Bicyclist";18;"Non-Intersection";"01-11-01";1-01-01 18:25:58;"Motorist Overtaking - Misjudged Space";311232;2008;"C: Possible Injury";"Farms, Woods, Pastures";"25-29";26;"No";"51-55 mph";"O: No Injury";"White";"Female";"Pickup";"No";"No";"Dark - Roadway Not Lighted";"Rural (<30% Developed)";"4 lanes";2;"Straight - Level";"US Route";"Wet";"Two-Way, Divided, Unprotected Median";"None";"No Special Feature";"Coarse Asphalt";"Coastal";"Rural";"50 - 55  MPH";"No Control Present";"Cloudy";"No";"0.0, 0.0"
"1469";857;858;"Yes";"50-59";53;"No";"With Traffic";"B: Evident Injury";"Travel Lane";"White";"Male";"None - Rural Crash";"Montgomery";"No";"01-01-05";2008-10-31;"Motorist Overtaking Bicyclist";19;"Non-Intersection";"01-10-01";1-01-01 19:06:58;"Motorist Overtaking - Undetected Bicyclist";311231;2008;"B: Evident Injury";"Farms, Woods, Pastures";"40-49";46;"No";"51-55 mph";"O: No Injury";"White";"Male";"Sport Utility";"No";"No";"Dark - Roadway Not Lighted";"Rural (<30% Developed)";"2 lanes";2;"Straight - Level";"US Route";"Dry";"Two-Way, Not Divided";"None";"No Special Feature";"Coarse Asphalt";"Piedmont";"Rural";"50 - 55  MPH";"Double Yellow Line, No Passing Zone";"Clear";"No";"0.0, 0.0"
"1470";861;862;"No";"25-29";25;"No";"With Traffic";"C: Possible Injury";"Sidewalk / Crosswalk / Driveway Crossing";"White";"Male";"Greensboro";"Guilford";"No";"01-01-07";2008-10-12;"Motorist Failed to Yield - Midblock";16;"Non-Intersection";"01-10-01";1-01-01 16:35:58;"Motorist Drive Out - Commercial Driveway / Alley";331322;2008;"C: Possible Injury";"Commercial";"30-39";33;"No";"0-5 mph";"O: No Injury";"Black";"Female";"Sport Utility";"No";"No";"Daylight";"Urban (>70% Developed)";"5 lanes";2;"Straight - Level";"Local Street";"Dry";"Two-Way, Not Divided";"None";"No Special Feature";"Smooth Asphalt";"Piedmont";"Urban";"30 - 35  MPH";"No Control Present";"Clear";"No";"0.0, 0.0"
"1471";862;863;"Yes";"25-29";27;"No";"Not Applicable";"C: Possible Injury";"Non-Roadway";"Black";"Male";"Rocky Mount";"Nash";"No";"01-01-06";2008-10-11;"Other / Unusual Circumstances";13;"Non-Intersection";"01-10-01";1-01-01 13:45:58;"Motorist Intentionally Caused";363510;2008;"C: Possible Injury";"Commercial";"30-39";32;"No";"6-10 mph";"O: No Injury";"Black";"Male";"Passenger Car";"No";"No";"Daylight";"Urban (>70% Developed)";"2 lanes";2;"Straight - Level";"Local Street";"Dry";"Two-Way, Not Divided";"None";"No Special Feature";"Smooth Asphalt";"Coastal";"Urban";"30 - 35  MPH";"No Control Present";"Clear";"No";"0.0, 0.0"
"1472";864;865;"No";"20-24";23;"No";"Facing Traffic";"C: Possible Injury";"Travel Lane";"Black";"Male";"Rocky Mount";"Edgecombe";"No";"01-01-04";2008-10-02;"Motorist Failed to Yield - Sign-Controlled Intersection";20;"Intersection";"01-10-01";1-01-01 20:05:58;"Motorist Drive Out - Sign-Controlled Intersection";112141;2008;"C: Possible Injury";"Residential";NA;NA;"Missing";"0-5 mph";"Injury";"/Missing";NA;NA;"No";"Yes";"Dark - Lighted Roadway";"Urban (>70% Developed)";"2 lanes";2;"Straight - Level";"Local Street";"Dry";"Two-Way, Not Divided";"None";"Four-Way Intersection";"Smooth Asphalt";"Coastal";"Urban";"30 - 35  MPH";"Flashing Signal With Stop Sign";"Clear";"No";"0.0, 0.0"
"1473";881;882;"No";"16-19";18;"No";"Facing Traffic";"O: No Injury";"Sidewalk / Crosswalk / Driveway Crossing";"White";"Male";"Wilmington";"New Hanover";"No";"01-01-06";2008-11-08;"Motorist Right Turn / Merge";18;"Intersection";"01-11-01";1-01-01 18:16:58;"Motorist Right Turn - Opposite Direction";132214;2008;"O: No Injury";"Commercial";"20-24";24;"No";"11-15 mph";"O: No Injury";"White";"Female";"Passenger Car";"No";"No";"Daylight";"Urban (>70% Developed)";"3 lanes";2;"Straight - Level";"Local Street";"Dry";"Two-Way, Not Divided";"None";"No Special Feature";"Coarse Asphalt";"Coastal";"Urban";"40 - 45  MPH";"Stop And Go Signal";"Clear";"No";"0.0, 0.0"
"1474";890;891;"Yes";"25-29";25;"No";"With Traffic";"C: Possible Injury";"Travel Lane";"White";"Female";"Durham";"Durham";"No";"01-01-02";2008-12-02;"Bicyclist Left Turn / Merge";16;"Non-Intersection";"01-12-01";1-01-01 16:39:58;"Bicyclist Left Turn - Same Direction";311221;2008;"C: Possible Injury";"Commercial";"40-49";48;"No";"31-35 mph";"O: No Injury";"White";"Male";"Passenger Car";"No";"No";"Daylight";"Urban (>70% Developed)";"5 lanes";2;"Straight - Level";"Local Street";"Dry";"Two-Way, Not Divided";"None";"No Special Feature";"Concrete";"Piedmont";"Urban";"30 - 35  MPH";"No Control Present";"Clear";"No";"0.0, 0.0"
"1475";894;895;"Yes";"30-39";37;"Yes";"With Traffic";"K: Killed";"Travel Lane";"White";"Female";"None - Rural Crash";"Richmond";"Yes";"01-01-03";2008-11-12;"Motorist Overtaking Bicyclist";17;"Non-Intersection";"01-11-01";1-01-01 17:49:58;"Motorist Overtaking - Other /";311239;2008;"K: Killed";"Residential";"20-24";20;"No";"41-45 mph";"O: No Injury";"White";"Male";"Passenger Car";"No";"No";"Dark - Roadway Not Lighted";"Mixed (30% To 70% Developed)";"2 lanes";2;"Straight - Grade";"State Secondary Route";"Dry";"Two-Way, Not Divided";"None";"No Special Feature";"Smooth Asphalt";"Piedmont";"Rural";"40 - 45  MPH";"Double Yellow Line, No Passing Zone";"Cloudy";"No";"0.0, 0.0"
"1476";895;896;"No";"20-24";24;"No";"With Traffic";"O: No Injury";"Sidewalk / Crosswalk / Driveway Crossing";"White";"Male";"Asheville";"Buncombe";"No";"01-01-03";2008-11-12;"Motorist Right Turn / Merge";14;"Non-Intersection";"01-11-01";1-01-01 14:15:58;"Motorist Right Turn - Same Direction";331213;2008;"O: No Injury";"Commercial";NA;NA;"No";"21-25 mph";"O: No Injury";"White";"Female";"Passenger Car";"No";"No";"Daylight";"Urban (>70% Developed)";"4 lanes";2;"Straight - Level";"Local Street";"Dry";"Two-Way, Not Divided";"None";"Driveway, Public";"Smooth Asphalt";"Mountains";"Urban";"30 - 35  MPH";"No Control Present";"Clear";"No";"0.0, 0.0"
"1477";899;900;"Yes";"50-59";53;"No";"With Traffic";"A: Disabling Injury";"Travel Lane";"Native American";"Male";"None - Rural Crash";"Robeson";"No";"01-01-05";2008-12-05;"Motorist Left Turn / Merge";22;"Intersection";"01-12-01";1-01-01 22:19:58;"Motorist Left Turn - Opposite Direction";111212;2008;"A: Disabling Injury";"Farms, Woods, Pastures";NA;NA;"No";"31-35 mph";"Injury";"/Missing";NA;"Light Truck (Mini-Van, Panel)";"No";"Yes";"Dark - Roadway Not Lighted";"Rural (<30% Developed)";"2 lanes";2;"Straight - Level";"State Secondary Route";"Dry";"Two-Way, Not Divided";"None";"T-Intersection";"Coarse Asphalt";"Coastal";"Rural";"50 - 55  MPH";"Double Yellow Line, No Passing Zone";"Clear";"No";"0.0, 0.0"
"1478";904;905;"Yes";"40-49";47;"No";"Facing Traffic";"B: Evident Injury";"Bike Lane / Paved Shoulder";"Hispanic";"Female";"Leland";"Brunswick";"No";"01-01-07";2008-11-16;"Motorist Failed to Yield - Midblock";16;"Non-Intersection";"01-11-01";1-01-01 16:49:58;"Motorist Drive Out - Commercial Driveway / Alley";322322;2008;"B: Evident Injury";"Farms, Woods, Pastures";"50-59";56;"No";"0-5 mph";"O: No Injury";"White";"Male";"Pickup";"No";"No";"Daylight";"Urban (>70% Developed)";"5 lanes";2;"Straight - Level";"Local Street";NA;"Two-Way, Not Divided";"None";"Driveway, Public";"Coarse Asphalt";"Coastal";"Rural";"40 - 45  MPH";"No Control Present";"Clear";"No";"0.0, 0.0"
"1479";907;908;"No";"60-69";60;"No";"With Traffic";"O: No Injury";"Travel Lane";"White";"Male";"Goldsboro";"Wayne";"No";"01-01-04";2008-11-13;"Crossing Paths - Other Circumstances";15;"Intersection";"01-11-01";1-01-01 15:09:58;"Crossing Paths - Intersection - Other /";111180;2008;"O: No Injury";"Residential";"0-19";18;"No";"36-40 mph";"O: No Injury";"Black";"Female";"Passenger Car";"No";"No";"Daylight";"Urban (>70% Developed)";"2 lanes";2;"Straight - Level";"Local Street";"Wet";"Two-Way, Not Divided";"None";"No Special Feature";"Coarse Asphalt";"Coastal";"Urban";"40 - 45  MPH";"Missing";"Rain";"No";"0.0, 0.0"
"1480";909;910;"Yes";"15-Nov";14;"No";NA;"C: Possible Injury";NA;"Black";"Male";"Durham";"Durham";"No";"01-01-02";2008-12-09;"Other /  - Insufficient Details";9;"Intersection";"01-12-01";1-01-01 09:11:58;"Approach Paths";1990970;2008;"C: Possible Injury";"Commercial";"40-49";43;"No";"31-35 mph";"O: No Injury";"Black";"Male";"Passenger Car";"No";"No";"Daylight";"Urban (>70% Developed)";"2 lanes";2;"Straight - Grade";"Local Street";"Dry";"Two-Way, Divided, Unprotected Median";"None";"No Special Feature";"Coarse Asphalt";"Piedmont";"Urban";"30 - 35  MPH";"No Control Present";"Cloudy";"No";"0.0, 0.0"
"1481";917;918;"Yes";"10-Jun";9;"No";"Not Applicable";"Injury";NA;"Black";"Male";"Raleigh";"Wake";"No";NA;2008-11-03;"Crossing Paths - Other Circumstances";17;"Intersection-Related";"01-11-01";1-01-01 17:06:58;"Crossing Paths - Uncontrolled Intersection";293160;2008;"O: No Injury";"Commercial";"30-39";31;"No";NA;"O: No Injury";"Black";"Male";"Passenger Car";"No";"No";"Dark - Roadway Not Lighted";"Urban (>70% Developed)";"7 lanes";2;"Straight - Grade";"Local Street";"Dry";"Two-Way, Divided, Unprotected Median";"None";"No Special Feature";"Smooth Asphalt";"Piedmont";"Urban";NA;"Missing";"Cloudy";"No";"0.0, 0.0"
"1482";918;919;"Yes";"20-24";20;"No";"With Traffic";"C: Possible Injury";"Travel Lane";"Hispanic";"Male";"Winston-Salem";"Forsyth";"No";"01-01-03";2008-11-19;"Motorist Overtaking Bicyclist";8;"Non-Intersection";"01-11-01";1-01-01 08:19:58;"Motorist Overtaking - Other /";311239;2008;"C: Possible Injury";"Commercial";"30-39";39;"No";"26-30 mph";"O: No Injury";"White";"Male";"Single Unit Truck (3 Or More Axles)";"No";"No";"Daylight";"Urban (>70% Developed)";"2 lanes";3;"Straight - Level";"Local Street";"Dry";"Two-Way, Not Divided";"None";"No Special Feature";"Smooth Asphalt";"Piedmont";"Urban";"30 - 35  MPH";"No Control Present";"Clear";"No";"0.0, 0.0"
"1483";921;922;"Yes";"30-39";35;"No";"With Traffic";"B: Evident Injury";"Bike Lane / Paved Shoulder";"White";"Male";"Smithfield";"Johnston";"No";NA;2008-12-01;"Bicyclist Left Turn / Merge";7;"Non-Intersection";"01-12-01";1-01-01 07:26:58;"Bicyclist Left Turn - Same Direction";321221;2008;"B: Evident Injury";"Commercial";"40-49";43;"No";"26-30 mph";"O: No Injury";"Black";"Male";"Van";"No";"No";"Daylight";"Urban (>70% Developed)";"4 lanes";2;"Straight - Level";"Local Street";"Dry";"Two-Way, Divided, Unprotected Median";"None";"Bridge";"Coarse Asphalt";"Coastal";"Urban";"40 - 45  MPH";"No Control Present";"Clear";"No";"0.0, 0.0"
"1484";922;923;"No";"30-39";39;"No";"Facing Traffic";"C: Possible Injury";"Sidewalk / Crosswalk / Driveway Crossing";"Black";"Male";"High Point";"Guilford";"No";NA;2008-12-01;"Motorist Failed to Yield - Midblock";16;"Non-Intersection";"01-12-01";1-01-01 16:19:58;"Motorist Drive Out - Commercial Driveway / Alley";332322;2008;"C: Possible Injury";"Institutional";"40-49";49;"No";"6-10 mph";"O: No Injury";"White";"Male";"Pickup";"No";"No";"Daylight";"Urban (>70% Developed)";"5 lanes";2;"Straight - Level";"Public Vehicular Area";"Dry";"Two-Way, Not Divided";"None";"Driveway, Public";"Smooth Asphalt";"Piedmont";"Urban";NA;"No Control Present";"Cloudy";"No";"0.0, 0.0"
"1485";924;925;"Yes";"60-69";61;"No";"With Traffic";"O: No Injury";"Travel Lane";"White";"Male";"None - Rural Crash";"Rowan";"No";"01-01-05";2008-11-28;"Motorist Left Turn / Merge";12;"Intersection";"01-11-01";1-01-01 12:11:58;"Motorist Left Turn - Opposite Direction";111212;2008;"A: Disabling Injury";"Farms, Woods, Pastures";"60-69";60;"No";NA;"A: Disabling Injury";"White";"Male";"Pedalcycle";"No";"No";"Daylight";"Rural (<30% Developed)";"2 lanes";2;"Straight - Level";"State Secondary Route";"Dry";"Two-Way, Not Divided";"None";"T-Intersection";"Smooth Asphalt";"Piedmont";"Rural";NA;"Double Yellow Line, No Passing Zone";"Clear";"No";"0.0, 0.0"