"FID";"OBJECTID";"AmbulanceR";"BikeAge_Gr";"Bike_Age";"Bike_Alc_D";"Bike_Dir";"Bike_Injur";"Bike_Pos";"Bike_Race";"Bike_Sex";"City";"County";"CrashAlcoh";"CrashDay";"Crash_Date";"Crash_Grp";"Crash_Hour";"Crash_Loc";"Crash_Mont";"Crash_Time";"Crash_Type";"Crash_Ty_1";"Crash_Year";"Crsh_Sevri";"Developmen";"DrvrAge_Gr";"Drvr_Age";"Drvr_Alc_D";"Drvr_EstSp";"Drvr_Injur";"Drvr_Race";"Drvr_Sex";"Drvr_VehTy";"ExcsSpdInd";"Hit_Run";"Light_Cond";"Locality";"Num_Lanes";"Num_Units";"Rd_Charact";"Rd_Class";"Rd_Conditi";"Rd_Config";"Rd_Defects";"Rd_Feature";"Rd_Surface";"Region";"Rural_Urba";"Speed_Limi";"Traff_Cntr";"Weather";"Workzone_I";"Location"
"1486";928;929;"Yes";"25-29";29;"No";"Facing Traffic";"C: Possible Injury";"Travel Lane";"Black";"Male";"Rocky Mount";"Nash";"No";"01-01-04";2008-11-06;"Backing Vehicle";13;"Intersection";"01-11-01";1-01-01 13:35:58;"Backing Vehicle";112600;2008;"C: Possible Injury";"Residential";"50-59";51;"No";"0-5 mph";"O: No Injury";"White";"Male";"Passenger Car";"No";"No";"Daylight";"Urban (>70% Developed)";"2 lanes";2;"Straight - Level";"Local Street";"Dry";"Two-Way, Not Divided";"None";"No Special Feature";"Smooth Asphalt";"Coastal";"Urban";"30 - 35  MPH";"Stop Sign";"Clear";"No";"0.0, 0.0"
"1487";934;935;"No";"25-29";25;"No";"With Traffic";"B: Evident Injury";"Travel Lane";"White";"Male";"Raleigh";"Wake";"No";"01-01-04";2008-09-04;"Motorist Left Turn / Merge";18;"Intersection";"01-09-01";1-01-01 18:08:58;"Motorist Left Turn - Opposite Direction";111212;2008;"B: Evident Injury";"Commercial";"70+";NA;"No";"16-20 mph";"O: No Injury";"White";"Female";"Passenger Car";"No";"No";"Daylight";"Urban (>70% Developed)";"2 lanes";2;"Straight - Level";"Local Street";"Dry";"Two-Way, Not Divided";"None";"Four-Way Intersection";"Smooth Asphalt";"Piedmont";"Urban";"30 - 35  MPH";"Stop And Go Signal";"Clear";"No";"0.0, 0.0"
"1488";944;945;"Yes";"10-Jun";9;"No";"Not Applicable";"B: Evident Injury";"Driveway / Alley";"White";"Female";"Greensboro";"Guilford";"No";"01-01-07";2008-11-09;"Bicyclist Failed to Yield - Midblock";17;"Non-Intersection";"01-11-01";1-01-01 17:35:58;"Bicyclist Ride Out - Residential Driveway";353311;2008;"B: Evident Injury";"Residential";"50-59";54;"No";"16-20 mph";"O: No Injury";"White";"Female";"Passenger Car";"No";"No";"Dark - Roadway Not Lighted";"Mixed (30% To 70% Developed)";"2 lanes";3;"Straight - Grade";"Local Street";"Dry";"Two-Way, Not Divided";"None";"No Special Feature";"Smooth Asphalt";"Piedmont";"Urban";"20 - 25  MPH";"Missing";"Clear";"No";"0.0, 0.0"
"1489";947;948;"No";"15-Nov";14;"No";"Not Applicable";"C: Possible Injury";"Non-Roadway";"White";"Female";"None - Rural Crash";"Caldwell";"No";"01-01-02";2008-12-30;"Non-Roadway";14;"Non-Roadway";"01-12-01";1-01-01 14:49:58;"Non-Roadway";460910;2008;"C: Possible Injury";"Residential";NA;NA;"Missing";"0-5 mph";"Injury";"/Missing";NA;"Passenger Car";"No";"No";"Daylight";"Mixed (30% To 70% Developed)";NA;2;"Straight - Grade";"Private Road, Driveway";"Dry";"Two-Way, Not Divided";"None";"Driveway, Private";"Gravel";"Mountains";"Rural";NA;"No Control Present";"Clear";"No";"0.0, 0.0"
"1490";948;949;"Yes";"30-39";35;"No";"With Traffic";"B: Evident Injury";"Travel Lane";"White";"Male";"Raleigh";"Wake";"Yes";"01-01-03";2008-07-30;"Motorist Failed to Yield - Sign-Controlled Intersection";23;"Intersection";"01-07-01";1-01-01 22:59:58;"Motorist Drive Out - Sign-Controlled Intersection";111141;2008;"B: Evident Injury";"Residential";"25-29";26;"Yes";"0-5 mph";"O: No Injury";"White";"Male";NA;"No";"Yes";"Dark - Lighted Roadway";"Mixed (30% To 70% Developed)";"2 lanes";2;"Straight - Level";"Local Street";"Dry";"Two-Way, Divided, Unprotected Median";"None";"No Special Feature";"Smooth Asphalt";"Piedmont";"Urban";"40 - 45  MPH";"Stop Sign";"Clear";"No";"0.0, 0.0"
"1491";950;951;"Yes";"15-Nov";15;"No";NA;"B: Evident Injury";"Travel Lane";"Black";"Male";"Pinetops";"Edgecombe";"No";"01-01-04";2008-06-26;"Loss of Control / Turning Error";17;"Intersection";"01-06-01";1-01-01 17:36:58;"Bicyclist Lost Control - Mechanical Problems";119121;2008;"B: Evident Injury";"Residential";"25-29";28;"No";"16-20 mph";"O: No Injury";"White";"Female";"Sport Utility";"No";"No";"Daylight";"Urban (>70% Developed)";"5 lanes";2;"Straight - Level";"Local Street";"Dry";"Two-Way, Not Divided";"None";"No Special Feature";"Smooth Asphalt";"Coastal";"Rural";"20 - 25  MPH";"No Control Present";"Clear";"No";"0.0, 0.0"
"1492";962;963;"Yes";"50-59";51;"No";"With Traffic";"C: Possible Injury";"Bike Lane / Paved Shoulder";"Black";"Male";"None - Rural Crash";"Sampson";"No";NA;2008-12-15;"Motorist Overtaking Bicyclist";12;"Non-Intersection";"01-12-01";1-01-01 12:29:58;"Motorist Overtaking - Other /";321239;2008;"C: Possible Injury";"Farms, Woods, Pastures";"30-39";33;"No";"51-55 mph";"O: No Injury";"White";"Male";"Pickup";"No";"No";"Daylight";"Rural (<30% Developed)";"2 lanes";2;"Straight - Level";"US Route";"Dry";"Two-Way, Not Divided";"None";"No Special Feature";"Coarse Asphalt";"Coastal";"Rural";"50 - 55  MPH";"No Control Present";"Clear";"No";"0.0, 0.0"
"1493";968;969;"Yes";"20-24";22;"No";"Facing Traffic";"C: Possible Injury";"Travel Lane";"White";"Male";"None - Rural Crash";"Brunswick";"No";"01-01-04";2008-12-18;"Head-On";13;"Non-Intersection";"01-12-01";1-01-01 13:48:58;"Head-On - Bicyclist";312250;2008;"C: Possible Injury";"Residential";"50-59";58;"No";"51-55 mph";"O: No Injury";"White";"Male";"Passenger Car";"No";"No";"Daylight";"Mixed (30% To 70% Developed)";"2 lanes";2;"Straight - Level";"NC Route";"Dry";"Two-Way, Not Divided";"None";"No Special Feature";"Smooth Asphalt";"Coastal";"Rural";"50 - 55  MPH";"Missing";"Clear";"No";"0.0, 0.0"
"1494";970;971;"No";"10-Jun";8;"No";"Not Applicable";"C: Possible Injury";"Driveway / Alley";"White";"Male";"Chapel Hill";"Orange";"No";"01-01-05";2008-12-19;"Bicyclist Failed to Yield - Midblock";15;"Non-Intersection";"01-12-01";1-01-01 15:41:58;"Bicyclist Ride Out - Residential Driveway";353311;2008;"C: Possible Injury";"Residential";"40-49";48;"No";"16-20 mph";"O: No Injury";"White";"Female";"Passenger Car";"No";"No";"Daylight";"Urban (>70% Developed)";"2 lanes";2;"Straight - Hillcrest";"Local Street";"Dry";"Two-Way, Not Divided";"None";"No Special Feature";"Smooth Asphalt";"Piedmont";"Urban";"20 - 25  MPH";"Missing";"Clear";"No";"0.0, 0.0"
"1495";972;973;"No";"25-29";27;"No";"With Traffic";"C: Possible Injury";"Sidewalk / Crosswalk / Driveway Crossing";"White";"Female";"Chapel Hill";"Orange";"No";"01-01-02";2008-12-16;"Crossing Paths - Other Circumstances";18;"Intersection";"01-12-01";1-01-01 18:06:58;"Signalized Intersection - Other /";131158;2008;"C: Possible Injury";"Commercial";"20-24";21;"No";"0-5 mph";"O: No Injury";"White";"Female";"Passenger Car";"No";"No";"Dark - Lighted Roadway";"Urban (>70% Developed)";NA;2;"Straight - Level";"Public Vehicular Area";"Wet";"Two-Way, Not Divided";"None";"No Special Feature";"Smooth Asphalt";"Piedmont";"Urban";"5 - 15 MPH";"Stop And Go Signal";"Cloudy";"No";"0.0, 0.0"
"1496";978;979;"Yes";"25-29";25;"No";"Facing Traffic";"C: Possible Injury";"Sidewalk / Crosswalk / Driveway Crossing";"Black";"Male";"Raleigh";"Wake";"No";"01-01-07";2008-11-02;"Motorist Failed to Yield - Sign-Controlled Intersection";16;"Intersection";"01-11-01";1-01-01 16:47:58;"Motorist Drive Out - Sign-Controlled Intersection";132141;2008;"C: Possible Injury";"Commercial";"50-59";50;"No";"0-5 mph";"O: No Injury";"Black";"Male";"Passenger Car";"No";"No";"Daylight";"Urban (>70% Developed)";"3 lanes";2;"Straight - Level";"Local Street";"Dry";"Two-Way, Divided, Positive Median Barrier";"None";"No Special Feature";"Smooth Asphalt";"Piedmont";"Urban";"40 - 45  MPH";"Stop Sign";"Clear";"No";"0.0, 0.0"
"1497";984;985;"No";"40-49";43;"No";"With Traffic";"B: Evident Injury";"Travel Lane";"White";"Male";"Raleigh";"Wake";"No";"01-01-04";2008-10-16;"Motorist Overtaking Bicyclist";8;"Non-Intersection";"01-10-01";1-01-01 08:27:58;"Motorist Overtaking - Undetected Bicyclist";311231;2008;"B: Evident Injury";"Commercial";"20-24";24;"No";"31-35 mph";"O: No Injury";"White";"Male";"Passenger Car";"No";"No";"Daylight";"Urban (>70% Developed)";"4 lanes";2;"Straight - Level";"Local Street";"Dry";"Two-Way, Not Divided";"None";"No Special Feature";"Smooth Asphalt";"Piedmont";"Urban";"30 - 35  MPH";"Missing";"Clear";"No";"0.0, 0.0"
"1498";988;989;"Yes";"20-24";20;"Yes";"Facing Traffic";"B: Evident Injury";"Travel Lane";"Black";"Male";"None - Rural Crash";"Pasquotank";"Yes";"01-01-02";2008-12-30;"Head-On";17;"Non-Intersection";"01-12-01";1-01-01 17:54:58;"Head-On - Bicyclist";312250;2008;"B: Evident Injury";"Farms, Woods, Pastures";"60-69";67;"No";"41-45 mph";"O: No Injury";"Black";"Female";"Passenger Car";"No";"No";"Dark - Roadway Not Lighted";"Rural (<30% Developed)";"2 lanes";2;"Straight - Level";"State Secondary Route";"Dry";"Two-Way, Not Divided";"None";"No Special Feature";"Coarse Asphalt";"Coastal";"Rural";"40 - 45  MPH";"Double Yellow Line, No Passing Zone";"Clear";"No";"0.0, 0.0"
"1499";990;991;"Yes";"15-Nov";12;"No";"Facing Traffic";"C: Possible Injury";"Travel Lane";"Black";"Male";"Raleigh";"Wake";"No";"01-01-05";2008-12-26;"Head-On";16;"Non-Intersection";"01-12-01";1-01-01 16:45:58;"Head-On - Bicyclist";312250;2008;"C: Possible Injury";"Residential";NA;NA;"No";"0-5 mph";"Injury";"/Missing";NA;NA;"No";"Yes";"Daylight";"Urban (>70% Developed)";"2 lanes";2;"Straight - Level";"Local Street";"Dry";"Two-Way, Not Divided";"None";"No Special Feature";"Concrete";"Piedmont";"Urban";"5 - 15 MPH";"No Control Present";"Rain";"No";"0.0, 0.0"
"1500";994;995;"Yes";"16-19";18;"No";"With Traffic";"B: Evident Injury";"Other";"White";"Male";"Mooresville";"Iredell";"No";"01-01-03";2008-01-09;"Parallel Paths - Other Circumstances";14;"Non-Intersection";NA;1-01-01 14:56:58;"Bicyclist Ride Out - Parallel Path";381225;2008;"B: Evident Injury";"Commercial";"50-59";51;"No";"41-45 mph";"O: No Injury";"White";"Male";"Passenger Car";"No";"No";"Daylight";"Urban (>70% Developed)";"2 lanes";2;"Straight - Level";"NC Route";"Dry";"Two-Way, Not Divided";"None";"No Special Feature";"Coarse Asphalt";"Piedmont";"Urban";"40 - 45  MPH";"No Control Present";"Clear";"No";"0.0, 0.0"
"1501";520;521;"Yes";"15-Nov";13;"No";"Not Applicable";"B: Evident Injury";"Driveway / Alley";"White";"Male";"Oak Island";"Brunswick";"Yes";"01-01-02";2012-06-26;"Crossing Paths - Other Circumstances";19;"Intersection-Related";"01-06-01";1-01-01 19:39:58;"Crossing Paths - Uncontrolled Intersection";NA;2012;"B: Evident Injury";"Residential";"30-39";36;"Yes";"16-20 mph";"O: No Injury";"White";"Male";"Pickup";"No";"Yes";"Daylight";"Urban (>70% Developed)";"2 lanes";2;"Straight - Level";"Local Street";"Dry";"Two-Way, Not Divided";"None";"No Special Feature";"Smooth Asphalt";"Coastal";"Urban";"20 - 25  MPH";"No Control Present";"Clear";"No";"33.90354, -78.0774"
"1502";523;524;"Yes";"40-49";43;"No";NA;"C: Possible Injury";NA;"White";"Male";"Greenville";"Pitt";"No";"01-01-05";2012-07-27;"Bicyclist Failed to Yield - Sign-Controlled Intersection";18;"Intersection-Related";"01-07-01";1-01-01 18:32:58;"Bicyclist Ride Through - Sign-Controlled Intersection";NA;2012;"C: Possible Injury";"Residential";"20-24";22;"No";"41-45 mph";"O: No Injury";"Black";"Female";"Sport Utility";"No";"No";"Daylight";"Urban (>70% Developed)";"5 lanes";2;"Straight - Level";"Local Street";"Dry";"Two-Way, Not Divided";"None";"Other";"Smooth Asphalt";"Coastal";"Urban";"40 - 45  MPH";"Other";"Clear";"No";"35.60272, -77.354"
"1503";532;533;"Yes";"16-19";17;"No";"Facing Traffic";"Injury";"Bike Lane / Paved Shoulder";"White";"Male";"Duck";"Dare";"No";"01-01-04";2012-07-26;"Crossing Paths - Other Circumstances";19;"Intersection";"01-07-01";1-01-01 19:42:58;"Crossing Paths - Uncontrolled Intersection";NA;2012;"O: No Injury";"Commercial";"20-24";22;"No";"0-5 mph";"O: No Injury";"White";"Male";"Passenger Car";"No";"No";"Daylight";"Urban (>70% Developed)";NA;2;"Straight - Level";"NC Route";"Dry";"Two-Way, Not Divided";"None";"No Special Feature";"Smooth Asphalt";"Coastal";"Rural";"5 - 15 MPH";"No Control Present";"Clear";"No";"36.16627, -75.7539"
"1504";542;543;"Yes";"50-59";57;"No";"With Traffic";"A: Disabling Injury";"Travel Lane";"Black";"Male";"None - Rural Crash";"Pender";"No";"01-01-07";2012-07-29;"Motorist Overtaking Bicyclist";15;"Non-Intersection";"01-07-01";1-01-01 15:29:58;"Motorist Overtaking - Bicyclist Swerved";NA;2012;"A: Disabling Injury";"Farms, Woods, Pastures";"40-49";43;"No";"51-55 mph";"O: No Injury";"White";"Male";"Sport Utility";"No";"No";"Daylight";"Rural (<30% Developed)";"2 lanes";2;"Straight - Level";"State Secondary Route";"Dry";"Two-Way, Not Divided";"None";"No Special Feature";"Coarse Asphalt";"Coastal";"Rural";"50 - 55  MPH";"Double Yellow Line, No Passing Zone";"Clear";"No";"34.50173, -78.0564"
"1505";548;549;"Yes";"50-59";58;"No";"With Traffic";"B: Evident Injury";"Travel Lane";"Black";"Male";"Hendersonville";"Henderson";"No";"01-01-04";2012-07-05;"Bicyclist Failed to Yield - Sign-Controlled Intersection";23;"Intersection";"01-07-01";1-01-01 23:31:58;"Bicyclist Ride Through - Sign-Controlled Intersection";NA;2012;"B: Evident Injury";"Residential";"0-19";19;"No";"16-20 mph";"O: No Injury";"White";"Male";"Sport Utility";"No";"No";"Dark - Lighted Roadway";"Urban (>70% Developed)";"2 lanes";2;"Straight - Level";"Local Street";"Dry";"Two-Way, Not Divided";"None";"No Special Feature";"Coarse Asphalt";"Mountains";"Urban";"20 - 25  MPH";"Stop Sign";"Clear";"No";"35.31911, -82.4722"
"1506";550;551;"Yes";"50-59";51;"No";"With Traffic";"C: Possible Injury";"Travel Lane";"Black";"Male";"High Point";"Guilford";"No";NA;2012-07-30;"Motorist Failed to Yield - Sign-Controlled Intersection";17;"Intersection";"01-07-01";1-01-01 17:25:58;"Motorist Drive Out - Sign-Controlled Intersection";NA;2012;"C: Possible Injury";"Commercial";"30-39";30;"No";"11-15 mph";"O: No Injury";"Black";"Female";"Passenger Car";"No";"No";"Daylight";"Urban (>70% Developed)";"5 lanes";2;"Straight - Level";"NC Route";"Dry";"Two-Way, Not Divided";"None";"T-Intersection";"Smooth Asphalt";"Piedmont";"Urban";"30 - 35  MPH";"Stop Sign";"Clear";"No";"35.96442, -80.0116"
"1507";557;558;"Yes";"30-39";30;"No";"Facing Traffic";"C: Possible Injury";"Travel Lane";"Black";"Male";"Sanford";"Lee";"No";"01-01-02";2012-07-31;"Crossing Paths - Other Circumstances";14;"Intersection";"01-07-01";1-01-01 14:21:58;"Crossing Paths - Uncontrolled Intersection";NA;2012;"C: Possible Injury";"Commercial";"60-69";69;"No";"0-5 mph";"O: No Injury";"White";"Female";"Passenger Car";"No";"No";"Daylight";"Urban (>70% Developed)";"2 lanes";2;"Straight - Hillcrest";"Local Street";"Dry";"Two-Way, Divided, Unprotected Median";"None";"No Special Feature";"Smooth Asphalt";"Piedmont";"Urban";"30 - 35  MPH";"Flashing Signal Without Stop Sign";"Clear";"No";"35.47164, -79.1743"
"1508";572;573;"Yes";"30-39";32;"No";"With Traffic";"B: Evident Injury";"Travel Lane";"White";"Female";"Wilmington";"New Hanover";"No";"01-01-06";2012-08-11;"Motorist Left Turn / Merge";13;"Intersection";"01-08-01";1-01-01 13:31:58;"Motorist Left Turn - Opposite Direction";NA;2012;"B: Evident Injury";"Commercial";"25-29";29;"No";"0-5 mph";"O: No Injury";"White";"Male";"Sport Utility";"No";"No";"Daylight";"Urban (>70% Developed)";"5 lanes";2;"Straight - Level";"Local Street";"Wet";"One-Way, Not Divided";"None";"No Special Feature";"Coarse Asphalt";"Coastal";"Urban";"40 - 45  MPH";"No Control Present";"Rain";"No";"34.18459, -77.9305"
"1509";573;574;"No";"50-59";52;"No";"Facing Traffic";"C: Possible Injury";"Sidewalk / Crosswalk / Driveway Crossing";"White";"Male";"High Point";"Guilford";"No";NA;2012-08-06;"Motorist Failed to Yield - Sign-Controlled Intersection";10;"Intersection";"01-08-01";1-01-01 10:24:58;"Motorist Drive Out - Sign-Controlled Intersection";NA;2012;"C: Possible Injury";"Residential";"20-24";22;"No";"6-10 mph";"O: No Injury";"White";"Male";"Sport Utility";"No";"No";"Daylight";"Urban (>70% Developed)";"4 lanes";2;"Straight - Grade";"Local Street";"Dry";"Two-Way, Divided, Unprotected Median";"None";"T-Intersection";"Smooth Asphalt";"Piedmont";"Urban";"40 - 45  MPH";"Stop Sign";"Clear";"No";"35.99374, -80.015"
"1510";583;584;"Yes";"15-Nov";11;"No";"With Traffic";"B: Evident Injury";"Travel Lane";"Black";"Male";"Greensboro";"Guilford";"No";"01-01-05";2012-08-17;"Bicyclist Failed to Yield - Sign-Controlled Intersection";12;"Intersection";"01-08-01";1-01-01 12:14:58;"Bicyclist Ride Through - Sign-Controlled Intersection";NA;2012;"B: Evident Injury";"Residential";"50-59";56;"No";"26-30 mph";"O: No Injury";"Black";"Male";"Passenger Car";"No";"No";"Daylight";"Urban (>70% Developed)";"1 lane";2;"Straight - Grade";"Local Street";"Dry";"Two-Way, Not Divided";"None";"Four-Way Intersection";"Smooth Asphalt";"Piedmont";"Urban";"30 - 35  MPH";"Stop Sign";"Clear";"No";"36.04376, -79.804"
"1511";585;586;"Yes";"20-24";20;"No";"Facing Traffic";"C: Possible Injury";"Sidewalk / Crosswalk / Driveway Crossing";"Black";"Male";"Greensboro";"Guilford";"No";"01-01-03";2012-08-22;"Motorist Failed to Yield - Signalized Intersection";12;"Intersection";"01-08-01";1-01-01 12:53:58;"Motorist Drive Out - Right Turn on Red";NA;2012;"C: Possible Injury";"Commercial";"20-24";22;"No";"0-5 mph";"O: No Injury";"Black";"Male";"Sport Utility";"No";"No";"Daylight";"Urban (>70% Developed)";"2 lanes";2;"Straight - Level";"Local Street";"Dry";"Two-Way, Not Divided";"None";"Four-Way Intersection";"Smooth Asphalt";"Piedmont";"Urban";"20 - 25  MPH";"Stop And Go Signal";"Cloudy";"No";"36.07018, -79.7916"
"1512";588;589;"No";"15-Nov";14;"No";"With Traffic";"O: No Injury";"Bike Lane / Paved Shoulder";"Black";"Male";"Mint Hill";"Mecklenburg";"No";"01-01-05";2012-08-17;"Bicyclist Left Turn / Merge";14;"Non-Intersection";"01-08-01";1-01-01 14:57:58;"Bicyclist Left Turn - Same Direction";NA;2012;"O: No Injury";"Residential";"0-19";18;"No";"21-25 mph";"O: No Injury";"Hispanic";"Male";"Pickup";"No";"No";"Daylight";"Urban (>70% Developed)";"2 lanes";2;"Straight - Level";"State Secondary Route";"Dry";"Two-Way, Not Divided";"None";"No Special Feature";"Smooth Asphalt";"Piedmont";"Urban";"20 - 25  MPH";"No Control Present";"Clear";"No";"35.20285, -80.6852"
"1513";590;591;"Yes";"40-49";44;"Yes";"With Traffic";"K: Killed";"Travel Lane";"Black";"Male";"Raleigh";"Wake";"Yes";NA;2012-08-20;"Motorist Overtaking Bicyclist";3;"Non-Intersection";"01-08-01";1-01-01 03:35:58;"Motorist Overtaking - Other /";NA;2012;"K: Killed";"Residential";"30-39";33;"No";"61-65 mph";"O: No Injury";"Black";"Male";"Single Unit Truck (2-Axle, 6-Tire)";"No";"No";"Dark - Roadway Not Lighted";"Urban (>70% Developed)";"6 lanes";2;"Curve - Level";"Interstate";"Wet";"Two-Way, Divided, Positive Median Barrier";"None";"No Special Feature";"Smooth Asphalt";"Piedmont";"Urban";"60 - 75 MPH";"No Control Present";"Cloudy";"No";"35.75698, -78.7217"
"1514";594;595;"Yes";"20-24";21;"No";"Facing Traffic";"C: Possible Injury";"Sidewalk / Crosswalk / Driveway Crossing";"Black";"Male";"Greensboro";"Guilford";"No";"01-01-04";2012-08-23;"Motorist Failed to Yield - Signalized Intersection";20;"Intersection";"01-08-01";1-01-01 20:58:58;"Motorist Drive Out - Right Turn on Red";NA;2012;"C: Possible Injury";"Residential";"25-29";25;"No";"0-5 mph";"O: No Injury";"White";"Male";"Passenger Car";"No";"No";"Dark - Lighted Roadway";"Urban (>70% Developed)";"8 lanes";2;"Straight - Level";"Local Street";"Dry";"Two-Way, Divided, Unprotected Median";"None";"Four-Way Intersection";"Coarse Asphalt";"Piedmont";"Urban";"40 - 45  MPH";"Stop And Go Signal";"Clear";"No";"36.05084, -79.8441"
"1515";599;600;"Yes";"30-39";32;"No";"Facing Traffic";"C: Possible Injury";"Travel Lane";"White";"Male";"Greensboro";"Guilford";"No";"01-01-04";2012-08-23;"Crossing Paths - Other Circumstances";21;"Intersection";"01-08-01";1-01-01 21:09:58;"Signalized Intersection - Other /";NA;2012;"C: Possible Injury";"Commercial";NA;NA;"No";"6-10 mph";"O: No Injury";"/Missing";NA;"Passenger Car";"No";"Yes";"Dark - Lighted Roadway";"Urban (>70% Developed)";"5 lanes";2;"Straight - Level";"Local Street";"Dry";"Two-Way, Not Divided";"None";"No Special Feature";"Smooth Asphalt";"Piedmont";"Urban";"30 - 35  MPH";"Stop And Go Signal";"Clear";"No";"36.07669, -79.8977"
"1516";601;602;"Yes";"50-59";51;"Yes";"With Traffic";"C: Possible Injury";"Travel Lane";"White";"Male";"None - Rural Crash";"Buncombe";"Yes";"01-01-02";2012-08-07;"Motorist Overtaking Bicyclist";17;"Non-Intersection";"01-08-01";1-01-01 17:27:58;"Motorist Overtaking - Other /";NA;2012;"C: Possible Injury";"Commercial";NA;NA;"Missing";NA;"Injury";"/Missing";NA;NA;"No";"Yes";"Daylight";"Urban (>70% Developed)";"2 lanes";2;"Straight - Grade";"Local Street";"Dry";"Two-Way, Divided, Unprotected Median";"None";"No Special Feature";"Smooth Asphalt";"Mountains";"Rural";"30 - 35  MPH";"No Control Present";"Cloudy";"No";"35.58689, -82.5641"
"1517";604;605;"No";"30-39";35;"No";"Facing Traffic";"O: No Injury";"Travel Lane";"White";"Male";"Fayetteville";"Cumberland";"No";"01-01-05";2012-08-17;"Head-On";23;"Non-Intersection";"01-08-01";1-01-01 23:46:58;"Head-On - Bicyclist";NA;2012;"O: No Injury";"Commercial";NA;NA;"Missing";NA;"Injury";"/Missing";NA;NA;"No";"Yes";"Dark - Lighted Roadway";"Urban (>70% Developed)";"2 lanes";2;"Straight - Level";"Local Street";"Dry";"Two-Way, Not Divided";"None";"No Special Feature";"Coarse Asphalt";"Coastal";"Urban";"30 - 35  MPH";"No Control Present";"Cloudy";"No";"35.01486, -78.8973"
"1518";606;607;"No";"50-59";51;"No";"With Traffic";"C: Possible Injury";"Travel Lane";"White";"Male";"None - Rural Crash";"Dare";"No";NA;2012-08-27;"Motorist Overtaking Bicyclist";9;"Non-Intersection";"01-08-01";1-01-01 09:14:58;"Motorist Overtaking - Other /";NA;2012;"C: Possible Injury";"Commercial";"40-49";41;"No";"31-35 mph";"O: No Injury";"White";"Male";"Pickup";"No";"No";"Daylight";"Urban (>70% Developed)";"2 lanes";2;"Curve - Level";"NC Route";"Dry";"Two-Way, Not Divided";"None";"Driveway, Public";"Coarse Asphalt";"Coastal";"Rural";"30 - 35  MPH";"Double Yellow Line, No Passing Zone";"Clear";"No";"35.26596, -75.5201"
"1519";607;608;"No";"30-39";32;"No";"Facing Traffic";"O: No Injury";"Travel Lane";"White";"Male";"Charlotte";"Mecklenburg";"No";"01-01-02";2012-08-28;"Bicyclist Failed to Yield - Signalized Intersection";15;"Intersection";"01-08-01";1-01-01 15:44:58;"Bicyclist Ride Through - Signalized Intersection";NA;2012;"O: No Injury";"Commercial";"40-49";47;"No";"21-25 mph";"O: No Injury";"White";"Male";"Passenger Car";"No";"No";"Daylight";"Urban (>70% Developed)";"2 lanes";2;"Straight - Level";"Local Street";"Dry";"One-Way, Not Divided";"None";"Four-Way Intersection";"Smooth Asphalt";"Piedmont";"Urban";"20 - 25  MPH";"Stop And Go Signal";"Cloudy";"No";"35.2305, -80.8428"
"1520";613;614;"No";NA;0;"Missing";"Facing Traffic";"Injury";"Travel Lane";"/Missing";NA;"Wilson";"Wilson";"No";"01-01-06";2012-08-18;"Motorist Failed to Yield - Sign-Controlled Intersection";13;"Intersection-Related";"01-08-01";1-01-01 13:55:58;"Motorist Drive Out - Sign-Controlled Intersection";NA;2012;"O: No Injury";"Commercial";"60-69";69;"No";"0-5 mph";"O: No Injury";"Black";"Male";"Passenger Car";"No";"No";"Daylight";"Urban (>70% Developed)";"2 lanes";2;"Straight - Level";"Local Street";"Dry";"Two-Way, Not Divided";"None";"No Special Feature";"Smooth Asphalt";"Coastal";"Urban";"30 - 35  MPH";"Stop Sign";"Clear";"No";"35.71727, -77.9217"
"1521";616;617;"Yes";"50-59";50;"No";"Facing Traffic";"B: Evident Injury";"Sidewalk / Crosswalk / Driveway Crossing";"Black";"Male";"Raleigh";"Wake";"No";"01-01-07";2012-08-26;"Motorist Failed to Yield - Midblock";19;"Non-Intersection";"01-08-01";1-01-01 19:51:58;"Motorist Drive Out - Commercial Driveway / Alley";NA;2012;"B: Evident Injury";"Commercial";"40-49";47;"No";"0-5 mph";"O: No Injury";"White";"Male";"Sport Utility";"No";"No";"Daylight";"Urban (>70% Developed)";"6 lanes";2;"Straight - Level";"Local Street";"Dry";"Two-Way, Not Divided";"None";"No Special Feature";"Smooth Asphalt";"Piedmont";"Urban";"30 - 35  MPH";"Stop Sign";"Clear";"No";"35.84074, -78.6429"
"1522";622;623;"Yes";"20-24";21;"No";"With Traffic";"B: Evident Injury";"Travel Lane";"White";"Male";"Asheville";"Buncombe";"No";"01-01-03";2012-08-22;"Loss of Control / Turning Error";23;"Intersection";"01-08-01";1-01-01 23:25:58;"Bicyclist Lost Control - Other /";NA;2012;"B: Evident Injury";"Commercial";"60-69";62;"No";"16-20 mph";"O: No Injury";"White";"Male";"Sport Utility";"No";"No";"Dark - Lighted Roadway";"Urban (>70% Developed)";"3 lanes";2;"Straight - Grade";"Local Street";"Wet";"Two-Way, Not Divided";"None";"Four-Way Intersection";"Smooth Asphalt";"Mountains";"Urban";"30 - 35  MPH";"Stop And Go Signal";"Rain";"No";"35.59117, -82.559"
"1523";625;626;"Yes";"10-Jun";9;"No";"Not Applicable";"B: Evident Injury";"Non-Roadway";"Black";"Male";"Kannapolis";"Rowan";"No";"01-01-07";2012-08-26;"Loss of Control / Turning Error";9;"Non-Intersection";"01-08-01";1-01-01 09:50:58;"Bicyclist Lost Control - Mechanical Problems";NA;2012;"B: Evident Injury";"Residential";"70";70;"No";"6-10 mph";"O: No Injury";"White";"Female";"Passenger Car";"No";"No";"Daylight";"Urban (>70% Developed)";"2 lanes";2;"Straight - Level";"State Secondary Route";"Dry";"Two-Way, Not Divided";"None";"No Special Feature";"Smooth Asphalt";"Piedmont";"Urban";"40 - 45  MPH";"No Control Present";"Clear";"No";"35.50868, -80.5901"