"FID";"OBJECTID";"AmbulanceR";"BikeAge_Gr";"Bike_Age";"Bike_Alc_D";"Bike_Dir";"Bike_Injur";"Bike_Pos";"Bike_Race";"Bike_Sex";"City";"County";"CrashAlcoh";"CrashDay";"Crash_Date";"Crash_Grp";"Crash_Hour";"Crash_Loc";"Crash_Mont";"Crash_Time";"Crash_Type";"Crash_Ty_1";"Crash_Year";"Crsh_Sevri";"Developmen";"DrvrAge_Gr";"Drvr_Age";"Drvr_Alc_D";"Drvr_EstSp";"Drvr_Injur";"Drvr_Race";"Drvr_Sex";"Drvr_VehTy";"ExcsSpdInd";"Hit_Run";"Light_Cond";"Locality";"Num_Lanes";"Num_Units";"Rd_Charact";"Rd_Class";"Rd_Conditi";"Rd_Config";"Rd_Defects";"Rd_Feature";"Rd_Surface";"Region";"Rural_Urba";"Speed_Limi";"Traff_Cntr";"Weather";"Workzone_I";"Location"
"1524";628;629;"No";"40-49";47;"No";"With Traffic";"C: Possible Injury";"Travel Lane";"White";"Female";"Raleigh";"Wake";"No";"01-01-05";2012-08-24;"Motorist Overtaking Bicyclist";5;"Non-Intersection";"01-08-01";1-01-01 05:26:58;"Motorist Overtaking - Misjudged Space";NA;2012;"C: Possible Injury";"Residential";"30-39";35;"No";"36-40 mph";"O: No Injury";"White";"Male";"Sport Utility";"No";"No";"Dark - Lighted Roadway";"Urban (>70% Developed)";"5 lanes";2;"Straight - Hillcrest";"Local Street";"Dry";"Two-Way, Not Divided";"None";"No Special Feature";"Coarse Asphalt";"Piedmont";"Urban";"40 - 45  MPH";"No Control Present";"Clear";"No";"35.87319, -78.6857"
"1525";646;647;"Yes";"15-Nov";14;"No";"Not Applicable";"B: Evident Injury";"Non-Roadway";"Black";"Male";"Rocky Mount";"Nash";"No";"01-01-03";2012-08-22;"Motorist Left Turn / Merge";12;"Intersection";"01-08-01";1-01-01 12:20:58;"Motorist Left Turn - Opposite Direction";NA;2012;"B: Evident Injury";"Commercial";"30-39";39;"No";"11-15 mph";"O: No Injury";"White";"Male";"Passenger Car";"No";"No";"Daylight";"Urban (>70% Developed)";"3 lanes";2;"Straight - Level";"Local Street";"Dry";"Two-Way, Divided, Unprotected Median";"None";"T-Intersection";"Smooth Asphalt";"Coastal";"Urban";"30 - 35  MPH";"Stop Sign";"Clear";"No";"35.93196, -77.8118"
"1526";647;648;"No";"0-5";5;"No";"With Traffic";"Injury";"Travel Lane";"/Missing";"Male";"Laurinburg";"Scotland";"No";"01-01-06";2012-08-25;"Motorist Overtaking Bicyclist";18;"Intersection-Related";"01-08-01";1-01-01 18:16:58;"Motorist Overtaking - Other /";NA;2012;"C: Possible Injury";"Residential";"50-59";59;"No";"41-45 mph";"C: Possible Injury";"Black";"Female";"Passenger Car";"No";"No";"Daylight";"Urban (>70% Developed)";"2 lanes";2;"Straight - Level";"Local Street";"Dry";"Two-Way, Not Divided";"None";"No Special Feature";"Coarse Asphalt";"Coastal";"Urban";"30 - 35  MPH";"No Control Present";"Clear";"No";"34.7671, -79.4624"
"1527";649;650;"Yes";"25-29";27;"No";"With Traffic";"B: Evident Injury";"Travel Lane";"White";"Female";"None - Rural Crash";"Moore";"No";"01-01-05";2012-08-31;"Motorist Overtaking Bicyclist";6;"Non-Intersection";"01-08-01";1-01-01 06:20:58;"Motorist Overtaking - Misjudged Space";NA;2012;"B: Evident Injury";"Farms, Woods, Pastures";NA;NA;"Missing";"41-45 mph";"Injury";"/Missing";NA;"Passenger Car";"No";"Yes";"Daylight";"Rural (<30% Developed)";"2 lanes";2;"Straight - Level";"State Secondary Route";"Dry";"Two-Way, Divided, Unprotected Median";"None";"No Special Feature";"Coarse Asphalt";"Piedmont";"Rural";"40 - 45  MPH";"No Control Present";"Clear";"No";"35.17528, -79.3521"
"1528";651;652;"Yes";"60-69";68;"No";"With Traffic";"B: Evident Injury";"Travel Lane";"White";"Male";"Lewisville";"Forsyth";"No";"01-01-02";2012-08-28;"Loss of Control / Turning Error";6;"Intersection-Related";"01-08-01";1-01-01 06:08:58;"Motorist Turning Error - Left Turn";NA;2012;"B: Evident Injury";"Commercial";"40-49";45;"No";"11-15 mph";"O: No Injury";"White";"Male";"Passenger Car";"No";"No";"Dawn";"Urban (>70% Developed)";"2 lanes";2;"Straight - Level";"Local Street";"Dry";"Two-Way, Not Divided";"None";"T-Intersection";"Smooth Asphalt";"Piedmont";"Urban";"30 - 35  MPH";"Stop And Go Signal";"Clear";"No";"36.09867, -80.4164"
"1529";660;661;"No";"40-49";48;"No";"Facing Traffic";"O: No Injury";"Sidewalk / Crosswalk / Driveway Crossing";"White";"Male";"Greenville";"Pitt";"No";"01-01-02";2012-08-14;"Motorist Failed to Yield - Midblock";18;"Non-Intersection";"01-08-01";1-01-01 18:41:58;"Motorist Drive Out - Commercial Driveway / Alley";NA;2012;"O: No Injury";"Commercial";"40-49";41;"No";"0-5 mph";"O: No Injury";"Black";"Male";"Passenger Car";"No";"No";"Daylight";"Urban (>70% Developed)";"3 lanes";2;"Straight - Level";"Local Street";"Dry";"Two-Way, Divided, Unprotected Median";"None";"No Special Feature";"Coarse Asphalt";"Coastal";"Urban";"5 - 15 MPH";"Stop And Go Signal";"Clear";"No";"35.57168, -77.4031"
"1530";680;681;"Yes";"40-49";49;"No";"With Traffic";"C: Possible Injury";"Travel Lane";"White";"Male";"None - Rural Crash";"Durham";"No";"01-01-03";2012-09-19;"Loss of Control / Turning Error";9;"Intersection";"01-09-01";1-01-01 09:57:58;"Motorist Turning Error - Left Turn";NA;2012;"C: Possible Injury";"Farms, Woods, Pastures";"25-29";29;"No";"21-25 mph";"O: No Injury";"Black";"Female";"Passenger Car";"No";"No";"Daylight";"Rural (<30% Developed)";"3 lanes";2;"Straight - Level";"State Secondary Route";"Dry";"Two-Way, Not Divided";"None";"No Special Feature";"Coarse Asphalt";"Piedmont";"Rural";"40 - 45  MPH";"Stop And Go Signal";"Clear";"No";"35.92972, -78.9894"
"1531";682;683;"Yes";"50-59";52;"No";"With Traffic";"C: Possible Injury";"Travel Lane";"White";"Male";"Charlotte";"Mecklenburg";"No";"01-01-03";2012-09-12;"Motorist Left Turn / Merge";14;"Intersection";"01-09-01";1-01-01 14:37:58;"Motorist Left Turn - Opposite Direction";NA;2012;"C: Possible Injury";"Residential";"50-59";53;"No";"16-20 mph";"O: No Injury";"White";"Female";"Passenger Car";"No";"No";"Daylight";"Urban (>70% Developed)";"4 lanes";2;"Straight - Level";"Local Street";"Dry";"Two-Way, Divided, Positive Median Barrier";"None";"No Special Feature";"Coarse Asphalt";"Piedmont";"Urban";"30 - 35  MPH";"No Control Present";"Clear";"No";"35.19488, -80.8278"
"1532";684;685;"Yes";"40-49";44;"No";"With Traffic";"C: Possible Injury";"Travel Lane";"Hispanic";"Male";"Mooresville";"Iredell";"No";"01-01-04";2012-09-06;"Motorist Overtaking Bicyclist";19;"Non-Intersection";"01-09-01";1-01-01 19:55:58;"Motorist Overtaking - Other /";NA;2012;"C: Possible Injury";"Commercial";"40-49";47;"No";"36-40 mph";"O: No Injury";"White";"Male";"Passenger Car";"No";"No";"Dusk";"Urban (>70% Developed)";"2 lanes";2;"Curve - Grade";"Local Street";"Dry";"Two-Way, Not Divided";"None";"No Special Feature";"Smooth Asphalt";"Piedmont";"Urban";"40 - 45  MPH";"No Control Present";"Clear";"No";"35.60472, -80.8629"
"1533";687;688;"Yes";"16-19";19;"Yes";"With Traffic";"C: Possible Injury";"Travel Lane";"Black";"Male";"Garner";"Wake";"Yes";"01-01-06";2012-08-25;"Backing Vehicle";23;"Non-Intersection";"01-08-01";1-01-01 23:27:58;"Backing Vehicle";NA;2012;"C: Possible Injury";"Residential";"50-59";52;"No";"0-5 mph";"O: No Injury";"White";"Male";"Passenger Car";"No";"No";"Dark - Roadway Not Lighted";"Urban (>70% Developed)";"2 lanes";2;"Straight - Level";"Local Street";"Dry";"Two-Way, Not Divided";"None";"No Special Feature";"Coarse Asphalt";"Piedmont";"Urban";"20 - 25  MPH";"Double Yellow Line, No Passing Zone";"Clear";"No";"35.71464, -78.6155"
"1534";696;697;"No";"20-24";20;"No";"Facing Traffic";"B: Evident Injury";"Sidewalk / Crosswalk / Driveway Crossing";"White";"Female";"Wilmington";"New Hanover";"No";"01-01-04";2012-09-13;"Motorist Failed to Yield - Midblock";12;"Non-Intersection";"01-09-01";1-01-01 12:20:58;"Motorist Drive Out - Commercial Driveway / Alley";NA;2012;"B: Evident Injury";"Industrial";"25-29";27;"No";"0-5 mph";"O: No Injury";"White";"Male";"Passenger Car";"No";"No";"Daylight";"Urban (>70% Developed)";"3 lanes";2;"Straight - Level";"Local Street";"Dry";"Two-Way, Not Divided";"None";"No Special Feature";"Coarse Asphalt";"Coastal";"Urban";"40 - 45  MPH";"No Control Present";"Clear";"No";"34.23159, -77.8796"
"1535";702;703;"Yes";"0-5";3;"No";"With Traffic";"C: Possible Injury";"Travel Lane";"White";"Male";"None - Rural Crash";"Gaston";"No";"01-01-07";2012-09-23;"Backing Vehicle";10;"Non-Intersection";"01-09-01";1-01-01 10:39:58;"Backing Vehicle";NA;2012;"C: Possible Injury";"Residential";"0-19";17;"No";"0-5 mph";"O: No Injury";"White";"Female";"Passenger Car";"No";"No";"Daylight";"Mixed (30% To 70% Developed)";"2 lanes";2;"Straight - Level";"Private Road, Driveway";"Dry";"Two-Way, Not Divided";"None";"No Special Feature";"Coarse Asphalt";"Piedmont";"Rural";"5 - 15 MPH";"No Control Present";"Clear";"No";"35.33301, -81.109"
"1536";704;705;"Yes";"10-Jun";9;"No";"Not Applicable";"C: Possible Injury";"Non-Roadway";"Black";"Male";"Durham";"Durham";"No";"01-01-02";2012-09-25;"Bicyclist Failed to Yield - Midblock";18;"Non-Intersection";"01-09-01";1-01-01 18:52:58;"Bicyclist Ride Out - Other Midblock";NA;2012;"C: Possible Injury";"Residential";"20-24";23;"No";"21-25 mph";"O: No Injury";"Black";"Male";"Passenger Car";"No";"No";"Daylight";"Urban (>70% Developed)";"2 lanes";2;"Straight - Level";"Local Street";"Dry";"Two-Way, Not Divided";"None";"No Special Feature";"Smooth Asphalt";"Piedmont";"Urban";"30 - 35  MPH";"No Control Present";"Clear";"No";"35.99355, -78.8876"
"1537";715;716;"Yes";"30-39";33;"No";"With Traffic";"C: Possible Injury";"Travel Lane";"White";"Female";"Chapel Hill";"Orange";"No";"01-01-07";2012-09-23;"Motorist Left Turn / Merge";10;"Non-Intersection";"01-09-01";1-01-01 10:49:58;"Motorist Left Turn - Opposite Direction";NA;2012;"C: Possible Injury";"Commercial";"70";70;"No";"6-10 mph";"O: No Injury";"White";"Female";"Passenger Car";"No";"No";"Daylight";"Urban (>70% Developed)";"3 lanes";2;"Straight - Level";"Local Street";"Dry";"Two-Way, Not Divided";"None";"T-Intersection";"Coarse Asphalt";"Piedmont";"Urban";"20 - 25  MPH";"No Control Present";"Clear";"No";"35.93037, -79.0252"
"1538";720;721;"Yes";"50-59";56;"No";NA;"C: Possible Injury";"Travel Lane";"Black";"Male";"Greenville";"Pitt";"No";"01-01-07";2012-09-30;"Bicyclist Failed to Yield - Midblock";14;"Non-Intersection";"01-09-01";1-01-01 14:47:58;"Multiple Threat - Midblock";NA;2012;"C: Possible Injury";"Commercial";"0-19";17;"No";"31-35 mph";"O: No Injury";"White";"Female";"Passenger Car";"No";"No";"Daylight";"Urban (>70% Developed)";"6 lanes";2;"Straight - Level";"Local Street";"Dry";"Two-Way, Divided, Unprotected Median";"None";"No Special Feature";"Coarse Asphalt";"Coastal";"Urban";"40 - 45  MPH";"No Control Present";"Clear";"No";"35.5779, -77.3808"
"1539";722;723;"Yes";"15-Nov";15;"No";"With Traffic";"B: Evident Injury";"Travel Lane";"Black";"Male";"Wilson";"Wilson";"No";"01-01-05";2012-09-14;"Crossing Paths - Other Circumstances";18;"Intersection";"01-09-01";1-01-01 18:46:58;"Signalized Intersection - Other /";NA;2012;"B: Evident Injury";"Residential";"60-69";63;"No";"41-45 mph";"O: No Injury";"White";"Male";"Pickup";"No";"No";"Daylight";"Urban (>70% Developed)";"5 lanes";2;"Straight - Level";"Local Street";"Dry";"Two-Way, Not Divided";"None";"Four-Way Intersection";"Coarse Asphalt";"Coastal";"Urban";"40 - 45  MPH";"Stop And Go Signal";"Clear";"No";"35.70983, -77.9439"
"1540";727;728;"No";"25-29";29;"No";"With Traffic";"C: Possible Injury";"Bike Lane / Paved Shoulder";"White";"Female";"Carrboro";"Orange";"No";"01-01-05";2012-09-21;"Motorist Right Turn / Merge";17;"Non-Intersection";"01-09-01";1-01-01 17:57:58;"Motorist Right Turn - Same Direction";NA;2012;"C: Possible Injury";"Commercial";"0-19";16;"No";"0-5 mph";"O: No Injury";"White";"Male";"Pickup";"No";"No";"Daylight";"Urban (>70% Developed)";"2 lanes";2;"Straight - Level";"Local Street";"Dry";"Two-Way, Not Divided";"None";"No Special Feature";"Coarse Asphalt";"Piedmont";"Urban";"20 - 25  MPH";"No Control Present";"Clear";"No";"35.91014, -79.0732"
"1541";744;745;"Yes";"25-29";29;"No";"With Traffic";"C: Possible Injury";"Travel Lane";"White";"Male";"Raleigh";"Wake";"No";"01-01-03";2012-10-03;"Motorist Failed to Yield - Sign-Controlled Intersection";20;"Intersection";"01-10-01";1-01-01 20:33:58;"Motorist Drive Through - Sign-Controlled Intersection";NA;2012;"C: Possible Injury";"Commercial";"0-19";19;"No";"6-10 mph";"O: No Injury";"White";"Male";"Passenger Car";"No";"No";"Dark - Lighted Roadway";"Urban (>70% Developed)";"1 lane";2;"Curve - Level";"Local Street";"Dry";"One-Way, Not Divided";"None";"Traffic Circle/Roundabout";"Smooth Asphalt";"Piedmont";"Urban";"5 - 15 MPH";"Yield Sign";"Clear";"No";"35.78597, -78.6625"
"1542";752;753;"No";"16-19";18;"No";"With Traffic";"C: Possible Injury";"Sidewalk / Crosswalk / Driveway Crossing";"White";"Male";"Greensboro";"Guilford";"No";"01-01-05";2012-09-21;"Motorist Left Turn / Merge";10;"Intersection";"01-09-01";1-01-01 10:55:58;"Motorist Left Turn - Opposite Direction";NA;2012;"C: Possible Injury";"Institutional";"70";70;"No";NA;"O: No Injury";"White";"Male";"Commercial Bus";"No";"No";"Daylight";"Urban (>70% Developed)";"2 lanes";2;"Straight - Grade";"Local Street";"Dry";"Two-Way, Not Divided";"None";"No Special Feature";"Smooth Asphalt";"Piedmont";"Urban";"30 - 35  MPH";"No Control Present";"Clear";"No";"36.06317, -79.8154"
"1543";753;754;"Yes";"25-29";25;"No";"With Traffic";"B: Evident Injury";"Travel Lane";"White";"Male";"Greensboro";"Guilford";"No";"01-01-02";2012-10-02;"Bicyclist Failed to Yield - Signalized Intersection";19;"Intersection";"01-10-01";1-01-01 19:55:58;"Bicyclist Ride Through - Signalized Intersection";NA;2012;"B: Evident Injury";"Institutional";"20-24";20;"No";"11-15 mph";"O: No Injury";"Black";"Female";"Passenger Car";"No";"No";"Dark - Lighted Roadway";"Urban (>70% Developed)";"2 lanes";2;"Straight - Level";"Local Street";"Dry";"Two-Way, Divided, Positive Median Barrier";"None";"Four-Way Intersection";"Smooth Asphalt";"Piedmont";"Urban";"30 - 35  MPH";"Stop And Go Signal";"Clear";"No";"36.06533, -79.8127"
"1544";761;762;"Yes";"10-Jun";6;"No";"With Traffic";"B: Evident Injury";"Travel Lane";"Hispanic";"Male";"Burlington";"Alamance";"No";"01-01-06";2012-10-06;"Bicyclist Failed to Yield - Sign-Controlled Intersection";20;"Intersection";"01-10-01";1-01-01 20:13:58;"Bicyclist Ride Through - Sign-Controlled Intersection";NA;2012;"B: Evident Injury";"Residential";"0-19";19;"No";"26-30 mph";"O: No Injury";"Hispanic";"Male";"Passenger Car";"No";"No";"Daylight";"Urban (>70% Developed)";"2 lanes";2;"Straight - Level";"Local Street";"Dry";"Two-Way, Not Divided";"None";"Four-Way Intersection";"Coarse Asphalt";"Piedmont";"Urban";"30 - 35  MPH";"Stop Sign";"Clear";"No";"36.09573, -79.4001"
"1545";764;765;"Yes";"60-69";64;"No";"Not Applicable";"B: Evident Injury";"Non-Roadway";"White";"Male";"Kernersville";"Forsyth";"No";"01-01-05";2012-10-05;"Motorist Left Turn / Merge";16;"Intersection";"01-10-01";1-01-01 16:32:58;"Motorist Left Turn - Opposite Direction";NA;2012;"B: Evident Injury";"Commercial";"50-59";53;"No";"21-25 mph";"O: No Injury";"White";"Female";"Passenger Car";"No";"No";"Daylight";"Urban (>70% Developed)";"5 lanes";2;"Straight - Level";"NC Route";"Dry";"Two-Way, Divided, Unprotected Median";"None";"T-Intersection";"Smooth Asphalt";"Piedmont";"Urban";"40 - 45  MPH";"Stop Sign";"Clear";"No";"36.0953, -80.0612"
"1546";765;766;"Yes";"16-19";18;"No";"Facing Traffic";"B: Evident Injury";NA;"Black";"Female";"Wilmington";"New Hanover";"No";"01-01-03";2012-09-26;"Bicyclist Failed to Yield - Signalized Intersection";16;"Intersection-Related";"01-09-01";1-01-01 16:44:58;"Bicyclist Ride Out - Signalized  Intersection";NA;2012;"B: Evident Injury";"Commercial";"20-24";21;"No";"41-45 mph";"O: No Injury";"White";"Female";"Passenger Car";"No";"No";"Daylight";"Urban (>70% Developed)";"9 or more lanes";2;"Straight - Level";"Local Street";"Dry";"Two-Way, Not Divided";"Other";"No Special Feature";"Concrete";"Coastal";"Urban";"40 - 45  MPH";"Stop And Go Signal";"Clear";"No";"34.23075, -77.8771"
"1547";767;768;"Yes";"20-24";22;"No";"With Traffic";"C: Possible Injury";"Travel Lane";"Other";"Male";"Greensboro";"Guilford";"No";"01-01-06";2012-09-22;"Motorist Left Turn / Merge";1;"Intersection";"01-09-01";1-01-01 01:05:58;"Motorist Left Turn - Opposite Direction";NA;2012;"C: Possible Injury";"Residential";"0-19";19;"No";"36-40 mph";"O: No Injury";"White";"Female";"Passenger Car";"No";"No";"Dark - Roadway Not Lighted";"Urban (>70% Developed)";"2 lanes";2;"Straight - Level";"Local Street";"Dry";"Two-Way, Divided, Unprotected Median";"None";"Four-Way Intersection";"Smooth Asphalt";"Piedmont";"Urban";"30 - 35  MPH";"Stop And Go Signal";"Clear";"No";"36.06865, -79.8232"
"1548";772;773;"No";NA;0;"No";"With Traffic";"Injury";"Travel Lane";"/Missing";NA;"Wilmington";"New Hanover";"No";"01-01-04";2012-09-27;"Motorist Overtaking Bicyclist";15;"Intersection";"01-09-01";1-01-01 15:25:58;"Motorist Overtaking - Other /";NA;2012;"Injury";"Residential";NA;NA;"No";"41-45 mph";"Injury";"/Missing";NA;NA;"No";"Yes";"Daylight";"Urban (>70% Developed)";"5 lanes";2;"Straight - Level";"Local Street";"Dry";"Two-Way, Not Divided";"None";"No Special Feature";"Coarse Asphalt";"Coastal";"Urban";"40 - 45  MPH";"Stop And Go Signal";"Clear";"No";"34.23195, -77.8875"
"1549";773;774;"Yes";"20-24";23;"No";"Facing Traffic";"B: Evident Injury";"Sidewalk / Crosswalk / Driveway Crossing";"Black";"Male";"Wilmington";"New Hanover";"No";"01-01-05";2012-09-28;"Motorist Failed to Yield - Sign-Controlled Intersection";7;"Intersection";"01-09-01";1-01-01 07:37:58;"Motorist Drive Out - Sign-Controlled Intersection";NA;2012;"B: Evident Injury";"Residential";"0-19";18;"No";"21-25 mph";"O: No Injury";"White";"Female";"Passenger Car";"No";"No";"Daylight";"Urban (>70% Developed)";"2 lanes";2;"Straight - Level";"Local Street";"Dry";"Two-Way, Not Divided";"Other";"Related To Intersection";"Smooth Asphalt";"Coastal";"Urban";"20 - 25  MPH";"Stop Sign";"Clear";"No";"34.22557, -77.9057"
"1550";782;783;"Yes";"50-59";50;"Yes";"With Traffic";"K: Killed";"Travel Lane";"Native American";"Male";"None - Rural Crash";"Robeson";"Yes";"01-01-04";2012-10-11;"Motorist Overtaking Bicyclist";20;"Non-Intersection";"01-10-01";1-01-01 20:22:58;"Motorist Overtaking - Other /";NA;2012;"K: Killed";"Farms, Woods, Pastures";"50-59";56;"No";"46-50 mph";"O: No Injury";"Black";"Male";"Van";"No";"No";"Dark - Roadway Not Lighted";"Rural (<30% Developed)";"2 lanes";2;"Straight - Level";"NC Route";"Dry";"Two-Way, Not Divided";"None";"No Special Feature";"Coarse Asphalt";"Coastal";"Rural";"50 - 55  MPH";"No Control Present";"Clear";"No";"34.53142, -79.0976"
"1551";789;790;"Yes";"40-49";44;"No";"With Traffic";"B: Evident Injury";"Travel Lane";"White";"Female";"Apex";"Wake";"No";"01-01-03";2012-10-17;"Motorist Overtaking Bicyclist";16;"Intersection-Related";"01-10-01";1-01-01 16:49:58;"Motorist Overtaking - Misjudged Space";NA;2012;"B: Evident Injury";"Commercial";"30-39";37;"No";"16-20 mph";"O: No Injury";"White";"Male";"Pickup";"No";"No";"Daylight";"Urban (>70% Developed)";"4 lanes";2;"Straight - Level";"State Secondary Route";"Dry";"Two-Way, Not Divided";"None";"No Special Feature";"Smooth Asphalt";"Piedmont";"Urban";"30 - 35  MPH";"Stop And Go Signal";"Clear";"No";"35.72924, -78.8395"
"1552";795;796;"Yes";"20-24";24;"No";"With Traffic";"B: Evident Injury";"Bike Lane / Paved Shoulder";"White";"Male";"None - Rural Crash";"Cumberland";"No";"01-01-05";2012-10-19;"Motorist Overtaking Bicyclist";13;"Non-Intersection";"01-10-01";1-01-01 13:41:58;"Motorist Overtaking - Other /";NA;2012;"B: Evident Injury";"Commercial";NA;NA;"No";"41-45 mph";"Injury";"/Missing";NA;NA;"No";"Yes";"Dark - Roadway Not Lighted";"Mixed (30% To 70% Developed)";"2 lanes";2;"Straight - Level";"State Secondary Route";"Dry";"Two-Way, Not Divided";"None";"No Special Feature";"Smooth Asphalt";"Coastal";"Rural";"40 - 45  MPH";"Double Yellow Line, No Passing Zone";"Clear";"No";"35.00589, -78.9214"
"1553";800;801;"No";NA;0;"Missing";"Facing Traffic";"Injury";"Sidewalk / Crosswalk / Driveway Crossing";"/Missing";NA;"Fayetteville";"Cumberland";"No";"01-01-06";2012-10-06;"Motorist Failed to Yield - Signalized Intersection";18;"Intersection";"01-10-01";1-01-01 18:52:58;"Motorist Drive Out - Right Turn on Red";NA;2012;"O: No Injury";"Commercial";"40-49";45;"No";"0-5 mph";"O: No Injury";"White";"Male";"Passenger Car";"No";"No";"Dark - Lighted Roadway";"Urban (>70% Developed)";"6 lanes";2;"Straight - Grade";"Local Street";"Dry";"Two-Way, Not Divided";"None";"Four-Way Intersection";"Coarse Asphalt";"Coastal";"Urban";"30 - 35  MPH";"Stop And Go Signal";"Clear";"No";"35.08819, -78.9268"
"1554";802;803;"No";"30-39";34;"No";"With Traffic";"C: Possible Injury";"Travel Lane";"Black";"Male";"Raleigh";"Wake";"No";"01-01-06";2012-10-20;"Bicyclist Failed to Yield - Signalized Intersection";15;"Intersection";"01-10-01";1-01-01 15:54:58;"Bicyclist Ride Through - Signalized Intersection";NA;2012;"C: Possible Injury";"Commercial";"20-24";21;"No";"16-20 mph";"O: No Injury";"White";"Male";"Passenger Car";"No";"No";"Daylight";"Urban (>70% Developed)";"5 lanes";2;"Straight - Level";"Local Street";"Dry";"Two-Way, Divided, Unprotected Median";"None";"Four-Way Intersection";"Smooth Asphalt";"Piedmont";"Urban";"30 - 35  MPH";"Stop And Go Signal";"Clear";"No";"35.83942, -78.6424"
"1555";206;207;"No";NA;NA;"Missing";"Facing Traffic";"Injury";"Sidewalk / Crosswalk / Driveway Crossing";"/Missing";NA;"Durham";"Durham";"No";"01-01-02";2011-05-10;"Crossing Paths - Other Circumstances";14;"Intersection";"01-05-01";1-01-01 14:06:58;"Crossing Paths - Intersection - Other /";132180;2011;"O: No Injury";"Residential";"60-69";66;"No";"0-5 mph";"O: No Injury";"Black";"Female";"Passenger Car";"No";"No";"Daylight";"Urban (>70% Developed)";"2 lanes";2;"Straight - Level";"Local Street";"Dry";"Two-Way, Not Divided";"None";"No Special Feature";"Smooth Asphalt";"Piedmont";"Urban";"20 - 25  MPH";"Stop Sign";"Clear";"No";"36.02413, -78.918"
"1556";218;219;"Yes";"10-Jun";7;"No";"With Traffic";"C: Possible Injury";NA;"Black";"Female";"Wilmington";"New Hanover";"No";"01-01-04";2011-04-21;"Motorist Right Turn / Merge";14;"Non-Intersection";"01-04-01";1-01-01 14:14:58;"Motorist Right Turn - Same Direction";391213;2011;"C: Possible Injury";"Residential";"40-49";41;"No";"0-5 mph";"O: No Injury";"Black";"Female";"Sport Utility";"No";"No";"Daylight";"Urban (>70% Developed)";"2 lanes";2;"Straight - Level";"Local Street";"Dry";"One-Way, Not Divided";"None";"No Special Feature";"Coarse Asphalt";"Coastal";"Urban";"20 - 25  MPH";"No Control Present";"Clear";"No";"34.24898, -77.9078"
"1557";223;224;"Yes";"10-Jun";8;"No";"Not Applicable";"B: Evident Injury";"Travel Lane";"Black";"Male";"Charlotte";"Mecklenburg";"No";"01-01-07";2011-05-08;"Bicyclist Failed to Yield - Sign-Controlled Intersection";14;"Intersection-Related";"01-05-01";1-01-01 14:32:58;"Bicyclist Ride Through - Sign-Controlled Intersection";213144;2011;"B: Evident Injury";"Residential";"0-19";19;"No";"16-20 mph";"O: No Injury";"Black";"Male";"Passenger Car";"No";"No";"Daylight";"Urban (>70% Developed)";"2 lanes";2;"Straight - Level";"Local Street";"Dry";"Two-Way, Not Divided";"None";"No Special Feature";"Smooth Asphalt";"Piedmont";"Urban";"20 - 25  MPH";"Stop Sign";"Clear";"No";"35.24216, -80.8018"
"1558";226;227;"Yes";"15-Nov";12;"No";"Facing Traffic";"C: Possible Injury";"Travel Lane";"Black";"Male";"Washington";"Beaufort";"No";"01-01-02";2011-05-03;"Crossing Paths - Other Circumstances";19;"Intersection";"01-05-01";1-01-01 19:03:58;"Crossing Paths - Intersection - Other /";112180;2011;"C: Possible Injury";"Residential";"70+";NA;"No";"16-20 mph";"O: No Injury";"White";"Female";"Passenger Car";"No";"No";"Daylight";"Urban (>70% Developed)";"2 lanes";2;"Straight - Level";"Local Street";"Dry";"One-Way, Not Divided";"None";"Four-Way Intersection";"Coarse Asphalt";"Coastal";"Urban";"20 - 25  MPH";"No Control Present";"Clear";"No";"35.54143, -77.0536"
"1559";227;228;"No";"20-24";20;"No";"Facing Traffic";"B: Evident Injury";"Sidewalk / Crosswalk / Driveway Crossing";"White";"Female";"Boone";"Watauga";"No";"01-01-05";2011-05-06;"Motorist Failed to Yield - Midblock";16;"Non-Intersection";"01-05-01";1-01-01 16:18:58;"Motorist Drive Out - Commercial Driveway / Alley";332322;2011;"B: Evident Injury";"Commercial";"40-49";49;"No";"0-5 mph";"O: No Injury";"White";"Male";"Sport Utility";"No";"No";"Daylight";"Mixed (30% To 70% Developed)";"5 lanes";2;"Straight - Level";"US Route";"Dry";"Two-Way, Not Divided";"None";"Driveway, Private";"Smooth Asphalt";"Mountains";"Urban";"30 - 35  MPH";"No Control Present";"Clear";"No";"36.20357, -81.6663"
"1560";229;230;"No";"25-29";28;"No";"With Traffic";"B: Evident Injury";"Travel Lane";"White";"Male";"Charlotte";"Mecklenburg";"No";"01-01-03";2011-05-11;"Motorist Right Turn / Merge";19;"Intersection";"01-05-01";1-01-01 19:35:58;"Motorist Right Turn - Same Direction";111213;2011;"B: Evident Injury";"Residential";"60-69";65;"No";"31-35 mph";"O: No Injury";"Black";"Female";"Pickup";"No";"No";"Daylight";"Urban (>70% Developed)";"2 lanes";2;"Straight - Level";"Local Street";"Dry";"Two-Way, Not Divided";"None";"No Special Feature";"Smooth Asphalt";"Piedmont";"Urban";"30 - 35  MPH";"No Control Present";"Clear";"No";"35.2553, -80.8739"