"FID";"OBJECTID";"AmbulanceR";"BikeAge_Gr";"Bike_Age";"Bike_Alc_D";"Bike_Dir";"Bike_Injur";"Bike_Pos";"Bike_Race";"Bike_Sex";"City";"County";"CrashAlcoh";"CrashDay";"Crash_Date";"Crash_Grp";"Crash_Hour";"Crash_Loc";"Crash_Mont";"Crash_Time";"Crash_Type";"Crash_Ty_1";"Crash_Year";"Crsh_Sevri";"Developmen";"DrvrAge_Gr";"Drvr_Age";"Drvr_Alc_D";"Drvr_EstSp";"Drvr_Injur";"Drvr_Race";"Drvr_Sex";"Drvr_VehTy";"ExcsSpdInd";"Hit_Run";"Light_Cond";"Locality";"Num_Lanes";"Num_Units";"Rd_Charact";"Rd_Class";"Rd_Conditi";"Rd_Config";"Rd_Defects";"Rd_Feature";"Rd_Surface";"Region";"Rural_Urba";"Speed_Limi";"Traff_Cntr";"Weather";"Workzone_I";"Location"
"1597";407;408;"No";"30-39";36;"Yes";"With Traffic";"B: Evident Injury";"Travel Lane";"White";"Male";"Carolina Beach";"New Hanover";"Yes";"01-01-06";2011-06-04;"Bicyclist Left Turn / Merge";18;"Intersection-Related";"01-06-01";1-01-01 18:05:58;"Bicyclist Left Turn - Same Direction";211221;2011;"B: Evident Injury";"Residential";"60-69";60;"No";"0-5 mph";"O: No Injury";"White";"Female";"Passenger Car";"No";"No";"Dawn";"Urban (>70% Developed)";"2 lanes";2;"Straight - Level";"Local Street";"Dry";"Two-Way, Divided, Positive Median Barrier";"None";"T-Intersection";"Coarse Asphalt";"Coastal";"Urban";"20 - 25  MPH";"Stop Sign";"Clear";"No";"34.02403, -77.8967"
"1598";408;409;"Yes";"16-19";17;"No";"Facing Traffic";"C: Possible Injury";"Travel Lane";"White";"Male";"Raleigh";"Wake";"No";NA;2011-07-11;"Loss of Control / Turning Error";15;"Non-Intersection";"01-07-01";1-01-01 15:58:58;"Bicyclist Lost Control - Other /";312129;2011;"C: Possible Injury";"Commercial";"30-39";38;"No";"0-5 mph";"O: No Injury";"Black";"Female";"Van";"No";"No";"Daylight";"Urban (>70% Developed)";NA;2;"Straight - Level";"Public Vehicular Area";"Dry";"Two-Way, Divided, Unprotected Median";"None";"Driveway, Public";"Coarse Asphalt";"Piedmont";"Urban";"5 - 15 MPH";"No Control Present";"Clear";"No";"35.9181, -78.7433"
"1599";409;410;"No";"16-19";16;"No";"With Traffic";"B: Evident Injury";"Travel Lane";"White";"Female";"Raleigh";"Wake";"No";NA;2011-07-04;"Bicyclist Failed to Yield - Signalized Intersection";16;"Intersection";"01-07-01";1-01-01 16:14:58;"Bicyclist Ride Through - Signalized Intersection";111155;2011;"B: Evident Injury";"Residential";"30-39";30;"No";"26-30 mph";"O: No Injury";"White";"Female";"Passenger Car";"No";"No";"Daylight";"Urban (>70% Developed)";"2 lanes";2;"Straight - Level";"Local Street";"Dry";"Two-Way, Not Divided";"None";"Four-Way Intersection";"Coarse Asphalt";"Piedmont";"Urban";"30 - 35  MPH";"Stop And Go Signal";"Clear";"No";"35.79422, -78.6729"
"1600";412;413;"No";"40-49";48;"Yes";"With Traffic";"O: No Injury";"Travel Lane";"Black";"Male";"None - Rural Crash";"Pitt";"Yes";"01-01-04";2011-07-14;"Motorist Overtaking Bicyclist";21;"Non-Intersection";"01-07-01";1-01-01 21:40:58;"Motorist Overtaking - Undetected Bicyclist";311231;2011;"O: No Injury";"Farms, Woods, Pastures";"30-39";37;"No";"41-45 mph";"O: No Injury";"Black";"Female";"Passenger Car";"No";"No";"Dark - Roadway Not Lighted";"Rural (<30% Developed)";"2 lanes";2;"Straight - Level";"State Secondary Route";"Dry";"Two-Way, Not Divided";"None";"No Special Feature";"Coarse Asphalt";"Coastal";"Rural";"40 - 45  MPH";"No Control Present";"Clear";"No";"35.6716, -77.3655"
"1601";269;270;"Yes";"70+";NA;"No";"Facing Traffic";"C: Possible Injury";"Sidewalk / Crosswalk / Driveway Crossing";"White";"Male";"Raleigh";"Wake";"No";NA;2007-04-30;"Motorist Failed to Yield - Sign-Controlled Intersection";9;"Intersection";"01-04-01";1-01-01 09:20:58;"Motorist Drive Out - Sign-Controlled Intersection";132141;2007;"C: Possible Injury";"Residential";"40-49";43;"No";NA;"O: No Injury";"Other";"Male";"Sport Utility";"No";"No";"Daylight";"Urban (>70% Developed)";"5 lanes";2;"Straight - Level";"Local Street";"Dry";"Two-Way, Not Divided";"None";"T-Intersection";"Smooth Asphalt";"Piedmont";"Urban";"40 - 45  MPH";"Stop Sign";"Clear";"No";"35.894333, -78.63542"
"1602";278;279;"Yes";"50-59";54;"No";"With Traffic";"B: Evident Injury";"Travel Lane";"White";"Male";"None - Rural Crash";"Brunswick";"No";"01-01-05";2007-05-04;"Motorist Overtaking Bicyclist";22;"Non-Intersection";"01-05-01";1-01-01 22:16:58;"Motorist Overtaking - Undetected Bicyclist";311231;2007;"B: Evident Injury";"Residential";"0-19";16;"No";"41-45 mph";"O: No Injury";"Black";"Female";"Pickup";"No";"No";"Dark - Roadway Not Lighted";"Rural (<30% Developed)";"2 lanes";2;"Straight - Level";"State Secondary Route";"Dry";"Two-Way, Not Divided";"None";"No Special Feature";"Coarse Asphalt";"Coastal";"Rural";"40 - 45  MPH";"No Control Present";"Clear";"No";"34.246723, -78.05682"
"1603";281;282;"Yes";"30-39";39;"No";"With Traffic";"B: Evident Injury";"Travel Lane";"White";"Male";"Charlotte";"Mecklenburg";"No";"01-01-02";2007-07-31;"Motorist Left Turn / Merge";6;"Intersection";"01-07-01";1-01-01 06:15:58;"Motorist Left Turn - Opposite Direction";111212;2007;"B: Evident Injury";"Residential";"50-59";51;"No";"26-30 mph";"O: No Injury";"Black";"Female";"Passenger Car";"No";"No";"Dawn";"Urban (>70% Developed)";"4 lanes";2;"Straight - Level";"Local Street";"Dry";"Two-Way, Not Divided";"None";"No Special Feature";"Smooth Asphalt";"Piedmont";"Urban";"30 - 35  MPH";"No Control Present";"Cloudy";"No";"35.135437, -80.83899"
"1604";283;284;"Yes";"15-Nov";12;"No";NA;"B: Evident Injury";"Travel Lane";"Black";"Male";"Chapel Hill";"Orange";"No";"01-01-06";2007-05-05;"Bicyclist Failed to Yield - Sign-Controlled Intersection";16;"Intersection";"01-05-01";1-01-01 16:03:58;"Bicyclist Ride Through - Sign-Controlled Intersection";119144;2007;"B: Evident Injury";"Residential";"20-24";22;"No";"21-25 mph";"O: No Injury";"White";"Male";"Passenger Car";"No";"No";"Daylight";"Urban (>70% Developed)";"2 lanes";2;"Straight - Grade";"Local Street";"Dry";"Two-Way, Not Divided";"None";"T-Intersection";"Smooth Asphalt";"Piedmont";"Urban";"20 - 25  MPH";"Stop Sign";"Cloudy";"No";"35.918255, -79.058975"
"1605";284;285;"Yes";"10-Jun";8;"No";"With Traffic";"B: Evident Injury";"Travel Lane";"Black";"Female";"Charlotte";"Mecklenburg";"No";NA;2007-08-06;"Bicyclist Failed to Yield - Sign-Controlled Intersection";20;"Intersection";"01-08-01";1-01-01 20:57:58;"Bicyclist Ride Through - Sign-Controlled Intersection";111144;2007;"B: Evident Injury";"Residential";"60-69";67;"No";"16-20 mph";"O: No Injury";"Black";"Male";"Passenger Car";"No";"No";"Dark - Lighted Roadway";"Urban (>70% Developed)";"2 lanes";2;"Straight - Bottom";"Local Street";"Dry";"Two-Way, Not Divided";"None";"No Special Feature";"Smooth Asphalt";"Piedmont";"Urban";"20 - 25  MPH";"Stop Sign";"Clear";"No";"35.242996, -80.87635"
"1606";285;286;"Yes";"50-59";52;"No";"With Traffic";"C: Possible Injury";"Travel Lane";"White";"Male";"None - Rural Crash";"Gaston";"No";NA;2007-05-07;"Motorist Overtaking Bicyclist";20;"Non-Intersection";"01-05-01";1-01-01 20:05:58;"Motorist Overtaking - Misjudged Space";311232;2007;"C: Possible Injury";"Commercial";"70+";NA;"No";"41-45 mph";"O: No Injury";"White";"Male";"Passenger Car";"No";"No";"Daylight";"Mixed (30% To 70% Developed)";"2 lanes";2;"Curve - Level";"NC Route";"Dry";"Two-Way, Not Divided";"None";"No Special Feature";"Smooth Asphalt";"Piedmont";"Rural";"40 - 45  MPH";"Double Yellow Line, No Passing Zone";"Clear";"No";"35.19683, -81.15235"
"1607";290;291;"Yes";"10-Jun";6;"No";NA;"A: Disabling Injury";"Travel Lane";"Black";"Male";"Winston-Salem";"Forsyth";"No";"01-01-02";2007-05-08;"Other /  - Insufficient Details";17;"Non-Intersection";"01-05-01";1-01-01 17:05:58;"Approach Paths";319970;2007;"A: Disabling Injury";"Residential";"0-19";18;"No";"36-40 mph";"O: No Injury";"Black";"Female";"Passenger Car";"Yes";"Yes";"Daylight";"Urban (>70% Developed)";"2 lanes";2;"Straight - Level";"Local Street";"Dry";"Two-Way, Not Divided";"None";"No Special Feature";"Smooth Asphalt";"Piedmont";"Urban";"30 - 35  MPH";"No Control Present";"Clear";"No";"36.061554, -80.32381"
"1608";293;294;"Yes";"10-Jun";8;"No";"With Traffic";"B: Evident Injury";"Bike Lane / Paved Shoulder";"White";"Male";"None - Rural Crash";"Moore";"No";"01-01-04";2007-05-10;"Motorist Overtaking Bicyclist";20;"Intersection";"01-05-01";1-01-01 20:33:58;"Motorist Overtaking - Bicyclist Swerved";121235;2007;"B: Evident Injury";"Residential";"25-29";29;"No";"46-50 mph";"O: No Injury";"White";"Male";"Passenger Car";"No";"No";"Dusk";"Mixed (30% To 70% Developed)";"2 lanes";2;"Straight - Level";"State Secondary Route";"Dry";"Two-Way, Not Divided";"None";"Driveway, Private";"Smooth Asphalt";"Piedmont";"Rural";"50 - 55  MPH";"Double Yellow Line, No Passing Zone";"Clear";"No";"35.292057, -79.3359"
"1609";296;297;"No";"16-19";18;"No";"With Traffic";"C: Possible Injury";"Sidewalk / Crosswalk / Driveway Crossing";"Black";"Male";"Salisbury";"Rowan";"No";"01-01-05";2007-08-03;"Motorist Right Turn / Merge";17;"Intersection";"01-08-01";1-01-01 17:02:58;"Motorist Right Turn - Same Direction";131213;2007;"C: Possible Injury";"Commercial";"20-24";21;"No";"11-15 mph";"O: No Injury";"White";"Male";"Pickup";"No";"No";"Daylight";"Urban (>70% Developed)";"2 lanes";2;"Straight - Level";"Local Street";"Dry";"Two-Way, Not Divided";"None";"No Special Feature";"Coarse Asphalt";"Piedmont";"Urban";"20 - 25  MPH";"No Control Present";"Clear";"No";"35.665035, -80.45466"
"1610";298;299;"Yes";"20-24";24;"No";"With Traffic";"B: Evident Injury";"Travel Lane";"Hispanic";"Male";"Monroe";"Union";"No";"01-01-04";2007-08-09;"Motorist Left Turn / Merge";23;"Intersection";"01-08-01";1-01-01 23:33:58;"Motorist Left Turn - Opposite Direction";111212;2007;"B: Evident Injury";"Commercial";"40-49";43;"No";"16-20 mph";"O: No Injury";"White";"Female";"Passenger Car";"No";"No";"Dark - Lighted Roadway";"Mixed (30% To 70% Developed)";"2 lanes";2;"Straight - Level";"Local Street";"Dry";"Two-Way, Not Divided";"None";"T-Intersection";"Smooth Asphalt";"Piedmont";"Urban";"40 - 45  MPH";"No Control Present";"Clear";"No";"35.003513, -80.57293"
"1611";299;300;"Yes";"15-Nov";13;"No";"With Traffic";"C: Possible Injury";"Travel Lane";"White";"Male";"None - Rural Crash";"Pender";"No";"01-01-05";2007-05-11;"Bicyclist Left Turn / Merge";16;"Intersection";"01-05-01";1-01-01 16:24:58;"Bicyclist Left Turn - Opposite Direction";111222;2007;"C: Possible Injury";"Residential";"20-24";20;"No";"41-45 mph";"O: No Injury";"White";"Male";"Passenger Car";"No";"No";"Daylight";"Mixed (30% To 70% Developed)";"2 lanes";2;"Straight - Level";"State Secondary Route";"Dry";"Two-Way, Not Divided";"None";"Four-Way Intersection";"Smooth Asphalt";"Coastal";"Rural";"40 - 45  MPH";"No Control Present";"Clear";"No";"34.396053, -77.6546"
"1612";302;303;"Yes";"20-24";21;"No";"Facing Traffic";"A: Disabling Injury";"Sidewalk / Crosswalk / Driveway Crossing";"White";"Male";"High Point";"Guilford";"No";"01-01-05";2007-05-11;"Crossing Paths - Other Circumstances";22;"Intersection";"01-05-01";1-01-01 22:19:58;"Crossing Paths - Intersection - Other /";132180;2007;"A: Disabling Injury";"Commercial";"20-24";22;"No";"6-10 mph";"O: No Injury";"White";"Female";"Sport Utility";"No";"No";"Dark - Lighted Roadway";"Urban (>70% Developed)";"4 lanes";2;"Straight - Level";"Local Street";"Dry";"Two-Way, Not Divided";"None";"On or Off Ramp";"Smooth Asphalt";"Piedmont";"Urban";"30 - 35  MPH";"No Control Present";"Clear";"No";"35.935772, -79.992195"
"1613";313;314;"Yes";"0-5";5;"No";NA;"C: Possible Injury";"Travel Lane";"Hispanic";"Male";"None - Rural Crash";"Henderson";"No";"01-01-03";2007-05-16;"Non-Roadway";18;"Non-Roadway";"01-05-01";1-01-01 18:29:58;"Non-Roadway";410910;2007;"C: Possible Injury";"Residential";"40-49";48;"No";"0-5 mph";"O: No Injury";"Hispanic";"Female";"Passenger Car";"No";"No";"Daylight";"Mixed (30% To 70% Developed)";"2 lanes";2;"Straight - Level";"Public Vehicular Area";"Dry";"Two-Way, Not Divided";"None";"Driveway, Public";"Coarse Asphalt";"Mountains";"Rural";NA;"No Control Present";"Clear";"No";"35.2911, -82.41271"
"1614";316;317;"No";"16-19";17;"No";"Facing Traffic";"B: Evident Injury";"Sidewalk / Crosswalk / Driveway Crossing";"White";"Male";"Waynesville";"Haywood";"No";"01-01-03";2007-05-16;"Motorist Failed to Yield - Signalized Intersection";13;"Intersection";"01-05-01";1-01-01 13:14:58;"Motorist Drive Out - Right Turn on Red";132151;2007;"B: Evident Injury";"Commercial";"70+";NA;"No";NA;"O: No Injury";"/Missing";"Male";"Passenger Car";"No";"No";"Daylight";"Urban (>70% Developed)";"2 lanes";2;"Straight - Level";"Local Street";"Dry";"Two-Way, Not Divided";"None";"T-Intersection";"Smooth Asphalt";"Mountains";"Urban";NA;"Stop And Go Signal";"Cloudy";"No";"35.500076, -82.98707"
"1615";318;319;"Yes";"40-49";45;"No";"With Traffic";"B: Evident Injury";"Travel Lane";"White";"Male";"Kernersville";"Forsyth";"No";"01-01-04";2007-05-17;"Motorist Left Turn / Merge";16;"Non-Intersection";"01-05-01";1-01-01 16:47:58;"Motorist Left Turn - Opposite Direction";311212;2007;"B: Evident Injury";"Commercial";"30-39";31;"No";"0-5 mph";"O: No Injury";"White";"Female";"Passenger Car";"No";"No";"Daylight";"Urban (>70% Developed)";"3 lanes";2;"Straight - Level";"Local Street";"Dry";"Two-Way, Divided, Unprotected Median";"None";"T-Intersection";"Coarse Asphalt";"Piedmont";"Urban";"30 - 35  MPH";"No Control Present";"Clear";"No";"36.126545, -80.067566"
"1616";324;325;"Yes";"15-Nov";13;"No";"Facing Traffic";"C: Possible Injury";"Travel Lane";"White";"Female";"Kill Devil Hills";"Dare";"No";"01-01-06";2007-05-19;"Motorist Failed to Yield - Sign-Controlled Intersection";16;"Intersection";"01-05-01";1-01-01 16:11:58;"Motorist Drive Out - Sign-Controlled Intersection";112141;2007;"C: Possible Injury";"Commercial";"20-24";24;"No";"0-5 mph";"O: No Injury";"White";"Male";"Pickup";"No";"No";"Daylight";"Urban (>70% Developed)";"2 lanes";2;"Straight - Level";"Local Street";"Dry";"Two-Way, Divided, Unprotected Median";"None";"T-Intersection";"Coarse Asphalt";"Coastal";"Urban";"20 - 25  MPH";"Stop Sign";"Clear";"No";"36.01028, -75.658806"
"1617";325;326;"Yes";"16-19";18;"No";"Not Applicable";"C: Possible Injury";"Non-Roadway";"Black";"Female";"High Point";"Guilford";"No";"01-01-06";2007-05-19;"Bicyclist Failed to Yield - Midblock";19;"Non-Intersection";"01-05-01";1-01-01 19:35:58;"Bicyclist Ride Out - Other Midblock";363318;2007;"C: Possible Injury";"Residential";"0-19";16;"No";"11-15 mph";"O: No Injury";"Black";"Female";"Passenger Car";"No";"No";"Daylight";"Urban (>70% Developed)";"2 lanes";2;"Straight - Level";"Local Street";"Dry";"Two-Way, Not Divided";"None";"No Special Feature";"Smooth Asphalt";"Piedmont";"Urban";"20 - 25  MPH";"No Control Present";"Clear";"No";"35.94435, -79.99211"
"1618";339;340;"Yes";"15-Nov";15;"No";"With Traffic";"C: Possible Injury";"Travel Lane";"White";"Male";"None - Rural Crash";"Guilford";"No";"01-01-03";2007-05-23;"Motorist Overtaking Bicyclist";19;"Intersection";"01-05-01";1-01-01 19:19:58;"Motorist Overtaking - Bicyclist Swerved";111235;2007;"C: Possible Injury";"Residential";"20-24";20;"No";"41-45 mph";"O: No Injury";"White";"Female";"Passenger Car";"No";"No";"Daylight";"Mixed (30% To 70% Developed)";"2 lanes";2;"Straight - Grade";"NC Route";"Dry";"Two-Way, Not Divided";"None";"T-Intersection";"Coarse Asphalt";"Piedmont";"Rural";"40 - 45  MPH";"Double Yellow Line, No Passing Zone";"Clear";"No";"35.92175, -79.931404"
"1619";342;343;"Yes";"25-29";25;"No";"Facing Traffic";"O: No Injury";"Travel Lane";"Black";"Male";"Cary";"Wake";"No";"01-01-03";2007-08-22;"Crossing Paths - Other Circumstances";16;"Intersection";"01-08-01";1-01-01 16:49:58;"Crossing Paths - Intersection - Other /";112180;2007;"O: No Injury";"Commercial";"40-49";49;"No";"6-10 mph";"O: No Injury";"White";"Female";"Light Truck (Mini-Van, Panel)";"No";"No";"Daylight";"Urban (>70% Developed)";"2 lanes";2;"Straight - Level";"Local Street";"Dry";"Two-Way, Not Divided";"None";"T-Intersection";"Smooth Asphalt";"Piedmont";"Urban";"5 - 15 MPH";"No Control Present";"Clear";"No";"35.786594, -78.781265"
"1620";353;354;"Yes";"25-29";29;"No";"Facing Traffic";"A: Disabling Injury";"Travel Lane";"Black";"Male";"Charlotte";"Mecklenburg";"No";"01-01-06";2007-05-26;"Head-On";1;"Non-Intersection";"01-05-01";1-01-01 01:22:58;"Head-On - Bicyclist";312250;2007;"A: Disabling Injury";"Commercial";NA;NA;"Missing";"21-25 mph";"Injury";"/Missing";NA;NA;"No";"Yes";"Dark - Lighted Roadway";"Urban (>70% Developed)";"3 lanes";2;"Straight - Level";"Local Street";"Dry";"One-Way, Not Divided";"None";"No Special Feature";"Smooth Asphalt";"Piedmont";"Urban";"30 - 35  MPH";"No Control Present";"Clear";"No";"35.230537, -80.844795"
"1621";356;357;"Yes";"10-Jun";8;"No";NA;"B: Evident Injury";"Travel Lane";"Black";"Male";"High Point";"Guilford";"No";"01-01-07";2007-04-29;"Bicyclist Failed to Yield - Sign-Controlled Intersection";19;"Intersection";"01-04-01";1-01-01 19:38:58;"Bicyclist Ride Through - Sign-Controlled Intersection";119144;2007;"B: Evident Injury";"Residential";"50-59";55;"No";"21-25 mph";"O: No Injury";"Black";"Female";"Passenger Car";"No";"No";"Daylight";"Mixed (30% To 70% Developed)";"2 lanes";2;"Straight - Hillcrest";"Local Street";"Dry";"Two-Way, Not Divided";"None";"No Special Feature";"Coarse Asphalt";"Piedmont";"Urban";"20 - 25  MPH";"Stop Sign";"Clear";"No";"35.958134, -79.99489"
"1622";365;366;"No";"20-24";23;"No";"Facing Traffic";"C: Possible Injury";"Travel Lane";"White";"Female";"Wilmington";"New Hanover";"No";"01-01-02";2007-05-29;"Bicyclist Failed to Yield - Signalized Intersection";14;"Intersection";"01-05-01";1-01-01 14:42:58;"Bicyclist Ride Through - Signalized Intersection";112155;2007;"C: Possible Injury";"Residential";"60-69";67;"No";"6-10 mph";"O: No Injury";"White";"Female";"Passenger Car";"No";"No";"Daylight";"Urban (>70% Developed)";"3 lanes";2;"Straight - Level";"Local Street";"Dry";"Two-Way, Not Divided";"None";"Driveway, Public";"Smooth Asphalt";"Coastal";"Urban";"30 - 35  MPH";"Stop And Go Signal";"Clear";"No";"34.23159, -77.87963"
"1623";366;367;"No";NA;NA;"Missing";NA;"Injury";"Non-Roadway";"/Missing";NA;"Raleigh";"Wake";"No";"01-01-03";2007-05-30;"Non-Roadway";21;"Non-Roadway";"01-05-01";1-01-01 21:41:58;"Non-Roadway";460910;2007;"Injury";"Residential";NA;NA;"Missing";NA;"Injury";"/Missing";NA;"Passenger Car";"No";"No";"Dusk";"Urban (>70% Developed)";"2 lanes";2;"Curve - Grade";"Local Street";"Dry";"Two-Way, Not Divided";"None";"Driveway, Public";"Coarse Asphalt";"Piedmont";"Urban";"5 - 15 MPH";"No Control Present";"Clear";"No";"35.882755, -78.56039"
"1624";370;371;"Yes";"30-39";33;"No";NA;"B: Evident Injury";NA;"White";"Male";"Smithfield";"Johnston";"No";"01-01-02";2007-05-29;"Other /  - Insufficient Details";17;"Location";"01-05-01";1-01-01 17:00:58;"Location";999980;2007;"B: Evident Injury";"Commercial";"50-59";56;"No";"0-5 mph";"O: No Injury";"White";"Male";"Pickup";"No";"Yes";"Daylight";"Urban (>70% Developed)";"4 lanes";2;"Straight - Level";"US Route";"Dry";"Two-Way, Not Divided";"None";"No Special Feature";"Coarse Asphalt";"Coastal";"Urban";"20 - 25  MPH";"Stop And Go Signal";"Clear";"No";"35.5119, -78.3478"
"1625";373;374;"No";"16-19";16;"No";"With Traffic";"C: Possible Injury";"Travel Lane";"Black";"Female";"Charlotte";"Mecklenburg";"No";"01-01-07";2007-09-02;"Motorist Overtaking Bicyclist";20;"Non-Intersection";"01-09-01";1-01-01 20:03:58;"Motorist Overtaking - Misjudged Space";311232;2007;"C: Possible Injury";"Commercial";NA;NA;"Missing";NA;"Injury";"/Missing";NA;NA;"No";"Yes";"Daylight";"Mixed (30% To 70% Developed)";"2 lanes";2;"Straight - Level";"Local Street";"Dry";"Two-Way, Not Divided";"None";"No Special Feature";"Concrete";"Piedmont";"Urban";NA;"No Control Present";"Clear";"No";"35.25503, -80.89756"
"1626";382;383;"No";"10-Jun";10;"No";"With Traffic";"O: No Injury";"Bike Lane / Paved Shoulder";"Black";"Male";"Durham";"Durham";"No";"01-01-06";2007-09-08;"Bicyclist Left Turn / Merge";19;"Non-Intersection";"01-09-01";1-01-01 19:26:58;"Bicyclist Left Turn - Same Direction";321221;2007;"O: No Injury";"Residential";"30-39";35;"No";"0-5 mph";"O: No Injury";"Black";"Female";"Passenger Car";"No";"No";"Daylight";"Urban (>70% Developed)";"2 lanes";2;"Straight - Level";"Local Street";"Dry";"Two-Way, Not Divided";"None";"No Special Feature";"Smooth Asphalt";"Piedmont";"Urban";"5 - 15 MPH";"No Control Present";"Clear";"No";"35.987988, -78.826965"
"1627";385;386;"Yes";"60-69";66;"No";"Not Applicable";"C: Possible Injury";NA;"White";"Male";"Fayetteville";"Cumberland";"No";"01-01-02";2007-06-05;"Bicyclist Failed to Yield - Midblock";20;"Non-Intersection";"01-06-01";1-01-01 20:19:58;"Bicyclist Ride Out - Midblock -";393319;2007;"C: Possible Injury";"Commercial";"30-39";39;"No";"36-40 mph";"O: No Injury";"Black";"Female";"Passenger Car";"No";"No";"Dark - Lighted Roadway";"Urban (>70% Developed)";"3 lanes";2;"Straight - Level";"Local Street";"Dry";"Two-Way, Divided, Unprotected Median";"None";"No Special Feature";"Coarse Asphalt";"Coastal";"Urban";"40 - 45  MPH";"No Control Present";"Clear";"No";"35.029808, -78.933716"
"1628";387;388;"No";"10-Jun";7;"No";"With Traffic";"B: Evident Injury";"Travel Lane";"White";"Male";"Hickory";"Catawba";"No";"01-01-02";2007-06-05;"Bicyclist Failed to Yield - Sign-Controlled Intersection";20;"Intersection";"01-06-01";1-01-01 20:02:58;"Bicyclist Ride Through - Sign-Controlled Intersection";111144;2007;"B: Evident Injury";"Residential";"70+";NA;"No";"21-25 mph";"O: No Injury";"White";"Female";"Passenger Car";"No";"No";"Daylight";"Urban (>70% Developed)";"2 lanes";2;"Straight - Level";"Local Street";"Dry";"Two-Way, Not Divided";"None";"Four-Way Intersection";"Smooth Asphalt";"Piedmont";"Urban";"20 - 25  MPH";"Stop Sign";"Clear";"No";"35.737984, -81.35198"
"1629";389;390;"Yes";"16-19";19;"No";"With Traffic";"C: Possible Injury";"Travel Lane";"Black";"Male";"Charlotte";"Mecklenburg";"No";"01-01-03";2007-08-01;"Motorist Overtaking Bicyclist";19;"Non-Intersection";"01-08-01";1-01-01 19:16:58;"Motorist Overtaking - Other /";311239;2007;"C: Possible Injury";"Residential";NA;NA;"Missing";NA;"Injury";"/Missing";NA;NA;"No";"Yes";"Dusk";"Urban (>70% Developed)";"2 lanes";2;"Curve - Level";"Local Street";"Dry";"Two-Way, Not Divided";"None";"No Special Feature";"Smooth Asphalt";"Piedmont";"Urban";NA;"No Control Present";"Clear";"No";"35.242146, -80.88327"
"1630";394;395;"Yes";"30-39";32;"Yes";"With Traffic";"B: Evident Injury";"Travel Lane";"White";"Female";"Asheville";"Buncombe";"Yes";"01-01-04";2007-06-07;"Motorist Left Turn / Merge";1;"Intersection";"01-06-01";1-01-01 01:54:58;"Motorist Left Turn - Opposite Direction";111212;2007;"B: Evident Injury";"Commercial";"25-29";26;"No";"16-20 mph";"O: No Injury";"White";"Male";"Passenger Car";"No";"No";"Dark - Lighted Roadway";"Urban (>70% Developed)";"3 lanes";2;"Curve - Grade";"Interstate";"Dry";"Two-Way, Not Divided";"None";"On or Off Ramp";"Smooth Asphalt";"Mountains";"Urban";"30 - 35  MPH";"Stop And Go Signal";"Clear";"No";"35.59895, -82.553505"
"1631";395;396;"Yes";"25-29";26;"No";"With Traffic";"B: Evident Injury";"Travel Lane";"White";"Male";"Asheville";"Buncombe";"No";"01-01-05";2007-06-08;"Bicyclist Overtaking Motorist";13;"Non-Intersection";"01-06-01";1-01-01 13:10:58;"Bicyclist Overtaking - Passing on Left";311242;2007;"B: Evident Injury";"Commercial";"60-69";60;"No";"6-10 mph";"O: No Injury";"White";"Female";"Passenger Car";"No";"No";"Daylight";"Urban (>70% Developed)";"2 lanes";2;"Straight - Level";"Local Street";"Dry";"Two-Way, Not Divided";"None";"T-Intersection";"Coarse Asphalt";"Mountains";"Urban";"20 - 25  MPH";"Double Yellow Line, No Passing Zone";"Clear";"No";"35.584328, -82.56653"
"1632";416;417;"No";"25-29";29;"No";"With Traffic";"C: Possible Injury";"Travel Lane";"White";"Female";"Durham";"Durham";"No";NA;2007-09-17;"Motorist Left Turn / Merge";19;"Intersection";"01-09-01";1-01-01 19:14:58;"Motorist Left Turn - Opposite Direction";111212;2007;"C: Possible Injury";"Residential";"20-24";23;"No";"26-30 mph";"O: No Injury";"Hispanic";"Female";"Passenger Car";"No";"No";"Dusk";"Urban (>70% Developed)";"2 lanes";2;"Straight - Grade";"Local Street";"Dry";"Two-Way, Not Divided";"None";"Four-Way Intersection";"Smooth Asphalt";"Piedmont";"Urban";"30 - 35  MPH";"Stop Sign";"Clear";"No";"35.996624, -78.921196"
"1633";419;420;"Yes";"10-Jun";9;"No";NA;"C: Possible Injury";"Non-Roadway";"Black";"Male";"Greensboro";"Guilford";"No";"01-01-02";2007-06-12;"Non-Roadway";17;"Non-Roadway";"01-06-01";1-01-01 17:43:58;"Non-Roadway";460910;2007;"C: Possible Injury";"Residential";"20-24";24;"No";NA;"O: No Injury";"Black";"Female";"Passenger Car";"No";"No";"Daylight";"Urban (>70% Developed)";"2 lanes";2;"Straight - Level";"Local Street";"Dry";"Two-Way, Not Divided";"None";"No Special Feature";"Smooth Asphalt";"Piedmont";"Urban";NA;"No Control Present";"Clear";"No";"36.08717, -79.75323"
"1634";433;434;"Yes";"70+";NA;"No";"Facing Traffic";"B: Evident Injury";"Bike Lane / Paved Shoulder";"White";"Female";"None - Rural Crash";"Hyde";"No";NA;2007-06-18;"Motorist Failed to Yield - Midblock";13;"Non-Intersection";"01-06-01";1-01-01 13:56:58;"Motorist Drive Out - Commercial Driveway / Alley";322322;2007;"B: Evident Injury";"Commercial";"25-29";29;"No";"0-5 mph";"O: No Injury";"White";"Male";"Pickup";"No";"No";"Daylight";"Urban (>70% Developed)";"2 lanes";2;"Straight - Level";"NC Route";"Sand, Mud, Dirt, Gravel";"Two-Way, Not Divided";"None";"Driveway, Public";"Gravel";"Coastal";"Rural";"5 - 15 MPH";"Double Yellow Line, No Passing Zone";"Clear";"No";"35.10717, -75.97264"