"FID";"OBJECTID";"AmbulanceR";"BikeAge_Gr";"Bike_Age";"Bike_Alc_D";"Bike_Dir";"Bike_Injur";"Bike_Pos";"Bike_Race";"Bike_Sex";"City";"County";"CrashAlcoh";"CrashDay";"Crash_Date";"Crash_Grp";"Crash_Hour";"Crash_Loc";"Crash_Mont";"Crash_Time";"Crash_Type";"Crash_Ty_1";"Crash_Year";"Crsh_Sevri";"Developmen";"DrvrAge_Gr";"Drvr_Age";"Drvr_Alc_D";"Drvr_EstSp";"Drvr_Injur";"Drvr_Race";"Drvr_Sex";"Drvr_VehTy";"ExcsSpdInd";"Hit_Run";"Light_Cond";"Locality";"Num_Lanes";"Num_Units";"Rd_Charact";"Rd_Class";"Rd_Conditi";"Rd_Config";"Rd_Defects";"Rd_Feature";"Rd_Surface";"Region";"Rural_Urba";"Speed_Limi";"Traff_Cntr";"Weather";"Workzone_I";"Location"
"1635";438;439;"Yes";"10-Jun";7;"No";"Not Applicable";"B: Evident Injury";"Driveway / Alley";"Black";"Female";"Roanoke Rapids";"Halifax";"No";"01-01-04";2007-06-21;"Bicyclist Failed to Yield - Midblock";19;"Non-Intersection";"01-06-01";1-01-01 19:30:58;"Bicyclist Ride Out - Commercial Driveway / Alley";353312;2007;"B: Evident Injury";"Commercial";"25-29";28;"No";"16-20 mph";"O: No Injury";"Black";"Male";"Passenger Car";"No";"No";"Daylight";"Urban (>70% Developed)";"2 lanes";2;"Straight - Level";"Local Street";"Dry";"Two-Way, Not Divided";"None";"Alley Intersection";"Concrete";"Coastal";"Urban";"20 - 25  MPH";"No Control Present";"Clear";"No";"36.46802, -77.65189"
"1636";446;447;"Yes";"16-19";17;"No";"With Traffic";"A: Disabling Injury";"Travel Lane";"Hispanic";"Male";"None - Rural Crash";"Wilson";"No";"01-01-05";2007-06-22;"Bicyclist Left Turn / Merge";12;"Non-Intersection";"01-06-01";1-01-01 12:11:58;"Bicyclist Left Turn - Same Direction";311221;2007;"A: Disabling Injury";"Farms, Woods, Pastures";"30-39";34;"No";"41-45 mph";"O: No Injury";"Black";"Male";"Passenger Car";"No";"No";"Daylight";"Rural (<30% Developed)";"1 lane";2;"Straight - Level";"State Secondary Route";"Dry";"One-Way, Not Divided";"None";"No Special Feature";"Coarse Asphalt";"Coastal";"Rural";"50 - 55  MPH";"No Control Present";"Clear";"No";"35.825718, -77.856865"
"1637";447;448;"No";"20-24";22;"No";"With Traffic";"O: No Injury";"Travel Lane";"White";"Male";"None - Rural Crash";"Iredell";"No";"01-01-06";2007-06-23;"Motorist Overtaking Bicyclist";21;"Non-Intersection";"01-06-01";1-01-01 21:09:58;"Motorist Overtaking - Undetected Bicyclist";311231;2007;"O: No Injury";"Farms, Woods, Pastures";"50-59";50;"No";"51-55 mph";"O: No Injury";"White";"Female";"Van";"No";"No";"Dark - Roadway Not Lighted";"Rural (<30% Developed)";"2 lanes";2;"Straight - Level";"State Secondary Route";"Dry";"Two-Way, Not Divided";"None";"No Special Feature";"Coarse Asphalt";"Piedmont";"Rural";"50 - 55  MPH";"Double Yellow Line, No Passing Zone";"Clear";"No";"35.659843, -80.80211"
"1638";449;450;"Yes";"40-49";46;"No";"With Traffic";"B: Evident Injury";"Sidewalk / Crosswalk / Driveway Crossing";"Black";"Male";"Charlotte";"Mecklenburg";"No";"01-01-03";2007-09-26;"Motorist Failed to Yield - Sign-Controlled Intersection";19;"Intersection";"01-09-01";1-01-01 19:55:58;"Motorist Drive Out - Sign-Controlled Intersection";131141;2007;"B: Evident Injury";"Residential";"50-59";56;"No";"26-30 mph";"O: No Injury";"Black";"Male";"Passenger Car";"No";"No";"Dark - Lighted Roadway";"Urban (>70% Developed)";"2 lanes";2;"Straight - Level";"Local Street";"Dry";"Two-Way, Not Divided";"None";"No Special Feature";"Concrete";"Piedmont";"Urban";"20 - 25  MPH";"No Control Present";"Clear";"No";"35.209763, -80.874054"
"1639";456;457;"Yes";"20-24";23;"No";"With Traffic";"B: Evident Injury";"Travel Lane";"Hispanic";"Male";"Wilson";"Wilson";"No";"01-01-07";2007-06-24;"Motorist Failed to Yield - Signalized Intersection";12;"Intersection";"01-06-01";1-01-01 12:29:58;"Motorist Drive Out - Right Turn on Red";111151;2007;"B: Evident Injury";"Commercial";"70+";NA;"No";"0-5 mph";"O: No Injury";"Black";"Male";"Taxicab";"No";"No";"Daylight";"Urban (>70% Developed)";"3 lanes";2;"Straight - Level";"Local Street";"Dry";"Two-Way, Not Divided";"None";"Four-Way Intersection";"Coarse Asphalt";"Coastal";"Urban";"30 - 35  MPH";"Stop And Go Signal";"Clear";"No";"35.724144, -77.91144"
"1640";458;459;"No";"15-Nov";12;"No";"With Traffic";"B: Evident Injury";"Travel Lane";"Black";"Female";"Raleigh";"Wake";"No";NA;2007-06-25;"Bicyclist Failed to Yield - Sign-Controlled Intersection";15;"Intersection";"01-06-01";1-01-01 15:41:58;"Bicyclist Ride Out - Sign-Controlled Intersection";111142;2007;"B: Evident Injury";"Residential";"20-24";21;"No";"31-35 mph";"O: No Injury";"Black";"Female";"Passenger Car";"No";"No";"Daylight";"Urban (>70% Developed)";"8 lanes";2;"Straight - Level";"Local Street";"Dry";"Two-Way, Not Divided";"None";"Four-Way Intersection";"Concrete";"Piedmont";"Urban";"30 - 35  MPH";"Stop Sign";"Clear";"No";"35.78253, -78.62061"
"1641";461;462;"Yes";"16-19";16;"No";"With Traffic";"B: Evident Injury";"Travel Lane";"White";"Male";"None - Rural Crash";"Onslow";"No";"01-01-02";2007-06-26;"Bicyclist Left Turn / Merge";17;"Non-Intersection";"01-06-01";1-01-01 17:14:58;"Bicyclist Left Turn - Opposite Direction";311222;2007;"B: Evident Injury";"Farms, Woods, Pastures";"20-24";23;"No";"41-45 mph";"O: No Injury";"White";"Male";"Pickup";"No";"No";"Daylight";"Rural (<30% Developed)";"2 lanes";2;"Straight - Level";"NC Route";"Dry";"Two-Way, Not Divided";"None";"No Special Feature";"Smooth Asphalt";"Coastal";"Rural";"50 - 55  MPH";"No Control Present";"Clear";"No";"34.698425, -77.23439"
"1642";466;467;"Yes";"40-49";49;"No";"With Traffic";"K: Killed";"Travel Lane";"White";"Female";"Raleigh";"Wake";"No";NA;2007-06-25;"Motorist Failed to Yield - Sign-Controlled Intersection";16;"Intersection";"01-06-01";1-01-01 16:53:58;"Motorist Drive Out - Sign-Controlled Intersection";111141;2007;"K: Killed";"Residential";"60-69";65;"No";"0-5 mph";"O: No Injury";"White";"Female";"Passenger Car";"No";"No";"Daylight";"Urban (>70% Developed)";"2 lanes";2;"Straight - Grade";"Local Street";"Dry";"Two-Way, Not Divided";"None";"T-Intersection";"Coarse Asphalt";"Piedmont";"Urban";"30 - 35  MPH";"Stop Sign";"Clear";"No";"35.773453, -78.73626"
"1643";472;473;"Yes";"15-Nov";13;"No";"Not Applicable";"B: Evident Injury";"Non-Roadway";"White";"Male";"Wilmington";"New Hanover";"No";"01-01-03";2007-06-27;"Bicyclist Failed to Yield - Midblock";12;"Non-Intersection";"01-06-01";1-01-01 12:50:58;"Bicyclist Ride Out - Commercial Driveway / Alley";363312;2007;"B: Evident Injury";"Commercial";"20-24";20;"No";"16-20 mph";"O: No Injury";"White";"Female";"Passenger Car";"No";"No";"Daylight";"Urban (>70% Developed)";"5 lanes";2;"Straight - Level";"Local Street";"Dry";"Two-Way, Not Divided";"None";"No Special Feature";"Coarse Asphalt";"Coastal";"Urban";"40 - 45  MPH";"No Control Present";"Clear";"No";"34.26139, -77.830086"
"1644";476;477;"No";"15-Nov";14;"No";NA;"B: Evident Injury";"Non-Roadway";"Black";"Male";"Burlington";"Alamance";"No";"01-01-05";2007-06-29;"Non-Roadway";14;"Non-Roadway";"01-06-01";1-01-01 14:36:58;"Non-Roadway";460910;2007;"B: Evident Injury";"Commercial";"30-39";35;"No";"6-10 mph";"O: No Injury";"White";"Female";"Passenger Car";"No";"No";"Daylight";"Urban (>70% Developed)";NA;2;"Straight - Level";"Public Vehicular Area";"Dry";"One-Way, Not Divided";"None";"No Special Feature";"Smooth Asphalt";"Piedmont";"Urban";NA;"No Control Present";"Clear";"No";"36.091724, -79.390274"
"1645";481;482;"Yes";"30-39";37;"No";"With Traffic";"B: Evident Injury";"Travel Lane";"White";"Male";"Huntersville";"Mecklenburg";"No";"01-01-03";2007-08-22;"Loss of Control / Turning Error";7;"Non-Intersection";"01-08-01";1-01-01 07:43:58;"Bicyclist Lost Control - Mechanical Problems";311121;2007;"B: Evident Injury";"Commercial";"50-59";58;"No";"6-10 mph";"O: No Injury";"White";"Male";"Single Unit Truck (3 Or More Axles)";"No";"No";"Daylight";"Urban (>70% Developed)";"2 lanes";2;"Straight - Level";"Local Street";"Dry";"Two-Way, Not Divided";"None";"Four-Way Intersection";"Smooth Asphalt";"Piedmont";"Urban";"20 - 25  MPH";"Stop And Go Signal";"Clear";"No";"35.410664, -80.842896"
"1646";485;486;"No";"60-69";63;"No";"With Traffic";"B: Evident Injury";"Travel Lane";"White";"Male";"Eden";"Rockingham";"No";"01-01-02";2007-08-28;"Other / Unusual Circumstances";14;"Non-Intersection";"01-08-01";1-01-01 14:40:58;"Unusual Circumstances";311800;2007;"B: Evident Injury";"Commercial";"60-69";67;"No";"41-45 mph";"O: No Injury";"White";"Male";"Single Unit Truck (2-Axle, 6-Tire)";"No";"No";"Daylight";"Urban (>70% Developed)";"2 lanes";2;"Straight - Grade";"Local Street";"Dry";"Two-Way, Not Divided";"None";"No Special Feature";"Smooth Asphalt";"Piedmont";"Urban";"40 - 45  MPH";"No Control Present";"Cloudy";"No";"36.516785, -79.74948"
"1647";496;497;"Yes";"20-24";20;"No";"Facing Traffic";"B: Evident Injury";"Travel Lane";"White";"Female";"Kill Devil Hills";"Dare";"No";NA;2007-07-02;"Motorist Failed to Yield - Midblock";11;"Non-Intersection";"01-07-01";1-01-01 11:47:58;"Motorist Drive Out - Commercial Driveway / Alley";312322;2007;"B: Evident Injury";"Commercial";"40-49";49;"No";"0-5 mph";"O: No Injury";"Asian";"Male";"Passenger Car";"No";"No";"Daylight";"Urban (>70% Developed)";"5 lanes";2;"Straight - Level";"US Route";"Dry";"Two-Way, Not Divided";"None";"No Special Feature";"Coarse Asphalt";"Coastal";"Urban";NA;"No Control Present";"Clear";"No";"35.99272, -75.6485"
"1648";10;11;"Yes";"50-59";58;"No";"With Traffic";"K: Killed";"Travel Lane";"White";"Male";"Charlotte";"Mecklenburg";"No";"01-01-05";2008-02-08;"Motorist Left Turn / Merge";15;"Intersection";"01-02-01";1-01-01 15:51:58;"Motorist Left Turn - Opposite Direction";111212;2008;"K: Killed";"Commercial";"50-59";50;"No";"21-25 mph";"O: No Injury";"Black";"Female";"Passenger Car";"No";"No";"Daylight";"Urban (>70% Developed)";"3 lanes";2;"Curve - Hillcrest";"Local Street";"Dry";"Two-Way, Divided, Positive Median Barrier";"None";"Four-Way Intersection";"Smooth Asphalt";"Piedmont";"Urban";"30 - 35  MPH";"Stop And Go Signal";"Clear";"No";"0.0, 0.0"
"1649";35;36;"Yes";"25-29";29;"No";"With Traffic";"B: Evident Injury";"Travel Lane";"White";"Male";"Charlotte";"Mecklenburg";"No";"01-01-03";2008-04-02;"Loss of Control / Turning Error";10;"Intersection-Related";"01-04-01";1-01-01 10:27:58;"Motorist Lost Control - Other /";211139;2008;"B: Evident Injury";"Residential";"0-19";19;"No";"6-10 mph";"O: No Injury";"White";"Male";"Passenger Car";"No";"No";"Daylight";"Mixed (30% To 70% Developed)";"2 lanes";3;"Straight - Level";"Local Street";"Dry";"Two-Way, Not Divided";"None";"T-Intersection";"Smooth Asphalt";"Piedmont";"Urban";"40 - 45  MPH";"Stop Sign";"Clear";"No";"0.0, 0.0"
"1650";37;38;"No";"10-Jun";10;"No";"With Traffic";"C: Possible Injury";"Travel Lane";"Black";"Male";"Gastonia";"Gaston";"No";"01-01-03";2008-01-09;"Bicyclist Failed to Yield - Sign-Controlled Intersection";16;"Intersection";NA;1-01-01 16:05:58;"Bicyclist Ride Through - Sign-Controlled Intersection";111144;2008;"C: Possible Injury";"Residential";"30-39";33;"No";"16-20 mph";"O: No Injury";"White";"Male";"Pickup";"No";"No";"Daylight";"Urban (>70% Developed)";"2 lanes";2;"Straight - Level";"Local Street";"Dry";"Two-Way, Not Divided";"None";"Four-Way Intersection";"Coarse Asphalt";"Piedmont";"Urban";"20 - 25  MPH";"Stop Sign";"Clear";"No";"0.0, 0.0"
"1651";42;43;"No";"10-Jun";8;"No";"With Traffic";"O: No Injury";"Travel Lane";"Black";"Male";"Durham";"Durham";"No";"01-01-04";2008-04-03;"Bicyclist Failed to Yield - Sign-Controlled Intersection";17;"Intersection";"01-04-01";1-01-01 17:28:58;"Bicyclist Ride Out - Sign-Controlled Intersection";111142;2008;"O: No Injury";"Residential";"70+";NA;"No";"31-35 mph";"O: No Injury";"Black";"Female";"Passenger Car";"No";"No";"Daylight";"Urban (>70% Developed)";"2 lanes";2;"Straight - Level";"Local Street";"Wet";"Two-Way, Divided, Unprotected Median";"None";"Four-Way Intersection";"Smooth Asphalt";"Piedmont";"Urban";"30 - 35  MPH";"Stop Sign";"Rain";"No";"0.0, 0.0"
"1652";50;51;"Yes";"40-49";44;"No";"With Traffic";"C: Possible Injury";"Travel Lane";"White";"Male";"Wilmington";"New Hanover";"No";"01-01-02";2008-01-15;"Bicyclist Overtaking Motorist";23;"Intersection-Related";NA;1-01-01 23:21:58;"Bicyclist Overtaking - Parked Vehicle";211243;2008;"C: Possible Injury";"Commercial";NA;NA;"Missing";"0-5 mph";"Injury";"/Missing";NA;"Passenger Car";"No";"No";"Dark - Lighted Roadway";"Urban (>70% Developed)";"2 lanes";2;"Straight - Hillcrest";"Local Street";"Dry";"Two-Way, Not Divided";"None";"No Special Feature";"Coarse Asphalt";"Coastal";"Urban";"20 - 25  MPH";"Missing";"Clear";"No";"0.0, 0.0"
"1653";51;52;"Yes";"16-19";18;"No";"With Traffic";"O: No Injury";"Sidewalk / Crosswalk / Driveway Crossing";"Black";"Male";"Pembroke";"Robeson";"No";"01-01-04";2008-04-03;"Crossing Paths - Other Circumstances";16;"Intersection";"01-04-01";1-01-01 16:38:58;"Crossing Paths - Uncontrolled Intersection";131160;2008;"O: No Injury";"Residential";"40-49";43;"No";"26-30 mph";"O: No Injury";"Native American";"Female";"Passenger Car";"No";"No";"Daylight";"Urban (>70% Developed)";"4 lanes";2;"Straight - Level";"Local Street";"Wet";"Two-Way, Not Divided";"None";"No Special Feature";"Smooth Asphalt";"Coastal";"Rural";"30 - 35  MPH";"No Control Present";"Clear";"No";"0.0, 0.0"
"1654";54;55;"Yes";"40-49";40;"No";"With Traffic";"B: Evident Injury";"Bike Lane / Paved Shoulder";"Black";"Male";"Fayetteville";"Cumberland";"No";NA;2008-01-21;"Motorist Overtaking Bicyclist";14;"Non-Intersection";NA;1-01-01 14:44:58;"Motorist Overtaking - Other /";321239;2008;"B: Evident Injury";"Commercial";"60-69";64;"No";"41-45 mph";"O: No Injury";"White";"Male";"Sport Utility";"No";"No";"Daylight";"Urban (>70% Developed)";"4 lanes";2;"Curve - Hillcrest";"Local Street";"Dry";"Two-Way, Divided, Unprotected Median";"None";"No Special Feature";"Smooth Asphalt";"Coastal";"Urban";"50 - 55  MPH";"No Control Present";"Clear";"No";"0.0, 0.0"
"1655";61;62;"Yes";"50-59";53;"No";"With Traffic";"B: Evident Injury";"Travel Lane";"White";"Male";"None - Rural Crash";"Cleveland";"No";"01-01-06";2008-04-12;"Motorist Overtaking Bicyclist";10;"Non-Intersection";"01-04-01";1-01-01 10:48:58;"Motorist Overtaking - Misjudged Space";311232;2008;"B: Evident Injury";"Farms, Woods, Pastures";"50-59";50;"No";"41-45 mph";"O: No Injury";"White";"Male";"Pickup";"No";"No";"Daylight";"Rural (<30% Developed)";"2 lanes";2;"Straight - Level";"NC Route";"Wet";"Two-Way, Not Divided";"None";"No Special Feature";"Smooth Asphalt";"Mountains";"Rural";"50 - 55  MPH";"No Control Present";"Rain";"No";"0.0, 0.0"
"1656";77;78;"Yes";"50-59";50;"Yes";"With Traffic";"C: Possible Injury";"Travel Lane";"White";"Male";"None - Rural Crash";"Vance";"Yes";"01-01-05";2008-02-01;"Motorist Overtaking Bicyclist";18;"Non-Intersection";"01-02-01";1-01-01 18:14:58;"Motorist Overtaking - Bicyclist Swerved";311235;2008;"C: Possible Injury";"Residential";"60-69";62;"No";"51-55 mph";"O: No Injury";"White";"Male";"Pickup";"No";"No";"Dark - Roadway Not Lighted";"Mixed (30% To 70% Developed)";"2 lanes";2;"Straight - Level";"State Secondary Route";"Dry";"Two-Way, Not Divided";"None";"No Special Feature";"Smooth Asphalt";"Piedmont";"Rural";"50 - 55  MPH";"Missing";"Clear";"No";"0.0, 0.0"
"1657";78;79;"No";"30-39";33;"No";"With Traffic";"O: No Injury";"Travel Lane";"White";"Male";"Charlotte";"Mecklenburg";"No";"01-01-03";2008-04-16;"Motorist Overtaking Bicyclist";16;"Non-Intersection";"01-04-01";1-01-01 16:22:58;"Motorist Overtaking - Other /";311239;2008;"O: No Injury";"Residential";NA;NA;"Missing";"21-25 mph";"Injury";"/Missing";NA;"Passenger Car";"No";"Yes";"Daylight";"Urban (>70% Developed)";"2 lanes";2;"Straight - Level";"Local Street";"Dry";"Two-Way, Not Divided";"None";"No Special Feature";"Smooth Asphalt";"Piedmont";"Urban";"20 - 25  MPH";"No Control Present";"Clear";"No";"0.0, 0.0"
"1658";82;83;"Yes";"30-39";30;"Yes";"With Traffic";"B: Evident Injury";"Travel Lane";"White";"Male";"Carrboro";"Orange";"Yes";"01-01-05";2008-02-01;"Motorist Left Turn / Merge";22;"Intersection";"01-02-01";1-01-01 22:46:58;"Motorist Left Turn - Opposite Direction";111212;2008;"B: Evident Injury";"Residential";"40-49";43;"No";"16-20 mph";"O: No Injury";"Asian";"Male";"Passenger Car";"No";"No";"Dark - Lighted Roadway";"Urban (>70% Developed)";"3 lanes";2;"Straight - Level";"Local Street";"Dry";"Two-Way, Not Divided";"None";"T-Intersection";"Coarse Asphalt";"Piedmont";"Urban";"20 - 25  MPH";"Stop Sign";"Clear";"No";"0.0, 0.0"
"1659";84;85;"No";"10-Jun";8;"No";"Not Applicable";"O: No Injury";"Other";"Black";"Male";"Chadbourn";"Columbus";"No";"01-01-06";2008-02-02;"Bicyclist Failed to Yield - Midblock";14;"Non-Intersection";"01-02-01";1-01-01 14:19:58;"Bicyclist Ride Out - Other Midblock";383318;2008;"O: No Injury";"Institutional";"0-19";19;"No";"6-10 mph";"O: No Injury";"Black";"Male";"Pickup";"No";"No";"Daylight";"Urban (>70% Developed)";"2 lanes";2;"Straight - Level";"Local Street";"Dry";"Two-Way, Not Divided";"None";"No Special Feature";"Smooth Asphalt";"Coastal";"Rural";"20 - 25  MPH";"No Control Present";"Clear";"No";"0.0, 0.0"
"1660";86;87;"No";"15-Nov";13;"No";"With Traffic";"O: No Injury";"Travel Lane";"White";"Male";"None - Rural Crash";"New Hanover";"No";NA;2008-02-04;"Bicyclist Failed to Yield - Sign-Controlled Intersection";10;"Intersection";"01-02-01";1-01-01 10:45:58;"Bicyclist Ride Through - Sign-Controlled Intersection";111144;2008;"O: No Injury";"Residential";"50-59";56;"No";"16-20 mph";"O: No Injury";"White";"Female";"Sport Utility";"No";"No";NA;"Rural (<30% Developed)";"2 lanes";2;"Straight - Level";"State Secondary Route";NA;"Two-Way, Not Divided";NA;"Four-Way Intersection";"Smooth Asphalt";"Coastal";"Rural";"30 - 35  MPH";"Stop Sign";"Other";"No";"0.0, 0.0"
"1661";112;113;"No";"30-39";37;"No";"With Traffic";"O: No Injury";"Sidewalk / Crosswalk / Driveway Crossing";"Black";"Male";"Charlotte";"Mecklenburg";"No";"01-01-03";2008-04-16;"Motorist Right Turn / Merge";19;"Intersection";"01-04-01";1-01-01 19:01:58;"Motorist Right Turn - Same Direction";131213;2008;"O: No Injury";"Commercial";NA;NA;"No";NA;"Injury";"Black";"Male";"Passenger Car";"No";"Yes";"Daylight";"Mixed (30% To 70% Developed)";"2 lanes";2;"Straight - Level";"Local Street";"Dry";"Two-Way, Divided, Positive Median Barrier";"None";"No Special Feature";"Smooth Asphalt";"Piedmont";"Urban";NA;"Stop And Go Signal";"Clear";"No";"0.0, 0.0"
"1662";118;119;"Yes";"25-29";26;"No";"With Traffic";"B: Evident Injury";"Travel Lane";"Black";"Male";"Durham";"Durham";"No";"01-01-02";2008-02-19;"Motorist Overtaking Bicyclist";19;"Non-Intersection";"01-02-01";1-01-01 19:14:58;"Motorist Overtaking - Other /";311239;2008;"B: Evident Injury";"Residential";NA;NA;"Missing";"41-45 mph";"Injury";"/Missing";NA;NA;"No";"Yes";"Dark - Roadway Not Lighted";"Mixed (30% To 70% Developed)";"2 lanes";2;"Straight - Level";"State Secondary Route";"Dry";"Two-Way, Not Divided";"None";"No Special Feature";"Smooth Asphalt";"Piedmont";"Urban";"40 - 45  MPH";"Double Yellow Line, No Passing Zone";"Clear";"No";"0.0, 0.0"
"1663";119;120;"No";"10-Jun";10;"No";"With Traffic";"O: No Injury";"Bike Lane / Paved Shoulder";"White";"Male";"None - Rural Crash";"Brunswick";"No";"01-01-02";2008-02-19;"Bicyclist Left Turn / Merge";18;"Non-Intersection";"01-02-01";1-01-01 18:14:58;"Bicyclist Left Turn - Same Direction";321221;2008;"O: No Injury";"Farms, Woods, Pastures";"60-69";62;"No";NA;"O: No Injury";"White";"Female";"Passenger Car";"No";"No";"Daylight";"Rural (<30% Developed)";"2 lanes";2;"Straight - Level";"State Secondary Route";"Dry";"Two-Way, Not Divided";"None";"No Special Feature";"Coarse Asphalt";"Coastal";"Rural";NA;"Missing";"Clear";"No";"0.0, 0.0"
"1664";137;138;"No";"16-19";19;"No";"With Traffic";"C: Possible Injury";"Travel Lane";"White";"Male";"Goldsboro";"Wayne";"No";"01-01-06";2008-03-01;"Bicyclist Overtaking Motorist";15;"Intersection";"01-03-01";1-01-01 15:23:58;"Bicyclist Overtaking - Passing on Right";111241;2008;"C: Possible Injury";"Commercial";"60-69";61;"No";"0-5 mph";"O: No Injury";"White";"Female";"Passenger Car";"No";"No";"Daylight";"Urban (>70% Developed)";"4 lanes";2;"Straight - Level";"Local Street";"Dry";"Two-Way, Divided, Unprotected Median";"None";"On or Off Ramp";"Smooth Asphalt";"Coastal";"Urban";"30 - 35  MPH";"Stop And Go Signal";"Clear";"No";"0.0, 0.0"
"1665";138;139;"Yes";"25-29";25;"No";"Facing Traffic";"C: Possible Injury";"Sidewalk / Crosswalk / Driveway Crossing";"Black";"Male";"Greensboro";"Guilford";"No";"01-01-07";2008-03-02;"Bicyclist Failed to Yield - Signalized Intersection";13;"Intersection";"01-03-01";1-01-01 13:48:58;"Bicyclist Ride Through - Signalized Intersection";132155;2008;"C: Possible Injury";"Commercial";"20-24";21;"No";"11-15 mph";"O: No Injury";"Black";"Female";"Passenger Car";"No";"No";"Daylight";"Urban (>70% Developed)";"3 lanes";2;"Straight - Level";"Local Street";"Dry";"Two-Way, Not Divided";"None";"Four-Way Intersection";"Smooth Asphalt";"Piedmont";"Urban";"30 - 35  MPH";"Stop And Go Signal";"Clear";"No";"0.0, 0.0"
"1666";139;140;"No";"10-Jun";9;"No";"Not Applicable";"B: Evident Injury";"Non-Roadway";"Black";"Male";"Burlington";"Alamance";"No";NA;2008-03-03;"Non-Roadway";16;"Non-Roadway";"01-03-01";1-01-01 16:19:58;"Non-Roadway";460910;2008;"B: Evident Injury";"Residential";"40-49";43;"No";"0-5 mph";"O: No Injury";"Black";"Male";"Passenger Car";"No";"No";"Daylight";"Urban (>70% Developed)";NA;2;"Straight - Level";"Public Vehicular Area";"Dry";"Two-Way, Not Divided";"None";"Driveway, Public";"Coarse Asphalt";"Piedmont";"Urban";"5 - 15 MPH";"No Control Present";"Clear";"No";"0.0, 0.0"
"1667";142;143;"Yes";"16-19";18;"No";"With Traffic";"C: Possible Injury";"Travel Lane";"White";"Female";"None - Rural Crash";"Forsyth";"No";NA;2008-03-03;"Bicyclist Left Turn / Merge";14;"Non-Intersection";"01-03-01";1-01-01 13:59:58;"Bicyclist Left Turn - Same Direction";311221;2008;"C: Possible Injury";"Residential";"30-39";35;"No";"46-50 mph";"O: No Injury";"White";"Male";"Passenger Car";"No";"No";"Daylight";"Mixed (30% To 70% Developed)";"2 lanes";2;"Straight - Level";"State Secondary Route";"Dry";"Two-Way, Not Divided";"None";"No Special Feature";"Smooth Asphalt";"Piedmont";"Rural";"40 - 45  MPH";"Double Yellow Line, No Passing Zone";"Clear";"No";"0.0, 0.0"
"1668";147;148;"No";"25-29";28;"No";"Facing Traffic";"B: Evident Injury";"Sidewalk / Crosswalk / Driveway Crossing";"White";"Male";"Greensboro";"Guilford";"No";"01-01-03";2008-03-05;"Motorist Failed to Yield - Sign-Controlled Intersection";17;"Intersection";"01-03-01";1-01-01 17:55:58;"Motorist Drive Out - Sign-Controlled Intersection";132141;2008;"B: Evident Injury";"Commercial";NA;NA;"Missing";NA;"Injury";"/Missing";NA;NA;"No";"Yes";"Daylight";"Urban (>70% Developed)";"3 lanes";2;"Straight - Level";"Public Vehicular Area";"Dry";"Two-Way, Not Divided";"None";"No Special Feature";"Coarse Asphalt";"Piedmont";"Urban";NA;"Stop Sign";"Clear";"No";"0.0, 0.0"
"1669";149;150;"No";"70+";NA;"No";"With Traffic";"C: Possible Injury";"Travel Lane";"White";"Male";"None - Rural Crash";"Guilford";"No";"01-01-04";2008-03-06;"Motorist Overtaking Bicyclist";13;"Non-Intersection";"01-03-01";1-01-01 13:29:58;"Motorist Overtaking - Misjudged Space";311232;2008;"C: Possible Injury";"Farms, Woods, Pastures";"50-59";55;"No";"36-40 mph";"O: No Injury";"White";"Male";"Sport Utility";"No";"No";"Daylight";"Rural (<30% Developed)";"2 lanes";2;"Straight - Grade";"State Secondary Route";"Dry";"Two-Way, Not Divided";"None";"No Special Feature";"Coarse Asphalt";"Piedmont";"Rural";"40 - 45  MPH";"Double Yellow Line, No Passing Zone";"Clear";"No";"0.0, 0.0"
"1670";159;160;"Yes";"15-Nov";12;"No";"Facing Traffic";"B: Evident Injury";"Sidewalk / Crosswalk / Driveway Crossing";"White";"Male";"Chapel Hill";"Orange";"No";"01-01-02";2008-03-11;"Motorist Failed to Yield - Sign-Controlled Intersection";15;"Intersection";"01-03-01";1-01-01 15:23:58;"Motorist Drive Out - Sign-Controlled Intersection";132141;2008;"B: Evident Injury";"Residential";"40-49";49;"No";"0-5 mph";"O: No Injury";"White";"Male";"Passenger Car";"No";"No";"Daylight";"Urban (>70% Developed)";"2 lanes";2;"Straight - Bottom";"Local Street";"Dry";"Two-Way, Not Divided";"None";"T-Intersection";"Smooth Asphalt";"Piedmont";"Urban";"20 - 25  MPH";"Stop Sign";"Clear";"No";"0.0, 0.0"
"1671";162;163;"Yes";"60-69";60;"No";"With Traffic";"O: No Injury";NA;"White";"Male";"Asheville";"Buncombe";"No";"01-01-03";2008-03-05;"Loss of Control / Turning Error";8;"Non-Intersection";"01-03-01";1-01-01 08:26:58;"Motorist Lost Control - Other /";391139;2008;"B: Evident Injury";"Commercial";"40-49";45;"No";"41-45 mph";"B: Evident Injury";"White";"Male";"Pickup";"No";"No";"Daylight";"Urban (>70% Developed)";"2 lanes";3;"Straight - Level";"US Route";"Dry";"Two-Way, Not Divided";"None";"No Special Feature";"Coarse Asphalt";"Mountains";"Urban";"40 - 45  MPH";"Double Yellow Line, No Passing Zone";"Cloudy";"No";"0.0, 0.0"