"FID";"OBJECTID";"AmbulanceR";"BikeAge_Gr";"Bike_Age";"Bike_Alc_D";"Bike_Dir";"Bike_Injur";"Bike_Pos";"Bike_Race";"Bike_Sex";"City";"County";"CrashAlcoh";"CrashDay";"Crash_Date";"Crash_Grp";"Crash_Hour";"Crash_Loc";"Crash_Mont";"Crash_Time";"Crash_Type";"Crash_Ty_1";"Crash_Year";"Crsh_Sevri";"Developmen";"DrvrAge_Gr";"Drvr_Age";"Drvr_Alc_D";"Drvr_EstSp";"Drvr_Injur";"Drvr_Race";"Drvr_Sex";"Drvr_VehTy";"ExcsSpdInd";"Hit_Run";"Light_Cond";"Locality";"Num_Lanes";"Num_Units";"Rd_Charact";"Rd_Class";"Rd_Conditi";"Rd_Config";"Rd_Defects";"Rd_Feature";"Rd_Surface";"Region";"Rural_Urba";"Speed_Limi";"Traff_Cntr";"Weather";"Workzone_I";"Location"
"1672";163;164;"No";"40-49";49;"No";"Facing Traffic";"B: Evident Injury";"Sidewalk / Crosswalk / Driveway Crossing";"White";"Male";"Winston-Salem";"Forsyth";"No";"01-01-04";2008-03-06;"Motorist Failed to Yield - Sign-Controlled Intersection";7;"Intersection";"01-03-01";1-01-01 07:46:58;"Motorist Drive Out - Sign-Controlled Intersection";132141;2008;"B: Evident Injury";"Residential";"40-49";45;"No";"6-10 mph";"O: No Injury";"White";"Female";"Sport Utility";"No";"No";"Daylight";"Urban (>70% Developed)";"2 lanes";2;"Straight - Level";"Local Street";"Dry";"Two-Way, Not Divided";"None";"T-Intersection";"Smooth Asphalt";"Piedmont";"Urban";"30 - 35  MPH";"Stop Sign";"Clear";"No";"0.0, 0.0"
"1673";166;167;"No";"10-Jun";10;"No";"Facing Traffic";"B: Evident Injury";"Sidewalk / Crosswalk / Driveway Crossing";"White";"Female";"Charlotte";"Mecklenburg";"No";"01-01-05";2008-05-09;"Motorist Failed to Yield - Signalized Intersection";15;"Intersection";"01-05-01";1-01-01 15:54:58;"Motorist Drive Out - Right Turn on Red";132151;2008;"B: Evident Injury";"Commercial";"25-29";28;"No";"0-5 mph";"O: No Injury";"White";"Male";"Passenger Car";"No";"No";"Daylight";"Urban (>70% Developed)";"2 lanes";2;"Straight - Grade";"Local Street";"Dry";"Two-Way, Divided, Positive Median Barrier";"Other";"Four-Way Intersection";"Coarse Asphalt";"Piedmont";"Urban";"30 - 35  MPH";"Stop And Go Signal";"Clear";"No";"0.0, 0.0"
"1674";168;169;"Yes";"40-49";42;"No";"Facing Traffic";"A: Disabling Injury";"Bike Lane / Paved Shoulder";"Hispanic";"Male";"Raleigh";"Wake";"No";"01-01-02";2008-03-11;"Parallel Paths - Other Circumstances";7;"Intersection";"01-03-01";1-01-01 07:28:58;"Bicyclist Ride Out - Parallel Path";122225;2008;"A: Disabling Injury";"Commercial";"40-49";41;"No";"31-35 mph";"C: Possible Injury";"White";"Female";"Passenger Car";"No";"No";"Daylight";"Urban (>70% Developed)";"1 lane";2;"Curve - Level";"Local Street";"Dry";"One-Way, Not Divided";"None";"On or Off Ramp";"Smooth Asphalt";"Piedmont";"Urban";"30 - 35  MPH";"No Control Present";"Clear";"No";"0.0, 0.0"
"1675";183;184;"Yes";"10-Jun";8;"No";"Not Applicable";"A: Disabling Injury";"Driveway / Alley";"White";"Male";"None - Rural Crash";"Person";"No";"01-01-04";2008-03-20;"Bicyclist Failed to Yield - Midblock";18;"Non-Intersection";"01-03-01";1-01-01 18:35:58;"Bicyclist Ride Out - Residential Driveway";353311;2008;"A: Disabling Injury";"Residential";"40-49";42;"No";"31-35 mph";"O: No Injury";"White";"Female";"Sport Utility";"No";"No";"Daylight";"Mixed (30% To 70% Developed)";"2 lanes";2;"Straight - Level";"State Secondary Route";"Dry";"Two-Way, Not Divided";"None";"Driveway, Private";"Smooth Asphalt";"Piedmont";"Rural";"30 - 35  MPH";"Double Yellow Line, No Passing Zone";"Clear";"No";"0.0, 0.0"
"1676";185;186;"Yes";"15-Nov";14;"No";"Not Applicable";"B: Evident Injury";"Non-Roadway";"White";"Male";"Elizabeth City";"Pasquotank";"No";"01-01-06";2008-03-22;"Bicyclist Failed to Yield - Midblock";14;"Non-Intersection";"01-03-01";1-01-01 14:30:58;"Bicyclist Ride Out - Other Midblock";363318;2008;"B: Evident Injury";"Commercial";"0-19";18;"No";"31-35 mph";"O: No Injury";"White";"Male";"Passenger Car";"No";"No";"Daylight";"Urban (>70% Developed)";"5 lanes";2;"Straight - Level";"Local Street";"Dry";"Two-Way, Not Divided";"None";"No Special Feature";"Smooth Asphalt";"Coastal";"Urban";"30 - 35  MPH";"No Control Present";"Clear";"No";"0.0, 0.0"
"1677";190;191;"Yes";"25-29";29;"Yes";"With Traffic";"B: Evident Injury";"Bike Lane / Paved Shoulder";"Hispanic";"Male";"Oxford";"Granville";"Yes";NA;2008-02-04;"Motorist Overtaking Bicyclist";16;"Non-Intersection";"01-02-01";1-01-01 16:52:58;"Motorist Overtaking - Misjudged Space";321232;2008;"B: Evident Injury";"Commercial";NA;NA;"Missing";NA;"Injury";"/Missing";NA;NA;"No";"Yes";"Daylight";"Urban (>70% Developed)";"2 lanes";2;"Straight - Grade";"Local Street";"Dry";"Two-Way, Not Divided";"None";"No Special Feature";"Smooth Asphalt";"Piedmont";"Urban";NA;"Missing";"Clear";"No";"0.0, 0.0"
"1678";198;199;"No";"15-Nov";14;"No";"Facing Traffic";"C: Possible Injury";"Sidewalk / Crosswalk / Driveway Crossing";"Black";"Male";"Raleigh";"Wake";"No";"01-01-04";2008-03-27;"Motorist Failed to Yield - Midblock";18;"Non-Intersection";"01-03-01";1-01-01 18:44:58;"Motorist Drive Out - Commercial Driveway / Alley";332322;2008;"C: Possible Injury";"Residential";NA;NA;"Missing";NA;"Injury";"/Missing";NA;NA;"No";"Yes";"Daylight";"Urban (>70% Developed)";NA;2;"Straight - Level";"Public Vehicular Area";"Dry";"Two-Way, Not Divided";"None";"Driveway, Public";"Smooth Asphalt";"Piedmont";"Urban";"30 - 35  MPH";"Missing";"Clear";"No";"0.0, 0.0"
"1679";200;201;"Yes";"15-Nov";14;"No";"Facing Traffic";"C: Possible Injury";"Travel Lane";"White";"Male";"Gastonia";"Gaston";"No";"01-01-05";2008-03-28;"Motorist Failed to Yield - Sign-Controlled Intersection";15;"Intersection";"01-03-01";1-01-01 15:14:58;"Motorist Drive Out - Sign-Controlled Intersection";112141;2008;"C: Possible Injury";"Residential";"40-49";42;"No";"0-5 mph";"O: No Injury";"Black";"Male";"Sport Utility";"No";"No";"Daylight";"Urban (>70% Developed)";"5 lanes";2;"Straight - Grade";"Local Street";"Dry";"Two-Way, Not Divided";"None";"Four-Way Intersection";"Smooth Asphalt";"Piedmont";"Urban";"30 - 35  MPH";"Stop Sign";"Clear";"No";"0.0, 0.0"
"1680";214;215;"Yes";"10-Jun";7;"No";"With Traffic";"C: Possible Injury";"Travel Lane";"Black";"Male";"Charlotte";"Mecklenburg";"No";"01-01-04";2008-05-22;"Bicyclist Failed to Yield - Sign-Controlled Intersection";19;"Intersection";"01-05-01";1-01-01 19:41:58;"Bicyclist Ride Out - Sign-Controlled Intersection";111142;2008;"C: Possible Injury";"Residential";"50-59";59;"No";"21-25 mph";"O: No Injury";"Black";"Male";"Van";"No";"No";"Daylight";"Mixed (30% To 70% Developed)";"2 lanes";2;"Straight - Grade";"Local Street";"Dry";"Two-Way, Not Divided";"None";"No Special Feature";"Smooth Asphalt";"Piedmont";"Urban";"30 - 35  MPH";"No Control Present";"Clear";"No";"0.0, 0.0"
"1681";220;221;"No";"30-39";30;"No";"With Traffic";"B: Evident Injury";"Travel Lane";"White";"Male";"None - Rural Crash";"Pitt";"No";"01-01-02";2008-04-08;"Motorist Overtaking Bicyclist";21;"Non-Intersection";"01-04-01";1-01-01 21:13:58;"Motorist Overtaking - Misjudged Space";311232;2008;"B: Evident Injury";"Residential";NA;NA;"Missing";"36-40 mph";"Injury";"/Missing";NA;NA;"No";"Yes";"Dark - Roadway Not Lighted";"Mixed (30% To 70% Developed)";"2 lanes";2;"Straight - Level";"State Secondary Route";"Dry";"Two-Way, Not Divided";"None";"No Special Feature";"Smooth Asphalt";"Coastal";"Rural";"40 - 45  MPH";"Missing";"Clear";"No";"0.0, 0.0"
"1682";225;226;"No";"30-39";33;"No";"With Traffic";"B: Evident Injury";"Travel Lane";"White";"Male";"Asheville";"Buncombe";"No";"01-01-03";2008-04-09;"Motorist Left Turn / Merge";7;"Intersection";"01-04-01";1-01-01 07:50:58;"Motorist Left Turn - Opposite Direction";111212;2008;"B: Evident Injury";"Commercial";"50-59";55;"No";"16-20 mph";"O: No Injury";"White";"Male";"Sport Utility";"No";"No";"Daylight";"Urban (>70% Developed)";"5 lanes";2;"Straight - Level";"US Route";"Dry";"Two-Way, Not Divided";"None";"Four-Way Intersection";"Smooth Asphalt";"Mountains";"Urban";"40 - 45  MPH";"Stop And Go Signal";"Clear";"No";"0.0, 0.0"
"1683";230;231;"No";"10-Jun";10;"No";"With Traffic";"B: Evident Injury";"Travel Lane";"White";"Male";"Landis";"Rowan";"No";"01-01-05";2008-04-11;"Bicyclist Left Turn / Merge";16;"Non-Intersection";"01-04-01";1-01-01 16:50:58;"Bicyclist Left Turn - Same Direction";311221;2008;"B: Evident Injury";"Residential";"40-49";45;"No";"41-45 mph";"O: No Injury";"White";"Male";"Motorcycle";"No";"No";"Daylight";"Rural (<30% Developed)";NA;2;NA;"Local Street";"Dry";NA;"None";"No Special Feature";NA;"Piedmont";"Rural";"40 - 45  MPH";"Missing";"Clear";"No";"0.0, 0.0"
"1684";235;236;"Yes";"40-49";42;"No";"With Traffic";"C: Possible Injury";"Travel Lane";"Black";"Male";"Durham";"Durham";"No";"01-01-05";2008-05-30;"Parallel Paths - Other Circumstances";23;"Intersection";"01-05-01";1-01-01 23:22:58;"Parallel Paths - Other /";111280;2008;"C: Possible Injury";"Residential";NA;NA;"No";"11-15 mph";"Injury";"/Missing";NA;"Passenger Car";"No";"Yes";"Dark - Lighted Roadway";"Urban (>70% Developed)";"2 lanes";2;"Straight - Level";"Local Street";"Dry";"Two-Way, Not Divided";"None";"No Special Feature";"Coarse Asphalt";"Piedmont";"Urban";"30 - 35  MPH";"Stop Sign";"Clear";"No";"0.0, 0.0"
"1685";239;240;"Yes";"15-Nov";13;"No";NA;"C: Possible Injury";"Travel Lane";"Black";"Male";"Charlotte";"Mecklenburg";"No";NA;2008-06-02;"Bicyclist Failed to Yield - Midblock";18;"Non-Intersection";"01-06-01";1-01-01 18:07:58;"Multiple Threat - Midblock";319357;2008;"C: Possible Injury";"Commercial";"25-29";29;"No";"0-5 mph";"O: No Injury";"White";"Female";"Passenger Car";"No";"No";"Daylight";"Urban (>70% Developed)";"7 lanes";2;"Straight - Level";"Local Street";"Dry";"Two-Way, Divided, Unprotected Median";"None";"No Special Feature";"Smooth Asphalt";"Piedmont";"Urban";"40 - 45  MPH";"No Control Present";"Clear";"No";"0.0, 0.0"
"1686";240;241;"No";"20-24";21;"No";"With Traffic";"C: Possible Injury";"Travel Lane";"White";"Male";"Chapel Hill";"Orange";"No";"01-01-03";2008-04-16;"Motorist Left Turn / Merge";17;"Intersection";"01-04-01";1-01-01 17:27:58;"Motorist Left Turn - Opposite Direction";111212;2008;"C: Possible Injury";"Institutional";"20-24";24;"No";NA;"O: No Injury";"White";"Female";"Passenger Car";"No";"No";"Daylight";"Urban (>70% Developed)";"2 lanes";2;"Straight - Level";"Local Street";"Dry";"Two-Way, Divided, Unprotected Median";"None";"No Special Feature";"Smooth Asphalt";"Piedmont";"Urban";NA;"Missing";"Clear";"No";"0.0, 0.0"
"1687";244;245;"Yes";"25-29";28;"No";"With Traffic";"B: Evident Injury";NA;"White";"Male";"Raleigh";"Wake";"No";"01-01-04";2008-04-17;"Motorist Left Turn / Merge";8;"Intersection";"01-04-01";1-01-01 08:45:58;"Motorist Left Turn - Opposite Direction";191212;2008;"B: Evident Injury";"Commercial";"20-24";20;"No";"6-10 mph";"O: No Injury";"White";"Female";"Passenger Car";"No";"No";"Daylight";"Urban (>70% Developed)";"5 lanes";2;"Straight - Level";"Local Street";"Dry";"Two-Way, Divided, Unprotected Median";"None";"Four-Way Intersection";"Coarse Asphalt";"Piedmont";"Urban";"30 - 35  MPH";"Stop And Go Signal";"Clear";"No";"0.0, 0.0"
"1688";246;247;"No";"16-19";16;"No";NA;"C: Possible Injury";NA;"Other";"Male";"Havelock";"Craven";"No";"01-01-04";2008-04-17;"Other /  - Insufficient Details";14;"Location";"01-04-01";1-01-01 14:54:58;"Location";999980;2008;"C: Possible Injury";"Residential";NA;NA;"Missing";"0-5 mph";"Injury";"/Missing";NA;NA;"No";"Yes";"Daylight";"Urban (>70% Developed)";"2 lanes";2;"Straight - Level";"Local Street";"Dry";"Two-Way, Not Divided";"None";"T-Intersection";"Smooth Asphalt";"Coastal";"Urban";"20 - 25  MPH";"Missing";"Clear";"No";"0.0, 0.0"
"1689";248;249;"No";"20-24";20;"No";"With Traffic";"B: Evident Injury";"Travel Lane";"Native American";"Female";"None - Rural Crash";"Robeson";"No";"01-01-05";2008-05-23;"Motorist Overtaking Bicyclist";4;"Non-Intersection";"01-05-01";1-01-01 04:23:58;"Motorist Overtaking - Undetected Bicyclist";311231;2008;"B: Evident Injury";"Farms, Woods, Pastures";"60-69";63;"No";"51-55 mph";"O: No Injury";"White";"Male";"Tractor/Semi-Trailer";"No";"No";"Dark - Roadway Not Lighted";"Rural (<30% Developed)";"2 lanes";2;"Straight - Level";"NC Route";"Dry";"Two-Way, Not Divided";"None";"No Special Feature";"Coarse Asphalt";"Coastal";"Rural";"50 - 55  MPH";"No Control Present";"Clear";"No";"0.0, 0.0"
"1690";256;257;"Yes";"50-59";54;"No";"With Traffic";"B: Evident Injury";"Travel Lane";"Black";"Male";"Raleigh";"Wake";"No";"01-01-03";2008-04-30;"Bicyclist Failed to Yield - Sign-Controlled Intersection";17;"Intersection";"01-04-01";1-01-01 17:14:58;"Bicyclist Ride Out - Sign-Controlled Intersection";111142;2008;"B: Evident Injury";"Commercial";"40-49";49;"No";"41-45 mph";"O: No Injury";"White";"Female";"Passenger Car";"No";"No";"Daylight";"Urban (>70% Developed)";"6 lanes";2;"Straight - Level";"Local Street";"Dry";"Two-Way, Not Divided";"None";"No Special Feature";"Smooth Asphalt";"Piedmont";"Urban";"40 - 45  MPH";"No Control Present";"Clear";"No";"0.0, 0.0"
"1691";262;263;"No";"40-49";48;"Yes";"Facing Traffic";"B: Evident Injury";NA;"Black";"Male";"Raleigh";"Wake";"Yes";"01-01-06";2008-04-19;"Bicyclist Failed to Yield - Signalized Intersection";15;"Intersection";"01-04-01";1-01-01 15:33:58;"Bicyclist Ride Out - Signalized  Intersection";192153;2008;"B: Evident Injury";"Commercial";"40-49";45;"No";"26-30 mph";"O: No Injury";"Black";"Male";"Passenger Car";"No";"No";"Daylight";"Urban (>70% Developed)";"6 lanes";2;"Straight - Level";"Local Street";"Dry";"Two-Way, Divided, Unprotected Median";"None";"Four-Way Intersection";"Smooth Asphalt";"Piedmont";"Urban";"40 - 45  MPH";"Stop And Go Signal";"Clear";"No";"0.0, 0.0"
"1692";266;267;"Yes";"30-39";30;"No";"With Traffic";"B: Evident Injury";"Sidewalk / Crosswalk / Driveway Crossing";"White";"Male";"Jacksonville";"Onslow";"No";"01-01-04";2008-04-24;"Motorist Failed to Yield - Midblock";16;"Non-Intersection";"01-04-01";1-01-01 16:24:58;"Motorist Drive Out - Commercial Driveway / Alley";331322;2008;"B: Evident Injury";"Commercial";"25-29";26;"No";"0-5 mph";"O: No Injury";"Black";"Female";"Passenger Car";"No";"No";"Daylight";"Urban (>70% Developed)";NA;2;"Straight - Level";"Public Vehicular Area";"Dry";"One-Way, Not Divided";"None";"No Special Feature";"Smooth Asphalt";"Coastal";"Urban";"5 - 15 MPH";"Yield Sign";"Clear";"No";"0.0, 0.0"
"1693";272;273;"Yes";"15-Nov";12;"No";"Not Applicable";"C: Possible Injury";NA;"Black";"Male";"Rocky Mount";"Nash";"No";"01-01-02";2008-05-06;"Bicyclist Failed to Yield - Midblock";17;"Non-Intersection";"01-05-01";1-01-01 17:06:58;"Multiple Threat - Midblock";393357;2008;"C: Possible Injury";"Commercial";"20-24";24;"No";"16-20 mph";"O: No Injury";"Black";"Male";"Passenger Car";"No";"No";"Daylight";"Urban (>70% Developed)";"4 lanes";2;"Straight - Level";"Local Street";"Dry";"Two-Way, Not Divided";"None";"Four-Way Intersection";"Smooth Asphalt";"Coastal";"Urban";"30 - 35  MPH";"Double Yellow Line, No Passing Zone";"Clear";"No";"0.0, 0.0"
"1694";274;275;"No";"60-69";63;"No";"Facing Traffic";"B: Evident Injury";"Travel Lane";"White";"Male";"None - Rural Crash";"Rowan";"No";"01-01-05";2008-04-25;"Head-On";17;"Non-Intersection";"01-04-01";1-01-01 17:06:58;"Head-On - Bicyclist";312250;2008;"B: Evident Injury";"Residential";"0-19";9;"No";NA;"O: No Injury";"White";"Female";"Pedalcycle";"No";"No";"Daylight";"Mixed (30% To 70% Developed)";"2 lanes";2;"Straight - Level";"State Secondary Route";"Dry";"Two-Way, Not Divided";"None";"No Special Feature";"Smooth Asphalt";"Piedmont";"Rural";NA;"Double Yellow Line, No Passing Zone";"Clear";"No";"0.0, 0.0"
"1695";288;289;"Yes";"20-24";24;"No";"With Traffic";"B: Evident Injury";"Travel Lane";"White";"Male";"Raleigh";"Wake";"No";"01-01-05";2008-05-02;"Motorist Left Turn / Merge";22;"Intersection";"01-05-01";1-01-01 22:05:58;"Motorist Left Turn - Opposite Direction";111212;2008;"B: Evident Injury";"Commercial";"20-24";21;"No";"16-20 mph";"Injury";"White";"Female";"Passenger Car";"No";"No";"Dark - Lighted Roadway";"Urban (>70% Developed)";"4 lanes";2;"Straight - Level";"Local Street";"Dry";"Two-Way, Divided, Unprotected Median";"None";"No Special Feature";"Smooth Asphalt";"Piedmont";"Urban";"30 - 35  MPH";"Stop And Go Signal";"Clear";"No";"0.0, 0.0"
"1696";290;291;"Yes";"60-69";62;"No";"With Traffic";"B: Evident Injury";"Bike Lane / Paved Shoulder";"White";"Male";"None - Rural Crash";"Duplin";"No";"01-01-06";2008-05-03;"Motorist Right Turn / Merge";13;"Non-Intersection";"01-05-01";1-01-01 12:59:58;"Motorist Right Turn - Same Direction";321213;2008;"B: Evident Injury";"Farms, Woods, Pastures";NA;NA;"Missing";"51-55 mph";"Injury";"/Missing";NA;NA;"No";"Yes";"Daylight";"Rural (<30% Developed)";"2 lanes";2;"Straight - Level";"NC Route";"Dry";"Two-Way, Not Divided";"None";"No Special Feature";"Coarse Asphalt";"Coastal";"Rural";"50 - 55  MPH";"No Control Present";"Clear";"No";"0.0, 0.0"
"1697";294;295;"Yes";"15-Nov";12;"No";"With Traffic";"B: Evident Injury";"Travel Lane";"Hispanic";"Male";"Durham";"Durham";"No";"01-01-03";2008-06-11;"Motorist Failed to Yield - Signalized Intersection";21;"Intersection";"01-06-01";1-01-01 21:17:58;"Motorist Drive Through - Signalized Intersection";111154;2008;"B: Evident Injury";"Commercial";NA;NA;"Missing";"31-35 mph";"Injury";"/Missing";NA;"Passenger Car";"No";"Yes";"Dark - Lighted Roadway";"Urban (>70% Developed)";"2 lanes";2;"Straight - Level";"Local Street";"Dry";"Two-Way, Not Divided";"None";"T-Intersection";"Smooth Asphalt";"Piedmont";"Urban";"30 - 35  MPH";"Stop And Go Signal";"Clear";"No";"0.0, 0.0"
"1698";295;296;"No";"30-39";32;"No";"With Traffic";"B: Evident Injury";"Travel Lane";"Black";"Male";"Durham";"Durham";"No";"01-01-03";2008-06-11;"Bicyclist Failed to Yield - Sign-Controlled Intersection";18;"Intersection";"01-06-01";1-01-01 18:11:58;"Bicyclist Ride Out - Sign-Controlled Intersection";111142;2008;"B: Evident Injury";"Residential";"50-59";50;"No";"31-35 mph";"O: No Injury";"Black";"Male";"Passenger Car";"No";"No";"Daylight";"Urban (>70% Developed)";"2 lanes";2;"Straight - Level";"Local Street";"Dry";"Two-Way, Not Divided";"None";"No Special Feature";"Smooth Asphalt";"Piedmont";"Urban";"30 - 35  MPH";"No Control Present";"Clear";"No";"0.0, 0.0"
"1699";300;301;"Yes";"15-Nov";14;"No";"With Traffic";"B: Evident Injury";"Bike Lane / Paved Shoulder";"Black";"Male";"Kinston";"Lenoir";"No";"01-01-02";2008-06-10;"Bicyclist Left Turn / Merge";17;"Non-Intersection";"01-06-01";1-01-01 17:55:58;"Bicyclist Left Turn - Same Direction";321221;2008;"B: Evident Injury";"Residential";"25-29";28;"No";"31-35 mph";"O: No Injury";"Black";"Female";"Passenger Car";"No";"No";"Daylight";"Urban (>70% Developed)";"4 lanes";2;"Straight - Level";"NC Route";"Dry";"Two-Way, Divided, Unprotected Median";"None";"No Special Feature";"Smooth Asphalt";"Coastal";"Urban";"30 - 35  MPH";"No Control Present";"Clear";"No";"0.0, 0.0"
"1700";302;303;"Yes";"15-Nov";15;"No";NA;"B: Evident Injury";"Non-Roadway";"Black";"Male";"Cary";"Wake";"No";"01-01-06";2008-06-14;"Crossing Paths - Other Circumstances";14;"Intersection";"01-06-01";1-01-01 14:08:58;"Signalized Intersection - Other /";169158;2008;"B: Evident Injury";"Commercial";"25-29";25;"No";"26-30 mph";"O: No Injury";"Black";"Female";"Passenger Car";"No";"No";"Daylight";"Urban (>70% Developed)";"4 lanes";2;"Straight - Level";"State Secondary Route";"Dry";"Two-Way, Divided, Unprotected Median";"None";"Four-Way Intersection";"Smooth Asphalt";"Piedmont";"Urban";"30 - 35  MPH";"Stop And Go Signal";"Clear";"No";"0.0, 0.0"
"1701";922;923;"Yes";"30-39";34;"No";"Facing Traffic";"O: No Injury";"Travel Lane";"White";"Male";"Raleigh";"Wake";"No";"01-01-02";2007-11-13;"Head-On";18;"Non-Intersection";"01-11-01";1-01-01 18:09:58;"Head-On - Bicyclist";312250;2007;"O: No Injury";"Residential";"40-49";47;"No";"6-10 mph";"O: No Injury";"Asian";"Male";"Passenger Car";"No";"No";"Dark - Lighted Roadway";"Urban (>70% Developed)";"2 lanes";2;"Straight - Level";"Local Street";"Dry";"Two-Way, Divided, Unprotected Median";"None";"No Special Feature";"Concrete";"Piedmont";"Urban";"20 - 25  MPH";"No Control Present";"Clear";"No";"35.786217, -78.662285"
"1702";924;925;"No";"30-39";33;"No";"With Traffic";"B: Evident Injury";"Travel Lane";"Black";"Male";"Charlotte";"Mecklenburg";"No";"01-01-05";2007-12-14;"Motorist Left Turn / Merge";8;"Intersection";"01-12-01";1-01-01 08:32:58;"Motorist Left Turn - Opposite Direction";111212;2007;"B: Evident Injury";"Commercial";"25-29";26;"No";"6-10 mph";"O: No Injury";"Black";"Male";"Passenger Car";"No";"No";"Daylight";"Urban (>70% Developed)";"4 lanes";2;"Straight - Grade";"Local Street";"Dry";"Two-Way, Not Divided";"None";"Four-Way Intersection";"Smooth Asphalt";"Piedmont";"Urban";"30 - 35  MPH";"Stop Sign";"Clear";"No";"35.21477, -80.82793"
"1703";925;926;"No";"30-39";36;"No";"With Traffic";"C: Possible Injury";"Travel Lane";"White";"Male";"Asheville";"Buncombe";"No";"01-01-03";2007-11-14;"Motorist Left Turn / Merge";20;"Non-Intersection";"01-11-01";1-01-01 20:13:58;"Motorist Left Turn - Opposite Direction";311212;2007;"C: Possible Injury";"Residential";"40-49";44;"No";NA;"O: No Injury";"Black";"Male";"Passenger Car";"No";"No";"Dark - Lighted Roadway";"Urban (>70% Developed)";"2 lanes";2;"Straight - Level";"Local Street";"Dry";"Two-Way, Not Divided";"None";"No Special Feature";"Smooth Asphalt";"Mountains";"Urban";"20 - 25  MPH";"No Control Present";"Clear";"No";"35.603233, -82.55251"
"1704";927;928;"No";"15-Nov";14;"No";"Facing Traffic";"C: Possible Injury";"Travel Lane";"Black";"Female";"Whiteville";"Columbus";"No";"01-01-05";2007-11-16;"Motorist Failed to Yield - Sign-Controlled Intersection";17;"Intersection";"01-11-01";1-01-01 17:58:58;"Motorist Drive Out - Sign-Controlled Intersection";112141;2007;"C: Possible Injury";"Commercial";NA;NA;"Missing";NA;"Injury";"/Missing";NA;NA;"No";"Yes";"Dark - Lighted Roadway";"Urban (>70% Developed)";"2 lanes";2;"Straight - Level";"US Route";"Dry";"Two-Way, Divided, Unprotected Median";"None";"On or Off Ramp";"Smooth Asphalt";"Coastal";"Urban";NA;"Stop Sign";"Clear";"No";"34.348667, -78.7097"
"1705";929;930;"Yes";"15-Nov";12;"No";"Facing Traffic";"C: Possible Injury";"Travel Lane";"White";"Female";"None - Rural Crash";"Carteret";"No";NA;2007-11-19;"Motorist Left Turn / Merge";16;"Non-Intersection";"01-11-01";1-01-01 16:44:58;"Motorist Left Turn - Same Direction";312211;2007;"C: Possible Injury";"Farms, Woods, Pastures";NA;NA;"Missing";NA;"Injury";"/Missing";NA;NA;"No";"Yes";"Dusk";"Rural (<30% Developed)";"2 lanes";2;"Curve - Level";"State Secondary Route";"Dry";"Two-Way, Not Divided";"None";"No Special Feature";"Coarse Asphalt";"Coastal";"Rural";"30 - 35  MPH";"Double Yellow Line, No Passing Zone";"Clear";"No";"34.796757, -76.84858"
"1706";935;936;"No";"15-Nov";15;"No";"With Traffic";"Injury";"Travel Lane";"/Missing";"Male";"Erwin";"Harnett";"No";"01-01-04";2007-11-22;"Motorist Overtaking Bicyclist";1;"Non-Intersection";"01-11-01";1-01-01 01:00:58;"Motorist Overtaking - Undetected Bicyclist";311231;2007;"Injury";"Commercial";NA;NA;"Missing";"51-55 mph";"Injury";"/Missing";NA;NA;"No";"Yes";"Dark - Roadway Not Lighted";"Urban (>70% Developed)";"4 lanes";2;"Straight - Level";"Local Street";"Dry";"Two-Way, Divided, Unprotected Median";"None";"No Special Feature";"Smooth Asphalt";"Coastal";"Rural";"50 - 55  MPH";"No Control Present";"Clear";"No";"35.32502, -78.65053"
"1707";944;945;"Yes";"10-Jun";8;"No";"With Traffic";"B: Evident Injury";"Travel Lane";"White";"Male";"None - Rural Crash";"Rockingham";"No";"01-01-03";2007-11-28;"Bicyclist Left Turn / Merge";19;"Non-Intersection";"01-11-01";1-01-01 18:59:58;"Bicyclist Left Turn - Same Direction";311221;2007;"B: Evident Injury";"Farms, Woods, Pastures";"60-69";60;"No";"16-20 mph";"O: No Injury";"White";"Female";"Passenger Car";"No";"No";"Dark - Roadway Not Lighted";"Rural (<30% Developed)";"2 lanes";2;"Curve - Grade";"State Secondary Route";"Dry";"Two-Way, Not Divided";"None";"Driveway, Private";"Smooth Asphalt";"Piedmont";"Rural";"50 - 55  MPH";"Double Yellow Line, No Passing Zone";"Clear";"No";"36.44683, -79.64449"
"1708";947;948;"No";NA;NA;"Missing";"With Traffic";"Injury";"Travel Lane";"/Missing";NA;"None - Rural Crash";"Pitt";"No";"01-01-04";2007-11-29;"Motorist Overtaking Bicyclist";18;"Non-Intersection";"01-11-01";1-01-01 18:34:58;"Motorist Overtaking - Other /";311239;2007;"O: No Injury";"Farms, Woods, Pastures";"40-49";41;"No";"51-55 mph";"O: No Injury";"White";"Female";"Passenger Car";"No";"No";"Dark - Roadway Not Lighted";"Rural (<30% Developed)";"2 lanes";2;"Straight - Level";"State Secondary Route";"Dry";"Two-Way, Not Divided";"None";"No Special Feature";"Smooth Asphalt";"Coastal";"Rural";"50 - 55  MPH";"Double Yellow Line, No Passing Zone";"Clear";"No";"35.492966, -77.35381"
"1709";953;954;"Yes";"40-49";45;"No";NA;"B: Evident Injury";"Travel Lane";"White";"Male";"None - Rural Crash";"Brunswick";"No";"01-01-06";2007-12-01;"Non-Roadway";19;"Non-Roadway";"01-12-01";1-01-01 19:41:58;"Non-Roadway";410910;2007;"B: Evident Injury";"Commercial";"30-39";39;"No";"0-5 mph";"O: No Injury";"White";"Male";"Sport Utility";"No";"No";"Dark - Lighted Roadway";"Urban (>70% Developed)";NA;2;"Straight - Level";"Public Vehicular Area";"Dry";"Two-Way, Not Divided";"None";"Driveway, Public";"Smooth Asphalt";"Coastal";"Rural";"5 - 15 MPH";"No Control Present";"Clear";"No";"33.9515, -78.0494"