"FID";"OBJECTID";"AmbulanceR";"BikeAge_Gr";"Bike_Age";"Bike_Alc_D";"Bike_Dir";"Bike_Injur";"Bike_Pos";"Bike_Race";"Bike_Sex";"City";"County";"CrashAlcoh";"CrashDay";"Crash_Date";"Crash_Grp";"Crash_Hour";"Crash_Loc";"Crash_Mont";"Crash_Time";"Crash_Type";"Crash_Ty_1";"Crash_Year";"Crsh_Sevri";"Developmen";"DrvrAge_Gr";"Drvr_Age";"Drvr_Alc_D";"Drvr_EstSp";"Drvr_Injur";"Drvr_Race";"Drvr_Sex";"Drvr_VehTy";"ExcsSpdInd";"Hit_Run";"Light_Cond";"Locality";"Num_Lanes";"Num_Units";"Rd_Charact";"Rd_Class";"Rd_Conditi";"Rd_Config";"Rd_Defects";"Rd_Feature";"Rd_Surface";"Region";"Rural_Urba";"Speed_Limi";"Traff_Cntr";"Weather";"Workzone_I";"Location"
"1710";958;959;"Yes";"40-49";44;"No";"With Traffic";"B: Evident Injury";"Travel Lane";"Black";"Male";"Wilmington";"New Hanover";"No";NA;2007-12-03;"Motorist Overtaking Bicyclist";17;"Non-Intersection";"01-12-01";1-01-01 17:30:58;"Motorist Overtaking - Other /";311239;2007;"B: Evident Injury";"Commercial";"50-59";52;"No";"31-35 mph";"O: No Injury";"Black";"Female";"Sport Utility";"No";"No";"Dark - Lighted Roadway";"Urban (>70% Developed)";"5 lanes";2;"Straight - Level";"Local Street";"Dry";"Two-Way, Divided, Unprotected Median";"None";"No Special Feature";"Smooth Asphalt";"Coastal";"Urban";"30 - 35  MPH";"No Control Present";"Clear";"No";"34.224167, -77.92188"
"1711";959;960;"Yes";"10-Jun";8;"No";NA;"B: Evident Injury";NA;"Black";"Female";"Rocky Mount";"Nash";"No";"01-01-02";2007-12-04;"Bicyclist Failed to Yield - Midblock";16;"Non-Intersection";"01-12-01";1-01-01 16:47:58;"Bicyclist Ride Out - Midblock -";399319;2007;"B: Evident Injury";"Residential";"50-59";56;"No";"26-30 mph";"O: No Injury";"Black";"Female";"Passenger Car";"No";"No";"Dusk";"Urban (>70% Developed)";"2 lanes";2;"Straight - Level";"Local Street";"Dry";"Two-Way, Not Divided";"None";"Driveway, Private";"Smooth Asphalt";"Coastal";"Urban";"40 - 45  MPH";"No Control Present";"Clear";"No";"35.967342, -77.87576"
"1712";968;969;"Yes";NA;NA;"No";"Facing Traffic";"B: Evident Injury";"Travel Lane";"White";"Female";"Manteo";"Dare";"No";"01-01-07";2007-12-09;"Crossing Paths - Other Circumstances";10;"Intersection";"01-12-01";1-01-01 10:48:58;"Signalized Intersection - Other /";112158;2007;"B: Evident Injury";"Industrial";"40-49";48;"No";NA;"O: No Injury";"White";"Female";"Passenger Car";"No";"No";"Daylight";"Urban (>70% Developed)";"2 lanes";2;"Straight - Level";"Local Street";"Dry";"Two-Way, Not Divided";"None";"Four-Way Intersection";"Coarse Asphalt";"Coastal";"Rural";"20 - 25  MPH";"Stop And Go Signal";"Clear";"No";"35.902058, -75.67151"
"1713";971;972;"No";"30-39";31;"No";"With Traffic";"C: Possible Injury";"Travel Lane";"White";"Male";"Raleigh";"Wake";"No";NA;2007-12-10;"Motorist Failed to Yield - Sign-Controlled Intersection";20;"Intersection";"01-12-01";1-01-01 20:52:58;"Motorist Drive Out - Sign-Controlled Intersection";111141;2007;"C: Possible Injury";"Commercial";"20-24";21;"No";"0-5 mph";"O: No Injury";"Asian";"Male";"Passenger Car";"No";"No";"Dark - Lighted Roadway";"Urban (>70% Developed)";"2 lanes";2;"Straight - Level";"Local Street";"Dry";"Two-Way, Divided, Positive Median Barrier";"None";"Traffic Circle/Roundabout";"Smooth Asphalt";"Piedmont";"Urban";"20 - 25  MPH";"Yield Sign";"Clear";"No";"35.784557, -78.664345"
"1714";977;978;"No";"60-69";65;"No";"Not Applicable";"B: Evident Injury";"Non-Roadway";"Black";"Male";"Wilson";"Wilson";"No";"01-01-05";2007-12-14;"Bicyclist Failed to Yield - Midblock";18;"Non-Intersection";"01-12-01";1-01-01 18:16:58;"Bicyclist Ride Out - Commercial Driveway / Alley";363312;2007;"B: Evident Injury";"Commercial";"50-59";51;"No";"21-25 mph";"B: Evident Injury";"Black";"Male";"Passenger Car";"No";"No";"Dark - Lighted Roadway";"Urban (>70% Developed)";"2 lanes";2;"Straight - Level";"Public Vehicular Area";"Dry";"Two-Way, Not Divided";"None";"No Special Feature";"Smooth Asphalt";"Coastal";"Urban";"30 - 35  MPH";"No Control Present";"Clear";"No";"35.713203, -77.898224"
"1715";978;979;"Yes";"50-59";51;"No";"With Traffic";"B: Evident Injury";"Travel Lane";"White";"Male";"Greensboro";"Guilford";"No";"01-01-05";2007-12-14;"Loss of Control / Turning Error";18;"Intersection-Related";"01-12-01";1-01-01 18:23:58;"Motorist Turning Error - Right Turn";211112;2007;"B: Evident Injury";"Commercial";"40-49";49;"No";"11-15 mph";"O: No Injury";"Black";"Male";"Passenger Car";"No";"No";"Dark - Lighted Roadway";"Urban (>70% Developed)";"3 lanes";2;"Straight - Level";"Local Street";"Dry";"Two-Way, Divided, Unprotected Median";"None";"No Special Feature";"Smooth Asphalt";"Piedmont";"Urban";"30 - 35  MPH";"Stop And Go Signal";"Clear";"No";"36.075527, -79.794014"
"1716";990;991;"No";"30-39";33;"No";NA;"B: Evident Injury";"Non-Roadway";"White";"Male";"Winston-Salem";"Forsyth";"No";"01-01-06";2007-12-29;"Non-Roadway";13;"Non-Roadway";"01-12-01";1-01-01 13:31:58;"Non-Roadway";460910;2007;"B: Evident Injury";"Commercial";"40-49";45;"No";"0-5 mph";"O: No Injury";"White";"Male";"Passenger Car";"No";"No";"Daylight";"Urban (>70% Developed)";NA;3;"Straight - Grade";"Public Vehicular Area";"Wet";"Two-Way, Not Divided";"None";"Driveway, Public";"Smooth Asphalt";"Piedmont";"Urban";"40 - 45  MPH";"No Control Present";"Rain";"No";"36.069984, -80.26951"
"1717";995;996;"Yes";"40-49";40;"No";"With Traffic";"C: Possible Injury";"Bike Lane / Paved Shoulder";"Black";"Male";"Greensboro";"Guilford";"No";"01-01-07";2007-11-25;"Motorist Overtaking Bicyclist";0;"Non-Intersection";"01-11-01";1-01-01 00:09:58;"Motorist Overtaking - Bicyclist Swerved";321235;2007;"C: Possible Injury";"Commercial";NA;NA;"Missing";NA;"Injury";"/Missing";NA;NA;"No";"Yes";"Dark - Lighted Roadway";"Urban (>70% Developed)";"7 lanes";2;"Straight - Level";"Local Street";"Dry";"Two-Way, Divided, Unprotected Median";"None";"No Special Feature";"Smooth Asphalt";"Piedmont";"Urban";NA;"No Control Present";"Cloudy";"No";"36.06206, -79.8157"
"1718";486;487;"No";"16-19";17;"No";"With Traffic";"B: Evident Injury";"Travel Lane";"White";"Male";"Huntersville";"Mecklenburg";"No";"01-01-02";2009-08-25;"Crossing Paths - Other Circumstances";17;"Intersection";"01-08-01";1-01-01 17:58:58;"Crossing Paths - Intersection - Other /";111180;2009;"B: Evident Injury";"Residential";NA;NA;"Missing";"6-10 mph";"Injury";"/Missing";NA;NA;"No";"Yes";"Daylight";"Urban (>70% Developed)";"2 lanes";2;"Straight - Level";"Local Street";"Dry";"Two-Way, Not Divided";"None";"No Special Feature";"Smooth Asphalt";"Piedmont";"Urban";"20 - 25  MPH";"Double Yellow Line, No Passing Zone";"Clear";"No";"35.410957, -80.84065"
"1719";493;494;"Yes";"10-Jun";9;"No";"With Traffic";"C: Possible Injury";"Sidewalk / Crosswalk / Driveway Crossing";"White";"Male";"Chapel Hill";"Orange";"No";"01-01-03";2009-09-02;"Motorist Right Turn / Merge";7;"Intersection";"01-09-01";1-01-01 07:34:58;"Motorist Right Turn - Same Direction";131213;2009;"C: Possible Injury";"Residential";"40-49";43;"No";"0-5 mph";"O: No Injury";"Asian";"Female";"Light Truck (Mini-Van, Panel)";"No";"No";"Daylight";"Urban (>70% Developed)";"2 lanes";2;"Straight - Level";"Local Street";"Dry";"Two-Way, Not Divided";"None";"Y-Intersection";"Smooth Asphalt";"Piedmont";"Urban";"20 - 25  MPH";"Stop Sign";"Clear";"No";"35.883, -79.069824"
"1720";511;512;"Yes";"15-Nov";15;"No";"With Traffic";"B: Evident Injury";"Travel Lane";"Black";"Male";"Charlotte";"Mecklenburg";"No";"01-01-07";2009-08-30;"Bicyclist Failed to Yield - Sign-Controlled Intersection";11;"Intersection";"01-08-01";1-01-01 11:35:58;"Bicyclist Ride Through - Sign-Controlled Intersection";111144;2009;"B: Evident Injury";"Residential";"60-69";62;"No";"11-15 mph";"O: No Injury";"Black";"Male";"Passenger Car";"No";"No";"Daylight";"Urban (>70% Developed)";"4 lanes";2;"Straight - Level";"Local Street";"Dry";"Two-Way, Not Divided";"None";"T-Intersection";"Smooth Asphalt";"Piedmont";"Urban";"20 - 25  MPH";"Stop Sign";"Clear";"No";"35.206905, -80.899"
"1721";516;517;"No";"30-39";35;"No";"With Traffic";"B: Evident Injury";"Travel Lane";"White";"Female";"None - Rural Crash";"Durham";"No";"01-01-07";2009-08-30;"Bicyclist Failed to Yield - Sign-Controlled Intersection";18;"Intersection";"01-08-01";1-01-01 18:31:58;"Bicyclist Ride Through - Sign-Controlled Intersection";111144;2009;"B: Evident Injury";"Farms, Woods, Pastures";"50-59";54;"No";"6-10 mph";"O: No Injury";"White";"Male";"Sport Utility";"No";"No";"Daylight";"Rural (<30% Developed)";"2 lanes";2;"Straight - Level";"State Secondary Route";"Dry";"Two-Way, Not Divided";"None";"Four-Way Intersection";"Smooth Asphalt";"Piedmont";"Rural";"40 - 45  MPH";"Stop Sign";"Clear";"No";"35.95418, -78.73124"
"1722";522;523;"Yes";"15-Nov";12;"No";"With Traffic";"C: Possible Injury";"Travel Lane";"White";"Female";"None - Rural Crash";"Cleveland";"No";NA;2009-09-21;"Bicyclist Failed to Yield - Sign-Controlled Intersection";19;"Intersection";"01-09-01";1-01-01 19:47:58;"Bicyclist Ride Through - Sign-Controlled Intersection";111144;2009;"C: Possible Injury";"Residential";"20-24";22;"No";"21-25 mph";"O: No Injury";"Black";"Male";"Passenger Car";"No";"No";"Dark - Roadway Not Lighted";"Mixed (30% To 70% Developed)";"2 lanes";2;"Straight - Level";"State Secondary Route";"Dry";"Two-Way, Not Divided";"None";"Four-Way Intersection";"Coarse Asphalt";"Mountains";"Rural";"20 - 25  MPH";"Stop Sign";"Cloudy";"No";"35.326443, -81.502174"
"1723";527;528;"Yes";"50-59";52;"No";"With Traffic";"B: Evident Injury";"Travel Lane";"White";"Male";"Nags Head";"Dare";"No";"01-01-02";2009-03-03;"Loss of Control / Turning Error";8;"Intersection";"01-03-01";1-01-01 08:21:58;"Motorist Turning Error - Left Turn";111111;2009;"B: Evident Injury";"Commercial";"25-29";29;"No";"6-10 mph";"O: No Injury";"White";"Female";"Van";"No";"No";"Daylight";"Urban (>70% Developed)";"3 lanes";2;"Straight - Level";"Local Street";"Dry";"Two-Way, Not Divided";"None";"Four-Way Intersection";"Coarse Asphalt";"Coastal";"Rural";"20 - 25  MPH";"Stop And Go Signal";"Clear";"No";"35.97756, -75.64069"
"1724";528;529;"Yes";"30-39";30;"No";"With Traffic";"B: Evident Injury";"Travel Lane";"White";"Male";"Marvin";"Union";"No";"01-01-06";2009-09-19;"Motorist Failed to Yield - Sign-Controlled Intersection";15;"Intersection";"01-09-01";1-01-01 15:19:58;"Motorist Drive Out - Sign-Controlled Intersection";111141;2009;"B: Evident Injury";"Residential";"30-39";35;"No";"0-5 mph";"O: No Injury";"White";"Female";"Van";"No";"No";"Daylight";"Urban (>70% Developed)";"2 lanes";2;"Straight - Level";"State Secondary Route";"Dry";"Two-Way, Not Divided";"None";"Four-Way Intersection";"Smooth Asphalt";"Piedmont";"Rural";"30 - 35  MPH";"Stop Sign";"Clear";"No";"35.009598, -80.81499"
"1725";532;533;"Yes";"20-24";22;"No";NA;"B: Evident Injury";"Other";"White";"Male";"Nags Head";"Dare";"No";"01-01-03";2009-06-10;"Motorist Overtaking Bicyclist";0;"Non-Intersection";"01-06-01";0-12-31 23:59:58;"Motorist Overtaking - Bicyclist Swerved";389235;2009;"B: Evident Injury";"Residential";"70+";NA;"No";"46-50 mph";"O: No Injury";"White";"Female";"Sport Utility";"No";"No";"Dark - Roadway Not Lighted";"Mixed (30% To 70% Developed)";"5 lanes";2;"Straight - Level";"US Route";"Wet";"Two-Way, Divided, Unprotected Median";"None";"No Special Feature";"Smooth Asphalt";"Coastal";"Rural";"50 - 55  MPH";"No Control Present";"Cloudy";"No";"35.92227, -75.60642"
"1726";537;538;"Yes";"50-59";54;"No";"With Traffic";"B: Evident Injury";"Travel Lane";"White";"Male";"Chapel Hill";"Orange";"No";"01-01-04";2009-09-10;"Motorist Overtaking Bicyclist";7;"Non-Intersection";"01-09-01";1-01-01 07:45:58;"Motorist Overtaking - Misjudged Space";311232;2009;"B: Evident Injury";"Institutional";"60-69";67;"No";"0-5 mph";"O: No Injury";"Black";"Male";"Commercial Bus";"No";"No";"Daylight";"Urban (>70% Developed)";"4 lanes";2;"Straight - Grade";"Local Street";"Dry";"Two-Way, Not Divided";"None";"No Special Feature";"Coarse Asphalt";"Piedmont";"Urban";"20 - 25  MPH";"Stop And Go Signal";"Cloudy";"No";"35.912994, -79.04783"
"1727";544;545;"No";"25-29";28;"No";"With Traffic";"B: Evident Injury";"Travel Lane";"White";"Male";"Durham";"Durham";"No";NA;2009-09-28;"Motorist Left Turn / Merge";8;"Intersection";"01-09-01";1-01-01 08:20:58;"Motorist Left Turn - Opposite Direction";111212;2009;"B: Evident Injury";"Residential";"70+";NA;"No";"6-10 mph";"O: No Injury";"White";"Male";"Pickup";"No";"No";"Daylight";"Urban (>70% Developed)";"3 lanes";2;"Straight - Hillcrest";"Local Street";"Dry";"Two-Way, Not Divided";"None";"Four-Way Intersection";"Smooth Asphalt";"Piedmont";"Urban";"30 - 35  MPH";"Stop And Go Signal";"Clear";"No";"35.99235, -78.932884"
"1728";545;546;"Yes";"60-69";66;"No";"With Traffic";"B: Evident Injury";"Travel Lane";"Black";"Male";"Asheboro";"Randolph";"No";"01-01-03";2009-09-09;"Bicyclist Failed to Yield - Sign-Controlled Intersection";18;"Intersection";"01-09-01";1-01-01 18:11:58;"Bicyclist Ride Through - Sign-Controlled Intersection";111144;2009;"B: Evident Injury";"Residential";"50-59";53;"No";"21-25 mph";"O: No Injury";"Black";"Male";"Passenger Car";"No";"No";"Daylight";"Urban (>70% Developed)";"2 lanes";2;"Straight - Grade";"Local Street";"Dry";"Two-Way, Not Divided";"None";"Four-Way Intersection";"Coarse Asphalt";"Piedmont";"Urban";"30 - 35  MPH";"Stop Sign";"Clear";"No";"35.71125, -79.800705"
"1729";551;552;"Yes";"30-39";37;"No";"With Traffic";"B: Evident Injury";"Travel Lane";"White";"Female";"Morganton";"Burke";"No";NA;2009-09-14;"Bicyclist Failed to Yield - Sign-Controlled Intersection";16;"Intersection";"01-09-01";1-01-01 16:47:58;"Bicyclist Ride Through - Sign-Controlled Intersection";111144;2009;"B: Evident Injury";"Commercial";"30-39";30;"No";"11-15 mph";"O: No Injury";"White";"Male";"Pickup";"No";"No";"Daylight";"Urban (>70% Developed)";"2 lanes";2;"Straight - Grade";"Local Street";"Dry";"Two-Way, Not Divided";"None";"T-Intersection";"Smooth Asphalt";"Mountains";"Urban";"30 - 35  MPH";"Stop Sign";"Clear";"No";"35.749935, -81.682434"
"1730";552;553;"Yes";"20-24";21;"No";"Facing Traffic";"B: Evident Injury";"Travel Lane";"Black";"Male";"Goldsboro";"Wayne";"No";"01-01-05";2009-09-18;"Bicyclist Right Turn / Merge";16;"Non-Intersection";"01-09-01";1-01-01 16:51:58;"Bicyclist Right Turn - Same Direction";312223;2009;"B: Evident Injury";"Residential";"30-39";32;"No";"31-35 mph";"O: No Injury";"Black";"Male";"Passenger Car";"Yes";"No";"Daylight";"Urban (>70% Developed)";"2 lanes";2;"Straight - Grade";"Local Street";"Dry";"Two-Way, Not Divided";"None";"No Special Feature";"Coarse Asphalt";"Coastal";"Urban";"20 - 25  MPH";"No Control Present";"Clear";"No";"35.37068, -77.98289"
"1731";569;570;"Yes";"20-24";20;"No";"Facing Traffic";"Injury";"Travel Lane";"/Missing";NA;"Fayetteville";"Cumberland";"No";"01-01-03";2009-09-23;"Motorist Failed to Yield - Signalized Intersection";10;"Intersection";"01-09-01";1-01-01 10:31:58;"Motorist Drive Out - Right Turn on Red";112151;2009;"Injury";"Commercial";NA;NA;"Missing";"0-5 mph";"Injury";"/Missing";NA;NA;"No";"Yes";"Daylight";"Urban (>70% Developed)";"4 lanes";2;"Straight - Level";"Local Street";"Dry";"Two-Way, Not Divided";"None";"No Special Feature";"Coarse Asphalt";"Coastal";"Urban";"30 - 35  MPH";"Stop And Go Signal";"Cloudy";"No";"35.11708, -78.88004"
"1732";576;577;"Yes";"50-59";57;"No";"With Traffic";"C: Possible Injury";"Travel Lane";"Black";"Male";"Durham";"Durham";"No";NA;2009-10-05;"Motorist Overtaking Bicyclist";18;"Non-Intersection";"01-10-01";1-01-01 18:55:58;"Motorist Overtaking - Misjudged Space";311232;2009;"C: Possible Injury";"Residential";"50-59";56;"No";"26-30 mph";"O: No Injury";"White";"Female";"Passenger Car";"No";"No";"Dark - Lighted Roadway";"Mixed (30% To 70% Developed)";"4 lanes";2;"Straight - Level";"Local Street";"Dry";"Two-Way, Divided, Unprotected Median";"None";"No Special Feature";"Coarse Asphalt";"Piedmont";"Urban";"30 - 35  MPH";"Stop And Go Signal";"Clear";"No";"35.98697, -78.84472"
"1733";579;580;"No";"40-49";43;"No";"With Traffic";"O: No Injury";"Travel Lane";"White";"Male";"Raleigh";"Wake";"No";"01-01-06";2009-09-05;"Crossing Paths - Other Circumstances";12;"Intersection";"01-09-01";1-01-01 12:07:58;"Crossing Paths - Uncontrolled Intersection";111160;2009;"O: No Injury";"Residential";"30-39";36;"No";"6-10 mph";"O: No Injury";"Black";"Male";"Truck/Trailer";"No";"No";"Daylight";"Urban (>70% Developed)";"4 lanes";2;"Straight - Level";"Local Street";"Dry";"Two-Way, Not Divided";"Traffic Control Device Inoperative, Not Visible Or Missing";"No Special Feature";"Coarse Asphalt";"Piedmont";"Urban";"20 - 25  MPH";"No Control Present";"Clear";"No";"35.925423, -78.559685"
"1734";585;586;"Yes";"40-49";49;"No";"Facing Traffic";"C: Possible Injury";"Sidewalk / Crosswalk / Driveway Crossing";"Black";"Male";"Raleigh";"Wake";"No";NA;2009-08-31;"Motorist Failed to Yield - Midblock";8;"Non-Intersection";"01-08-01";1-01-01 08:32:58;"Motorist Drive Out - Other Midblock";332328;2009;"C: Possible Injury";"Commercial";"20-24";22;"No";"0-5 mph";"O: No Injury";"White";"Female";"Pickup";"No";"No";"Daylight";"Urban (>70% Developed)";"6 lanes";2;"Straight - Grade";"Local Street";"Wet";"Two-Way, Divided, Unprotected Median";"None";"Driveway, Public";"Smooth Asphalt";"Piedmont";"Urban";"40 - 45  MPH";"No Control Present";"Rain";"No";"35.784874, -78.689095"
"1735";587;588;"Yes";"15-Nov";11;"No";"Not Applicable";"B: Evident Injury";"Non-Roadway";"White";"Male";"None - Rural Crash";"Ashe";"No";"01-01-04";2009-09-24;"Bicyclist Failed to Yield - Midblock";15;"Non-Intersection";"01-09-01";1-01-01 15:54:58;"Bicyclist Ride Out - Other Midblock";363318;2009;"B: Evident Injury";"Residential";"0-19";16;"No";"21-25 mph";"O: No Injury";"White";"Female";"Passenger Car";"No";"No";"Daylight";"Mixed (30% To 70% Developed)";"2 lanes";2;"Straight - Hillcrest";"State Secondary Route";"Dry";"Two-Way, Not Divided";"None";"No Special Feature";"Smooth Asphalt";"Mountains";"Rural";"30 - 35  MPH";"Double Yellow Line, No Passing Zone";"Cloudy";"No";"36.410557, -81.48929"
"1736";593;594;"Yes";"16-19";18;"No";"With Traffic";"C: Possible Injury";"Travel Lane";"White";"Male";"None - Rural Crash";"Stokes";"No";NA;2009-09-28;"Loss of Control / Turning Error";20;"Non-Intersection";"01-09-01";1-01-01 19:59:58;"Motorist Lost Control - Other /";311139;2009;"C: Possible Injury";"Farms, Woods, Pastures";NA;NA;"Missing";"41-45 mph";"Injury";"/Missing";NA;NA;"No";"Yes";"Dark - Roadway Not Lighted";"Mixed (30% To 70% Developed)";"2 lanes";2;"Curve - Level";"NC Route";"Dry";"Two-Way, Not Divided";"None";"No Special Feature";"Smooth Asphalt";"Piedmont";"Rural";"40 - 45  MPH";"Double Yellow Line, No Passing Zone";"Clear";"No";"36.330353, -80.336365"
"1737";601;602;"No";"40-49";43;"No";"Not Applicable";"C: Possible Injury";"Non-Roadway";"Black";"Male";"Rocky Mount";"Edgecombe";"No";NA;2009-09-14;"Non-Roadway";12;"Non-Roadway";"01-09-01";1-01-01 12:48:58;"Non-Roadway";460910;2009;"C: Possible Injury";"Commercial";"50-59";53;"No";"6-10 mph";"O: No Injury";"Black";"Female";"Sport Utility";"No";"No";"Daylight";"Urban (>70% Developed)";NA;2;"Straight - Level";"Public Vehicular Area";"Dry";"Two-Way, Not Divided";"None";"No Special Feature";"Coarse Asphalt";"Coastal";"Urban";NA;"No Control Present";"Clear";"No";"35.944935, -77.77592"
"1738";603;604;"No";"16-19";17;"No";"Facing Traffic";"O: No Injury";"Travel Lane";"Black";"Male";"Rocky Mount";"Nash";"No";"01-01-05";2009-09-18;"Motorist Failed to Yield - Sign-Controlled Intersection";16;"Intersection";"01-09-01";1-01-01 16:03:58;"Motorist Drive Out - Sign-Controlled Intersection";112141;2009;"O: No Injury";"Commercial";"20-24";24;"No";"6-10 mph";"O: No Injury";"White";"Male";"Pickup";"No";"No";"Daylight";"Urban (>70% Developed)";"5 lanes";2;"Straight - Level";"Local Street";"Dry";"Two-Way, Not Divided";"None";"No Special Feature";"Smooth Asphalt";"Coastal";"Urban";"30 - 35  MPH";"Stop Sign";"Clear";"No";"35.96335, -77.84493"
"1739";605;606;"Yes";"16-19";16;"No";"Facing Traffic";"C: Possible Injury";"Travel Lane";"Black";"Male";"Jacksonville";"Onslow";"No";"01-01-05";2009-09-18;"Motorist Failed to Yield - Sign-Controlled Intersection";15;"Intersection";"01-09-01";1-01-01 15:57:58;"Motorist Drive Out - Sign-Controlled Intersection";112141;2009;"C: Possible Injury";"Residential";"30-39";38;"No";"0-5 mph";"O: No Injury";"Black";"Female";"Passenger Car";"No";"No";"Daylight";"Rural (<30% Developed)";NA;2;"Straight - Level";"Local Street";"Dry";"Two-Way, Not Divided";"None";"T-Intersection";"Smooth Asphalt";"Coastal";"Urban";"30 - 35  MPH";"Stop Sign";"Clear";"No";"34.76912, -77.39006"
"1740";606;607;"Yes";"15-Nov";14;"No";"Not Applicable";"C: Possible Injury";"Non-Roadway";"White";"Male";"Jacksonville";"Onslow";"No";NA;2009-09-28;"Non-Roadway";20;"Non-Roadway";"01-09-01";1-01-01 20:01:58;"Non-Roadway";460910;2009;"C: Possible Injury";"Residential";"40-49";40;"No";"0-5 mph";"O: No Injury";"Black";"Female";"Passenger Car";"No";"No";"Dark - Roadway Not Lighted";"Urban (>70% Developed)";NA;2;"Straight - Level";"Public Vehicular Area";"Dry";"Two-Way, Not Divided";"None";"Driveway, Public";"Smooth Asphalt";"Coastal";"Urban";NA;"No Control Present";"Clear";"No";"34.74782, -77.3775"
"1741";607;608;"No";"25-29";25;"No";"With Traffic";"O: No Injury";"Travel Lane";"White";"Male";"Asheville";"Buncombe";"No";"01-01-03";2009-10-07;"Motorist Failed to Yield - Signalized Intersection";12;"Intersection";"01-10-01";1-01-01 12:02:58;"Motorist Drive Through - Signalized Intersection";111154;2009;"O: No Injury";"Commercial";"20-24";22;"No";"31-35 mph";"O: No Injury";"White";"Male";"Sport Utility";"No";"No";"Daylight";"Urban (>70% Developed)";"7 lanes";2;"Straight - Level";"US Route";"Dry";"Two-Way, Divided, Positive Median Barrier";"None";"Four-Way Intersection";"Smooth Asphalt";"Mountains";"Urban";"40 - 45  MPH";"Stop And Go Signal";"Clear";"No";"35.586754, -82.59739"
"1742";625;626;"Yes";"16-19";17;"No";"With Traffic";"B: Evident Injury";"Travel Lane";"White";"Male";"Greensboro";"Guilford";"No";"01-01-03";2009-10-07;"Bicyclist Failed to Yield - Signalized Intersection";21;"Intersection";"01-10-01";1-01-01 21:26:58;"Bicyclist Failed to Clear - Trapped";111156;2009;"B: Evident Injury";"Commercial";"20-24";21;"No";"16-20 mph";"C: Possible Injury";"Black";"Female";"Passenger Car";"No";"No";"Dark - Lighted Roadway";"Urban (>70% Developed)";"4 lanes";2;"Straight - Level";"Local Street";"Dry";"One-Way, Not Divided";"None";"Related To Intersection";"Smooth Asphalt";"Piedmont";"Urban";"20 - 25  MPH";"Stop And Go Signal";"Clear";"No";"36.0735, -79.790215"
"1743";627;628;"No";"16-19";17;"No";"Facing Traffic";"C: Possible Injury";"Travel Lane";"White";"Male";"Kernersville";"Forsyth";"No";"01-01-06";2009-10-10;"Motorist Failed to Yield - Sign-Controlled Intersection";21;"Intersection";"01-10-01";1-01-01 21:03:58;"Motorist Drive Out - Sign-Controlled Intersection";112141;2009;"C: Possible Injury";"Residential";"60-69";66;"No";"0-5 mph";"O: No Injury";"White";"Female";"Passenger Car";"No";"No";"Dark - Roadway Not Lighted";"Urban (>70% Developed)";"4 lanes";2;"Straight - Level";"Local Street";"Dry";"Two-Way, Not Divided";"None";"T-Intersection";"Smooth Asphalt";"Piedmont";"Urban";"30 - 35  MPH";"Stop Sign";"Cloudy";"No";"36.10895, -80.07786"
"1744";635;636;"Yes";"15-Nov";11;"No";"Facing Traffic";"C: Possible Injury";"Travel Lane";"Black";"Male";"Rocky Mount";"Nash";"No";"01-01-05";2009-10-09;"Motorist Failed to Yield - Sign-Controlled Intersection";15;"Intersection";"01-10-01";1-01-01 15:21:58;"Motorist Drive Out - Sign-Controlled Intersection";112141;2009;"C: Possible Injury";"Commercial";"40-49";48;"No";"31-35 mph";"O: No Injury";"Black";"Female";"Passenger Car";"No";"No";"Daylight";"Urban (>70% Developed)";"4 lanes";2;"Straight - Level";"Local Street";"Dry";"Two-Way, Not Divided";"None";"No Special Feature";"Coarse Asphalt";"Coastal";"Urban";"30 - 35  MPH";"Stop Sign";"Clear";"No";"35.931976, -77.81189"
"1745";643;644;"No";"50-59";54;"No";"Facing Traffic";"C: Possible Injury";"Sidewalk / Crosswalk / Driveway Crossing";"Black";"Male";"Charlotte";"Mecklenburg";"No";"01-01-05";2009-10-23;"Crossing Paths - Other Circumstances";15;"Intersection";"01-10-01";1-01-01 15:25:58;"Signalized Intersection - Other /";132158;2009;"C: Possible Injury";"Commercial";"25-29";25;"No";NA;"O: No Injury";"Black";"Male";"Light Truck (Mini-Van, Panel)";"No";"No";"Daylight";"Urban (>70% Developed)";"6 lanes";2;"Straight - Grade";"Local Street";"Dry";"Two-Way, Not Divided";"None";"Four-Way Intersection";"Smooth Asphalt";"Piedmont";"Urban";"30 - 35  MPH";"Stop And Go Signal";"Cloudy";"No";"35.248787, -80.81565"
"1746";652;653;"No";"50-59";53;"No";"With Traffic";"B: Evident Injury";"Travel Lane";"White";"Male";"Wilmington";"New Hanover";"No";"01-01-05";2009-10-23;"Motorist Failed to Yield - Sign-Controlled Intersection";7;"Intersection";"01-10-01";1-01-01 07:56:58;"Motorist Drive Out - Sign-Controlled Intersection";111141;2009;"B: Evident Injury";"Residential";"20-24";20;"No";NA;"O: No Injury";"Black";"Female";"Passenger Car";"No";"No";"Daylight";"Urban (>70% Developed)";"2 lanes";2;"Straight - Grade";"Local Street";"Dry";"Two-Way, Not Divided";"None";"Four-Way Intersection";"Coarse Asphalt";"Coastal";"Urban";"30 - 35  MPH";"Stop Sign";"Clear";"No";"34.221924, -77.941536"