"FID";"OBJECTID";"AmbulanceR";"BikeAge_Gr";"Bike_Age";"Bike_Alc_D";"Bike_Dir";"Bike_Injur";"Bike_Pos";"Bike_Race";"Bike_Sex";"City";"County";"CrashAlcoh";"CrashDay";"Crash_Date";"Crash_Grp";"Crash_Hour";"Crash_Loc";"Crash_Mont";"Crash_Time";"Crash_Type";"Crash_Ty_1";"Crash_Year";"Crsh_Sevri";"Developmen";"DrvrAge_Gr";"Drvr_Age";"Drvr_Alc_D";"Drvr_EstSp";"Drvr_Injur";"Drvr_Race";"Drvr_Sex";"Drvr_VehTy";"ExcsSpdInd";"Hit_Run";"Light_Cond";"Locality";"Num_Lanes";"Num_Units";"Rd_Charact";"Rd_Class";"Rd_Conditi";"Rd_Config";"Rd_Defects";"Rd_Feature";"Rd_Surface";"Region";"Rural_Urba";"Speed_Limi";"Traff_Cntr";"Weather";"Workzone_I";"Location"
"1783";16;17;"Yes";"15-Nov";14;"No";"With Traffic";"B: Evident Injury";"Travel Lane";"Hispanic";"Male";"Statesville";"Iredell";"No";"01-01-03";2010-01-13;"Crossing Paths - Other Circumstances";16;"Intersection";NA;1-01-01 15:59:58;"Crossing Paths - Intersection - Other /";0;2010;"B: Evident Injury";"Residential";"50-59";58;"No";"26-30 mph";"O: No Injury";"White";"Male";"Pickup";"No";"No";"Daylight";"Urban (>70% Developed)";"2 lanes";2;"Curve - Level";"Local Street";"Dry";"Two-Way, Divided, Unprotected Median";"None";"No Special Feature";"Smooth Asphalt";"Piedmont";"Urban";"30 - 35  MPH";"No Control Present";"Clear";"No";"35.804813, -80.881996"
"1784";18;19;"Yes";"30-39";36;"No";"With Traffic";"B: Evident Injury";"Bike Lane / Paved Shoulder";"White";"Male";"Charlotte";"Mecklenburg";"No";"01-01-05";2010-01-15;"Crossing Paths - Other Circumstances";16;"Intersection";NA;1-01-01 16:03:58;"Crossing Paths - Intersection - Other /";0;2010;"B: Evident Injury";"Residential";"40-49";46;"No";"21-25 mph";"O: No Injury";"White";"Female";"Passenger Car";"No";"No";"Daylight";"Urban (>70% Developed)";"5 lanes";2;"Straight - Level";"Local Street";"Dry";"Two-Way, Divided, Unprotected Median";"None";"No Special Feature";"Coarse Asphalt";"Piedmont";"Urban";"30 - 35  MPH";"No Control Present";"Clear";"No";"35.351997, -80.778595"
"1785";19;20;"Yes";"15-Nov";14;"No";"With Traffic";"C: Possible Injury";"Travel Lane";"White";"Male";"Eden";"Rockingham";"No";NA;2010-01-25;"Head-On";12;"Non-Intersection";NA;1-01-01 12:35:58;"Head-On - Bicyclist";0;2010;"C: Possible Injury";"Residential";"25-29";27;"No";"0-5 mph";"O: No Injury";"White";"Female";"Passenger Car";"No";"No";"Daylight";"Urban (>70% Developed)";"2 lanes";2;"Straight - Level";"Local Street";"Dry";"Two-Way, Not Divided";"None";"No Special Feature";"Smooth Asphalt";"Piedmont";"Urban";"20 - 25  MPH";"No Control Present";"Clear";"No";"36.48855, -79.75311"
"1786";23;24;"No";"15-Nov";15;"No";"With Traffic";"O: No Injury";"Travel Lane";"Black";"Male";"Raleigh";"Wake";"No";NA;2010-01-18;"Bicyclist Failed to Yield - Signalized Intersection";14;"Intersection";NA;1-01-01 14:29:58;"Bicyclist Failed to Clear - Trapped";0;2010;"O: No Injury";"Commercial";"50-59";55;"No";"0-5 mph";"O: No Injury";"Black";"Female";"Passenger Car";"No";"No";"Daylight";"Mixed (30% To 70% Developed)";"5 lanes";2;"Straight - Level";"Local Street";"Dry";"Two-Way, Not Divided";"None";"No Special Feature";"Smooth Asphalt";"Piedmont";"Urban";"30 - 35  MPH";"Stop And Go Signal";"Clear";"No";"35.834713, -78.60203"
"1787";29;30;"Yes";"16-19";19;"No";"With Traffic";"B: Evident Injury";"Travel Lane";"Black";"Male";"Goldsboro";"Wayne";"No";"01-01-05";2010-01-29;"Motorist Overtaking Bicyclist";21;"Intersection";NA;1-01-01 21:39:58;"Motorist Overtaking - Other /";0;2010;"B: Evident Injury";"Residential";NA;NA;"Missing";NA;"Injury";"/Missing";NA;NA;"No";"Yes";"Dark - Roadway Not Lighted";"Urban (>70% Developed)";"2 lanes";2;"Straight - Level";"Local Street";"Dry";"Two-Way, Not Divided";"None";"Four-Way Intersection";"Smooth Asphalt";"Coastal";"Urban";"20 - 25  MPH";"Stop Sign";"Cloudy";"No";"35.387653, -77.98242"
"1788";32;33;"No";"30-39";30;"No";"Facing Traffic";"O: No Injury";NA;"White";"Male";"Greenville";"Pitt";"No";"01-01-05";2010-01-22;"Crossing Paths - Other Circumstances";13;"Non-Intersection";NA;1-01-01 13:44:58;"Crossing Paths - Midblock - Other /";0;2010;"O: No Injury";"Institutional";"50-59";58;"No";"0-5 mph";"O: No Injury";"White";"Male";"Truck/Trailer";"No";"No";"Daylight";"Urban (>70% Developed)";NA;2;"Straight - Level";"Public Vehicular Area";"Wet";"Two-Way, Not Divided";"None";"No Special Feature";"Smooth Asphalt";"Coastal";"Urban";NA;"Stop Sign";"Rain";"No";"35.590477, -77.36796"
"1789";35;36;"Yes";"25-29";29;"No";"Facing Traffic";"B: Evident Injury";"Travel Lane";"Black";"Male";"Enfield";"Halifax";"No";"01-01-03";2010-01-27;"Motorist Left Turn / Merge";0;"Non-Intersection";NA;1-01-01 00:10:58;"Motorist Left Turn - Same Direction";0;2010;"B: Evident Injury";"Residential";NA;NA;"Missing";"6-10 mph";"Injury";"/Missing";NA;NA;"No";"Yes";"Dark - Lighted Roadway";"Urban (>70% Developed)";"2 lanes";2;"Straight - Level";"Local Street";"Dry";"Two-Way, Not Divided";"None";"No Special Feature";"Smooth Asphalt";"Coastal";"Rural";"20 - 25  MPH";"Stop Sign";"Clear";"No";"36.17794, -77.665695"
"1790";46;47;"Yes";"50-59";53;"No";"With Traffic";"B: Evident Injury";"Travel Lane";"White";"Male";"None - Rural Crash";"Alexander";"No";"01-01-05";2010-02-26;"Motorist Overtaking Bicyclist";18;"Non-Intersection";"01-02-01";1-01-01 18:43:58;"Motorist Overtaking - Other /";0;2010;"B: Evident Injury";"Residential";"70+";NA;"No";"31-35 mph";"O: No Injury";"White";"Female";"Sport Utility";"No";"No";"Dusk";"Mixed (30% To 70% Developed)";"2 lanes";2;"Straight - Grade";"State Secondary Route";"Dry";"Two-Way, Not Divided";"None";"Driveway, Private";"Coarse Asphalt";"Piedmont";"Rural";"40 - 45  MPH";"Double Yellow Line, No Passing Zone";"Clear";"No";"35.932907, -81.1366"
"1791";57;58;"Yes";"40-49";40;"No";"With Traffic";"C: Possible Injury";"Travel Lane";"White";"Male";"None - Rural Crash";"Pitt";"No";"01-01-06";2010-03-06;"Motorist Overtaking Bicyclist";15;"Non-Intersection";"01-03-01";1-01-01 15:25:58;"Motorist Overtaking - Undetected Bicyclist";0;2010;"C: Possible Injury";"Farms, Woods, Pastures";"70+";NA;"No";"16-20 mph";"O: No Injury";"White";"Male";"Pickup";"No";"No";"Daylight";"Rural (<30% Developed)";"2 lanes";2;"Straight - Grade";"State Secondary Route";"Dry";"Two-Way, Not Divided";"None";"No Special Feature";"Coarse Asphalt";"Coastal";"Rural";"50 - 55  MPH";"Double Yellow Line, No Passing Zone";"Clear";"No";"35.5682, -77.24802"
"1792";61;62;"Yes";"15-Nov";11;"No";"With Traffic";"B: Evident Injury";"Sidewalk / Crosswalk / Driveway Crossing";"Black";"Male";"High Point";"Guilford";"No";"01-01-02";2010-02-23;"Motorist Right Turn / Merge";19;"Intersection";"01-02-01";1-01-01 19:11:58;"Motorist Right Turn - Same Direction";0;2010;"B: Evident Injury";"Commercial";NA;NA;"Missing";NA;"Injury";"/Missing";NA;NA;"No";"Yes";"Dark - Lighted Roadway";"Urban (>70% Developed)";"2 lanes";2;"Straight - Level";"Local Street";"Wet";"Two-Way, Not Divided";"None";"Four-Way Intersection";"Smooth Asphalt";"Piedmont";"Urban";NA;"Stop And Go Signal";"Clear";"No";"35.95613, -80.00018"
"1793";62;63;"Yes";"60-69";61;"No";"Facing Traffic";"C: Possible Injury";"Sidewalk / Crosswalk / Driveway Crossing";"White";"Male";"Cary";"Wake";"No";"01-01-03";2010-03-10;"Motorist Failed to Yield - Sign-Controlled Intersection";11;"Intersection";"01-03-01";1-01-01 11:50:58;"Motorist Drive Out - Sign-Controlled Intersection";0;2010;"C: Possible Injury";"Residential";"60-69";65;"No";"0-5 mph";"O: No Injury";"White";"Male";"Pickup";"No";"No";"Daylight";"Urban (>70% Developed)";"2 lanes";2;"Straight - Level";"Local Street";"Dry";"Two-Way, Not Divided";"None";"Four-Way Intersection";"Smooth Asphalt";"Piedmont";"Urban";"20 - 25  MPH";"Stop Sign";"Cloudy";"No";"35.733044, -78.77765"
"1794";65;66;"Yes";"50-59";51;"No";"With Traffic";"B: Evident Injury";"Travel Lane";"White";"Female";"Durham";"Durham";"No";"01-01-03";2010-03-17;"Motorist Overtaking Bicyclist";8;"Non-Intersection";"01-03-01";1-01-01 08:15:58;"Motorist Overtaking - Undetected Bicyclist";0;2010;"B: Evident Injury";"Commercial";"20-24";21;"No";"41-45 mph";"O: No Injury";"Hispanic";"Male";"Passenger Car";"No";"No";"Daylight";"Urban (>70% Developed)";"2 lanes";2;"Straight - Level";"Local Street";"Dry";"Two-Way, Not Divided";"None";"No Special Feature";"Smooth Asphalt";"Piedmont";"Urban";"40 - 45  MPH";"No Control Present";"Clear";"No";"35.943623, -78.87088"
"1795";69;70;"Yes";"40-49";47;"No";"With Traffic";"C: Possible Injury";"Travel Lane";"Black";"Male";"Winterville";"Pitt";"No";"01-01-02";2010-02-02;"Crossing Paths - Other Circumstances";18;"Intersection";"01-02-01";1-01-01 18:41:58;"Sign-Controlled Intersection - Other /";0;2010;"C: Possible Injury";"Residential";"0-19";16;"No";"0-5 mph";"O: No Injury";"Black";"Male";"Passenger Car";"No";"No";"Dark - Lighted Roadway";"Urban (>70% Developed)";"2 lanes";3;"Straight - Level";"Local Street";"Wet";"Two-Way, Divided, Positive Median Barrier";"None";"Four-Way Intersection";"Smooth Asphalt";"Coastal";"Urban";"5 - 15 MPH";"Stop Sign";"Snow, Sleet, Hail, Freezing Rain/Drizzle";"No";"35.533905, -77.40009"
"1796";75;76;"Yes";"16-19";18;"No";"With Traffic";"B: Evident Injury";"Travel Lane";"Black";"Male";"None - Rural Crash";"Durham";"No";"01-01-03";2010-03-17;"Motorist Overtaking Bicyclist";23;"Non-Intersection";"01-03-01";1-01-01 23:01:58;"Motorist Overtaking - Other /";0;2010;"B: Evident Injury";"Residential";NA;NA;"No";"46-50 mph";"Injury";"/Missing";NA;"Sport Utility";"No";"Yes";"Dark - Roadway Not Lighted";"Mixed (30% To 70% Developed)";"3 lanes";2;"Straight - Grade";"State Secondary Route";"Dry";"Two-Way, Not Divided";"None";"No Special Feature";"Coarse Asphalt";"Piedmont";"Rural";"40 - 45  MPH";"Stop Sign";"Clear";"No";"36.05887, -78.8887"
"1797";79;80;"Yes";"50-59";57;"No";"Not Applicable";"C: Possible Injury";NA;"Black";"Male";"Fayetteville";"Cumberland";"No";"01-01-05";2010-03-05;"Bicyclist Failed to Yield - Midblock";13;"Non-Intersection";"01-03-01";1-01-01 13:05:58;"Bicyclist Ride Out - Other Midblock";0;2010;"C: Possible Injury";"Commercial";"60-69";62;"No";"21-25 mph";"O: No Injury";"Black";"Female";"Van";"No";"No";"Daylight";"Mixed (30% To 70% Developed)";"5 lanes";2;"Straight - Level";"Local Street";"Dry";"Two-Way, Divided, Unprotected Median";"None";"No Special Feature";"Smooth Asphalt";"Coastal";"Urban";"30 - 35  MPH";"No Control Present";"Clear";"No";"35.048695, -78.86713"
"1798";84;85;"Yes";"16-19";18;"No";"Not Applicable";"B: Evident Injury";"Driveway / Alley";"White";"Male";"High Point";"Guilford";"No";NA;2010-03-08;"Bicyclist Failed to Yield - Midblock";8;"Non-Intersection";"01-03-01";1-01-01 08:24:58;"Multiple Threat - Midblock";0;2010;"B: Evident Injury";"Institutional";"20-24";23;"No";"26-30 mph";"O: No Injury";"White";"Female";"Sport Utility";"No";"No";"Daylight";"Urban (>70% Developed)";"5 lanes";2;"Straight - Level";"US Route";"Dry";"Two-Way, Not Divided";"None";"Driveway, Public";"Smooth Asphalt";"Piedmont";"Urban";"30 - 35  MPH";"No Control Present";"Clear";"No";"35.946873, -80.00345"
"1799";85;86;"No";"20-24";20;"No";NA;"B: Evident Injury";"Sidewalk / Crosswalk / Driveway Crossing";"White";"Male";"Burlington";"Alamance";"No";"01-01-03";2010-03-10;"Backing Vehicle";13;"Non-Intersection";"01-03-01";1-01-01 13:18:58;"Backing Vehicle";0;2010;"B: Evident Injury";"Residential";NA;NA;"Missing";"0-5 mph";"Injury";"/Missing";NA;NA;"No";"Yes";"Daylight";"Urban (>70% Developed)";"4 lanes";2;"Straight - Grade";"NC Route";"Dry";"Two-Way, Not Divided";"None";"Driveway, Private";"Coarse Asphalt";"Piedmont";"Urban";"30 - 35  MPH";"No Control Present";"Clear";"No";"36.107502, -79.43422"
"1800";87;88;"No";"40-49";44;"No";"With Traffic";"A: Disabling Injury";"Travel Lane";"White";"Male";"Charlotte";"Mecklenburg";"No";"01-01-04";2010-03-11;"Motorist Overtaking Bicyclist";6;"Non-Intersection";"01-03-01";1-01-01 06:19:58;"Motorist Overtaking - Undetected Bicyclist";0;2010;"A: Disabling Injury";"Farms, Woods, Pastures";NA;NA;"Missing";"41-45 mph";"Injury";"/Missing";NA;NA;"No";"Yes";"Dawn";"Rural (<30% Developed)";"4 lanes";2;"Curve - Grade";"NC Route";"Wet";"Two-Way, Not Divided";"None";"No Special Feature";"Coarse Asphalt";"Piedmont";"Urban";"40 - 45  MPH";"Other";"Fog, Smog, Smoke";"No";"35.099102, -81.0393"
"1801";863;864;"Yes";"16-19";16;"No";"With Traffic";"B: Evident Injury";"Travel Lane";"White";"Male";"None - Rural Crash";"Rutherford";"No";"01-01-05";2012-11-09;"Motorist Overtaking Bicyclist";18;"Non-Intersection";"01-11-01";1-01-01 18:09:58;"Motorist Overtaking - Other /";NA;2012;"B: Evident Injury";"Farms, Woods, Pastures";NA;NA;"Missing";"6-10 mph";"Injury";"/Missing";NA;"Pickup";"No";"Yes";"Dark - Roadway Not Lighted";"Rural (<30% Developed)";"2 lanes";2;"Straight - Level";"State Secondary Route";"Dry";"Two-Way, Not Divided";"None";"No Special Feature";"Coarse Asphalt";"Mountains";"Rural";"50 - 55  MPH";"Double Yellow Line, No Passing Zone";"Clear";"No";"35.3835, -81.7356"
"1802";866;867;"Yes";"20-24";23;"No";"Facing Traffic";"C: Possible Injury";"Travel Lane";"White";"Male";"None - Rural Crash";"New Hanover";"No";"01-01-07";2012-11-11;"Motorist Failed to Yield - Midblock";10;"Non-Intersection";"01-11-01";1-01-01 10:34:58;"Motorist Drive Out - Commercial Driveway / Alley";NA;2012;"C: Possible Injury";"Residential";"70";70;"No";"0-5 mph";"O: No Injury";"White";"Male";"Van";"No";"No";"Daylight";"Mixed (30% To 70% Developed)";"4 lanes";2;"Straight - Level";"US Route";"Dry";"Two-Way, Divided, Unprotected Median";"None";"Driveway, Public";"Coarse Asphalt";"Coastal";"Rural";"40 - 45  MPH";"No Control Present";"Clear";"No";"34.14531, -77.8988"
"1803";871;872;"Yes";"50-59";52;"No";"With Traffic";"C: Possible Injury";"Bike Lane / Paved Shoulder";"Black";"Male";"Greensboro";"Guilford";"No";"01-01-05";2012-11-02;"Motorist Right Turn / Merge";15;"Intersection";"01-11-01";1-01-01 15:27:58;"Motorist Right Turn - Same Direction";NA;2012;"C: Possible Injury";"Institutional";"20-24";23;"No";"6-10 mph";"O: No Injury";"White";"Male";"Passenger Car";"No";"No";"Daylight";"Urban (>70% Developed)";"2 lanes";2;"Straight - Level";"Local Street";"Dry";"Two-Way, Divided, Unprotected Median";"None";"Four-Way Intersection";"Smooth Asphalt";"Piedmont";"Urban";"20 - 25  MPH";"Stop And Go Signal";"Clear";"No";"36.06527, -79.8128"
"1804";875;876;"Yes";"50-59";57;"No";"With Traffic";"B: Evident Injury";"Travel Lane";"White";"Male";"Carrboro";"Orange";"No";"01-01-07";2012-11-04;"Motorist Overtaking Bicyclist";15;"Intersection-Related";"01-11-01";1-01-01 15:28:58;"Motorist Overtaking - Bicyclist Swerved";NA;2012;"B: Evident Injury";"Commercial";"50-59";58;"No";"11-15 mph";"O: No Injury";"Black";"Male";"Pickup";"No";"No";"Daylight";"Urban (>70% Developed)";NA;2;"Straight - Level";"Local Street";"Dry";"Two-Way, Not Divided";"None";"No Special Feature";"Coarse Asphalt";"Piedmont";"Urban";"20 - 25  MPH";"Stop And Go Signal";"Clear";"No";"35.91094, -79.067"
"1805";879;880;"No";"60-69";64;"Yes";"With Traffic";"C: Possible Injury";"Travel Lane";"Black";"Male";"Charlotte";"Mecklenburg";"Yes";"01-01-03";2012-11-14;"Crossing Paths - Other Circumstances";16;"Intersection";"01-11-01";1-01-01 16:34:58;"Crossing Paths - Intersection - Other /";NA;2012;"C: Possible Injury";"Commercial";"40-49";41;"No";"11-15 mph";"O: No Injury";"White";"Male";"Pickup";"No";"No";"Daylight";"Mixed (30% To 70% Developed)";"3 lanes";2;"Straight - Level";"NC Route";"Dry";"Two-Way, Divided, Unprotected Median";"None";"No Special Feature";"Smooth Asphalt";"Piedmont";"Urban";"50 - 55  MPH";"No Control Present";"Clear";"No";"35.26059, -80.8759"
"1806";882;883;"Yes";"20-24";20;"No";"Facing Traffic";"B: Evident Injury";"Sidewalk / Crosswalk / Driveway Crossing";"White";"Male";"Greensboro";"Guilford";"No";"01-01-05";2012-10-05;"Motorist Failed to Yield - Sign-Controlled Intersection";15;"Intersection";"01-10-01";1-01-01 15:45:58;"Motorist Drive Out - Sign-Controlled Intersection";NA;2012;"B: Evident Injury";"Commercial";"20-24";24;"No";"0-5 mph";"O: No Injury";"White";"Female";"Passenger Car";"No";"No";"Daylight";"Urban (>70% Developed)";"3 lanes";2;"Curve - Hillcrest";"Local Street";"Dry";"Two-Way, Divided, Unprotected Median";"None";"On or Off Ramp";"Smooth Asphalt";"Piedmont";"Urban";"30 - 35  MPH";"Stop Sign";"Clear";"No";"36.08712, -79.7756"
"1807";883;884;"Yes";"10-Jun";7;"No";"With Traffic";"B: Evident Injury";"Travel Lane";"Black";"Male";"Greensboro";"Guilford";"No";"01-01-03";2012-05-30;"Bicyclist Failed to Yield - Sign-Controlled Intersection";17;"Intersection-Related";"01-05-01";1-01-01 17:25:58;"Bicyclist Ride Through - Sign-Controlled Intersection";NA;2012;"B: Evident Injury";"Residential";"30-39";38;"No";"31-35 mph";"O: No Injury";"Black";"Male";"Van";"No";"No";"Daylight";"Urban (>70% Developed)";"2 lanes";2;"Straight - Bottom";"Local Street";"Dry";"Two-Way, Not Divided";"None";"Four-Way Intersection";"Smooth Asphalt";"Piedmont";"Urban";"30 - 35  MPH";"Stop Sign";"Clear";"No";"36.07349, -79.7482"
"1808";891;892;"No";"10-Jun";7;"No";"Facing Traffic";"C: Possible Injury";"Travel Lane";"White";"Male";"None - Rural Crash";"Pasquotank";"No";"01-01-06";2012-11-17;"Bicyclist Right Turn / Merge";13;"Non-Intersection";"01-11-01";1-01-01 13:54:58;"Bicyclist Right Turn - Same Direction";NA;2012;"C: Possible Injury";"Residential";"0-19";18;"No";"31-35 mph";"O: No Injury";"White";"Female";"Passenger Car";"No";"No";"Daylight";"Mixed (30% To 70% Developed)";"2 lanes";2;"Straight - Level";"State Secondary Route";"Dry";"Two-Way, Not Divided";"None";"No Special Feature";"Smooth Asphalt";"Coastal";"Rural";"30 - 35  MPH";"Double Yellow Line, No Passing Zone";"Clear";"No";"36.24225, -76.3143"
"1809";892;893;"Yes";"20-24";22;"No";"Facing Traffic";"C: Possible Injury";"Travel Lane";"White";"Female";"Greensboro";"Guilford";"No";"01-01-04";2012-11-15;"Crossing Paths - Other Circumstances";13;"Intersection";"01-11-01";1-01-01 12:59:58;"Crossing Paths - Intersection - Other /";NA;2012;"C: Possible Injury";"Commercial";"30-39";30;"No";"0-5 mph";"O: No Injury";"White";"Male";"Passenger Car";"No";"No";"Daylight";"Urban (>70% Developed)";"1 lane";2;"Straight - Grade";"Local Street";"Dry";"One-Way, Not Divided";"None";"T-Intersection";"Smooth Asphalt";"Piedmont";"Urban";"20 - 25  MPH";"No Control Present";"Clear";"No";"36.06828, -79.805"
"1810";902;903;"Yes";"40-49";46;"No";"Facing Traffic";"C: Possible Injury";"Travel Lane";"Black";"Male";"Durham";"Durham";"No";"01-01-03";2012-11-21;"Crossing Paths - Other Circumstances";0;"Intersection";"01-11-01";1-01-01 00:44:58;"Signalized Intersection - Other /";NA;2012;"C: Possible Injury";"Residential";"40-49";48;"No";"6-10 mph";"O: No Injury";"Black";"Female";"Passenger Car";"No";"No";"Daylight";"Urban (>70% Developed)";"3 lanes";2;"Straight - Level";"Local Street";"Dry";"Two-Way, Not Divided";"None";"No Special Feature";"Coarse Asphalt";"Piedmont";"Urban";"30 - 35  MPH";"Stop And Go Signal";"Clear";"No";"36.01774, -78.9363"
"1811";907;908;"Yes";"50-59";51;"No";"With Traffic";"C: Possible Injury";"Travel Lane";"Black";"Male";"Greensboro";"Guilford";"No";"01-01-02";2012-06-12;"Motorist Overtaking Bicyclist";0;"Non-Intersection";"01-06-01";1-01-01 00:49:58;"Motorist Overtaking - Other /";NA;2012;"C: Possible Injury";"Residential";"20-24";20;"No";"0-5 mph";"O: No Injury";"Black";"Male";"Passenger Car";"No";"No";"Dark - Lighted Roadway";"Urban (>70% Developed)";"2 lanes";2;"Straight - Level";"Local Street";NA;"Two-Way, Not Divided";"None";"No Special Feature";"Smooth Asphalt";"Piedmont";"Urban";"30 - 35  MPH";"No Control Present";"Other";"No";"36.08508, -79.7486"
"1812";908;909;"Yes";NA;0;"Missing";"Facing Traffic";"Injury";"Sidewalk / Crosswalk / Driveway Crossing";"/Missing";NA;"Greensboro";"Guilford";"No";"01-01-03";2012-06-20;"Motorist Failed to Yield - Midblock";15;"Non-Intersection";"01-06-01";1-01-01 15:45:58;"Motorist Drive Out - Commercial Driveway / Alley";NA;2012;"O: No Injury";"Commercial";"50-59";51;"No";"0-5 mph";"O: No Injury";"Black";"Male";"Passenger Car";"No";"Yes";"Daylight";"Urban (>70% Developed)";"3 lanes";2;"Straight - Level";"Local Street";"Dry";"Two-Way, Not Divided";"None";"Driveway, Public";"Coarse Asphalt";"Piedmont";"Urban";"5 - 15 MPH";"No Control Present";"Clear";"No";"36.03938, -79.7991"
"1813";914;915;"Yes";"20-24";23;"No";"With Traffic";"B: Evident Injury";"Travel Lane";"Black";"Male";"Durham";"Durham";"No";"01-01-02";2012-11-27;"Motorist Failed to Yield - Sign-Controlled Intersection";22;"Intersection";"01-11-01";1-01-01 22:38:58;"Motorist Drive Out - Sign-Controlled Intersection";NA;2012;"B: Evident Injury";"Residential";"40-49";48;"No";"0-5 mph";"O: No Injury";"White";"Male";"Passenger Car";"No";"No";"Dark - Roadway Not Lighted";"Urban (>70% Developed)";"2 lanes";2;"Straight - Level";"Local Street";"Wet";"Two-Way, Not Divided";"None";"No Special Feature";"Smooth Asphalt";"Piedmont";"Urban";"30 - 35  MPH";"Stop Sign";"Clear";"No";"35.89034, -78.9433"
"1814";920;921;"No";"16-19";19;"No";"With Traffic";"Injury";"Bike Lane / Paved Shoulder";"White";"Female";"Greensboro";"Guilford";"No";"01-01-02";2012-11-06;"Motorist Left Turn / Merge";13;"Intersection";"01-11-01";1-01-01 13:51:58;"Motorist Left Turn - Opposite Direction";NA;2012;"O: No Injury";"Institutional";"40-49";49;"No";"0-5 mph";"O: No Injury";"White";"Male";"Van";"No";"No";"Daylight";"Urban (>70% Developed)";"2 lanes";2;"Straight - Level";"Local Street";"Dry";"Two-Way, Not Divided";"None";"Four-Way Intersection";"Smooth Asphalt";"Piedmont";"Urban";"20 - 25  MPH";"Stop And Go Signal";"Clear";"No";"36.06532, -79.8127"
"1815";923;924;"Yes";"60-69";62;"No";"With Traffic";"B: Evident Injury";"Travel Lane";"White";"Male";"None - Rural Crash";"Orange";"No";"01-01-05";2012-11-23;"Bicyclist Left Turn / Merge";15;"Intersection";"01-11-01";1-01-01 15:00:58;"Bicyclist Left Turn - Same Direction";NA;2012;"B: Evident Injury";"Farms, Woods, Pastures";"40-49";48;"No";"36-40 mph";"O: No Injury";"White";"Female";"Passenger Car";"No";"No";"Daylight";"Rural (<30% Developed)";"2 lanes";2;"Straight - Grade";"State Secondary Route";"Dry";"Two-Way, Not Divided";"None";"T-Intersection";"Coarse Asphalt";"Piedmont";"Rural";"40 - 45  MPH";"Double Yellow Line, No Passing Zone";"Clear";"No";"36.18211, -78.9761"
"1816";932;933;"No";NA;0;"No";"Not Applicable";"B: Evident Injury";"Non-Roadway";"/Missing";NA;"Spindale";"Rutherford";"No";"01-01-06";2012-11-10;"Bicyclist Failed to Yield - Midblock";14;"Non-Intersection";"01-11-01";1-01-01 14:45:58;"Bicyclist Ride Out - Other Midblock";NA;2012;"B: Evident Injury";"Residential";"60-69";67;"No";"31-35 mph";"O: No Injury";"White";"Female";"Passenger Car";"No";"No";"Daylight";"Urban (>70% Developed)";"2 lanes";2;"Straight - Bottom";"Local Street";"Dry";"Two-Way, Divided, Unprotected Median";"None";"T-Intersection";"Smooth Asphalt";"Mountains";"Rural";"30 - 35  MPH";"No Control Present";"Clear";"No";"35.35647, -81.9175"
"1817";951;952;"Yes";"50-59";53;"No";"With Traffic";"B: Evident Injury";"Sidewalk / Crosswalk / Driveway Crossing";"White";"Male";"Raleigh";"Wake";"No";"01-01-03";2012-11-28;"Motorist Right Turn / Merge";17;"Non-Intersection";"01-11-01";1-01-01 17:37:58;"Motorist Right Turn - Same Direction";NA;2012;"B: Evident Injury";"Commercial";"30-39";33;"No";"6-10 mph";"O: No Injury";"Black";"Male";"Passenger Car";"No";"No";"Dusk";"Rural (<30% Developed)";"3 lanes";2;"Straight - Level";"Local Street";"Dry";"Two-Way, Not Divided";"None";"No Special Feature";"Smooth Asphalt";"Piedmont";"Urban";"30 - 35  MPH";"No Control Present";"Clear";"No";"35.82404, -78.6503"
"1818";952;953;"Yes";"40-49";49;"No";"With Traffic";"C: Possible Injury";"Travel Lane";"White";"Male";"None - Rural Crash";"Buncombe";"No";"01-01-02";2012-12-04;"Motorist Overtaking Bicyclist";14;"Non-Intersection";"01-12-01";1-01-01 14:35:58;"Motorist Overtaking - Other /";NA;2012;"C: Possible Injury";"Residential";"50-59";59;"No";"51-55 mph";"O: No Injury";"White";"Female";"Passenger Car";"No";"No";"Daylight";"Rural (<30% Developed)";"2 lanes";2;"Curve - Grade";"State Secondary Route";"Dry";"Two-Way, Not Divided";"None";"No Special Feature";"Smooth Asphalt";"Mountains";"Rural";"50 - 55  MPH";"Double Yellow Line, No Passing Zone";"Clear";"No";"35.6558, -82.6578"
"1819";962;963;"Yes";"40-49";43;"No";"Facing Traffic";"A: Disabling Injury";"Travel Lane";"White";"Male";"Kitty Hawk";"Dare";"No";"01-01-02";2012-11-20;"Crossing Paths - Other Circumstances";17;"Intersection";"01-11-01";1-01-01 17:50:58;"Crossing Paths - Intersection - Other /";NA;2012;"A: Disabling Injury";"Commercial";"30-39";39;"No";"46-50 mph";"O: No Injury";"Other";"Female";"Passenger Car";"No";"No";"Dark - Roadway Not Lighted";"Urban (>70% Developed)";"5 lanes";2;"Straight - Level";"US Route";"Dry";"Two-Way, Not Divided";"None";"No Special Feature";"Smooth Asphalt";"Coastal";"Rural";"50 - 55  MPH";"No Control Present";"Cloudy";"No";"36.05704, -75.6874"
"1820";964;965;"Yes";"20-24";23;"Yes";"With Traffic";"C: Possible Injury";"Travel Lane";"Black";"Male";"Charlotte";"Mecklenburg";"Yes";"01-01-05";2012-12-14;"Bicyclist Left Turn / Merge";18;"Non-Intersection";"01-12-01";1-01-01 18:52:58;"Bicyclist Left Turn - Same Direction";NA;2012;"C: Possible Injury";"Residential";NA;NA;"Missing";"6-10 mph";"Injury";"/Missing";NA;NA;"No";"Yes";"Dark - Lighted Roadway";"Urban (>70% Developed)";"2 lanes";2;"Straight - Level";"Local Street";"Dry";"Two-Way, Not Divided";"None";"No Special Feature";"Smooth Asphalt";"Piedmont";"Urban";"30 - 35  MPH";"No Control Present";"Clear";"No";"35.25991, -80.8978"