"FID";"OBJECTID";"AmbulanceR";"BikeAge_Gr";"Bike_Age";"Bike_Alc_D";"Bike_Dir";"Bike_Injur";"Bike_Pos";"Bike_Race";"Bike_Sex";"City";"County";"CrashAlcoh";"CrashDay";"Crash_Date";"Crash_Grp";"Crash_Hour";"Crash_Loc";"Crash_Mont";"Crash_Time";"Crash_Type";"Crash_Ty_1";"Crash_Year";"Crsh_Sevri";"Developmen";"DrvrAge_Gr";"Drvr_Age";"Drvr_Alc_D";"Drvr_EstSp";"Drvr_Injur";"Drvr_Race";"Drvr_Sex";"Drvr_VehTy";"ExcsSpdInd";"Hit_Run";"Light_Cond";"Locality";"Num_Lanes";"Num_Units";"Rd_Charact";"Rd_Class";"Rd_Conditi";"Rd_Config";"Rd_Defects";"Rd_Feature";"Rd_Surface";"Region";"Rural_Urba";"Speed_Limi";"Traff_Cntr";"Weather";"Workzone_I";"Location"
"1858";638;639;"Yes";"50-59";57;"No";"With Traffic";"B: Evident Injury";"Travel Lane";"White";"Male";"None - Rural Crash";"Wake";"No";"01-01-04";2007-08-09;"Motorist Left Turn / Merge";6;"Non-Intersection";"01-08-01";1-01-01 06:47:58;"Motorist Left Turn - Opposite Direction";311212;2007;"B: Evident Injury";"Farms, Woods, Pastures";"40-49";47;"No";"6-10 mph";"O: No Injury";"White";"Male";"Pickup";"No";"No";"Dusk";"Rural (<30% Developed)";"2 lanes";2;"Curve - Grade";"State Secondary Route";"Dry";"Two-Way, Not Divided";"None";"T-Intersection";"Smooth Asphalt";"Piedmont";"Rural";"40 - 45  MPH";"Double Yellow Line, No Passing Zone";"Clear";"Yes";"35.84146, -78.89291"
"1859";644;645;"No";"50-59";55;"No";"With Traffic";"B: Evident Injury";"Travel Lane";"Black";"Male";"Washington";"Beaufort";"No";"01-01-05";2007-08-10;"Bicyclist Failed to Yield - Sign-Controlled Intersection";14;"Intersection";"01-08-01";1-01-01 14:14:58;"Bicyclist Ride Through - Sign-Controlled Intersection";111144;2007;"B: Evident Injury";"Commercial";NA;NA;"Missing";"31-35 mph";"Injury";"/Missing";NA;NA;"No";"Yes";"Daylight";"Urban (>70% Developed)";"2 lanes";2;"Straight - Level";"Local Street";"Dry";"Two-Way, Not Divided";"None";"T-Intersection";"Coarse Asphalt";"Coastal";"Urban";"30 - 35  MPH";"Stop Sign";"Clear";"No";"35.547203, -77.051544"
"1860";646;647;"Yes";"30-39";31;"No";"With Traffic";"C: Possible Injury";"Travel Lane";"White";"Male";"Raleigh";"Wake";"No";"01-01-07";2007-08-12;"Motorist Overtaking Bicyclist";18;"Non-Intersection";"01-08-01";1-01-01 18:44:58;"Motorist Overtaking - Other /";311239;2007;"C: Possible Injury";"Residential";NA;NA;"Missing";"16-20 mph";"Injury";"/Missing";NA;NA;"No";"Yes";"Daylight";"Urban (>70% Developed)";"4 lanes";2;"Straight - Level";"Local Street";"Dry";"Two-Way, Divided, Unprotected Median";"None";"No Special Feature";"Smooth Asphalt";"Piedmont";"Urban";"40 - 45  MPH";"No Control Present";"Clear";"No";"35.855648, -78.57522"
"1861";649;650;"Yes";"40-49";48;"No";"Facing Traffic";"C: Possible Injury";"Travel Lane";"Black";"Male";"Halifax";"Halifax";"No";NA;2007-08-13;"Head-On";15;"Non-Intersection";"01-08-01";1-01-01 15:09:58;"Head-On - Bicyclist";312250;2007;"C: Possible Injury";"Commercial";"20-24";23;"No";"16-20 mph";"O: No Injury";"Black";"Male";"Sport Utility";"No";"No";"Daylight";"Mixed (30% To 70% Developed)";"2 lanes";2;"Straight - Level";"US Route";"Dry";"Two-Way, Not Divided";"None";"No Special Feature";"Smooth Asphalt";"Coastal";"Rural";"40 - 45  MPH";"Double Yellow Line, No Passing Zone";"Clear";"No";"36.320766, -77.59357"
"1862";658;659;"Yes";"15-Nov";12;"No";"Facing Traffic";"B: Evident Injury";"Driveway / Alley";"Black";"Male";"Raleigh";"Wake";"No";"01-01-05";2007-08-10;"Bicyclist Failed to Yield - Signalized Intersection";12;"Intersection";"01-08-01";1-01-01 12:09:58;"Bicyclist Ride Through - Signalized Intersection";152155;2007;"B: Evident Injury";"Commercial";"70+";NA;"No";"0-5 mph";"O: No Injury";"White";"Female";"Passenger Car";"No";"No";"Daylight";"Urban (>70% Developed)";"8 lanes";2;"Straight - Level";"Local Street";"Dry";"Two-Way, Divided, Unprotected Median";"None";"Driveway, Public";"Smooth Asphalt";"Piedmont";"Urban";"40 - 45  MPH";"Stop And Go Signal";"Clear";"No";"35.8555, -78.58092"
"1863";665;666;"Yes";"15-Nov";11;"No";"With Traffic";"C: Possible Injury";"Travel Lane";"White";"Male";"Asheville";"Buncombe";"No";"01-01-03";2007-08-15;"Bicyclist Failed to Yield - Sign-Controlled Intersection";11;"Intersection";"01-08-01";1-01-01 11:50:58;"Bicyclist Ride Through - Sign-Controlled Intersection";111144;2007;"C: Possible Injury";"Residential";"60-69";63;"No";"31-35 mph";"O: No Injury";"White";"Male";"Sport Utility";"No";"No";"Daylight";"Mixed (30% To 70% Developed)";"2 lanes";2;"Straight - Level";"Local Street";"Dry";"Two-Way, Not Divided";"None";"Four-Way Intersection";"Smooth Asphalt";"Mountains";"Urban";"30 - 35  MPH";"Stop Sign";"Clear";"No";"35.60228, -82.50215"
"1864";678;679;"Yes";"70+";NA;"No";"With Traffic";"B: Evident Injury";"Travel Lane";"White";"Male";"Durham";"Durham";"No";"01-01-02";2007-11-27;"Motorist Right Turn / Merge";9;"Non-Intersection";"01-11-01";1-01-01 09:44:58;"Motorist Right Turn - Same Direction";311213;2007;"B: Evident Injury";"Residential";"30-39";34;"No";"31-35 mph";"O: No Injury";"Asian";"Female";"Passenger Car";"No";"No";"Daylight";"Mixed (30% To 70% Developed)";"2 lanes";2;"Straight - Hillcrest";"Local Street";"Dry";"Two-Way, Not Divided";"None";"No Special Feature";"Coarse Asphalt";"Piedmont";"Urban";"30 - 35  MPH";"No Control Present";"Clear";"No";"36.01285, -78.94814"
"1865";679;680;"Yes";"30-39";36;"No";"With Traffic";"B: Evident Injury";"Travel Lane";"White";"Female";"Asheville";"Buncombe";"No";"01-01-07";2007-08-19;"Crossing Paths - Other Circumstances";11;"Intersection";"01-08-01";1-01-01 11:26:58;"Signalized Intersection - Other /";111158;2007;"B: Evident Injury";"Commercial";"25-29";29;"No";"21-25 mph";"O: No Injury";"White";"Female";"Sport Utility";"No";"No";"Daylight";"Urban (>70% Developed)";"2 lanes";2;"Straight - Level";"Local Street";"Dry";"Two-Way, Not Divided";"None";"Four-Way Intersection";"Coarse Asphalt";"Mountains";"Urban";"20 - 25  MPH";"Stop And Go Signal";"Clear";"No";"35.59538, -82.55277"
"1866";681;682;"No";"16-19";16;"No";"Facing Traffic";"O: No Injury";"Travel Lane";"Black";"Male";"Lumberton";"Robeson";"No";NA;2007-08-20;"Motorist Failed to Yield - Sign-Controlled Intersection";21;"Intersection";"01-08-01";1-01-01 21:13:58;"Motorist Drive Out - Sign-Controlled Intersection";112141;2007;"O: No Injury";"Residential";"60-69";62;"No";"0-5 mph";"O: No Injury";"White";"Female";"Passenger Car";"No";"No";"Dark - Roadway Not Lighted";"Urban (>70% Developed)";"4 lanes";2;"Straight - Level";"Local Street";"Dry";"Two-Way, Not Divided";"None";"Four-Way Intersection";"Smooth Asphalt";"Coastal";"Urban";"30 - 35  MPH";"Stop Sign";"Clear";"No";"34.62976, -79.00574"
"1867";684;685;"Yes";"30-39";39;"No";"With Traffic";"C: Possible Injury";"Travel Lane";"Black";"Male";"Morven";"Anson";"No";"01-01-03";2007-08-22;"Bicyclist Failed to Yield - Sign-Controlled Intersection";7;"Intersection";"01-08-01";1-01-01 07:34:58;"Bicyclist Ride Out - Sign-Controlled Intersection";111142;2007;"C: Possible Injury";"Commercial";"25-29";26;"No";"26-30 mph";"O: No Injury";"Black";"Female";"Passenger Car";"No";"No";"Daylight";"Urban (>70% Developed)";"2 lanes";2;"Straight - Level";"US Route";"Dry";"Two-Way, Not Divided";"None";"T-Intersection";"Smooth Asphalt";"Piedmont";"Rural";"30 - 35  MPH";"Double Yellow Line, No Passing Zone";"Clear";"No";"34.861115, -79.999435"
"1868";695;696;"Yes";"60-69";65;"No";"With Traffic";"A: Disabling Injury";"Travel Lane";"Black";"Male";"Raleigh";"Wake";"No";"01-01-06";2007-08-18;"Motorist Overtaking Bicyclist";1;"Intersection";"01-08-01";1-01-01 01:26:58;"Motorist Overtaking - Undetected Bicyclist";111231;2007;"A: Disabling Injury";"Commercial";NA;NA;"Missing";"41-45 mph";"Injury";"/Missing";NA;NA;"No";"Yes";"Dark - Lighted Roadway";"Urban (>70% Developed)";"6 lanes";2;"Straight - Grade";"Local Street";"Dry";"Two-Way, Divided, Unprotected Median";"None";"On or Off Ramp";"Smooth Asphalt";"Piedmont";"Urban";"40 - 45  MPH";"No Control Present";"Clear";"No";"35.81217, -78.60924"
"1869";701;702;"Yes";"30-39";34;"No";"With Traffic";"B: Evident Injury";"Travel Lane";"White";"Male";"None - Rural Crash";"Polk";"No";"01-01-06";2007-08-25;"Motorist Overtaking Bicyclist";17;"Non-Intersection";"01-08-01";1-01-01 16:59:58;"Motorist Overtaking - Misjudged Space";311232;2007;"B: Evident Injury";"Farms, Woods, Pastures";"70+";NA;"No";"41-45 mph";"O: No Injury";"White";"Female";"Passenger Car";"No";"No";"Daylight";"Rural (<30% Developed)";"2 lanes";2;"Straight - Level";"NC Route";"Dry";"Two-Way, Not Divided";"None";"No Special Feature";"Smooth Asphalt";"Mountains";"Rural";"50 - 55  MPH";"No Control Present";"Clear";"No";"35.304672, -82.16419"
"1870";703;704;"Yes";"30-39";37;"No";"With Traffic";"C: Possible Injury";"Travel Lane";"Black";"Male";"None - Rural Crash";"Hoke";"No";"01-01-07";2007-08-26;"Motorist Overtaking Bicyclist";21;"Non-Intersection";"01-08-01";1-01-01 21:34:58;"Motorist Overtaking - Other /";311239;2007;"C: Possible Injury";"Residential";NA;NA;"Missing";"51-55 mph";"Injury";"/Missing";NA;NA;"No";"Yes";"Dark -  Lighting";"Urban (>70% Developed)";"2 lanes";2;"Straight - Level";"State Secondary Route";"Wet";"Two-Way, Not Divided";"None";"No Special Feature";"Smooth Asphalt";"Coastal";"Rural";"50 - 55  MPH";"No Control Present";"Rain";"No";"34.968872, -79.338585"
"1871";705;706;"Yes";"50-59";56;"No";NA;"B: Evident Injury";"Travel Lane";"White";"Male";"None - Rural Crash";"New Hanover";"No";NA;2007-08-27;"Bicyclist Failed to Yield - Sign-Controlled Intersection";13;"Intersection";"01-08-01";1-01-01 12:59:58;"Bicyclist Ride Through - Sign-Controlled Intersection";119144;2007;"B: Evident Injury";"Residential";"70+";NA;"No";"21-25 mph";"O: No Injury";"White";"Male";"Passenger Car";"No";"No";"Daylight";"Urban (>70% Developed)";"2 lanes";2;"Straight - Level";"State Secondary Route";"Dry";"Two-Way, Not Divided";"None";"Four-Way Intersection";"Smooth Asphalt";"Coastal";"Rural";"30 - 35  MPH";"Stop Sign";"Clear";"No";"34.268246, -77.83718"
"1872";726;727;"Yes";"60-69";65;"No";"Facing Traffic";"B: Evident Injury";"Travel Lane";"Native American";"Male";"None - Rural Crash";"Robeson";"No";"01-01-02";2007-09-04;"Head-On";20;"Non-Intersection";"01-09-01";1-01-01 20:10:58;"Head-On - Bicyclist";312250;2007;"B: Evident Injury";"Farms, Woods, Pastures";"60-69";66;"No";"51-55 mph";"O: No Injury";"Native American";"Male";"Pickup";"No";"No";"Dark - Roadway Not Lighted";"Rural (<30% Developed)";"2 lanes";2;"Straight - Level";"State Secondary Route";"Dry";"Two-Way, Not Divided";"None";"No Special Feature";"Coarse Asphalt";"Coastal";"Rural";"50 - 55  MPH";"Double Yellow Line, No Passing Zone";"Clear";"No";"34.80332, -79.150375"
"1873";733;734;"Yes";"50-59";52;"No";NA;"B: Evident Injury";"Non-Roadway";"White";"Male";"None - Rural Crash";"Gaston";"No";"01-01-04";2007-09-06;"Non-Roadway";17;"Non-Roadway";"01-09-01";1-01-01 17:19:58;"Non-Roadway";460910;2007;"B: Evident Injury";"Commercial";"40-49";40;"No";NA;"O: No Injury";"White";"Female";"Passenger Car";"No";"No";"Daylight";"Rural (<30% Developed)";NA;2;"Straight - Level";"State Secondary Route";"Dry";"Two-Way, Not Divided";"None";"No Special Feature";"Smooth Asphalt";"Piedmont";"Rural";NA;"No Control Present";"Clear";"No";"35.25855, -81.11884"
"1874";738;739;"No";"30-39";39;"No";"With Traffic";"B: Evident Injury";NA;"White";"Male";"Morganton";"Burke";"No";"01-01-05";2007-08-31;"Motorist Right Turn / Merge";16;"Intersection";"01-08-01";1-01-01 16:55:58;"Motorist Right Turn - Same Direction";191213;2007;"B: Evident Injury";"Commercial";"50-59";52;"No";"0-5 mph";"O: No Injury";"White";"Female";"Sport Utility";"No";"No";"Daylight";"Urban (>70% Developed)";"5 lanes";2;"Straight - Grade";"Local Street";"Dry";"Two-Way, Divided, Unprotected Median";"None";"T-Intersection";"Coarse Asphalt";"Mountains";"Urban";"40 - 45  MPH";"Stop And Go Signal";"Clear";"No";"35.735294, -81.67533"
"1875";741;742;"No";"10-Jun";10;"No";"With Traffic";"C: Possible Injury";"Travel Lane";"Black";"Female";"Rocky Mount";"Edgecombe";"No";"01-01-03";2007-08-29;"Loss of Control / Turning Error";16;"Intersection";"01-08-01";1-01-01 16:01:58;"Bicyclist Turning Error - Right Turn";111115;2007;"C: Possible Injury";"Residential";"60-69";62;"No";"16-20 mph";"O: No Injury";"Black";"Male";"Van";"No";"No";"Daylight";"Urban (>70% Developed)";"2 lanes";2;"Straight - Level";"Local Street";"Dry";"Two-Way, Not Divided";"None";"Four-Way Intersection";"Smooth Asphalt";"Coastal";"Urban";"30 - 35  MPH";"Stop Sign";"Clear";"No";"35.935425, -77.782715"
"1876";747;748;"No";"15-Nov";11;"No";"With Traffic";"C: Possible Injury";"Travel Lane";"Hispanic";"Male";"None - Rural Crash";"Wayne";"No";"01-01-04";2007-09-06;"Motorist Overtaking Bicyclist";8;"Non-Intersection";"01-09-01";1-01-01 08:09:58;"Motorist Overtaking - Bicyclist Swerved";311235;2007;"C: Possible Injury";"Commercial";"30-39";30;"No";"21-25 mph";"O: No Injury";"White";"Male";"Pickup";"No";"No";"Daylight";"Mixed (30% To 70% Developed)";"2 lanes";2;"Straight - Level";"NC Route";"Dry";"Two-Way, Not Divided";"None";"No Special Feature";"Smooth Asphalt";"Coastal";"Rural";"40 - 45  MPH";"Double Yellow Line, No Passing Zone";"Clear";"No";"35.4118, -78.071205"
"1877";751;752;"Yes";"30-39";37;"No";"Facing Traffic";"C: Possible Injury";"Sidewalk / Crosswalk / Driveway Crossing";"Black";"Male";"None - Rural Crash";"New Hanover";"No";"01-01-05";2007-09-07;"Motorist Failed to Yield - Signalized Intersection";13;"Intersection";"01-09-01";1-01-01 13:25:58;"Motorist Drive Out - Right Turn on Red";132151;2007;"C: Possible Injury";"Residential";"50-59";52;"No";"0-5 mph";"O: No Injury";"Black";"Male";"Passenger Car";"No";"No";"Daylight";"Urban (>70% Developed)";"4 lanes";2;"Straight - Grade";"Local Street";"Dry";"Two-Way, Divided, Unprotected Median";"None";"Traffic Circle/Roundabout";"Coarse Asphalt";"Coastal";"Rural";"30 - 35  MPH";"Stop And Go Signal";"Clear";"No";"34.23586, -77.943184"
"1878";759;760;"Yes";"10-Jun";6;"No";"Not Applicable";"B: Evident Injury";"Driveway / Alley";"White";"Male";"None - Rural Crash";"Johnston";"No";"01-01-07";2007-09-09;"Bicyclist Failed to Yield - Midblock";17;"Non-Intersection";"01-09-01";1-01-01 17:12:58;"Bicyclist Ride Out - Residential Driveway";353311;2007;"B: Evident Injury";"Residential";"0-19";18;"No";"21-25 mph";"O: No Injury";"White";"Male";"Passenger Car";"No";"No";"Daylight";"Mixed (30% To 70% Developed)";"2 lanes";2;"Straight - Grade";"Public Vehicular Area";"Dry";"Two-Way, Not Divided";"None";"Driveway, Private";"Coarse Asphalt";"Coastal";"Rural";"50 - 55  MPH";"No Control Present";"Clear";"No";"35.66394, -78.379845"
"1879";762;763;"No";"50-59";53;"No";"With Traffic";"C: Possible Injury";NA;"White";"Male";"Chapel Hill";"Orange";"No";"01-01-03";2007-09-12;"Motorist Left Turn / Merge";8;"Non-Intersection";"01-09-01";1-01-01 08:03:58;"Motorist Left Turn - Opposite Direction";391212;2007;"C: Possible Injury";"Residential";"30-39";34;"No";"6-10 mph";"O: No Injury";"White";"Male";"Passenger Car";"No";"No";"Daylight";"Urban (>70% Developed)";"2 lanes";2;"Straight - Level";"Local Street";"Dry";"Two-Way, Not Divided";"None";"No Special Feature";"Smooth Asphalt";"Piedmont";"Urban";"20 - 25  MPH";"No Control Present";"Clear";"No";"35.909916, -79.05621"
"1880";769;770;"Yes";"16-19";17;"No";"With Traffic";"A: Disabling Injury";"Travel Lane";"White";"Female";"None - Rural Crash";"Lenoir";"No";"01-01-05";2007-09-14;"Head-On";19;"Non-Intersection";"01-09-01";1-01-01 19:10:58;"Head-On - Bicyclist";311250;2007;"A: Disabling Injury";"Farms, Woods, Pastures";"30-39";35;"No";"41-45 mph";"O: No Injury";"White";"Male";"Passenger Car";"No";"No";"Daylight";"Rural (<30% Developed)";"2 lanes";2;"Straight - Level";"State Secondary Route";"Dry";"Two-Way, Not Divided";"None";"No Special Feature";"Coarse Asphalt";"Coastal";"Rural";"50 - 55  MPH";"No Control Present";"Cloudy";"No";"35.135532, -77.71193"
"1881";788;789;"No";"10-Jun";6;"No";"Not Applicable";"O: No Injury";NA;"Black";"Male";"High Point";"Guilford";"No";NA;2007-09-17;"Bicyclist Failed to Yield - Midblock";17;"Non-Intersection";"01-09-01";1-01-01 17:13:58;"Bicyclist Ride Out - Midblock -";393319;2007;"O: No Injury";"Residential";"20-24";21;"No";"31-35 mph";"O: No Injury";"Black";"Male";"Passenger Car";"No";"No";"Daylight";"Urban (>70% Developed)";"2 lanes";2;"Straight - Level";"Local Street";"Dry";"Two-Way, Divided, Unprotected Median";"None";"No Special Feature";"Coarse Asphalt";"Piedmont";"Urban";"30 - 35  MPH";"No Control Present";"Clear";"No";"35.949776, -79.986305"
"1882";791;792;"Yes";"16-19";16;"No";"Facing Traffic";"B: Evident Injury";"Travel Lane";"Black";"Male";"Kings Mountain";"Cleveland";"No";"01-01-02";2007-09-18;"Bicyclist Failed to Yield - Sign-Controlled Intersection";16;"Intersection";"01-09-01";1-01-01 16:31:58;"Bicyclist Ride Through - Sign-Controlled Intersection";112144;2007;"B: Evident Injury";"Commercial";"60-69";66;"No";"16-20 mph";"B: Evident Injury";"White";"Female";"Sport Utility";"No";"No";"Daylight";"Mixed (30% To 70% Developed)";"4 lanes";2;"Straight - Bottom";"Local Street";"Dry";"Two-Way, Not Divided";"None";"T-Intersection";"Smooth Asphalt";"Mountains";"Urban";"20 - 25  MPH";"Stop Sign";"Clear";"No";"35.237648, -81.34233"
"1883";792;793;"No";"16-19";16;"No";"Facing Traffic";"B: Evident Injury";NA;"Black";"Female";"Fayetteville";"Cumberland";"No";"01-01-02";2007-09-18;"Crossing Paths - Other Circumstances";19;"Intersection";"01-09-01";1-01-01 19:44:58;"Signalized Intersection - Other /";192158;2007;"B: Evident Injury";"Commercial";NA;NA;"Missing";"26-30 mph";"Injury";"/Missing";NA;NA;"No";"Yes";"Daylight";"Urban (>70% Developed)";"3 lanes";2;"Straight - Level";"Local Street";"Dry";"Two-Way, Divided, Positive Median Barrier";"None";"No Special Feature";"Coarse Asphalt";"Coastal";"Urban";"40 - 45  MPH";"Stop And Go Signal";"Clear";"No";"35.093327, -78.95498"
"1884";800;801;"No";"40-49";41;"No";"With Traffic";"C: Possible Injury";"Travel Lane";"Black";"Male";"Raleigh";"Wake";"No";"01-01-04";2007-09-20;"Motorist Failed to Yield - Sign-Controlled Intersection";20;"Intersection";"01-09-01";1-01-01 20:18:58;"Motorist Drive Out - Sign-Controlled Intersection";111141;2007;"C: Possible Injury";"Residential";"40-49";41;"No";"0-5 mph";"O: No Injury";"Black";"Male";"Passenger Car";"No";"No";"Dark - Roadway Not Lighted";"Urban (>70% Developed)";"2 lanes";2;"Straight - Level";"Local Street";"Wet";"Two-Way, Not Divided";"None";"Four-Way Intersection";"Smooth Asphalt";"Piedmont";"Urban";"30 - 35  MPH";"Stop Sign";"Cloudy";"No";"35.81891, -78.5849"
"1885";803;804;"Yes";"60-69";65;"Yes";"With Traffic";"B: Evident Injury";"Travel Lane";"Black";"Male";"Sims";"Wilson";"Yes";"01-01-05";2007-09-21;"Motorist Overtaking Bicyclist";19;"Non-Intersection";"01-09-01";1-01-01 19:40:58;"Motorist Overtaking - Other /";311239;2007;"B: Evident Injury";"Residential";"70+";NA;"No";"26-30 mph";"O: No Injury";"White";"Male";"Passenger Car";"No";"No";"Dusk";"Mixed (30% To 70% Developed)";"2 lanes";2;"Straight - Level";"State Secondary Route";"Dry";"Two-Way, Not Divided";"None";"No Special Feature";"Smooth Asphalt";"Coastal";"Rural";"30 - 35  MPH";"Double Yellow Line, No Passing Zone";"Clear";"No";"35.757774, -78.06023"
"1886";815;816;"Yes";"10-Jun";10;"No";"Not Applicable";"B: Evident Injury";"Driveway / Alley";"Native American";"Male";"None - Rural Crash";"Robeson";"Yes";"01-01-03";2007-09-26;"Bicyclist Failed to Yield - Midblock";17;"Non-Intersection";"01-09-01";1-01-01 17:29:58;"Bicyclist Ride Out - Midblock -";353319;2007;"B: Evident Injury";"Farms, Woods, Pastures";"20-24";21;"Yes";"51-55 mph";"O: No Injury";"Native American";"Male";"Passenger Car";"No";"No";"Daylight";"Rural (<30% Developed)";"2 lanes";2;"Straight - Level";"State Secondary Route";"Dry";"Two-Way, Not Divided";"None";"Driveway, Private";"Coarse Asphalt";"Coastal";"Rural";"50 - 55  MPH";"Double Yellow Line, No Passing Zone";"Clear";"No";"34.741985, -79.252884"
"1887";820;821;"Yes";"50-59";53;"No";"With Traffic";"B: Evident Injury";"Travel Lane";"Black";"Male";"Fayetteville";"Cumberland";"No";"01-01-06";2007-09-29;"Bicyclist Left Turn / Merge";1;"Non-Intersection";"01-09-01";1-01-01 01:03:58;"Bicyclist Left Turn - Same Direction";311221;2007;"B: Evident Injury";"Commercial";"0-19";17;"No";"41-45 mph";"O: No Injury";"Black";"Male";"Passenger Car";"No";"No";"Dark - Lighted Roadway";"Urban (>70% Developed)";"6 lanes";2;"Straight - Level";"Local Street";"Wet";"Two-Way, Divided, Unprotected Median";"None";"No Special Feature";"Coarse Asphalt";"Coastal";"Urban";"40 - 45  MPH";"No Control Present";"Clear";"No";"35.079247, -78.88179"
"1888";826;827;"Yes";"30-39";36;"No";"With Traffic";"B: Evident Injury";"Bike Lane / Paved Shoulder";"Black";"Male";"None - Rural Crash";"Nash";"No";NA;2007-10-01;"Motorist Overtaking Bicyclist";21;"Non-Intersection";"01-10-01";1-01-01 21:29:58;"Motorist Overtaking - Other /";321239;2007;"B: Evident Injury";"Commercial";NA;NA;"Missing";"51-55 mph";"Injury";"/Missing";NA;NA;"No";"Yes";"Dark - Roadway Not Lighted";"Mixed (30% To 70% Developed)";"4 lanes";2;"Curve - Level";"US Route";"Dry";"Two-Way, Divided, Unprotected Median";"None";"No Special Feature";"Coarse Asphalt";"Coastal";"Rural";"50 - 55  MPH";"No Control Present";"Cloudy";"No";"35.88521, -77.82094"
"1889";832;833;"Yes";"10-Jun";10;"No";"Facing Traffic";"B: Evident Injury";"Travel Lane";"Other";"Male";"Apex";"Wake";"No";"01-01-03";2007-10-03;"Bicyclist Failed to Yield - Sign-Controlled Intersection";14;"Intersection";"01-10-01";1-01-01 14:42:58;"Bicyclist Ride Out - Sign-Controlled Intersection";112142;2007;"B: Evident Injury";"Residential";"0-19";16;"No";"21-25 mph";"O: No Injury";"White";"Male";"Passenger Car";"No";"No";"Dusk";"Urban (>70% Developed)";"2 lanes";2;"Straight - Level";"Local Street";"Dry";"Two-Way, Divided, Unprotected Median";"None";"No Special Feature";"Smooth Asphalt";"Piedmont";"Urban";"20 - 25  MPH";"No Control Present";"Clear";"No";"35.74634, -78.86415"
"1890";833;834;"Yes";"25-29";26;"No";"Facing Traffic";"C: Possible Injury";"Sidewalk / Crosswalk / Driveway Crossing";"White";"Female";"Raleigh";"Wake";"No";"01-01-03";2007-10-03;"Motorist Failed to Yield - Sign-Controlled Intersection";15;"Intersection";"01-10-01";1-01-01 15:14:58;"Motorist Drive Through - Sign-Controlled Intersection";132143;2007;"C: Possible Injury";"Commercial";"50-59";50;"No";"21-25 mph";"Injury";"Black";"Female";"Passenger Car";"No";"No";"Daylight";"Urban (>70% Developed)";"2 lanes";2;"Straight - Level";"Local Street";"Dry";"Two-Way, Not Divided";"None";"No Special Feature";"Smooth Asphalt";"Piedmont";"Urban";"20 - 25  MPH";"Stop Sign";"Clear";"No";"35.79339, -78.693565"
"1891";835;836;"No";"30-39";36;"No";"With Traffic";"C: Possible Injury";"Travel Lane";"White";"Male";"Gastonia";"Gaston";"No";"01-01-05";2007-10-05;"Bicyclist Overtaking Motorist";16;"Non-Intersection";"01-10-01";1-01-01 16:04:58;"Bicyclist Overtaking - Passing on Left";311242;2007;"C: Possible Injury";"Residential";"20-24";21;"No";"0-5 mph";"O: No Injury";"White";"Female";"Passenger Car";"No";"No";"Daylight";"Urban (>70% Developed)";"2 lanes";2;"Straight - Level";"Local Street";"Dry";"Two-Way, Not Divided";"None";"No Special Feature";"Smooth Asphalt";"Piedmont";"Urban";"30 - 35  MPH";"No Control Present";"Clear";"No";"35.250744, -81.16425"
"1892";837;838;"Yes";"50-59";52;"No";"With Traffic";"B: Evident Injury";"Travel Lane";"White";"Female";"None - Rural Crash";"Camden";"No";"01-01-06";2007-10-06;"Motorist Overtaking Bicyclist";13;"Non-Intersection";"01-10-01";1-01-01 13:34:58;"Motorist Overtaking - Misjudged Space";311232;2007;"B: Evident Injury";"Farms, Woods, Pastures";"40-49";46;"No";"36-40 mph";"O: No Injury";"White";"Male";"Passenger Car";"No";"No";"Daylight";"Rural (<30% Developed)";"2 lanes";2;"Straight - Level";"NC Route";"Dry";"Two-Way, Not Divided";"None";"No Special Feature";"Smooth Asphalt";"Coastal";"Rural";"50 - 55  MPH";"Double Yellow Line, No Passing Zone";"Cloudy";"No";"36.383953, -76.24486"
"1893";839;840;"No";"60-69";65;"No";"With Traffic";"B: Evident Injury";"Travel Lane";"Black";"Male";"Enfield";"Halifax";"No";"01-01-07";2007-10-07;"Loss of Control / Turning Error";18;"Intersection";"01-10-01";1-01-01 18:49:58;"Motorist Turning Error - Left Turn";111111;2007;"B: Evident Injury";"Residential";"20-24";20;"No";"6-10 mph";"O: No Injury";"Black";"Female";"Passenger Car";"No";"No";"Dark - Lighted Roadway";"Mixed (30% To 70% Developed)";"2 lanes";2;"Straight - Level";"Local Street";"Dry";"Two-Way, Not Divided";"None";"No Special Feature";"Smooth Asphalt";"Coastal";"Rural";"20 - 25  MPH";"No Control Present";"Clear";"No";"36.17444, -77.6617"