"FID";"OBJECTID";"AmbulanceR";"BikeAge_Gr";"Bike_Age";"Bike_Alc_D";"Bike_Dir";"Bike_Injur";"Bike_Pos";"Bike_Race";"Bike_Sex";"City";"County";"CrashAlcoh";"CrashDay";"Crash_Date";"Crash_Grp";"Crash_Hour";"Crash_Loc";"Crash_Mont";"Crash_Time";"Crash_Type";"Crash_Ty_1";"Crash_Year";"Crsh_Sevri";"Developmen";"DrvrAge_Gr";"Drvr_Age";"Drvr_Alc_D";"Drvr_EstSp";"Drvr_Injur";"Drvr_Race";"Drvr_Sex";"Drvr_VehTy";"ExcsSpdInd";"Hit_Run";"Light_Cond";"Locality";"Num_Lanes";"Num_Units";"Rd_Charact";"Rd_Class";"Rd_Conditi";"Rd_Config";"Rd_Defects";"Rd_Feature";"Rd_Surface";"Region";"Rural_Urba";"Speed_Limi";"Traff_Cntr";"Weather";"Workzone_I";"Location"
"1931";50;51;"No";"40-49";46;"Yes";"With Traffic";"C: Possible Injury";"Sidewalk / Crosswalk / Driveway Crossing";"Black";"Male";"Durham";"Durham";"Yes";"01-01-04";2011-02-24;"Bicyclist Failed to Yield - Signalized Intersection";21;"Intersection";"01-02-01";1-01-01 21:48:58;"Bicyclist Ride Through - Signalized Intersection";131155;2011;"C: Possible Injury";"Commercial";"40-49";43;"No";"0-5 mph";"O: No Injury";"White";"Male";"Passenger Car";"No";"No";"Dark - Lighted Roadway";"Urban (>70% Developed)";"2 lanes";2;"Straight - Level";"Local Street";"Wet";"One-Way, Not Divided";"None";"No Special Feature";"Smooth Asphalt";"Piedmont";"Urban";"20 - 25  MPH";"Stop And Go Signal";"Cloudy";"No";"35.99758, -78.8985"
"1932";51;52;"Yes";"50-59";52;"No";"With Traffic";"B: Evident Injury";"Travel Lane";"Black";"Male";"None - Rural Crash";"Pitt";"No";"01-01-05";2011-02-25;"Motorist Failed to Yield - Sign-Controlled Intersection";7;"Intersection";"01-02-01";1-01-01 07:37:58;"Motorist Drive Out - Sign-Controlled Intersection";111141;2011;"B: Evident Injury";"Residential";"20-24";21;"No";"0-5 mph";"O: No Injury";"White";"Female";"Passenger Car";"No";"No";"Daylight";"Mixed (30% To 70% Developed)";"6 lanes";2;"Straight - Level";"US Route";"Wet";"Two-Way, Not Divided";"None";"No Special Feature";"Smooth Asphalt";"Coastal";"Rural";"50 - 55  MPH";"Stop Sign";"Clear";"No";"35.62992, -77.3296"
"1933";53;54;"Yes";"15-Nov";14;"No";"Facing Traffic";"C: Possible Injury";"Travel Lane";"Black";"Male";"Laurinburg";"Scotland";"No";"01-01-07";2011-02-13;"Motorist Failed to Yield - Sign-Controlled Intersection";16;"Intersection";"01-02-01";1-01-01 16:10:58;"Motorist Drive Out - Sign-Controlled Intersection";112141;2011;"C: Possible Injury";"Residential";"60-69";63;"No";"0-5 mph";"O: No Injury";"Black";"Female";"Passenger Car";"No";"No";"Daylight";"Urban (>70% Developed)";"2 lanes";2;"Straight - Level";"Local Street";"Dry";"Two-Way, Not Divided";"None";"No Special Feature";"Coarse Asphalt";"Coastal";"Urban";"30 - 35  MPH";"Stop Sign";"Clear";"No";"34.78286, -79.4601"
"1934";55;56;"No";"15-Nov";15;"No";"Not Applicable";"C: Possible Injury";"Travel Lane";"Black";"Male";"Durham";"Durham";"No";"01-01-03";2011-02-02;"Crossing Paths - Other Circumstances";23;"Intersection-Related";"01-02-01";1-01-01 23:20:58;"Crossing Paths - Intersection - Other /";213180;2011;"C: Possible Injury";"Commercial";NA;NA;"No";NA;"Injury";"/Missing";NA;"Van";"No";"Yes";"Daylight";"Urban (>70% Developed)";"2 lanes";2;"Straight - Level";"Local Street";"Dry";"Two-Way, Not Divided";"None";"No Special Feature";"Coarse Asphalt";"Piedmont";"Urban";NA;"No Control Present";"Clear";"No";"36.00502, -78.8669"
"1935";56;57;"No";"10-Jun";10;"No";"With Traffic";"C: Possible Injury";"Sidewalk / Crosswalk / Driveway Crossing";"Black";"Male";"Charlotte";"Mecklenburg";"No";NA;2011-02-14;"Motorist Right Turn / Merge";16;"Intersection";"01-02-01";1-01-01 16:49:58;"Motorist Right Turn - Same Direction";131213;2011;"C: Possible Injury";"Residential";"25-29";29;"No";"11-15 mph";"O: No Injury";"Black";"Female";"School Bus";"No";"No";"Dusk";"Urban (>70% Developed)";"1 lane";2;"Straight - Grade";"Local Street";"Dry";"One-Way, Not Divided";"None";"Traffic Circle/Roundabout";"Smooth Asphalt";"Piedmont";"Urban";"20 - 25  MPH";"No Control Present";"Clear";"No";"35.22624, -80.8332"
"1936";64;65;"Yes";"60-69";60;"No";"With Traffic";"C: Possible Injury";"Travel Lane";"White";"Male";"Charlotte";"Mecklenburg";"No";"01-01-03";2011-02-23;"Motorist Left Turn / Merge";9;"Intersection";"01-02-01";1-01-01 09:33:58;"Motorist Left Turn - Opposite Direction";111212;2011;"C: Possible Injury";"Commercial";"20-24";23;"No";"0-5 mph";"O: No Injury";"Other";"Female";"Passenger Car";"No";"No";"Daylight";"Urban (>70% Developed)";"4 lanes";2;"Straight - Level";"Local Street";"Dry";"Two-Way, Divided, Unprotected Median";"None";"No Special Feature";"Smooth Asphalt";"Piedmont";"Urban";"30 - 35  MPH";"Stop And Go Signal";"Cloudy";"No";"35.22709, -80.8431"
"1937";68;69;"No";"20-24";21;"No";"With Traffic";"O: No Injury";"Travel Lane";"White";"Male";"Asheville";"Buncombe";"No";"01-01-05";2011-02-11;"Loss of Control / Turning Error";10;"Intersection";"01-02-01";1-01-01 10:32:58;"Bicyclist Lost Control - Mechanical Problems";111121;2011;"O: No Injury";"Commercial";"40-49";44;"No";"11-15 mph";"O: No Injury";"Black";"Female";"Passenger Car";"No";"No";"Daylight";"Urban (>70% Developed)";"3 lanes";2;NA;"US Route";"Dry";"Two-Way, Not Divided";"None";"T-Intersection";"Smooth Asphalt";"Mountains";"Urban";"30 - 35  MPH";"Stop And Go Signal";"Clear";"No";"35.59764, -82.5361"
"1938";81;82;"Yes";"40-49";47;"No";"With Traffic";"B: Evident Injury";NA;"Black";"Female";"Tarboro";"Edgecombe";"No";"01-01-04";2011-03-10;"Parallel Paths - Other Circumstances";18;"Non-Intersection";"01-03-01";1-01-01 18:46:58;"Bicyclist Ride Out - Parallel Path";391225;2011;"B: Evident Injury";"Residential";"20-24";22;"No";"31-35 mph";"O: No Injury";"Black";"Male";"Passenger Car";"No";"No";"Dark - Lighted Roadway";"Urban (>70% Developed)";"5 lanes";2;"Straight - Level";"Local Street";"Wet";"Two-Way, Not Divided";"None";"No Special Feature";"Smooth Asphalt";"Coastal";"Urban";"30 - 35  MPH";"No Control Present";"Rain";"No";"35.90314, -77.5514"
"1939";86;87;"Yes";"20-24";22;"No";"With Traffic";"C: Possible Injury";"Travel Lane";"White";"Male";"Asheville";"Buncombe";"No";"01-01-04";2011-03-10;"Motorist Left Turn / Merge";16;"Intersection";"01-03-01";1-01-01 16:08:58;"Motorist Left Turn - Opposite Direction";111212;2011;"C: Possible Injury";"Commercial";"70+";NA;"No";"11-15 mph";"O: No Injury";"White";"Female";"Pickup";"No";"No";"Daylight";"Urban (>70% Developed)";"4 lanes";2;"Straight - Level";"Local Street";"Dry";"Two-Way, Not Divided";"None";"Four-Way Intersection";"Smooth Asphalt";"Mountains";"Urban";"20 - 25  MPH";"Stop And Go Signal";"Cloudy";"No";"35.59115, -82.5565"
"1940";93;94;"Yes";"10-Jun";7;"No";"With Traffic";"C: Possible Injury";"Travel Lane";"Hispanic";"Male";"None - Rural Crash";"Johnston";"No";"01-01-03";2011-03-23;"Bicyclist Failed to Yield - Sign-Controlled Intersection";17;"Intersection";"01-03-01";1-01-01 17:26:58;"Bicyclist Ride Through - Sign-Controlled Intersection";111144;2011;"C: Possible Injury";"Residential";"50-59";58;"No";"0-5 mph";"O: No Injury";"White";"Female";"Passenger Car";"No";"No";"Daylight";"Mixed (30% To 70% Developed)";"1 lane";2;"Straight - Level";"State Secondary Route";"Dry";"One-Way, Not Divided";"None";"No Special Feature";"Smooth Asphalt";"Coastal";"Rural";"5 - 15 MPH";"Stop Sign";"Clear";"No";"35.65024, -78.3842"
"1941";94;95;"Yes";"50-59";59;"No";"With Traffic";"C: Possible Injury";"Travel Lane";"White";"Male";"Cary";"Wake";"No";"01-01-03";2011-03-23;"Motorist Left Turn / Merge";17;"Intersection";"01-03-01";1-01-01 17:31:58;"Motorist Left Turn - Opposite Direction";111212;2011;"C: Possible Injury";"Residential";"20-24";23;"No";"6-10 mph";"O: No Injury";"White";"Female";"Passenger Car";"No";"No";"Daylight";"Urban (>70% Developed)";"5 lanes";2;"Straight - Level";"State Secondary Route";"Dry";"Two-Way, Not Divided";"None";"Four-Way Intersection";"Smooth Asphalt";"Piedmont";"Urban";"20 - 25  MPH";"Stop And Go Signal";"Clear";"No";"35.81176, -78.7948"
"1942";101;102;"Yes";"40-49";46;"No";"With Traffic";"B: Evident Injury";"Travel Lane";"White";"Male";"Charlotte";"Mecklenburg";"No";"01-01-05";2011-03-18;"Motorist Left Turn / Merge";6;"Intersection";"01-03-01";1-01-01 06:56:58;"Motorist Left Turn - Opposite Direction";111212;2011;"B: Evident Injury";"Commercial";"40-49";41;"No";"31-35 mph";"O: No Injury";"White";"Male";"Passenger Car";"No";"No";"Dark - Lighted Roadway";"Mixed (30% To 70% Developed)";"2 lanes";2;"Straight - Level";"Local Street";"Dry";"Two-Way, Not Divided";"None";"Four-Way Intersection";"Smooth Asphalt";"Piedmont";"Urban";"40 - 45  MPH";"Stop Sign";"Clear";"No";"35.12587, -80.9805"
"1943";104;105;"No";"25-29";28;"No";"Facing Traffic";"C: Possible Injury";"Sidewalk / Crosswalk / Driveway Crossing";"White";"Male";"Charlotte";"Mecklenburg";"No";"01-01-04";2011-03-17;"Motorist Left Turn / Merge";16;"Intersection";"01-03-01";1-01-01 16:57:58;"Motorist Left Turn - Same Direction";132211;2011;"C: Possible Injury";"Commercial";"40-49";46;"No";"0-5 mph";"O: No Injury";"White";"Male";"Passenger Car";"No";"No";"Daylight";"Urban (>70% Developed)";"2 lanes";2;"Straight - Level";"Local Street";"Dry";"One-Way, Not Divided";"None";"Four-Way Intersection";"Smooth Asphalt";"Piedmont";"Urban";"20 - 25  MPH";"Stop And Go Signal";"Clear";"No";"35.22641, -80.8442"
"1944";107;108;"Yes";"10-Jun";6;"No";"With Traffic";"C: Possible Injury";"Travel Lane";"Black";"Female";"None - Rural Crash";"Union";"No";"01-01-04";2011-03-24;"Backing Vehicle";16;"Non-Intersection";"01-03-01";1-01-01 16:01:58;"Backing Vehicle";311600;2011;"C: Possible Injury";"Residential";"70+";NA;"No";"0-5 mph";"O: No Injury";"Black";"Female";"Passenger Car";"No";"Yes";"Daylight";"Urban (>70% Developed)";"2 lanes";2;"Straight - Level";"State Secondary Route";"Dry";"Two-Way, Not Divided";"None";"No Special Feature";"Coarse Asphalt";"Piedmont";"Rural";"30 - 35  MPH";"No Control Present";"Clear";"No";"35.0069, -80.4277"
"1945";111;112;"Yes";"20-24";22;"No";"Facing Traffic";"K: Killed";"Travel Lane";"Hispanic";"Male";"None - Rural Crash";"Pitt";"No";"01-01-04";2011-03-24;"Head-On";20;"Non-Intersection";"01-03-01";1-01-01 20:20:58;"Head-On - Bicyclist";312250;2011;"K: Killed";"Residential";"20-24";20;"No";"41-45 mph";"O: No Injury";"Black";"Male";"Sport Utility";"No";"No";"Dark - Roadway Not Lighted";"Urban (>70% Developed)";"2 lanes";2;"Straight - Level";"NC Route";"Dry";"Two-Way, Not Divided";"None";"No Special Feature";"Coarse Asphalt";"Coastal";"Rural";"40 - 45  MPH";"No Control Present";"Clear";"No";"35.65704, -77.4078"
"1946";115;116;"No";"10-Jun";6;"No";"With Traffic";"O: No Injury";"Travel Lane";"Black";"Male";"Raleigh";"Wake";"No";"01-01-06";2011-03-19;"Loss of Control / Turning Error";16;"Intersection";"01-03-01";1-01-01 16:52:58;"Bicyclist Lost Control - Mechanical Problems";111121;2011;"O: No Injury";"Residential";"50-59";51;"No";"31-35 mph";"O: No Injury";"Black";"Female";"Passenger Car";"No";"No";"Daylight";"Urban (>70% Developed)";"2 lanes";2;"Straight - Level";"Local Street";"Dry";"Two-Way, Not Divided";"None";"Four-Way Intersection";"Smooth Asphalt";"Piedmont";"Urban";"30 - 35  MPH";"Stop Sign";"Clear";"No";"35.78209, -78.6256"
"1947";118;119;"Yes";"15-Nov";11;"No";"With Traffic";"B: Evident Injury";"Travel Lane";"White";"Male";"None - Rural Crash";"Rowan";"No";"01-01-06";2011-04-02;"Motorist Overtaking Bicyclist";17;"Non-Intersection";"01-04-01";1-01-01 17:33:58;"Motorist Overtaking - Bicyclist Swerved";311235;2011;"B: Evident Injury";"Residential";"30-39";30;"No";"41-45 mph";"O: No Injury";"White";"Female";"Sport Utility";"No";"No";"Daylight";"Mixed (30% To 70% Developed)";"2 lanes";2;"Straight - Hillcrest";"State Secondary Route";"Dry";"Two-Way, Not Divided";"None";"No Special Feature";"Coarse Asphalt";"Piedmont";"Rural";"50 - 55  MPH";"Double Yellow Line, No Passing Zone";"Clear";"No";"35.50391, -80.4966"
"1948";128;129;"Yes";"40-49";46;"No";"With Traffic";"K: Killed";"Travel Lane";"White";"Male";"None - Rural Crash";"New Hanover";"Yes";"01-01-07";2011-04-03;"Motorist Overtaking Bicyclist";9;"Non-Intersection";"01-04-01";1-01-01 09:29:58;"Motorist Overtaking - Other /";311239;2011;"K: Killed";"Residential";"60-69";63;"Yes";"51-55 mph";"O: No Injury";"White";"Male";"Passenger Car";"No";"No";"Daylight";"Mixed (30% To 70% Developed)";"2 lanes";3;"Straight - Level";"State Secondary Route";"Dry";"Two-Way, Not Divided";"None";"No Special Feature";"Coarse Asphalt";"Coastal";"Rural";"50 - 55  MPH";"No Control Present";"Clear";"No";"34.09924, -77.9216"
"1949";138;139;"Yes";"30-39";37;"No";"With Traffic";"C: Possible Injury";"Travel Lane";"White";"Male";"Cary";"Wake";"No";"01-01-03";2011-04-13;"Motorist Left Turn / Merge";13;"Intersection";"01-04-01";1-01-01 13:57:58;"Motorist Left Turn - Opposite Direction";111212;2011;"C: Possible Injury";"Commercial";"60-69";69;"No";"11-15 mph";"O: No Injury";"White";"Male";"Van";"No";"No";"Daylight";"Urban (>70% Developed)";"4 lanes";2;"Straight - Level";"State Secondary Route";"Dry";"Two-Way, Divided, Unprotected Median";"None";"Four-Way Intersection";"Smooth Asphalt";"Piedmont";"Urban";"40 - 45  MPH";"Stop And Go Signal";"Clear";"No";"35.8022, -78.7866"
"1950";139;140;"Yes";"15-Nov";13;"No";"With Traffic";"B: Evident Injury";"Travel Lane";"White";"Male";"High Point";"Guilford";"No";"01-01-07";2011-04-03;"Bicyclist Failed to Yield - Sign-Controlled Intersection";14;"Intersection";"01-04-01";1-01-01 14:44:58;"Bicyclist Ride Out - Sign-Controlled Intersection";111142;2011;"B: Evident Injury";"Residential";NA;NA;"Missing";NA;"Injury";"/Missing";NA;"Passenger Car";"No";"Yes";"Daylight";"Urban (>70% Developed)";"2 lanes";2;"Straight - Grade";"Local Street";"Dry";"Two-Way, Not Divided";"None";"T-Intersection";"Smooth Asphalt";"Piedmont";"Urban";"30 - 35  MPH";"Stop Sign";"Clear";"No";"35.97327, -80.0112"
"1951";140;141;"Yes";"50-59";51;"No";"Not Applicable";"A: Disabling Injury";"Bike Lane / Paved Shoulder";"Hispanic";"Male";"Burlington";"Alamance";"No";NA;2011-04-04;"Crossing Paths - Other Circumstances";19;"Intersection-Related";"01-04-01";1-01-01 19:09:58;"Crossing Paths - Uncontrolled Intersection";223160;2011;"A: Disabling Injury";"Residential";"25-29";26;"No";"31-35 mph";"O: No Injury";"Black";"Female";"Passenger Car";"No";"No";"Daylight";"Urban (>70% Developed)";"4 lanes";2;"Curve - Bottom";"Local Street";"Dry";"Two-Way, Not Divided";"None";"Related To Intersection";"Smooth Asphalt";"Piedmont";"Urban";"30 - 35  MPH";"Stop And Go Signal";"Cloudy";"No";"36.09224, -79.4293"
"1952";145;146;"Yes";"50-59";53;"No";"With Traffic";"C: Possible Injury";"Travel Lane";"White";"Male";"None - Rural Crash";"Cumberland";"No";"01-01-05";2011-04-15;"Motorist Failed to Yield - Sign-Controlled Intersection";18;"Intersection";"01-04-01";1-01-01 18:24:58;"Motorist Drive Out - Sign-Controlled Intersection";111141;2011;"C: Possible Injury";"Commercial";"40-49";46;"No";"11-15 mph";"O: No Injury";"Other";"Male";"Passenger Car";"No";"No";"Daylight";"Urban (>70% Developed)";"5 lanes";2;"Straight - Level";"State Secondary Route";"Dry";"Two-Way, Not Divided";"None";"No Special Feature";"Smooth Asphalt";"Coastal";"Rural";"40 - 45  MPH";"Stop Sign";"Clear";"No";"35.0127, -78.919"
"1953";146;147;"Yes";"40-49";46;"Yes";"With Traffic";"C: Possible Injury";"Sidewalk / Crosswalk / Driveway Crossing";"Black";"Male";"Kinston";"Lenoir";"Yes";"01-01-02";2011-04-19;"Bicyclist Failed to Yield - Sign-Controlled Intersection";20;"Intersection-Related";"01-04-01";1-01-01 20:57:58;"Bicyclist Ride Out - Sign-Controlled Intersection";231142;2011;"C: Possible Injury";"Residential";"60-69";67;"No";"16-20 mph";"O: No Injury";"Black";"Male";"Passenger Car";"No";"No";"Dark - Lighted Roadway";"Urban (>70% Developed)";"2 lanes";2;"Straight - Level";"Local Street";"Dry";"Two-Way, Not Divided";"None";"No Special Feature";"Coarse Asphalt";"Coastal";"Urban";"20 - 25  MPH";"Stop Sign";"Clear";"No";"35.25718, -77.5701"
"1954";148;149;"Yes";"30-39";34;"No";"With Traffic";"C: Possible Injury";"Travel Lane";"White";"Male";"Charlotte";"Mecklenburg";"No";"01-01-06";2011-04-09;"Motorist Left Turn / Merge";12;"Intersection";"01-04-01";1-01-01 12:04:58;"Motorist Left Turn - Opposite Direction";111212;2011;"C: Possible Injury";"Commercial";"20-24";24;"No";"0-5 mph";"O: No Injury";"Black";"Female";"Passenger Car";"No";"No";"Daylight";"Urban (>70% Developed)";"4 lanes";2;"Straight - Level";"Local Street";"Dry";"Two-Way, Not Divided";"None";"Four-Way Intersection";"Smooth Asphalt";"Piedmont";"Urban";"30 - 35  MPH";"Stop And Go Signal";"Clear";"No";"35.22492, -80.8464"
"1955";158;159;"Yes";"16-19";17;"No";"With Traffic";"B: Evident Injury";"Travel Lane";"White";"Male";"Cary";"Wake";"No";"01-01-06";2011-04-23;"Motorist Left Turn / Merge";21;"Intersection";"01-04-01";1-01-01 21:38:58;"Motorist Left Turn - Opposite Direction";111212;2011;"B: Evident Injury";"Residential";"30-39";32;"No";"31-35 mph";"O: No Injury";"White";"Male";"Passenger Car";"No";"No";"Dark - Roadway Not Lighted";"Urban (>70% Developed)";"2 lanes";2;"Straight - Level";"State Secondary Route";"Dry";"Two-Way, Not Divided";"None";"T-Intersection";"Smooth Asphalt";"Piedmont";"Urban";"30 - 35  MPH";"Stop Sign";"Clear";"No";"35.79154, -78.7811"
"1956";159;160;"No";"0-5";5;"No";"Not Applicable";"C: Possible Injury";"Non-Roadway";"White";"Male";"Wilson";"Wilson";"No";"01-01-07";2011-01-23;"Non-Roadway";13;"Non-Roadway";NA;1-01-01 13:46:58;"Non-Roadway";460910;2011;"C: Possible Injury";"Residential";"25-29";25;"No";"0-5 mph";"O: No Injury";"Black";"Male";"Sport Utility";"No";"No";"Daylight";"Urban (>70% Developed)";NA;2;"Straight - Level";"Public Vehicular Area";"Dry";"Two-Way, Not Divided";"None";"No Special Feature";"Concrete";"Coastal";"Urban";"30 - 35  MPH";"No Control Present";"Clear";"No";"35.73161, -77.9181"
"1957";161;162;"Yes";"16-19";19;"No";"With Traffic";"B: Evident Injury";"Travel Lane";"Native American";"Male";"Lumberton";"Robeson";"No";"01-01-03";2011-04-27;"Bicyclist Failed to Yield - Sign-Controlled Intersection";20;"Intersection";"01-04-01";1-01-01 20:02:58;"Bicyclist Ride Out - Sign-Controlled Intersection";111142;2011;"B: Evident Injury";"Residential";"50-59";53;"No";"41-45 mph";"O: No Injury";"White";"Male";"Passenger Car";"No";"No";"Daylight";"Urban (>70% Developed)";"2 lanes";2;"Straight - Level";"Local Street";"Dry";"Two-Way, Not Divided";"None";"No Special Feature";"Coarse Asphalt";"Coastal";"Urban";"40 - 45  MPH";"Stop Sign";"Cloudy";"No";"34.61033, -78.9729"
"1958";167;168;"Yes";"40-49";48;"No";"With Traffic";"B: Evident Injury";"Travel Lane";"White";"Male";"High Point";"Guilford";"No";"01-01-04";2011-04-07;"Motorist Left Turn / Merge";18;"Intersection";"01-04-01";1-01-01 18:46:58;"Motorist Left Turn - Opposite Direction";111212;2011;"B: Evident Injury";"Residential";"0-19";17;"No";"16-20 mph";"O: No Injury";"White";"Female";"Passenger Car";"No";"No";"Daylight";"Urban (>70% Developed)";"2 lanes";2;"Straight - Level";"Local Street";"Dry";"Two-Way, Not Divided";"None";"Four-Way Intersection";"Coarse Asphalt";"Piedmont";"Urban";"30 - 35  MPH";"Stop And Go Signal";"Clear";"No";"36.03991, -79.9406"
"1959";169;170;"Yes";"60-69";64;"No";"With Traffic";"B: Evident Injury";"Travel Lane";"Black";"Male";"None - Rural Crash";"Onslow";"No";"01-01-02";2011-04-26;"Motorist Overtaking Bicyclist";6;"Non-Intersection";"01-04-01";1-01-01 06:29:58;"Motorist Overtaking - Misjudged Space";311232;2011;"B: Evident Injury";"Farms, Woods, Pastures";"30-39";30;"No";"16-20 mph";"O: No Injury";"White";"Male";"Passenger Car";"No";"No";"Dawn";"Rural (<30% Developed)";"2 lanes";2;"Straight - Level";"State Secondary Route";NA;"Two-Way, Not Divided";"None";"No Special Feature";"Coarse Asphalt";"Coastal";"Rural";"40 - 45  MPH";"No Control Present";"Clear";"No";"34.77112, -77.3557"
"1960";171;172;"No";"50-59";54;"No";"With Traffic";"C: Possible Injury";"Travel Lane";"White";"Male";"None - Rural Crash";"Durham";"No";"01-01-05";2011-04-29;"Bicyclist Overtaking Motorist";13;"Non-Intersection";"01-04-01";1-01-01 13:00:58;"Bicyclist Overtaking - Passing on Right";311241;2011;"C: Possible Injury";"Farms, Woods, Pastures";"60-69";68;"No";"46-50 mph";"O: No Injury";"White";"Female";"Van";"No";"No";"Daylight";"Mixed (30% To 70% Developed)";"2 lanes";2;"Straight - Level";"NC Route";"Dry";"Two-Way, Not Divided";"Work Zone";"No Special Feature";"Smooth Asphalt";"Piedmont";"Rural";"50 - 55  MPH";"Double Yellow Line, No Passing Zone";"Clear";"No";"36.08714, -78.9129"
"1961";180;181;"Yes";"40-49";45;"No";"With Traffic";"A: Disabling Injury";"Travel Lane";"White";"Male";"None - Rural Crash";"Pitt";"No";"01-01-05";2011-04-29;"Motorist Overtaking Bicyclist";19;"Non-Intersection";"01-04-01";1-01-01 19:11:58;"Motorist Overtaking - Other /";311239;2011;"A: Disabling Injury";"Farms, Woods, Pastures";"50-59";57;"No";"41-45 mph";"O: No Injury";"White";"Male";"Pickup";"No";"No";"Daylight";"Rural (<30% Developed)";"2 lanes";2;"Straight - Level";"NC Route";"Dry";"Two-Way, Not Divided";"None";"No Special Feature";"Coarse Asphalt";"Coastal";"Rural";"50 - 55  MPH";"No Control Present";"Clear";"No";"35.4715, -77.3906"
"1962";182;183;"Yes";"10-Jun";10;"No";"Not Applicable";"C: Possible Injury";"Travel Lane";"Black";"Male";"Greensboro";"Guilford";"No";"01-01-03";2011-04-20;"Bicyclist Failed to Yield - Midblock";15;"Non-Intersection";"01-04-01";1-01-01 15:32:58;"Bicyclist Ride Out - Other Midblock";313318;2011;"C: Possible Injury";"Residential";"20-24";21;"No";"21-25 mph";"O: No Injury";"Black";"Female";"Passenger Car";"No";"No";"Daylight";"Urban (>70% Developed)";"2 lanes";2;"Straight - Level";"Local Street";"Dry";"Two-Way, Not Divided";"None";"No Special Feature";"Smooth Asphalt";"Piedmont";"Urban";"30 - 35  MPH";"No Control Present";"Clear";"No";"36.07225, -79.8809"
"1963";187;188;"No";"0-5";4;"No";"Facing Traffic";"B: Evident Injury";"Travel Lane";"Black";"Male";"Mooresville";"Iredell";"No";"01-01-02";2011-04-19;"Crossing Paths - Other Circumstances";16;"Intersection";"01-04-01";1-01-01 16:46:58;"Crossing Paths - Intersection - Other /";112180;2011;"B: Evident Injury";"Residential";"30-39";34;"No";"11-15 mph";"O: No Injury";"White";"Male";"Pickup";"No";"No";"Daylight";"Mixed (30% To 70% Developed)";"2 lanes";2;"Straight - Level";"Local Street";"Dry";"Two-Way, Not Divided";"None";"No Special Feature";"Smooth Asphalt";"Piedmont";"Urban";"30 - 35  MPH";"No Control Present";"Clear";"No";"35.58297, -80.8244"
"1964";198;199;"Yes";"20-24";21;"No";"With Traffic";"B: Evident Injury";"Travel Lane";"White";"Male";"Winston-Salem";"Forsyth";"No";"01-01-03";2011-04-27;"Motorist Left Turn / Merge";13;"Non-Intersection";"01-04-01";1-01-01 13:42:58;"Motorist Left Turn - Opposite Direction";311212;2011;"B: Evident Injury";"Residential";"25-29";25;"No";"0-5 mph";"O: No Injury";"White";"Female";"Sport Utility";"No";"No";"Daylight";"Urban (>70% Developed)";"2 lanes";2;"Straight - Level";"Local Street";"Wet";"Two-Way, Not Divided";"None";"Driveway, Private";"Coarse Asphalt";"Piedmont";"Urban";"30 - 35  MPH";"No Control Present";"Rain";"No";"36.12756, -80.3002"
"1965";178;179;"No";"30-39";31;"No";NA;"C: Possible Injury";NA;"Black";"Male";"Kinston";"Lenoir";"No";"01-01-02";2010-04-27;"Other /  - Insufficient Details";13;"Non-Intersection";"01-04-01";1-01-01 13:03:58;"Approach Paths";0;2010;"C: Possible Injury";"Residential";"70+";NA;"No";"31-35 mph";"O: No Injury";"White";"Male";"Van";"No";"No";"Daylight";"Urban (>70% Developed)";"2 lanes";2;"Straight - Level";"Local Street";"Dry";"Two-Way, Not Divided";NA;"No Special Feature";"Smooth Asphalt";"Coastal";"Urban";"30 - 35  MPH";"No Control Present";"Clear";"No";"35.269512, -77.57767"
"1966";183;184;"Yes";"30-39";39;"No";"With Traffic";"B: Evident Injury";"Travel Lane";"White";"Male";"Greensboro";"Guilford";"No";"01-01-05";2010-04-16;"Motorist Left Turn / Merge";18;"Intersection";"01-04-01";1-01-01 17:59:58;"Motorist Left Turn - Opposite Direction";0;2010;"B: Evident Injury";"Residential";"70+";NA;"No";"16-20 mph";"O: No Injury";"White";"Male";"Passenger Car";"No";"No";"Daylight";"Urban (>70% Developed)";"2 lanes";2;"Straight - Grade";"Local Street";"Dry";"Two-Way, Not Divided";"None";"T-Intersection";"Smooth Asphalt";"Piedmont";"Urban";"30 - 35  MPH";"No Control Present";"Clear";"No";"36.096333, -79.82243"
"1967";184;185;"No";"25-29";29;"No";"With Traffic";"O: No Injury";"Travel Lane";"Hispanic";"Male";"Charlotte";"Mecklenburg";"No";"01-01-03";2010-04-21;"Parallel Paths - Other Circumstances";17;"Non-Intersection";"01-04-01";1-01-01 17:55:58;"Parallel Paths - Other /";0;2010;"O: No Injury";"Commercial";"50-59";55;"No";"31-35 mph";"O: No Injury";"Black";"Female";"Commercial Bus";"No";"No";"Daylight";"Urban (>70% Developed)";"2 lanes";2;"Straight - Level";"Local Street";"Dry";"One-Way, Not Divided";"None";"No Special Feature";"Smooth Asphalt";"Piedmont";"Urban";"30 - 35  MPH";"No Control Present";"Cloudy";"Yes";"35.235203, -80.82073"
"1968";192;193;"No";"40-49";45;"No";"Facing Traffic";"B: Evident Injury";"Travel Lane";"Black";"Male";"Burlington";"Alamance";"No";"01-01-05";2010-04-23;"Bicyclist Failed to Yield - Sign-Controlled Intersection";20;"Intersection";"01-04-01";1-01-01 20:57:58;"Bicyclist Ride Out - Sign-Controlled Intersection";0;2010;"B: Evident Injury";"Residential";"50-59";50;"No";NA;"O: No Injury";"Black";"Male";"Van";"No";"No";"Dark - Lighted Roadway";"Urban (>70% Developed)";"3 lanes";2;"Straight - Level";"US Route";"Dry";"One-Way, Not Divided";"None";"Four-Way Intersection";"Smooth Asphalt";"Piedmont";"Urban";"30 - 35  MPH";"Stop Sign";"Clear";"No";"36.102898, -79.42776"