"FID";"OBJECTID";"AmbulanceR";"BikeAge_Gr";"Bike_Age";"Bike_Alc_D";"Bike_Dir";"Bike_Injur";"Bike_Pos";"Bike_Race";"Bike_Sex";"City";"County";"CrashAlcoh";"CrashDay";"Crash_Date";"Crash_Grp";"Crash_Hour";"Crash_Loc";"Crash_Mont";"Crash_Time";"Crash_Type";"Crash_Ty_1";"Crash_Year";"Crsh_Sevri";"Developmen";"DrvrAge_Gr";"Drvr_Age";"Drvr_Alc_D";"Drvr_EstSp";"Drvr_Injur";"Drvr_Race";"Drvr_Sex";"Drvr_VehTy";"ExcsSpdInd";"Hit_Run";"Light_Cond";"Locality";"Num_Lanes";"Num_Units";"Rd_Charact";"Rd_Class";"Rd_Conditi";"Rd_Config";"Rd_Defects";"Rd_Feature";"Rd_Surface";"Region";"Rural_Urba";"Speed_Limi";"Traff_Cntr";"Weather";"Workzone_I";"Location"
"2005";444;445;"No";"40-49";44;"No";"Facing Traffic";"C: Possible Injury";"Travel Lane";"White";"Male";"Concord";"Cabarrus";"No";"01-01-04";2011-07-07;"Motorist Failed to Yield - Midblock";16;"Non-Intersection";"01-07-01";1-01-01 16:30:58;"Motorist Drive Out - Commercial Driveway / Alley";312322;2011;"C: Possible Injury";"Commercial";"25-29";29;"No";"16-20 mph";"O: No Injury";"Black";"Male";"Passenger Car";"No";"No";"Daylight";"Urban (>70% Developed)";"2 lanes";2;"Straight - Hillcrest";"Public Vehicular Area";"Dry";"Two-Way, Not Divided";"None";"Driveway, Public";"Smooth Asphalt";"Piedmont";"Urban";NA;"No Control Present";"Cloudy";"No";"35.44144, -80.6079"
"2006";448;449;"Yes";"10-Jun";10;"No";"Not Applicable";"B: Evident Injury";"Non-Roadway";"Black";"Male";"Charlotte";"Mecklenburg";"No";"01-01-06";2011-07-09;"Non-Roadway";18;"Non-Roadway";"01-07-01";1-01-01 18:00:58;"Non-Roadway";460910;2011;"B: Evident Injury";"Residential";"20-24";21;"No";"6-10 mph";"O: No Injury";"White";"Female";"Passenger Car";"No";"No";"Daylight";"Urban (>70% Developed)";NA;2;"Straight - Level";"Public Vehicular Area";"Dry";"Two-Way, Not Divided";"None";"No Special Feature";"Smooth Asphalt";"Piedmont";"Urban";"5 - 15 MPH";"No Control Present";"Clear";"No";"35.29521, -80.7271"
"2007";450;451;"Yes";"40-49";40;"No";"Facing Traffic";"C: Possible Injury";"Travel Lane";"Black";"Male";"Wilmington";"New Hanover";"No";"01-01-06";2011-07-09;"Bicyclist Failed to Yield - Signalized Intersection";2;"Intersection";"01-07-01";1-01-01 02:53:58;"Bicyclist Ride Out - Signalized  Intersection";112153;2011;"C: Possible Injury";"Commercial";"30-39";38;"No";"21-25 mph";"O: No Injury";"White";"Male";"Passenger Car";"No";"No";"Dark - Lighted Roadway";"Urban (>70% Developed)";"4 lanes";2;"Straight - Hillcrest";"Local Street";"Dry";"One-Way, Not Divided";"None";"No Special Feature";"Smooth Asphalt";"Coastal";"Urban";"30 - 35  MPH";"Stop And Go Signal";"Clear";"No";"34.22545, -77.9448"
"2008";454;455;"No";"30-39";30;"No";"With Traffic";"Injury";"Travel Lane";"White";"Male";"High Point";"Guilford";"No";NA;2011-07-04;"Motorist Left Turn / Merge";23;"Intersection";"01-07-01";1-01-01 23:26:58;"Motorist Left Turn - Opposite Direction";111212;2011;"Injury";"Commercial";NA;NA;"Missing";NA;"Injury";"/Missing";NA;"Passenger Car";"No";"Yes";"Dark - Lighted Roadway";"Urban (>70% Developed)";"2 lanes";2;"Straight - Level";"Local Street";"Dry";"Two-Way, Not Divided";"None";"T-Intersection";"Smooth Asphalt";"Piedmont";"Urban";"30 - 35  MPH";"No Control Present";"Cloudy";"No";"35.95387, -79.9929"
"2009";455;456;"Yes";"40-49";42;"No";"Facing Traffic";"C: Possible Injury";"Multi-use Path";"White";"Female";"Duck";"Dare";"No";"01-01-02";2011-07-12;"Motorist Failed to Yield - Midblock";10;"Non-Intersection";"01-07-01";1-01-01 09:59:58;"Motorist Drive Out - Other Midblock";342328;2011;"C: Possible Injury";"Commercial";"50-59";58;"No";"0-5 mph";"O: No Injury";"White";"Male";"Pickup";"No";"No";"Daylight";"Mixed (30% To 70% Developed)";"2 lanes";2;"Straight - Level";"NC Route";"Dry";"Two-Way, Not Divided";"None";"Driveway, Public";"Smooth Asphalt";"Coastal";"Rural";"30 - 35  MPH";"Stop Sign";"Clear";"No";"36.18315, -75.7572"
"2010";456;457;"No";"15-Nov";13;"No";"With Traffic";"O: No Injury";"Travel Lane";"White";"Male";"Raleigh";"Wake";"No";"01-01-02";2011-07-26;"Bicyclist Left Turn / Merge";14;"Intersection-Related";"01-07-01";1-01-01 14:00:58;"Bicyclist Left Turn - Same Direction";211221;2011;"O: No Injury";"Commercial";"50-59";54;"No";"11-15 mph";"O: No Injury";"Other";"Female";"Passenger Car";"No";"No";"Daylight";"Urban (>70% Developed)";"6 lanes";2;"Straight - Level";"NC Route";"Dry";"Two-Way, Divided, Positive Median Barrier";"None";"Related To Intersection";"Coarse Asphalt";"Piedmont";"Urban";"30 - 35  MPH";"Stop And Go Signal";"Clear";"No";"35.88297, -78.6792"
"2011";464;465;"No";"30-39";38;"No";"Not Applicable";"C: Possible Injury";"Driveway / Alley";"White";"Male";"None - Rural Crash";"Hyde";"No";"01-01-04";2011-07-21;"Bicyclist Failed to Yield - Midblock";12;"Non-Intersection";"01-07-01";1-01-01 12:02:58;"Bicyclist Ride Out - Residential Driveway";353311;2011;"B: Evident Injury";"Commercial";"60-69";62;"No";"16-20 mph";"B: Evident Injury";"White";"Male";"Motorcycle";"No";"No";"Daylight";"Urban (>70% Developed)";"2 lanes";2;"Straight - Level";"Local Street";"Dry";"Two-Way, Not Divided";"None";"No Special Feature";"Smooth Asphalt";"Coastal";"Rural";"20 - 25  MPH";"No Control Present";"Clear";"No";"35.11021, -75.9774"
"2012";468;469;"No";"40-49";47;"No";"Facing Traffic";"B: Evident Injury";"Sidewalk / Crosswalk / Driveway Crossing";"White";"Female";"Lumberton";"Robeson";"No";"01-01-06";2011-07-16;"Bicyclist Failed to Yield - Signalized Intersection";18;"Intersection";"01-07-01";1-01-01 18:50:58;"Bicyclist Ride Through - Signalized Intersection";132155;2011;"B: Evident Injury";"Commercial";"50-59";56;"No";"6-10 mph";"O: No Injury";"Black";"Male";"Passenger Car";"No";"No";"Daylight";"Urban (>70% Developed)";"9 or more lanes";2;"Straight - Level";"Local Street";"Dry";"Two-Way, Divided, Unprotected Median";"None";"Four-Way Intersection";"Coarse Asphalt";"Coastal";"Urban";"30 - 35  MPH";"Stop And Go Signal";"Clear";"No";"34.61539, -79.0686"
"2013";477;478;"Yes";"30-39";32;"No";"With Traffic";"O: No Injury";"Travel Lane";"White";"Male";"Raleigh";"Wake";"No";"01-01-06";2011-07-30;"Parallel Paths - Other Circumstances";5;"Non-Intersection";"01-07-01";1-01-01 05:02:58;"Parallel Paths - Other /";311280;2011;"O: No Injury";"Commercial";"20-24";20;"No";"21-25 mph";"O: No Injury";"Other";"Male";"Light Truck (Mini-Van, Panel)";"No";"Yes";"Dark - Lighted Roadway";"Urban (>70% Developed)";"2 lanes";2;"Straight - Level";"Local Street";"Dry";"Two-Way, Not Divided";"None";"No Special Feature";"Smooth Asphalt";"Piedmont";"Urban";"5 - 15 MPH";"No Control Present";"Clear";"No";"35.77827, -78.6392"
"2014";483;484;"No";"15-Nov";14;"No";"With Traffic";"C: Possible Injury";"Travel Lane";"White";"Male";"Charlotte";"Mecklenburg";"No";"01-01-06";2011-06-04;"Bicyclist Overtaking Motorist";16;"Non-Intersection";"01-06-01";1-01-01 16:08:58;"Bicyclist Overtaking - Other /";311249;2011;"C: Possible Injury";"Residential";NA;NA;"Missing";NA;"Injury";"/Missing";NA;"Passenger Car";"No";"No";"Daylight";"Urban (>70% Developed)";"2 lanes";2;"Straight - Level";"Local Street";"Dry";"Two-Way, Not Divided";"None";"No Special Feature";"Smooth Asphalt";"Piedmont";"Urban";"20 - 25  MPH";"No Control Present";"Clear";"No";"35.3863, -80.7642"
"2015";495;496;"Yes";"16-19";18;"No";"With Traffic";"C: Possible Injury";"Travel Lane";"Other";"Female";"Raleigh";"Wake";"No";"01-01-03";2011-08-03;"Motorist Failed to Yield - Sign-Controlled Intersection";21;"Intersection";"01-08-01";1-01-01 21:29:58;"Motorist Drive Out - Sign-Controlled Intersection";111141;2011;"C: Possible Injury";"Residential";"60-69";63;"No";"21-25 mph";"O: No Injury";"Other";"Male";"Sport Utility";"No";"No";"Dark - Lighted Roadway";"Urban (>70% Developed)";"2 lanes";2;"Straight - Level";"Local Street";"Dry";"Two-Way, Not Divided";"None";"No Special Feature";"Smooth Asphalt";"Piedmont";"Urban";"30 - 35  MPH";"Stop Sign";"Clear";"No";"35.887, -78.7338"
"2016";804;805;"Yes";"50-59";59;"No";"With Traffic";"B: Evident Injury";"Travel Lane";"Black";"Male";"None - Rural Crash";"Wilson";"No";"01-01-04";2012-10-11;"Head-On";17;"Intersection";"01-10-01";1-01-01 17:50:58;"Head-On -";NA;2012;"B: Evident Injury";"Residential";"40-49";44;"No";"21-25 mph";"O: No Injury";"Black";"Male";"Passenger Car";"No";"No";"Daylight";"Mixed (30% To 70% Developed)";"2 lanes";2;"Curve - Bottom";"Local Street";"Dry";"Two-Way, Not Divided";"None";"No Special Feature";"Coarse Asphalt";"Coastal";"Rural";"30 - 35  MPH";"No Control Present";"Clear";"No";"35.71613, -77.9194"
"2017";807;808;"No";"60-69";61;"No";"With Traffic";"O: No Injury";"Travel Lane";"White";"Male";"Lumberton";"Robeson";"No";"01-01-04";2012-10-04;"Motorist Overtaking Bicyclist";14;"Intersection";"01-10-01";1-01-01 14:03:58;"Motorist Overtaking - Other /";NA;2012;"O: No Injury";"Commercial";"70";70;"No";"31-35 mph";"O: No Injury";"Black";"Female";"Passenger Car";"No";"No";"Daylight";"Urban (>70% Developed)";"5 lanes";2;"Straight - Level";"Local Street";"Dry";"Two-Way, Not Divided";"None";"No Special Feature";"Coarse Asphalt";"Coastal";"Urban";"30 - 35  MPH";"No Control Present";"Clear";"No";"34.66386, -79.0003"
"2018";812;813;"Yes";"30-39";37;"No";"With Traffic";"B: Evident Injury";"Travel Lane";"White";"Male";"Winston-Salem";"Forsyth";"No";"01-01-03";2012-10-10;"Motorist Overtaking Bicyclist";18;"Non-Intersection";"01-10-01";1-01-01 18:13:58;"Motorist Overtaking - Other /";NA;2012;"B: Evident Injury";"Residential";NA;NA;"Missing";"31-35 mph";"Injury";"/Missing";NA;NA;"No";"Yes";"Daylight";"Urban (>70% Developed)";"2 lanes";2;"Straight - Level";"Local Street";"Dry";"Two-Way, Divided, Unprotected Median";"None";"No Special Feature";"Coarse Asphalt";"Piedmont";"Urban";"30 - 35  MPH";"No Control Present";"Clear";"No";"36.08565, -80.158"
"2019";817;818;"Yes";"20-24";21;"No";"Facing Traffic";"C: Possible Injury";"Travel Lane";"Black";"Male";"Wilmington";"New Hanover";"No";"01-01-07";2012-10-07;"Motorist Failed to Yield - Sign-Controlled Intersection";11;"Intersection";"01-10-01";1-01-01 11:51:58;"Motorist Drive Out - Sign-Controlled Intersection";NA;2012;"C: Possible Injury";"Commercial";"30-39";31;"No";"0-5 mph";"O: No Injury";"White";"Female";"Passenger Car";"No";"No";"Daylight";"Urban (>70% Developed)";"2 lanes";2;"Straight - Level";"Public Vehicular Area";"Dry";"Two-Way, Not Divided";"None";"No Special Feature";"Coarse Asphalt";"Coastal";"Urban";"20 - 25  MPH";"Stop Sign";"Clear";"No";"34.21972, -77.8847"
"2020";827;828;"Yes";"50-59";59;"No";"Facing Traffic";"A: Disabling Injury";"Travel Lane";"Black";"Male";"None - Rural Crash";"Cumberland";"No";"01-01-05";2012-10-26;"Head-On";16;"Non-Intersection";"01-10-01";1-01-01 16:03:58;"Head-On - Bicyclist";NA;2012;"A: Disabling Injury";"Farms, Woods, Pastures";"60-69";63;"No";"36-40 mph";"O: No Injury";"Black";"Male";"Passenger Car";"No";"No";"Daylight";"Rural (<30% Developed)";"4 lanes";2;"Straight - Level";"State Secondary Route";"Dry";"Two-Way, Divided, Unprotected Median";"None";"No Special Feature";"Coarse Asphalt";"Coastal";"Rural";"40 - 45  MPH";"No Control Present";"Clear";"No";"35.00073, -78.9001"
"2021";833;834;"Yes";"25-29";27;"No";"Facing Traffic";"Injury";"Sidewalk / Crosswalk / Driveway Crossing";"White";"Female";"Raleigh";"Wake";"No";NA;2012-10-22;"Crossing Paths - Other Circumstances";17;"Intersection-Related";"01-10-01";1-01-01 17:14:58;"Signalized Intersection - Other /";NA;2012;"O: No Injury";"Commercial";"50-59";53;"No";"6-10 mph";"O: No Injury";"Black";"Male";"Passenger Car";"No";"No";"Daylight";"Urban (>70% Developed)";"3 lanes";2;"Straight - Level";"Local Street";"Dry";"Two-Way, Not Divided";"None";"No Special Feature";"Smooth Asphalt";"Piedmont";"Urban";"30 - 35  MPH";"Stop And Go Signal";"Clear";"No";"35.78049, -78.645"
"2022";834;835;"Yes";"15-Nov";13;"No";"Not Applicable";"B: Evident Injury";"Driveway / Alley";"Black";"Male";"Oxford";"Granville";"No";"01-01-06";2012-09-01;"Bicyclist Failed to Yield - Midblock";15;"Non-Intersection";"01-09-01";1-01-01 15:35:58;"Bicyclist Ride Out - Commercial Driveway / Alley";NA;2012;"B: Evident Injury";"Residential";"20-24";22;"No";"16-20 mph";"O: No Injury";"Black";"Female";"Passenger Car";"No";"No";"Daylight";"Mixed (30% To 70% Developed)";NA;2;"Straight - Level";"Local Street";"Dry";"Two-Way, Not Divided";"None";"No Special Feature";"Coarse Asphalt";"Piedmont";"Urban";"20 - 25  MPH";"No Control Present";"Clear";"No";"36.32715, -78.5991"
"2023";837;838;"No";"25-29";26;"No";"With Traffic";"O: No Injury";"Travel Lane";"White";"Male";"Greensboro";"Guilford";"No";"01-01-04";2012-10-25;"Loss of Control / Turning Error";12;"Intersection";"01-10-01";1-01-01 12:19:58;"Bicyclist Turning Error - Right Turn";NA;2012;"O: No Injury";"Institutional";"20-24";21;"No";"0-5 mph";"O: No Injury";"White";"Female";"Passenger Car";"No";"No";"Daylight";"Urban (>70% Developed)";"2 lanes";2;"Straight - Level";"Local Street";"Dry";"Two-Way, Not Divided";"None";"Four-Way Intersection";"Smooth Asphalt";"Piedmont";"Urban";"20 - 25  MPH";"Stop And Go Signal";"Clear";"No";"36.0664, -79.8055"
"2024";841;842;"No";"50-59";57;"Yes";"Facing Traffic";"O: No Injury";"Travel Lane";"Black";"Male";"None - Rural Crash";"Washington";"Yes";"01-01-04";2012-11-01;"Bicyclist Right Turn / Merge";19;"Non-Intersection";"01-11-01";1-01-01 18:59:58;"Bicyclist Right Turn - Same Direction";NA;2012;"O: No Injury";"Residential";"40-49";47;"No";"41-45 mph";"O: No Injury";"White";"Male";"Passenger Car";"No";"No";"Dark - Roadway Not Lighted";"Mixed (30% To 70% Developed)";"2 lanes";2;"Straight - Grade";"State Secondary Route";"Dry";"Two-Way, Not Divided";"None";"No Special Feature";"Smooth Asphalt";"Coastal";"Rural";"50 - 55  MPH";"Double Yellow Line, No Passing Zone";"Clear";"No";"35.88796, -76.6692"
"2025";843;844;"Yes";"30-39";39;"No";"With Traffic";"O: No Injury";"Travel Lane";"White";"Male";"Charlotte";"Mecklenburg";"No";"01-01-07";2012-11-04;"Motorist Failed to Yield - Sign-Controlled Intersection";0;"Intersection";"01-11-01";1-01-01 00:50:58;"Motorist Drive Out - Sign-Controlled Intersection";NA;2012;"O: No Injury";"Commercial";"20-24";23;"No";"0-5 mph";"O: No Injury";"White";"Female";"Passenger Car";"No";"No";"Dark -  Lighting";"Urban (>70% Developed)";"2 lanes";2;"Straight - Level";"Local Street";"Dry";"Two-Way, Not Divided";"None";"No Special Feature";"Smooth Asphalt";"Piedmont";"Urban";"20 - 25  MPH";"Stop Sign";"Clear";"No";"35.21512, -80.8155"
"2026";849;850;"No";"40-49";43;"No";"With Traffic";"Injury";"Travel Lane";"/Missing";NA;"Wrightsville Beach";"New Hanover";"No";"01-01-03";2012-10-17;"Motorist Left Turn / Merge";17;"Intersection";"01-10-01";1-01-01 17:33:58;"Motorist Left Turn - Opposite Direction";NA;2012;"O: No Injury";"Residential";"50-59";59;"No";"11-15 mph";"O: No Injury";"White";"Female";"Passenger Car";"No";"No";"Dusk";"Urban (>70% Developed)";"5 lanes";2;"Straight - Level";"Local Street";"Dry";"Two-Way, Not Divided";"None";"No Special Feature";"Smooth Asphalt";"Coastal";"Rural";"30 - 35  MPH";"No Control Present";"Clear";"No";"34.21412, -77.8061"
"2027";861;862;"Yes";"20-24";23;"No";"With Traffic";"C: Possible Injury";"Travel Lane";"Black";"Male";"None - Rural Crash";"Pitt";"No";"01-01-04";2012-11-08;"Motorist Overtaking Bicyclist";19;"Non-Intersection";"01-11-01";1-01-01 19:45:58;"Motorist Overtaking - Undetected Bicyclist";NA;2012;"C: Possible Injury";"Farms, Woods, Pastures";"40-49";43;"No";"41-45 mph";"O: No Injury";"White";"Male";"Passenger Car";"No";"No";"Dark - Roadway Not Lighted";"Rural (<30% Developed)";"2 lanes";2;"Straight - Level";"State Secondary Route";"Dry";"Two-Way, Not Divided";"None";"No Special Feature";"Coarse Asphalt";"Coastal";"Rural";"50 - 55  MPH";"No Control Present";"Clear";"No";"35.61399, -77.3142"
"2028";867;868;"Yes";"15-Nov";13;"No";"Facing Traffic";"O: No Injury";"Travel Lane";"White";"Male";"Greensboro";"Guilford";"No";NA;2012-11-12;"Motorist Failed to Yield - Midblock";16;"Non-Intersection";"01-11-01";1-01-01 16:41:58;"Motorist Drive Out - Other Midblock";NA;2012;"O: No Injury";"Residential";"40-49";48;"No";"0-5 mph";"O: No Injury";"White";"Male";"Sport Utility";"No";"No";"Daylight";"Urban (>70% Developed)";"2 lanes";2;"Straight - Level";"Local Street";"Wet";"Two-Way, Divided, Positive Median Barrier";"Other";"Other";"Smooth Asphalt";"Piedmont";"Urban";"20 - 25  MPH";"No Control Present";"Cloudy";"No";"36.14238, -79.9254"
"2029";884;885;"No";"30-39";36;"No";"With Traffic";"C: Possible Injury";"Bike Lane / Paved Shoulder";"White";"Male";"None - Rural Crash";"Onslow";"No";"01-01-05";2012-11-16;"Loss of Control / Turning Error";17;"Intersection-Related";"01-11-01";1-01-01 17:29:58;"Motorist Lost Control - Other /";NA;2012;"C: Possible Injury";"Farms, Woods, Pastures";"30-39";33;"No";"41-45 mph";"O: No Injury";"White";"Male";"Sport Utility";"No";"No";"Dark - Roadway Not Lighted";"Rural (<30% Developed)";"4 lanes";2;"Straight - Level";"NC Route";"Dry";"Two-Way, Divided, Unprotected Median";"None";"No Special Feature";"Smooth Asphalt";"Coastal";"Rural";"50 - 55  MPH";"No Control Present";"Clear";"No";"34.71089, -77.2978"
"2030";889;890;"Yes";"20-24";21;"No";"Not Applicable";"A: Disabling Injury";"Driveway / Alley";"Black";"Male";"Wilson";"Wilson";"No";NA;2012-10-15;"Bicyclist Failed to Yield - Midblock";14;"Non-Intersection";"01-10-01";1-01-01 14:46:58;"Bicyclist Ride Out - Residential Driveway";NA;2012;"A: Disabling Injury";"Residential";"30-39";36;"No";"31-35 mph";"O: No Injury";"Black";"Male";"Passenger Car";"No";"No";"Daylight";"Urban (>70% Developed)";"2 lanes";2;"Straight - Level";"Local Street";"Dry";"Two-Way, Not Divided";"None";"No Special Feature";"Coarse Asphalt";"Coastal";"Urban";"30 - 35  MPH";"No Control Present";"Cloudy";"No";"35.74443, -77.9127"
"2031";897;898;"Yes";"30-39";33;"No";"Facing Traffic";"B: Evident Injury";"Sidewalk / Crosswalk / Driveway Crossing";"White";"Male";"Cary";"Wake";"No";NA;2012-11-05;"Motorist Failed to Yield - Sign-Controlled Intersection";9;"Intersection-Related";"01-11-01";1-01-01 09:29:58;"Motorist Drive Out - Sign-Controlled Intersection";NA;2012;"B: Evident Injury";"Commercial";"40-49";40;"No";"0-5 mph";"O: No Injury";"Black";"Male";"Passenger Car";"No";"No";"Daylight";"Urban (>70% Developed)";"5 lanes";2;"Curve - Hillcrest";"Local Street";"Dry";"Two-Way, Divided, Unprotected Median";"None";"No Special Feature";"Smooth Asphalt";"Piedmont";"Urban";NA;"Stop Sign";"Clear";"No";"35.7612, -78.744"
"2032";904;905;"Yes";"16-19";18;"No";"With Traffic";"C: Possible Injury";"Travel Lane";"White";"Male";"None - Rural Crash";"Cleveland";"No";"01-01-07";2012-11-25;"Motorist Overtaking Bicyclist";18;"Intersection-Related";"01-11-01";1-01-01 18:05:58;"Motorist Overtaking - Undetected Bicyclist";NA;2012;"C: Possible Injury";"Residential";"50-59";50;"No";"41-45 mph";"O: No Injury";"White";"Female";"Passenger Car";"No";"No";"Dark - Roadway Not Lighted";"Rural (<30% Developed)";"2 lanes";2;"Straight - Level";"State Secondary Route";"Dry";"Two-Way, Not Divided";"None";"No Special Feature";"Smooth Asphalt";"Mountains";"Rural";"40 - 45  MPH";"Double Yellow Line, No Passing Zone";"Clear";"No";"35.1817, -81.5533"
"2033";905;906;"Yes";"16-19";18;"No";"With Traffic";"B: Evident Injury";"Travel Lane";"Black";"Male";"Greenville";"Pitt";"No";"01-01-07";2012-11-25;"Bicyclist Failed to Yield - Sign-Controlled Intersection";14;"Intersection";"01-11-01";1-01-01 14:52:58;"Bicyclist Ride Through - Sign-Controlled Intersection";NA;2012;"B: Evident Injury";"Residential";"50-59";57;"No";"11-15 mph";"O: No Injury";"Black";"Female";"Passenger Car";"No";"No";"Daylight";"Mixed (30% To 70% Developed)";"2 lanes";2;"Straight - Level";"Local Street";"Dry";"Two-Way, Not Divided";"None";"Four-Way Intersection";"Coarse Asphalt";"Coastal";"Urban";"30 - 35  MPH";"Stop Sign";"Clear";"No";"35.6131, -77.3827"
"2034";910;911;"Yes";"50-59";52;"No";"With Traffic";"C: Possible Injury";"Travel Lane";"Black";"Male";"Lumberton";"Robeson";"No";"01-01-02";2012-11-06;"Motorist Overtaking Bicyclist";12;"Non-Intersection";"01-11-01";1-01-01 12:29:58;"Motorist Overtaking - Bicyclist Swerved";NA;2012;"C: Possible Injury";"Farms, Woods, Pastures";"70";70;"No";"41-45 mph";"O: No Injury";"Native American";"Female";"Passenger Car";"No";"No";"Daylight";"Rural (<30% Developed)";"2 lanes";2;"Straight - Level";"Local Street";"Dry";"Two-Way, Not Divided";"None";"No Special Feature";"Coarse Asphalt";"Coastal";"Urban";"50 - 55  MPH";"Double Yellow Line, No Passing Zone";"Clear";"No";"34.59319, -79.1196"
"2035";912;913;"Yes";"20-24";21;"No";"With Traffic";"B: Evident Injury";"Travel Lane";"Black";"Male";"Fayetteville";"Cumberland";"No";"01-01-03";2012-11-14;"Motorist Failed to Yield - Signalized Intersection";19;"Intersection";"01-11-01";1-01-01 19:57:58;"Motorist Drive Out - Right Turn on Red";NA;2012;"B: Evident Injury";"Commercial";"25-29";28;"No";"6-10 mph";"O: No Injury";"White";"Female";"Passenger Car";"No";"No";"Dark - Lighted Roadway";"Urban (>70% Developed)";"4 lanes";2;"Straight - Hillcrest";"Local Street";"Dry";"Two-Way, Not Divided";"None";"Four-Way Intersection";"Smooth Asphalt";"Coastal";"Urban";"30 - 35  MPH";"Stop And Go Signal";"Clear";"No";"35.05593, -78.8931"
"2036";915;916;"No";NA;0;"Missing";"Facing Traffic";"Injury";"Travel Lane";"/Missing";NA;"Lumberton";"Robeson";"No";"01-01-06";2012-10-20;"Bicyclist Failed to Yield - Sign-Controlled Intersection";17;"Intersection";"01-10-01";1-01-01 17:17:58;"Bicyclist Ride Through - Sign-Controlled Intersection";NA;2012;"O: No Injury";"Commercial";"60-69";62;"No";"11-15 mph";"O: No Injury";"White";"Female";"Sport Utility";"No";"No";"Daylight";"Urban (>70% Developed)";"4 lanes";2;"Straight - Level";"Local Street";"Dry";"Two-Way, Not Divided";"None";"No Special Feature";"Concrete";"Coastal";"Urban";"20 - 25  MPH";"No Control Present";"Clear";"No";"34.62022, -79.0086"
"2037";916;917;"Yes";"50-59";55;"No";"With Traffic";"B: Evident Injury";"Travel Lane";"White";"Male";"Raleigh";"Wake";"No";"01-01-06";2012-11-24;"Motorist Overtaking Bicyclist";16;"Non-Intersection";"01-11-01";1-01-01 16:01:58;"Motorist Overtaking - Other /";NA;2012;"B: Evident Injury";"Residential";NA;NA;"Missing";"31-35 mph";"Injury";"/Missing";NA;NA;"No";"Yes";"Daylight";"Urban (>70% Developed)";"2 lanes";2;"Straight - Level";"Local Street";"Dry";"Two-Way, Not Divided";"None";"No Special Feature";"Smooth Asphalt";"Piedmont";"Urban";"30 - 35  MPH";"No Control Present";"Clear";"No";"35.83241, -78.6911"
"2038";927;928;"Yes";"30-39";39;"No";"Facing Traffic";"C: Possible Injury";"Travel Lane";"White";"Male";"Raleigh";"Wake";"No";"01-01-05";2012-11-16;"Motorist Failed to Yield - Sign-Controlled Intersection";13;"Intersection";"01-11-01";1-01-01 13:44:58;"Motorist Drive Out - Sign-Controlled Intersection";NA;2012;"C: Possible Injury";"Commercial";"30-39";34;"No";"0-5 mph";"O: No Injury";"Black";"Male";"Sport Utility";"No";"No";"Daylight";"Urban (>70% Developed)";"2 lanes";2;"Straight - Level";NA;"Dry";"Two-Way, Divided, Unprotected Median";"None";"T-Intersection";"Smooth Asphalt";"Piedmont";"Urban";"40 - 45  MPH";"Stop Sign";"Clear";"No";"35.89636, -78.5675"
"2039";930;931;"Yes";"20-24";23;"No";"Not Applicable";"B: Evident Injury";"Sidewalk / Crosswalk / Driveway Crossing";"White";"Female";"Greensboro";"Guilford";"No";"01-01-06";2012-12-01;"Motorist Failed to Yield - Midblock";13;"Non-Intersection";"01-12-01";1-01-01 13:01:58;"Motorist Drive Out - Commercial Driveway / Alley";NA;2012;"B: Evident Injury";"Commercial";"40-49";48;"No";"0-5 mph";"O: No Injury";"White";"Female";"Passenger Car";"No";"No";"Daylight";"Urban (>70% Developed)";NA;2;"Straight - Bottom";"Local Street";"Dry";"Two-Way, Divided, Unprotected Median";"None";"Related To Intersection";"Smooth Asphalt";"Piedmont";"Urban";"5 - 15 MPH";"Stop Sign";"Clear";"No";"36.13034, -79.8572"
"2040";933;934;"No";"16-19";19;"No";"With Traffic";"C: Possible Injury";"Travel Lane";"White";"Male";"Greensboro";"Guilford";"No";"01-01-04";2012-11-15;"Motorist Overtaking Bicyclist";11;"Non-Intersection";"01-11-01";1-01-01 11:01:58;"Motorist Overtaking - Bicyclist Swerved";NA;2012;"C: Possible Injury";"Institutional";"20-24";24;"No";"21-25 mph";"O: No Injury";"Other";"Female";"Passenger Car";"No";"No";"Daylight";"Urban (>70% Developed)";"3 lanes";2;"Straight - Level";"Local Street";"Dry";"Two-Way, Divided, Unprotected Median";"None";"No Special Feature";"Smooth Asphalt";"Piedmont";"Urban";"20 - 25  MPH";"No Control Present";"Cloudy";"No";"36.06639, -79.8063"
"2041";937;938;"No";"15-Nov";12;"No";"With Traffic";"A: Disabling Injury";"Travel Lane";"White";"Male";"Waynesville";"Haywood";"No";"01-01-02";2012-10-09;"Bicyclist Failed to Yield - Sign-Controlled Intersection";18;"Intersection";"01-10-01";1-01-01 18:25:58;"Bicyclist Ride Through - Sign-Controlled Intersection";NA;2012;"A: Disabling Injury";"Residential";"50-59";59;"No";"16-20 mph";"O: No Injury";"White";"Female";"Passenger Car";"No";"No";"Daylight";"Urban (>70% Developed)";NA;2;"Straight - Grade";"Local Street";"Dry";"Two-Way, Not Divided";"None";"T-Intersection";"Smooth Asphalt";"Mountains";"Urban";"20 - 25  MPH";"Stop Sign";"Clear";"No";"35.47385, -82.9859"