"FID";"OBJECTID";"AmbulanceR";"BikeAge_Gr";"Bike_Age";"Bike_Alc_D";"Bike_Dir";"Bike_Injur";"Bike_Pos";"Bike_Race";"Bike_Sex";"City";"County";"CrashAlcoh";"CrashDay";"Crash_Date";"Crash_Grp";"Crash_Hour";"Crash_Loc";"Crash_Mont";"Crash_Time";"Crash_Type";"Crash_Ty_1";"Crash_Year";"Crsh_Sevri";"Developmen";"DrvrAge_Gr";"Drvr_Age";"Drvr_Alc_D";"Drvr_EstSp";"Drvr_Injur";"Drvr_Race";"Drvr_Sex";"Drvr_VehTy";"ExcsSpdInd";"Hit_Run";"Light_Cond";"Locality";"Num_Lanes";"Num_Units";"Rd_Charact";"Rd_Class";"Rd_Conditi";"Rd_Config";"Rd_Defects";"Rd_Feature";"Rd_Surface";"Region";"Rural_Urba";"Speed_Limi";"Traff_Cntr";"Weather";"Workzone_I";"Location"
"2042";943;944;"Yes";"25-29";26;"No";"Facing Traffic";"C: Possible Injury";"Travel Lane";"Black";"Male";"Mount Airy";"Surry";"No";"01-01-05";2012-11-23;"Crossing Paths - Other Circumstances";16;"Intersection";"01-11-01";1-01-01 16:54:58;"Signalized Intersection - Other /";NA;2012;"C: Possible Injury";"Commercial";"20-24";20;"No";"6-10 mph";"O: No Injury";"White";"Female";"Passenger Car";"No";"No";"Dusk";"Urban (>70% Developed)";"4 lanes";2;"Straight - Grade";"US Route";"Dry";"Two-Way, Not Divided";"None";"Four-Way Intersection";"Smooth Asphalt";"Mountains";"Urban";"30 - 35  MPH";"Stop And Go Signal";"Clear";"No";"36.50362, -80.6072"
"2043";944;945;"Yes";"70";0;"No";"With Traffic";"K: Killed";"Travel Lane";"Native American";"Male";"None - Rural Crash";"Robeson";"No";"01-01-04";2012-11-29;"Motorist Overtaking Bicyclist";17;"Non-Intersection";"01-11-01";1-01-01 17:50:58;"Motorist Overtaking - Bicyclist Swerved";NA;2012;"K: Killed";"Residential";"70";70;"No";"51-55 mph";"O: No Injury";"White";"Male";"Pickup";"No";"No";"Dark - Roadway Not Lighted";"Mixed (30% To 70% Developed)";"2 lanes";2;"Straight - Level";"State Secondary Route";"Dry";"Two-Way, Not Divided";"None";"No Special Feature";"Coarse Asphalt";"Coastal";"Rural";"50 - 55  MPH";"No Control Present";"Clear";"No";"34.80078, -79.3386"
"2044";960;961;"Yes";"15-Nov";12;"No";"Facing Traffic";"K: Killed";"Travel Lane";"Black";"Female";"Durham";"Durham";"No";NA;2012-12-10;"Loss of Control / Turning Error";15;"Intersection";"01-12-01";1-01-01 15:08:58;"Bicyclist Turning Error - Left Turn";NA;2012;"K: Killed";"Residential";"50-59";59;"No";"41-45 mph";"O: No Injury";"White";"Male";"Pickup";"No";"No";"Daylight";"Urban (>70% Developed)";"3 lanes";2;"Straight - Hillcrest";"NC Route";"Dry";"Two-Way, Not Divided";"None";"Four-Way Intersection";"Smooth Asphalt";"Piedmont";"Urban";"40 - 45  MPH";"Stop Sign";"Cloudy";"No";"35.91434, -78.961"
"2045";961;962;"Yes";"50-59";53;"No";"With Traffic";"A: Disabling Injury";"Travel Lane";"White";"Male";"None - Rural Crash";"Orange";"No";"01-01-03";2012-12-12;"Motorist Overtaking Bicyclist";17;"Non-Intersection";"01-12-01";1-01-01 17:39:58;"Motorist Overtaking - Other /";NA;2012;"A: Disabling Injury";"Farms, Woods, Pastures";"60-69";67;"No";"51-55 mph";"O: No Injury";"White";"Male";"Pickup";"No";"No";"Dark - Roadway Not Lighted";"Rural (<30% Developed)";"2 lanes";2;"Straight - Level";"NC Route";"Wet";"Two-Way, Not Divided";"None";"No Special Feature";"Smooth Asphalt";"Piedmont";"Rural";"50 - 55  MPH";"Double Yellow Line, No Passing Zone";"Cloudy";"No";"36.19623, -79.0098"
"2046";966;967;"Yes";"25-29";27;"No";"With Traffic";"C: Possible Injury";"Travel Lane";"White";"Male";"Marvin";"Union";"No";"01-01-06";2012-12-15;"Bicyclist Left Turn / Merge";14;"Intersection";"01-12-01";1-01-01 14:55:58;"Bicyclist Left Turn - Same Direction";NA;2012;"C: Possible Injury";"Farms, Woods, Pastures";"0-19";17;"No";"31-35 mph";"O: No Injury";"White";"Male";"Sport Utility";"No";"No";"Daylight";"Mixed (30% To 70% Developed)";"2 lanes";3;"Straight - Bottom";"State Secondary Route";"Dry";"Two-Way, Not Divided";"None";"T-Intersection";"Smooth Asphalt";"Piedmont";"Rural";"30 - 35  MPH";"Double Yellow Line, No Passing Zone";"Clear";"No";"35.00899, -80.8213"
"2047";978;979;"No";"70";0;"No";"With Traffic";"C: Possible Injury";"Travel Lane";"White";"Male";"Asheville";"Buncombe";"No";"01-01-04";2012-11-29;"Motorist Left Turn / Merge";12;"Intersection";"01-11-01";1-01-01 12:53:58;"Motorist Left Turn - Opposite Direction";NA;2012;"C: Possible Injury";"Commercial";"40-49";46;"No";"16-20 mph";"O: No Injury";"Hispanic";"Female";"Passenger Car";"No";"No";"Daylight";"Urban (>70% Developed)";"4 lanes";2;"Straight - Grade";"Local Street";"Dry";"Two-Way, Not Divided";"None";"T-Intersection";"Coarse Asphalt";"Mountains";"Urban";"30 - 35  MPH";"Stop And Go Signal";"Clear";"No";"35.58652, -82.5518"
"2048";979;980;"Yes";"30-39";30;"No";"With Traffic";"C: Possible Injury";"Travel Lane";"White";"Male";"None - Rural Crash";"Wake";"No";"01-01-03";2012-12-19;"Motorist Overtaking Bicyclist";18;"Non-Intersection";"01-12-01";1-01-01 18:06:58;"Motorist Overtaking - Other /";NA;2012;"C: Possible Injury";"Farms, Woods, Pastures";"30-39";39;"No";"41-45 mph";"O: No Injury";"White";"Male";"Pickup";"No";"No";"Dark - Roadway Not Lighted";"Rural (<30% Developed)";"2 lanes";2;"Straight - Level";"NC Route";"Dry";"Two-Way, Not Divided";"None";"No Special Feature";"Coarse Asphalt";"Piedmont";"Rural";"50 - 55  MPH";"No Control Present";"Clear";"No";"35.59366, -78.7176"
"2049";983;984;"No";"40-49";49;"No";"With Traffic";"C: Possible Injury";"Travel Lane";"Black";"Male";"Charlotte";"Mecklenburg";"No";"01-01-07";2012-12-16;"Bicyclist Overtaking Motorist";17;"Non-Intersection";"01-12-01";1-01-01 17:26:58;"Bicyclist Overtaking - Other /";NA;2012;"C: Possible Injury";"Residential";"50-59";57;"No";NA;"O: No Injury";"Black";"Male";"Passenger Car";"No";"No";"Dark - Lighted Roadway";"Urban (>70% Developed)";"2 lanes";2;"Straight - Level";"Local Street";"Wet";"Two-Way, Not Divided";"None";"No Special Feature";"Smooth Asphalt";"Piedmont";"Urban";"20 - 25  MPH";"No Control Present";"Rain";"No";"35.19979, -80.8049"
"2050";997;998;"Yes";"30-39";36;"No";"Facing Traffic";"C: Possible Injury";"Sidewalk / Crosswalk / Driveway Crossing";"White";"Male";"Winston-Salem";"Forsyth";"No";NA;2012-12-10;"Motorist Failed to Yield - Sign-Controlled Intersection";23;"Intersection";"01-12-01";1-01-01 23:04:58;"Motorist Drive Out - Sign-Controlled Intersection";NA;2012;"C: Possible Injury";"Residential";NA;NA;"No";"0-5 mph";"Injury";"/Missing";NA;NA;"No";"Yes";"Dark - Lighted Roadway";"Urban (>70% Developed)";"4 lanes";2;"Straight - Level";"Local Street";"Dry";"Two-Way, Not Divided";"None";"T-Intersection";"Smooth Asphalt";"Piedmont";"Urban";"30 - 35  MPH";"Stop Sign";"Cloudy";"No";"36.10043, -80.224"
"2051";1001;1002;"Yes";"25-29";26;"Missing";"With Traffic";"C: Possible Injury";"Bike Lane / Paved Shoulder";"White";"Male";"Charlotte";"Mecklenburg";"No";"01-01-02";2012-12-18;"Motorist Left Turn / Merge";13;"Intersection";"01-12-01";1-01-01 13:49:58;"Motorist Left Turn - Opposite Direction";NA;2012;"C: Possible Injury";"Commercial";"25-29";29;"No";NA;"O: No Injury";"White";"Female";"Passenger Car";"No";"No";"Daylight";"Urban (>70% Developed)";"3 lanes";2;"Straight - Level";"Local Street";"Dry";"Two-Way, Not Divided";"None";"Four-Way Intersection";"Coarse Asphalt";"Piedmont";"Urban";"30 - 35  MPH";"No Control Present";"Clear";"No";"35.21083, -80.8566"
"2052";1006;1007;"Yes";"20-24";21;"No";"Facing Traffic";"C: Possible Injury";"Sidewalk / Crosswalk / Driveway Crossing";"Black";"Male";"Madison";"Rockingham";"No";"01-01-06";2012-12-15;"Motorist Failed to Yield - Signalized Intersection";13;"Intersection";"01-12-01";1-01-01 13:09:58;"Motorist Drive Out - Signalized Intersection";NA;2012;"C: Possible Injury";"Commercial";"25-29";25;"No";"26-30 mph";"O: No Injury";"Black";"Male";"Pickup";"No";"No";"Daylight";"Urban (>70% Developed)";"2 lanes";2;"Straight - Grade";"Local Street";"Dry";"Two-Way, Divided, Unprotected Median";"None";"Four-Way Intersection";"Smooth Asphalt";"Piedmont";"Rural";"20 - 25  MPH";"Stop And Go Signal";"Clear";"No";"36.38874, -79.9617"
"2053";1008;1009;"No";"15-Nov";14;"No";"Not Applicable";"O: No Injury";"Non-Roadway";"Black";"Male";"Rocky Mount";"Nash";"No";"01-01-04";2012-12-27;"Bicyclist Failed to Yield - Midblock";12;"Non-Intersection";"01-12-01";1-01-01 12:26:58;"Bicyclist Ride Out - Commercial Driveway / Alley";NA;2012;"O: No Injury";"Commercial";"60-69";62;"No";"16-20 mph";"O: No Injury";"Black";"Female";"Passenger Car";"No";"No";"Daylight";"Urban (>70% Developed)";"4 lanes";2;"Straight - Level";"Local Street";"Dry";"Two-Way, Not Divided";"None";"No Special Feature";"Smooth Asphalt";"Coastal";"Urban";"30 - 35  MPH";"No Control Present";"Clear";"No";"35.95585, -77.8214"
"2054";1017;1018;"Yes";"30-39";30;"Missing";"With Traffic";"B: Evident Injury";"Travel Lane";"White";"Male";"Charlotte";"Mecklenburg";"No";"01-01-07";2012-05-20;"Motorist Left Turn / Merge";17;"Intersection-Related";"01-05-01";1-01-01 17:18:58;"Motorist Left Turn - Opposite Direction";NA;2012;"B: Evident Injury";"Commercial";"50-59";56;"No";"16-20 mph";"O: No Injury";"Black";"Female";"Light Truck (Mini-Van, Panel)";"No";"No";"Daylight";"Urban (>70% Developed)";"4 lanes";2;"Straight - Level";"Local Street";"Dry";"Two-Way, Divided, Unprotected Median";"None";"Four-Way Intersection";"Smooth Asphalt";"Piedmont";"Urban";"40 - 45  MPH";"Stop And Go Signal";"Clear";"No";"35.2059, -80.9223"
"2055";706;707;"Yes";"50-59";58;"No";"Not Applicable";"C: Possible Injury";"Non-Roadway";"Black";"Male";"Fayetteville";"Cumberland";"No";"01-01-03";2011-10-05;"Crossing Paths - Other Circumstances";14;"Intersection-Related";"01-10-01";1-01-01 14:05:58;"Crossing Paths - Uncontrolled Intersection";263160;2011;"C: Possible Injury";"Commercial";"30-39";35;"No";"0-5 mph";"O: No Injury";"Black";"Male";"Passenger Car";"No";"No";"Daylight";"Mixed (30% To 70% Developed)";"2 lanes";2;"Straight - Level";"Local Street";"Dry";"Two-Way, Divided, Unprotected Median";"None";"No Special Feature";"Smooth Asphalt";"Coastal";"Urban";"20 - 25  MPH";"No Control Present";"Clear";"No";"35.02039, -78.8981"
"2056";715;716;"Yes";"40-49";48;"Yes";"With Traffic";"B: Evident Injury";"Travel Lane";"Black";"Male";"Charlotte";"Mecklenburg";"Yes";"01-01-06";2011-10-08;"Bicyclist Right Turn / Merge";23;"Intersection-Related";"01-10-01";1-01-01 23:44:58;"Bicyclist Right Turn - Same Direction";211223;2011;"B: Evident Injury";"Residential";"20-24";21;"No";"21-25 mph";"O: No Injury";"Black";"Male";"Pickup";"No";"No";"Dark - Lighted Roadway";"Urban (>70% Developed)";"2 lanes";2;"Straight - Level";"Local Street";"Dry";"Two-Way, Not Divided";"None";"No Special Feature";"Smooth Asphalt";"Piedmont";"Urban";"30 - 35  MPH";"No Control Present";"Clear";"No";"35.3237, -80.7123"
"2057";719;720;"Yes";"16-19";19;"No";"With Traffic";"C: Possible Injury";"Travel Lane";"White";"Male";"Greensboro";"Guilford";"No";NA;2011-10-03;"Motorist Right Turn / Merge";13;"Intersection";"01-10-01";1-01-01 13:48:58;"Motorist Right Turn - Same Direction";111213;2011;"C: Possible Injury";"Commercial";"70+";NA;"No";"0-5 mph";"O: No Injury";"White";"Male";"Passenger Car";"No";"No";"Daylight";"Urban (>70% Developed)";"5 lanes";2;"Straight - Level";"Local Street";"Dry";"Two-Way, Not Divided";"None";"Shared-Use Paths Or Trails";"Smooth Asphalt";"Piedmont";"Urban";"30 - 35  MPH";"Stop And Go Signal";"Clear";"No";"36.06376, -79.8239"
"2058";721;722;"Yes";"30-39";38;"No";"With Traffic";"O: No Injury";"Travel Lane";"White";"Female";"Raleigh";"Wake";"No";"01-01-06";2011-10-01;"Motorist Overtaking Bicyclist";5;"Non-Intersection";"01-10-01";1-01-01 05:57:58;"Motorist Overtaking - Other /";311239;2011;"O: No Injury";"Commercial";NA;NA;"Missing";"16-20 mph";"Injury";"/Missing";NA;"Passenger Car";"No";"Yes";"Dark - Lighted Roadway";"Urban (>70% Developed)";"2 lanes";2;"Straight - Level";"Local Street";"Dry";"Two-Way, Not Divided";"None";"Bridge";"Concrete";"Piedmont";"Urban";"30 - 35  MPH";"No Control Present";"Cloudy";"No";"35.79346, -78.6843"
"2059";722;723;"Yes";"30-39";38;"No";"With Traffic";"B: Evident Injury";"Travel Lane";"White";"Male";"Chapel Hill";"Orange";"No";"01-01-04";2011-10-13;"Loss of Control / Turning Error";17;"Intersection";"01-10-01";1-01-01 17:38:58;"Bicyclist Lost Control - Other /";111129;2011;"B: Evident Injury";"Commercial";"70+";NA;"No";"0-5 mph";"O: No Injury";"White";"Male";"Passenger Car";"No";"No";"Daylight";"Urban (>70% Developed)";"5 lanes";2;"Curve - Hillcrest";"Local Street";"Dry";"Two-Way, Divided, Unprotected Median";"None";"Other";"Smooth Asphalt";"Piedmont";"Urban";"20 - 25  MPH";"Stop Sign";"Clear";"No";"35.91525, -79.0568"
"2060";729;730;"Yes";"60-69";62;"No";"With Traffic";"B: Evident Injury";"Travel Lane";"White";"Male";"None - Rural Crash";"Henderson";"No";"01-01-02";2011-10-18;"Motorist Overtaking Bicyclist";18;"Non-Intersection";"01-10-01";1-01-01 18:10:58;"Motorist Overtaking - Other /";311239;2011;"B: Evident Injury";"Farms, Woods, Pastures";"40-49";41;"No";"36-40 mph";"O: No Injury";"White";"Male";"Passenger Car";"No";"No";"Daylight";"Rural (<30% Developed)";"2 lanes";2;"Curve - Level";"State Secondary Route";"Wet";"Two-Way, Not Divided";"None";"No Special Feature";"Smooth Asphalt";"Mountains";"Rural";"40 - 45  MPH";"Double Yellow Line, No Passing Zone";"Cloudy";"No";"35.30406, -82.5828"
"2061";732;733;"Yes";"50-59";54;"No";"With Traffic";"C: Possible Injury";"Travel Lane";"White";"Female";"Jacksonville";"Onslow";"No";"01-01-07";2011-10-02;"Motorist Overtaking Bicyclist";17;"Non-Intersection";"01-10-01";1-01-01 17:39:58;"Motorist Overtaking - Misjudged Space";311232;2011;"C: Possible Injury";"Residential";"70+";NA;"No";"21-25 mph";"O: No Injury";"White";"Female";"Passenger Car";"No";"No";"Daylight";"Urban (>70% Developed)";"3 lanes";2;"Straight - Level";"Local Street";"Dry";"Two-Way, Not Divided";"None";"No Special Feature";"Smooth Asphalt";"Coastal";"Urban";"40 - 45  MPH";"No Control Present";"Clear";"No";"34.76839, -77.3788"
"2062";734;735;"Yes";"60-69";64;"No";"With Traffic";"B: Evident Injury";"Travel Lane";"White";"Male";"Raleigh";"Wake";"No";"01-01-05";2011-10-21;"Motorist Failed to Yield - Midblock";20;"Non-Intersection";"01-10-01";1-01-01 20:35:58;"Motorist Drive Out - Other Midblock";311328;2011;"B: Evident Injury";"Residential";"30-39";31;"No";"31-35 mph";"O: No Injury";"Black";"Male";"Passenger Car";"No";"No";"Daylight";"Urban (>70% Developed)";"2 lanes";2;"Straight - Level";"Local Street";"Dry";"Two-Way, Divided, Unprotected Median";"None";"T-Intersection";"Smooth Asphalt";"Piedmont";"Urban";"30 - 35  MPH";"No Control Present";"Clear";"No";"35.78947, -78.664"
"2063";742;743;"Yes";"30-39";35;"No";"Not Applicable";"C: Possible Injury";"Driveway / Alley";"White";"Male";"Wrightsville Beach";"New Hanover";"No";"01-01-05";2011-10-14;"Bicyclist Failed to Yield - Midblock";12;"Non-Intersection";"01-10-01";1-01-01 12:37:58;"Bicyclist Ride Out - Residential Driveway";353311;2011;"C: Possible Injury";"Residential";"25-29";27;"No";"0-5 mph";"O: No Injury";"White";"Male";"Pickup";"No";"No";"Daylight";"Mixed (30% To 70% Developed)";"2 lanes";2;"Straight - Level";"Local Street";"Dry";"Two-Way, Not Divided";"None";"No Special Feature";"Smooth Asphalt";"Coastal";"Rural";"20 - 25  MPH";"No Control Present";"Clear";"No";"34.23401, -77.777"
"2064";744;745;"Yes";"50-59";51;"No";"With Traffic";"C: Possible Injury";"Travel Lane";"White";"Male";"Greensboro";"Guilford";"No";"01-01-06";2011-10-15;"Bicyclist Left Turn / Merge";15;"Non-Intersection";"01-10-01";1-01-01 15:47:58;"Bicyclist Left Turn - Same Direction";311221;2011;"C: Possible Injury";"Residential";"60-69";65;"No";"31-35 mph";"O: No Injury";"White";"Female";"Passenger Car";"No";"No";"Daylight";"Urban (>70% Developed)";"2 lanes";2;"Straight - Grade";"Local Street";"Dry";"Two-Way, Not Divided";"None";"Related To Intersection";"Smooth Asphalt";"Piedmont";"Urban";"30 - 35  MPH";"No Control Present";"Clear";"No";"36.15224, -79.8127"
"2065";748;749;"No";"20-24";21;"No";"With Traffic";"B: Evident Injury";"Travel Lane";"White";"Male";"Wilmington";"New Hanover";"No";"01-01-04";2011-10-13;"Motorist Failed to Yield - Midblock";19;"Non-Intersection";"01-10-01";1-01-01 19:18:58;"Motorist Drive Out - Commercial Driveway / Alley";311322;2011;"B: Evident Injury";"Commercial";NA;NA;"Missing";"16-20 mph";"Injury";"/Missing";NA;NA;"No";"Yes";"Daylight";"Urban (>70% Developed)";"2 lanes";2;"Straight - Level";"Local Street";"Dry";"Two-Way, Divided, Unprotected Median";"None";"No Special Feature";"Smooth Asphalt";"Coastal";"Urban";"30 - 35  MPH";"No Control Present";"Clear";"No";"34.23233, -77.8826"
"2066";750;751;"Yes";"50-59";57;"No";"With Traffic";"C: Possible Injury";"Travel Lane";"White";"Male";"Greensboro";"Guilford";"No";NA;2011-10-10;"Bicyclist Right Turn / Merge";12;"Intersection";"01-10-01";1-01-01 12:16:58;"Bicyclist Right Turn - Same Direction";111223;2011;"C: Possible Injury";"Commercial";"50-59";52;"No";"0-5 mph";"O: No Injury";"White";"Male";"Passenger Car";"No";"No";"Daylight";"Urban (>70% Developed)";"6 lanes";2;"Straight - Level";"Local Street";"Dry";"Two-Way, Divided, Unprotected Median";"None";"Four-Way Intersection";"Smooth Asphalt";"Piedmont";"Urban";"40 - 45  MPH";"Stop And Go Signal";"Cloudy";"No";"36.08844, -79.8258"
"2067";751;752;"Yes";"20-24";24;"No";"With Traffic";"C: Possible Injury";"Travel Lane";"Black";"Male";"None - Rural Crash";"Onslow";"No";"01-01-05";2011-10-28;"Motorist Overtaking Bicyclist";8;"Non-Intersection";"01-10-01";1-01-01 08:29:58;"Motorist Overtaking - Other /";311239;2011;"C: Possible Injury";"Farms, Woods, Pastures";"60-69";61;"No";"26-30 mph";"O: No Injury";"Other";"Male";"Passenger Car";"No";"Yes";"Daylight";"Rural (<30% Developed)";"2 lanes";2;"Curve - Level";"State Secondary Route";"Dry";"Two-Way, Not Divided";"None";"No Special Feature";"Coarse Asphalt";"Coastal";"Rural";"40 - 45  MPH";"Double Yellow Line, No Passing Zone";"Cloudy";"No";"34.72391, -77.4835"
"2068";755;756;"No";"50-59";51;"No";"Facing Traffic";"C: Possible Injury";"Sidewalk / Crosswalk / Driveway Crossing";"Black";"Male";"Raleigh";"Wake";"No";"01-01-04";2011-10-27;"Motorist Failed to Yield - Midblock";17;"Non-Intersection";"01-10-01";1-01-01 17:29:58;"Motorist Drive Out - Commercial Driveway / Alley";332322;2011;"C: Possible Injury";"Residential";"40-49";44;"No";"0-5 mph";"O: No Injury";"Black";"Female";"Van";"No";"No";"Dark - Lighted Roadway";"Rural (<30% Developed)";"2 lanes";2;"Straight - Level";"Local Street";"Dry";"Two-Way, Not Divided";"None";"T-Intersection";"Smooth Asphalt";"Piedmont";"Urban";"30 - 35  MPH";"No Control Present";"Clear";"No";"35.74037, -78.6298"
"2069";760;761;"Yes";"50-59";57;"Yes";"With Traffic";"C: Possible Injury";"Sidewalk / Crosswalk / Driveway Crossing";"White";"Male";"Greensboro";"Guilford";"Yes";NA;2011-10-24;"Parallel Paths - Other Circumstances";17;"Intersection";"01-10-01";1-01-01 17:28:58;"Bicyclist Ride Out - Parallel Path";131225;2011;"C: Possible Injury";"Commercial";"30-39";30;"No";"0-5 mph";"O: No Injury";"Black";"Female";"Passenger Car";"No";"No";"Daylight";"Urban (>70% Developed)";"8 lanes";2;"Straight - Level";"Local Street";"Dry";"Two-Way, Not Divided";"None";"Related To Intersection";"Smooth Asphalt";"Piedmont";"Urban";"30 - 35  MPH";"Stop And Go Signal";"Clear";"No";"36.0397, -79.8495"
"2070";764;765;"No";"50-59";56;"No";"With Traffic";"O: No Injury";"Travel Lane";"White";"Male";"Mooresville";"Iredell";"No";"01-01-06";2011-10-22;"Bicyclist Overtaking Motorist";10;"Intersection";"01-10-01";1-01-01 10:25:58;"Bicyclist Overtaking - Passing on Right";111241;2011;"O: No Injury";"Residential";"30-39";32;"No";"0-5 mph";"O: No Injury";"Hispanic";"Male";"Pickup";"No";"No";"Daylight";"Rural (<30% Developed)";"2 lanes";2;"Straight - Level";"NC Route";"Dry";"Two-Way, Not Divided";"None";"No Special Feature";"Smooth Asphalt";"Piedmont";"Urban";"30 - 35  MPH";"No Control Present";"Clear";"No";"35.57233, -80.8251"
"2071";768;769;"No";"60-69";63;"No";"Facing Traffic";"B: Evident Injury";"Travel Lane";"Black";"Male";"Gastonia";"Gaston";"No";"01-01-07";2011-10-16;"Motorist Failed to Yield - Midblock";17;"Non-Intersection";"01-10-01";1-01-01 17:35:58;"Motorist Drive Out - Residential Driveway";312321;2011;"B: Evident Injury";"Residential";"70+";NA;"No";NA;"O: No Injury";"White";"Male";"Passenger Car";"No";"No";"Daylight";"Urban (>70% Developed)";"4 lanes";2;"Straight - Level";"NC Route";"Dry";"Two-Way, Divided, Unprotected Median";"None";"Driveway, Private";"Smooth Asphalt";"Piedmont";"Urban";"40 - 45  MPH";"No Control Present";"Clear";"No";"35.24448, -81.1377"
"2072";770;771;"Yes";"20-24";21;"No";"With Traffic";"O: No Injury";"Bike Lane / Paved Shoulder";"White";"Male";"Raleigh";"Wake";"No";"01-01-03";2011-11-02;"Motorist Right Turn / Merge";18;"Non-Intersection";"01-11-01";1-01-01 18:18:58;"Motorist Right Turn - Same Direction";321213;2011;"O: No Injury";"Residential";"0-19";19;"No";"21-25 mph";"O: No Injury";"White";"Male";"Passenger Car";"No";"No";"Daylight";"Mixed (30% To 70% Developed)";"2 lanes";2;"Straight - Level";"Local Street";"Dry";"Two-Way, Divided, Unprotected Median";"None";"No Special Feature";"Coarse Asphalt";"Piedmont";"Urban";"30 - 35  MPH";"No Control Present";"Clear";"No";"35.7867, -78.664"
"2073";775;776;"Yes";"20-24";20;"No";"Facing Traffic";"O: No Injury";"Sidewalk / Crosswalk / Driveway Crossing";"White";"Male";"Raleigh";"Wake";"No";"01-01-03";2011-10-26;"Motorist Failed to Yield - Sign-Controlled Intersection";18;"Intersection";"01-10-01";1-01-01 18:45:58;"Motorist Drive Out - Sign-Controlled Intersection";132141;2011;"O: No Injury";"Commercial";"20-24";21;"No";"0-5 mph";"O: No Injury";"White";"Female";"Passenger Car";"No";"No";"Dusk";"Urban (>70% Developed)";NA;2;"Straight - Grade";"Public Vehicular Area";"Dry";"Two-Way, Not Divided";"None";"No Special Feature";"Concrete";"Piedmont";"Urban";"5 - 15 MPH";"Stop Sign";"Clear";"No";"35.78106, -78.6767"
"2074";781;782;"No";"30-39";30;"Yes";"Not Applicable";"B: Evident Injury";"Bike Lane / Paved Shoulder";"White";"Male";"Charlotte";"Mecklenburg";"Yes";"01-01-05";2011-11-11;"Bicyclist Failed to Yield - Midblock";15;"Non-Intersection";"01-11-01";1-01-01 15:24:58;"Bicyclist Ride Out - Other Midblock";323318;2011;"B: Evident Injury";"Commercial";"50-59";57;"No";"31-35 mph";"O: No Injury";"Black";"Male";"Sport Utility";"No";"No";"Daylight";"Urban (>70% Developed)";"4 lanes";2;"Straight - Level";"Local Street";"Dry";"Two-Way, Not Divided";"None";"T-Intersection";"Smooth Asphalt";"Piedmont";"Urban";"30 - 35  MPH";"No Control Present";"Clear";"No";"35.21795, -80.7944"
"2075";784;785;"Yes";"30-39";33;"No";"With Traffic";"B: Evident Injury";"Travel Lane";"White";"Male";"Asheville";"Buncombe";"No";"01-01-06";2011-10-29;"Motorist Overtaking Bicyclist";20;"Non-Intersection";"01-10-01";1-01-01 20:24:58;"Motorist Overtaking - Undetected Bicyclist";311231;2011;"B: Evident Injury";"Commercial";"25-29";28;"No";"21-25 mph";"O: No Injury";"White";"Male";"Light Truck (Mini-Van, Panel)";"No";"No";"Dark - Roadway Not Lighted";"Urban (>70% Developed)";"2 lanes";2;"Straight - Grade";"Local Street";"Dry";"Two-Way, Not Divided";"None";"No Special Feature";"Smooth Asphalt";"Mountains";"Urban";"30 - 35  MPH";"No Control Present";"Clear";"No";"35.55527, -82.6476"
"2076";788;789;"Yes";"40-49";47;"No";"With Traffic";"C: Possible Injury";"Travel Lane";"White";"Male";"Gastonia";"Gaston";"No";"01-01-03";2011-10-12;"Motorist Failed to Yield - Sign-Controlled Intersection";14;"Intersection-Related";"01-10-01";1-01-01 14:18:58;"Motorist Drive Out - Sign-Controlled Intersection";211141;2011;"C: Possible Injury";"Residential";"50-59";55;"No";"6-10 mph";"O: No Injury";"White";"Male";"Pickup";"No";"No";"Daylight";"Urban (>70% Developed)";"1 lane";2;"Other";"Local Street";"Dry";"One-Way, Not Divided";"None";"Traffic Circle/Roundabout";"Smooth Asphalt";"Piedmont";"Urban";"40 - 45  MPH";"Yield Sign";"Cloudy";"No";"35.21445, -81.1332"
"2077";789;790;"No";"16-19";18;"No";"With Traffic";"B: Evident Injury";"Sidewalk / Crosswalk / Driveway Crossing";"White";"Female";"High Point";"Guilford";"No";"01-01-04";2011-10-27;"Bicyclist Failed to Yield - Signalized Intersection";16;"Intersection";"01-10-01";1-01-01 16:47:58;"Bicyclist Ride Out - Signalized  Intersection";131153;2011;"B: Evident Injury";"Institutional";"25-29";26;"No";"26-30 mph";"O: No Injury";"Black";"Male";"Sport Utility";"No";"No";"Daylight";"Urban (>70% Developed)";"5 lanes";2;"Straight - Level";"Local Street";"Dry";"Two-Way, Not Divided";"None";"Four-Way Intersection";"Smooth Asphalt";"Piedmont";"Urban";"30 - 35  MPH";"Stop And Go Signal";"Clear";"No";"35.97907, -79.9963"
"2078";795;796;"Yes";"50-59";53;"No";"With Traffic";"B: Evident Injury";"Bike Lane / Paved Shoulder";"Black";"Male";"Burgaw";"Pender";"No";"01-01-05";2011-10-21;"Motorist Overtaking Bicyclist";22;"Non-Intersection";"01-10-01";1-01-01 22:02:58;"Motorist Overtaking - Misjudged Space";321232;2011;"B: Evident Injury";"Residential";"30-39";31;"No";"31-35 mph";"O: No Injury";"White";"Male";"Pickup";"No";"No";"Dark - Roadway Not Lighted";"Mixed (30% To 70% Developed)";"2 lanes";2;"Straight - Level";"NC Route";"Dry";"Two-Way, Not Divided";"None";"No Special Feature";"Coarse Asphalt";"Coastal";"Rural";"30 - 35  MPH";"No Control Present";"Clear";"No";"34.56485, -77.9146"