"FID";"OBJECTID";"AmbulanceR";"BikeAge_Gr";"Bike_Age";"Bike_Alc_D";"Bike_Dir";"Bike_Injur";"Bike_Pos";"Bike_Race";"Bike_Sex";"City";"County";"CrashAlcoh";"CrashDay";"Crash_Date";"Crash_Grp";"Crash_Hour";"Crash_Loc";"Crash_Mont";"Crash_Time";"Crash_Type";"Crash_Ty_1";"Crash_Year";"Crsh_Sevri";"Developmen";"DrvrAge_Gr";"Drvr_Age";"Drvr_Alc_D";"Drvr_EstSp";"Drvr_Injur";"Drvr_Race";"Drvr_Sex";"Drvr_VehTy";"ExcsSpdInd";"Hit_Run";"Light_Cond";"Locality";"Num_Lanes";"Num_Units";"Rd_Charact";"Rd_Class";"Rd_Conditi";"Rd_Config";"Rd_Defects";"Rd_Feature";"Rd_Surface";"Region";"Rural_Urba";"Speed_Limi";"Traff_Cntr";"Weather";"Workzone_I";"Location"
"2116";398;399;"No";"16-19";16;"No";NA;"B: Evident Injury";NA;"White";"Male";"Belmont";"Gaston";"No";"01-01-03";2008-06-04;"Bicyclist Failed to Yield - Midblock";7;"Non-Intersection";"01-06-01";1-01-01 07:57:58;"Bicyclist Ride Out - Midblock -";399319;2008;"B: Evident Injury";"Residential";"40-49";42;"No";"21-25 mph";"O: No Injury";"White";"Male";"Pickup";"No";"No";"Daylight";"Mixed (30% To 70% Developed)";"2 lanes";2;"Straight - Grade";"Local Street";"Dry";"Two-Way, Not Divided";"None";"No Special Feature";"Coarse Asphalt";"Piedmont";"Urban";"20 - 25  MPH";"No Control Present";"Clear";"No";"0.0, 0.0"
"2117";411;412;"Yes";"10-Jun";8;"No";"With Traffic";"C: Possible Injury";"Travel Lane";"Black";"Male";"Mount Olive";"Wayne";"No";"01-01-06";2008-05-31;"Motorist Overtaking Bicyclist";17;"Non-Intersection";"01-05-01";1-01-01 16:59:58;"Motorist Overtaking - Other /";311239;2008;"C: Possible Injury";"Commercial";NA;NA;"Missing";NA;"Injury";"/Missing";NA;"Sport Utility";"No";"Yes";"Daylight";"Urban (>70% Developed)";"2 lanes";2;"Straight - Level";"Local Street";"Dry";"Two-Way, Not Divided";"None";"No Special Feature";"Coarse Asphalt";"Coastal";"Rural";"20 - 25  MPH";"No Control Present";"Clear";"No";"0.0, 0.0"
"2118";418;419;"No";"20-24";20;"No";"With Traffic";"C: Possible Injury";"Travel Lane";"Black";"Male";"Raleigh";"Wake";"No";"01-01-03";2008-06-04;"Motorist Right Turn / Merge";16;"Intersection";"01-06-01";1-01-01 16:07:58;"Motorist Right Turn - Same Direction";111213;2008;"C: Possible Injury";"Commercial";NA;NA;"Missing";"31-35 mph";"Injury";"/Missing";NA;NA;"No";"Yes";"Daylight";"Urban (>70% Developed)";"2 lanes";2;"Straight - Level";"Local Street";"Dry";"Two-Way, Not Divided";"None";"Four-Way Intersection";"Smooth Asphalt";"Piedmont";"Urban";"30 - 35  MPH";"Stop And Go Signal";"Clear";"No";"0.0, 0.0"
"2119";427;428;"Yes";"30-39";33;"No";"With Traffic";"B: Evident Injury";"Travel Lane";"Hispanic";"Male";"Durham";"Durham";"No";"01-01-02";2008-07-15;"Bicyclist Left Turn / Merge";15;"Non-Intersection";"01-07-01";1-01-01 15:17:58;"Bicyclist Left Turn - Same Direction";311221;2008;"B: Evident Injury";"Commercial";"50-59";58;"No";"31-35 mph";"O: No Injury";"White";"Male";"Pickup";"No";"No";"Daylight";"Urban (>70% Developed)";"2 lanes";2;"Straight - Level";"Local Street";"Dry";"Two-Way, Not Divided";"None";"No Special Feature";"Coarse Asphalt";"Piedmont";"Urban";"30 - 35  MPH";"No Control Present";"Clear";"No";"0.0, 0.0"
"2120";441;442;"No";"50-59";54;"No";"With Traffic";"C: Possible Injury";"Travel Lane";"Black";"Male";"None - Rural Crash";"Guilford";"No";NA;2008-06-30;"Motorist Failed to Yield - Sign-Controlled Intersection";20;"Intersection";"01-06-01";1-01-01 20:53:58;"Motorist Drive Out - Sign-Controlled Intersection";111141;2008;"C: Possible Injury";"Farms, Woods, Pastures";"40-49";40;"No";"0-5 mph";"O: No Injury";"White";"Male";"Passenger Car";"No";"No";"Dusk";"Rural (<30% Developed)";"2 lanes";2;"Straight - Grade";"State Secondary Route";"Dry";"Two-Way, Not Divided";"None";"Y-Intersection";"Smooth Asphalt";"Piedmont";"Rural";"30 - 35  MPH";"Stop Sign";"Clear";"No";"0.0, 0.0"
"2121";452;453;"Yes";"40-49";40;"Yes";"With Traffic";"C: Possible Injury";"Bike Lane / Paved Shoulder";"Black";"Male";"None - Rural Crash";"Wake";"Yes";"01-01-07";2008-06-22;"Bicyclist Left Turn / Merge";10;"Non-Intersection";"01-06-01";1-01-01 10:29:58;"Bicyclist Left Turn - Same Direction";321221;2008;"C: Possible Injury";"Residential";"70+";NA;"No";"41-45 mph";"O: No Injury";"White";"Male";"Passenger Car";"No";"No";"Daylight";"Rural (<30% Developed)";"2 lanes";2;"Straight - Level";"State Secondary Route";"Dry";"Two-Way, Not Divided";"None";"No Special Feature";"Smooth Asphalt";"Piedmont";"Rural";"40 - 45  MPH";"No Control Present";"Clear";"No";"0.0, 0.0"
"2122";456;457;"No";"40-49";46;"No";"With Traffic";"B: Evident Injury";"Travel Lane";"White";"Female";"Asheville";"Buncombe";"No";"01-01-02";2008-06-24;"Loss of Control / Turning Error";16;"Intersection";"01-06-01";1-01-01 16:08:58;"Bicyclist Turning Error - Right Turn";111115;2008;"B: Evident Injury";"Commercial";"40-49";47;"No";"0-5 mph";"O: No Injury";"White";"Male";"Passenger Car";"No";"No";"Daylight";"Urban (>70% Developed)";"2 lanes";2;"Straight - Grade";"Local Street";"Dry";"Two-Way, Not Divided";"None";"T-Intersection";"Coarse Asphalt";"Mountains";"Urban";"30 - 35  MPH";"Stop And Go Signal";"Clear";"No";"0.0, 0.0"
"2123";463;464;"Yes";"15-Nov";12;"No";"Facing Traffic";"C: Possible Injury";"Travel Lane";"Black";"Female";"High Point";"Guilford";"No";"01-01-06";2008-06-28;"Motorist Left Turn / Merge";16;"Non-Intersection";"01-06-01";1-01-01 16:08:58;"Motorist Left Turn - Same Direction";312211;2008;"C: Possible Injury";"Residential";"20-24";21;"No";"11-15 mph";"O: No Injury";"Black";"Female";"Pickup";"No";"No";"Daylight";"Urban (>70% Developed)";"2 lanes";2;"Straight - Level";"Local Street";"Dry";"Two-Way, Not Divided";"None";"No Special Feature";"Coarse Asphalt";"Piedmont";"Urban";"30 - 35  MPH";"No Control Present";"Clear";"No";"0.0, 0.0"
"2124";471;472;"Yes";"40-49";42;"No";"Not Applicable";"Injury";"Non-Roadway";"Black";"Male";"Enfield";"Halifax";"No";"01-01-03";2008-07-02;"Non-Roadway";2;"Non-Roadway";"01-07-01";1-01-01 02:19:58;"Non-Roadway";460910;2008;"O: No Injury";"Residential";"30-39";31;"No";"11-15 mph";"O: No Injury";"Black";"Male";"Passenger Car";"No";"No";"Dark -  Lighting";"Rural (<30% Developed)";NA;2;NA;"Private Road, Driveway";"Wet";NA;"None";"No Special Feature";"Soil";"Coastal";"Rural";NA;"Missing";"Clear";"No";"0.0, 0.0"
"2125";475;476;"No";"16-19";18;"No";"With Traffic";"B: Evident Injury";"Travel Lane";"White";"Male";"Weaverville";"Buncombe";"No";"01-01-06";2008-05-31;"Motorist Overtaking Bicyclist";14;"Non-Intersection";"01-05-01";1-01-01 14:46:58;"Motorist Overtaking - Bicyclist Swerved";311235;2008;"B: Evident Injury";"Commercial";"30-39";35;"No";"41-45 mph";"O: No Injury";"White";"Female";"Passenger Car";"No";"No";"Daylight";"Urban (>70% Developed)";"2 lanes";2;"Straight - Level";"Local Street";"Dry";"Two-Way, Not Divided";"None";"No Special Feature";"Smooth Asphalt";"Mountains";"Rural";"40 - 45  MPH";"No Control Present";"Clear";"No";"0.0, 0.0"
"2126";480;481;"Yes";"50-59";53;"Yes";"With Traffic";"B: Evident Injury";"Travel Lane";"Black";"Male";"Asheboro";"Randolph";"Yes";"01-01-04";2008-07-03;"Crossing Paths - Other Circumstances";20;"Intersection";"01-07-01";1-01-01 20:56:58;"Signalized Intersection - Other /";111158;2008;"B: Evident Injury";"Commercial";"40-49";43;"No";"11-15 mph";"O: No Injury";"Black";"Female";"Sport Utility";"No";"No";"Dark - Lighted Roadway";"Urban (>70% Developed)";"6 lanes";2;"Straight - Level";"US Route";"Dry";"Two-Way, Divided, Unprotected Median";"None";"Four-Way Intersection";"Smooth Asphalt";"Piedmont";"Urban";"30 - 35  MPH";"Stop And Go Signal";"Clear";"No";"0.0, 0.0"
"2127";482;483;"Yes";"40-49";45;"No";"With Traffic";"C: Possible Injury";"Travel Lane";"White";"Male";"Huntersville";"Mecklenburg";"No";"01-01-04";2008-07-03;"Motorist Left Turn / Merge";15;"Intersection";"01-07-01";1-01-01 15:51:58;"Motorist Left Turn - Opposite Direction";111212;2008;"C: Possible Injury";"Commercial";"30-39";37;"No";"0-5 mph";"O: No Injury";"White";"Female";"Passenger Car";"No";"No";"Daylight";"Urban (>70% Developed)";"2 lanes";2;"Straight - Grade";"Local Street";"Dry";"Two-Way, Not Divided";"None";"T-Intersection";"Smooth Asphalt";"Piedmont";"Urban";"40 - 45  MPH";"Stop Sign";"Clear";"No";"0.0, 0.0"
"2128";483;484;"Yes";"50-59";56;"No";"With Traffic";"B: Evident Injury";"Travel Lane";"White";"Male";"Durham";"Durham";"No";"01-01-05";2008-08-01;"Motorist Left Turn / Merge";6;"Non-Intersection";"01-08-01";1-01-01 06:31:58;"Motorist Left Turn - Opposite Direction";311212;2008;"B: Evident Injury";"Commercial";"25-29";26;"No";"6-10 mph";"O: No Injury";"White";"Male";"Pickup";"No";"No";"Daylight";"Urban (>70% Developed)";"3 lanes";2;"Straight - Level";"Local Street";"Dry";"Two-Way, Not Divided";"None";"No Special Feature";"Smooth Asphalt";"Piedmont";"Urban";"30 - 35  MPH";"No Control Present";"Clear";"No";"0.0, 0.0"
"2129";486;487;"Yes";"16-19";17;"No";"With Traffic";"C: Possible Injury";"Travel Lane";"White";"Male";"None - Rural Crash";"Cleveland";"No";"01-01-06";2008-08-02;"Motorist Overtaking Bicyclist";15;"Non-Intersection";"01-08-01";1-01-01 15:18:58;"Motorist Overtaking - Other /";311239;2008;"C: Possible Injury";"Residential";"50-59";53;"No";"16-20 mph";"O: No Injury";"Black";"Female";"Passenger Car";"No";"No";"Daylight";"Mixed (30% To 70% Developed)";"2 lanes";2;"Straight - Level";"State Secondary Route";"Dry";"Two-Way, Not Divided";"None";"No Special Feature";"Smooth Asphalt";"Mountains";"Rural";"40 - 45  MPH";"Double Yellow Line, No Passing Zone";"Clear";"No";"0.0, 0.0"
"2130";491;492;"No";"40-49";49;"No";"With Traffic";"C: Possible Injury";"Travel Lane";"White";"Male";"None - Rural Crash";"Rowan";"No";NA;2008-07-07;"Motorist Overtaking Bicyclist";9;"Non-Intersection";"01-07-01";1-01-01 09:57:58;"Motorist Overtaking - Undetected Bicyclist";311231;2008;"C: Possible Injury";"Residential";"40-49";41;"No";"51-55 mph";"O: No Injury";"White";"Male";"Pickup";"No";"No";"Daylight";"Mixed (30% To 70% Developed)";"2 lanes";2;"Straight - Grade";"State Secondary Route";"Dry";"Two-Way, Not Divided";"None";"No Special Feature";"Smooth Asphalt";"Piedmont";"Rural";"50 - 55  MPH";"Double Yellow Line, No Passing Zone";"Cloudy";"No";"0.0, 0.0"
"2131";489;490;"Yes";"50-59";53;"No";"Not Applicable";"C: Possible Injury";"Non-Roadway";"Black";"Male";"Goldsboro";"Wayne";"No";"01-01-06";2008-07-05;"Non-Roadway";20;"Non-Roadway";"01-07-01";1-01-01 20:29:58;"Non-Roadway";460910;2008;"C: Possible Injury";"Commercial";NA;NA;"Missing";"6-10 mph";"Injury";"/Missing";NA;NA;"No";"Yes";"Daylight";"Urban (>70% Developed)";NA;2;"Straight - Level";"Public Vehicular Area";"Wet";"One-Way, Not Divided";"None";"No Special Feature";"Coarse Asphalt";"Coastal";"Urban";NA;"Missing";"Rain";"No";"0.0, 0.0"
"2132";492;493;"Yes";"25-29";25;"No";"With Traffic";"B: Evident Injury";"Travel Lane";"White";"Male";"Indian Trail";"Union";"No";NA;2008-07-07;"Motorist Right Turn / Merge";0;"Intersection";"01-07-01";1-01-01 00:47:58;"Motorist Right Turn - Same Direction";111213;2008;"B: Evident Injury";"Residential";"25-29";27;"No";"41-45 mph";"O: No Injury";"White";"Female";"Passenger Car";"No";"No";"Daylight";"Urban (>70% Developed)";"2 lanes";2;"Straight - Level";"State Secondary Route";"Dry";"Two-Way, Not Divided";"None";"Four-Way Intersection";"Smooth Asphalt";"Piedmont";"Urban";"40 - 45  MPH";"Double Yellow Line, No Passing Zone";"Clear";"No";"0.0, 0.0"
"2133";484;485;"Yes";"50-59";55;"No";"With Traffic";"C: Possible Injury";"Travel Lane";"White";"Female";"Charlotte";"Mecklenburg";"No";"01-01-03";2009-08-26;"Motorist Left Turn / Merge";8;"Intersection";"01-08-01";1-01-01 08:53:58;"Motorist Left Turn - Opposite Direction";111212;2009;"C: Possible Injury";"Commercial";"25-29";29;"No";"11-15 mph";"O: No Injury";"White";"Female";"Sport Utility";"No";"No";"Daylight";"Urban (>70% Developed)";"4 lanes";2;"Straight - Level";"Local Street";"Dry";"Two-Way, Not Divided";"None";"Four-Way Intersection";"Smooth Asphalt";"Piedmont";"Urban";"30 - 35  MPH";"Stop And Go Signal";"Clear";"No";"35.209854, -80.859726"
"2134";488;489;"Yes";"50-59";55;"No";"Not Applicable";"B: Evident Injury";"Non-Roadway";"Black";"Male";"Selma";"Johnston";"No";"01-01-06";2009-08-29;"Non-Roadway";12;"Non-Roadway";"01-08-01";1-01-01 12:06:58;"Non-Roadway";460910;2009;"B: Evident Injury";"Commercial";"0-19";18;"No";"0-5 mph";"O: No Injury";"White";"Male";"Passenger Car";"No";"No";"Daylight";"Urban (>70% Developed)";NA;2;"Straight - Level";"Public Vehicular Area";"Water (Standing, Moving)";"Two-Way, Not Divided";"None";"No Special Feature";"Smooth Asphalt";"Coastal";"Urban";NA;"No Control Present";"Clear";"No";"35.53418, -78.28645"
"2135";495;496;"Yes";"10-Jun";10;"No";"With Traffic";"C: Possible Injury";"Travel Lane";"White";"Male";"None - Rural Crash";"Cleveland";"No";"01-01-02";2009-08-04;"Bicyclist Left Turn / Merge";16;"Intersection-Related";"01-08-01";1-01-01 16:52:58;"Bicyclist Left Turn - Same Direction";211221;2009;"C: Possible Injury";"Residential";"30-39";38;"No";"41-45 mph";"O: No Injury";"White";"Male";"Pickup";"No";"No";"Daylight";"Rural (<30% Developed)";"2 lanes";2;"Straight - Level";"State Secondary Route";"Dry";"Two-Way, Not Divided";"None";"No Special Feature";"Coarse Asphalt";"Mountains";"Rural";"40 - 45  MPH";"Double Yellow Line, No Passing Zone";"Cloudy";"No";"35.23506, -81.406166"
"2136";497;498;"Yes";"25-29";29;"No";"Not Applicable";"B: Evident Injury";"Non-Roadway";"Black";"Male";"Apex";"Wake";"No";"01-01-04";2009-08-27;"Bicyclist Failed to Yield - Midblock";16;"Non-Intersection";"01-08-01";1-01-01 16:35:58;"Bicyclist Ride Out - Other Midblock";363318;2009;"B: Evident Injury";"Commercial";"50-59";54;"No";"16-20 mph";"O: No Injury";"White";"Female";"Sport Utility";"No";"No";"Daylight";"Urban (>70% Developed)";NA;2;"Straight - Grade";"Local Street";"Dry";"Two-Way, Not Divided";"None";"No Special Feature";"Coarse Asphalt";"Piedmont";"Urban";"20 - 25  MPH";"No Control Present";"Clear";"No";"35.732758, -78.85011"
"2137";501;502;"Yes";"30-39";30;"No";"Facing Traffic";"C: Possible Injury";"Sidewalk / Crosswalk / Driveway Crossing";"White";"Female";"Charlotte";"Mecklenburg";"No";"01-01-03";2009-09-02;"Motorist Failed to Yield - Midblock";11;"Non-Intersection";"01-09-01";1-01-01 11:38:58;"Motorist Drive Out - Commercial Driveway / Alley";332322;2009;"C: Possible Injury";"Commercial";"30-39";37;"No";"0-5 mph";"O: No Injury";"Black";"Male";"Van";"No";"No";"Daylight";"Urban (>70% Developed)";"4 lanes";2;"Straight - Level";"Local Street";"Dry";"Two-Way, Not Divided";"None";"Driveway, Public";"Smooth Asphalt";"Piedmont";"Urban";"30 - 35  MPH";"No Control Present";"Clear";"No";"35.246414, -80.752365"
"2138";502;503;"Yes";"60-69";62;"No";"With Traffic";"B: Evident Injury";"Travel Lane";"Black";"Male";"Rocky Mount";"Edgecombe";"No";"01-01-07";2009-07-19;"Bicyclist Failed to Yield - Sign-Controlled Intersection";14;"Intersection";"01-07-01";1-01-01 14:06:58;"Bicyclist Ride Through - Sign-Controlled Intersection";111144;2009;"B: Evident Injury";"Residential";NA;NA;"Missing";"21-25 mph";"Injury";"/Missing";NA;NA;"No";"Yes";"Daylight";"Mixed (30% To 70% Developed)";"4 lanes";2;"Straight - Level";"Local Street";"Dry";"Two-Way, Not Divided";"None";"No Special Feature";"Grooved Concrete";"Coastal";"Urban";"30 - 35  MPH";"Stop Sign";"Clear";"No";"35.930492, -77.79222"
"2139";515;516;"Yes";"16-19";16;"No";"With Traffic";"A: Disabling Injury";"Bike Lane / Paved Shoulder";"Black";"Male";"None - Rural Crash";"Pitt";"No";"01-01-06";2009-08-08;"Bicyclist Left Turn / Merge";13;"Non-Intersection";"01-08-01";1-01-01 13:35:58;"Bicyclist Left Turn - Same Direction";321221;2009;"A: Disabling Injury";"Residential";"40-49";40;"No";"46-50 mph";"O: No Injury";"Black";"Female";"Passenger Car";"No";"No";"Daylight";"Urban (>70% Developed)";"2 lanes";2;"Straight - Level";"State Secondary Route";"Dry";"Two-Way, Not Divided";"None";"No Special Feature";"Smooth Asphalt";"Coastal";"Rural";"50 - 55  MPH";"Double Yellow Line, No Passing Zone";"Clear";"No";"35.649757, -77.41619"
"2140";534;535;"Yes";"40-49";46;"No";"With Traffic";"C: Possible Injury";"Travel Lane";"White";"Male";"Kill Devil Hills";"Dare";"No";"01-01-06";2009-08-29;"Motorist Right Turn / Merge";13;"Intersection";"01-08-01";1-01-01 13:07:58;"Motorist Right Turn - Same Direction";111213;2009;"C: Possible Injury";"Commercial";"30-39";30;"No";"0-5 mph";"O: No Injury";"White";"Female";"Passenger Car";"No";"No";"Daylight";"Urban (>70% Developed)";"5 lanes";2;"Straight - Level";"US Route";"Dry";"Two-Way, Divided, Unprotected Median";"None";"Four-Way Intersection";"Coarse Asphalt";"Coastal";"Urban";"50 - 55  MPH";"Stop And Go Signal";"Clear";"No";"35.998623, -75.65205"
"2141";536;537;"Yes";"40-49";48;"Yes";"With Traffic";"B: Evident Injury";"Travel Lane";"Black";"Male";"None - Rural Crash";"Wake";"Yes";"01-01-04";2009-09-24;"Other / Unusual Circumstances";22;"Non-Intersection";"01-09-01";1-01-01 22:43:58;"Bicycle Only";311400;2009;"B: Evident Injury";"Farms, Woods, Pastures";NA;NA;"Missing";"41-45 mph";"Injury";"/Missing";NA;"Passenger Car";"No";"Yes";"Dark - Roadway Not Lighted";"Rural (<30% Developed)";"2 lanes";2;"Straight - Level";"State Secondary Route";"Dry";"Two-Way, Not Divided";"None";"No Special Feature";"Coarse Asphalt";"Piedmont";"Rural";"40 - 45  MPH";"Double Yellow Line, No Passing Zone";"Clear";"No";"35.600098, -78.87942"
"2142";541;542;"No";"10-Jun";10;"No";"With Traffic";"C: Possible Injury";"Travel Lane";"Black";"Female";"Charlotte";"Mecklenburg";"No";"01-01-05";2009-09-11;"Loss of Control / Turning Error";17;"Intersection";"01-09-01";1-01-01 17:44:58;"Motorist Turning Error - Left Turn";111111;2009;"C: Possible Injury";"Residential";"60-69";67;"No";"11-15 mph";"O: No Injury";"White";"Female";"Passenger Car";"No";"No";"Daylight";"Urban (>70% Developed)";"2 lanes";2;"Straight - Level";"Local Street";"Dry";"Two-Way, Not Divided";"None";"Four-Way Intersection";"Smooth Asphalt";"Piedmont";"Urban";"20 - 25  MPH";"Stop Sign";"Clear";"No";"35.190487, -80.72908"
"2143";546;547;"Yes";"40-49";49;"No";"With Traffic";"B: Evident Injury";"Travel Lane";"White";"Female";"Carrboro";"Orange";"No";"01-01-07";2009-09-13;"Motorist Overtaking Bicyclist";7;"Intersection";"01-09-01";1-01-01 07:39:58;"Motorist Overtaking - Other /";111239;2009;"B: Evident Injury";"Residential";"60-69";60;"No";"31-35 mph";"O: No Injury";"Black";"Male";"Passenger Car";"No";"No";"Daylight";"Urban (>70% Developed)";"2 lanes";2;"Straight - Level";"Local Street";"Dry";"Two-Way, Not Divided";"None";"T-Intersection";"Smooth Asphalt";"Piedmont";"Urban";"30 - 35  MPH";"No Control Present";"Clear";"No";"35.92753, -79.093216"
"2144";548;549;"Yes";"50-59";56;"No";"With Traffic";"A: Disabling Injury";"Travel Lane";"White";"Male";"None - Rural Crash";"Iredell";"No";"01-01-05";2009-09-25;"Motorist Overtaking Bicyclist";13;"Non-Intersection";"01-09-01";1-01-01 13:16:58;"Motorist Overtaking - Misjudged Space";311232;2009;"A: Disabling Injury";"Residential";"70+";NA;"No";"41-45 mph";"O: No Injury";"White";"Male";"Pickup";"No";"No";"Daylight";"Rural (<30% Developed)";"2 lanes";2;"Straight - Level";"State Secondary Route";"Dry";"Two-Way, Not Divided";"None";"No Special Feature";"Smooth Asphalt";"Piedmont";"Rural";"40 - 45  MPH";"Double Yellow Line, No Passing Zone";"Clear";"No";"35.763615, -80.98644"
"2145";549;550;"No";"20-24";24;"No";"With Traffic";"B: Evident Injury";"Travel Lane";"White";"Male";"Charlotte";"Mecklenburg";"No";"01-01-04";2009-09-17;"Motorist Right Turn / Merge";17;"Intersection";"01-09-01";1-01-01 17:02:58;"Motorist Right Turn - Same Direction";111213;2009;"B: Evident Injury";"Commercial";"30-39";30;"No";"31-35 mph";"C: Possible Injury";"White";"Female";"Sport Utility";"No";"No";"Daylight";"Urban (>70% Developed)";"4 lanes";2;"Straight - Level";"Local Street";"Dry";"Two-Way, Not Divided";"None";"No Special Feature";"Smooth Asphalt";"Piedmont";"Urban";"30 - 35  MPH";"No Control Present";"Cloudy";"No";"35.186714, -80.76577"
"2146";560;561;"Yes";"40-49";47;"No";"Facing Traffic";"B: Evident Injury";"Travel Lane";"Black";"Female";"Rocky Mount";"Edgecombe";"No";"01-01-05";2009-08-14;"Motorist Failed to Yield - Sign-Controlled Intersection";9;"Intersection";"01-08-01";1-01-01 09:38:58;"Motorist Drive Out - Sign-Controlled Intersection";112141;2009;"B: Evident Injury";"Commercial";"60-69";62;"No";"0-5 mph";"O: No Injury";"White";"Female";"Sport Utility";"No";"No";"Daylight";"Urban (>70% Developed)";"3 lanes";2;"Straight - Level";"Local Street";"Dry";"Two-Way, Not Divided";"None";"No Special Feature";"Smooth Asphalt";"Coastal";"Urban";"30 - 35  MPH";"Stop Sign";"Clear";"No";"35.930653, -77.774475"
"2147";561;562;"Yes";"50-59";56;"No";"With Traffic";"B: Evident Injury";"Travel Lane";"Black";"Male";"Rocky Mount";"Nash";"No";NA;2009-08-03;"Motorist Failed to Yield - Sign-Controlled Intersection";9;"Intersection";"01-08-01";1-01-01 09:35:58;"Motorist Drive Through - Sign-Controlled Intersection";111143;2009;"B: Evident Injury";"Residential";"40-49";47;"No";"21-25 mph";"O: No Injury";"White";"Female";"Passenger Car";"No";"No";"Daylight";"Urban (>70% Developed)";"2 lanes";2;"Straight - Level";"Local Street";"Dry";"One-Way, Not Divided";"None";"No Special Feature";"Smooth Asphalt";"Coastal";"Urban";"30 - 35  MPH";"No Control Present";"Clear";"No";"35.95829, -77.80242"
"2148";562;563;"Yes";"50-59";50;"No";"With Traffic";"B: Evident Injury";"Travel Lane";"White";"Female";"High Point";"Guilford";"No";"01-01-06";2009-09-12;"Motorist Failed to Yield - Sign-Controlled Intersection";11;"Intersection";"01-09-01";1-01-01 11:29:58;"Motorist Drive Out - Sign-Controlled Intersection";111141;2009;"B: Evident Injury";"Residential";"50-59";55;"No";"21-25 mph";"O: No Injury";"White";"Male";"Light Truck (Mini-Van, Panel)";"No";"No";"Daylight";"Urban (>70% Developed)";"4 lanes";2;"Straight - Level";"Local Street";"Dry";"Two-Way, Divided, Unprotected Median";"None";"Four-Way Intersection";"Smooth Asphalt";"Piedmont";"Urban";"30 - 35  MPH";"Stop Sign";"Clear";"No";"36.000065, -80.009674"
"2149";568;569;"Yes";"40-49";40;"No";"With Traffic";"B: Evident Injury";"Travel Lane";"White";"Male";"High Point";"Guilford";"No";"01-01-02";2009-09-22;"Crossing Paths - Other Circumstances";22;"Intersection";"01-09-01";1-01-01 22:13:58;"Signalized Intersection - Other /";111158;2009;"B: Evident Injury";"Residential";"50-59";51;"No";"36-40 mph";"O: No Injury";"White";"Male";"Passenger Car";"No";"No";"Dark - Lighted Roadway";"Urban (>70% Developed)";"5 lanes";2;"Straight - Grade";"NC Route";"Wet";"Two-Way, Divided, Unprotected Median";"None";"Four-Way Intersection";"Smooth Asphalt";"Piedmont";"Urban";"40 - 45  MPH";"Stop And Go Signal";"Cloudy";"No";"35.974743, -80.03369"
"2150";570;571;"No";"15-Nov";11;"No";"Not Applicable";"C: Possible Injury";NA;"Hispanic";"Male";"Charlotte";"Mecklenburg";"No";"01-01-04";2009-09-24;"Bicyclist Failed to Yield - Midblock";19;"Non-Intersection";"01-09-01";1-01-01 19:07:58;"Bicyclist Ride Out - Midblock -";393319;2009;"C: Possible Injury";"Residential";"20-24";23;"No";"16-20 mph";"O: No Injury";"Black";"Female";"Passenger Car";"No";"No";"Dusk";"Urban (>70% Developed)";"2 lanes";2;"Straight - Grade";"Local Street";"Dry";"Two-Way, Not Divided";"None";"No Special Feature";"Smooth Asphalt";"Piedmont";"Urban";"20 - 25  MPH";"No Control Present";"Clear";"No";"35.281235, -80.77153"
"2151";571;572;"Yes";"25-29";27;"No";"With Traffic";"C: Possible Injury";"Travel Lane";"White";"Male";"None - Rural Crash";"Robeson";"No";"01-01-07";2009-09-27;"Motorist Overtaking Bicyclist";9;"Non-Intersection";"01-09-01";1-01-01 09:30:58;"Motorist Overtaking - Misjudged Space";311232;2009;"C: Possible Injury";"Farms, Woods, Pastures";NA;NA;"Missing";NA;"Injury";"/Missing";NA;NA;"No";"Yes";"Dawn";"Rural (<30% Developed)";"2 lanes";2;"Straight - Level";"State Secondary Route";"Wet";"Two-Way, Not Divided";"None";"No Special Feature";"Coarse Asphalt";"Coastal";"Rural";"50 - 55  MPH";"No Control Present";"Cloudy";"No";"34.7513, -78.96149"
"2152";572;573;"No";"16-19";18;"Yes";"Facing Traffic";"C: Possible Injury";"Travel Lane";"White";"Male";"None - Rural Crash";"Catawba";"Yes";NA;2009-09-21;"Head-On";22;"Non-Intersection";"01-09-01";1-01-01 22:12:58;"Head-On - Bicyclist";312250;2009;"C: Possible Injury";"Residential";"25-29";25;"No";"36-40 mph";"O: No Injury";"White";"Male";"Sport Utility";"No";"No";"Dark - Roadway Not Lighted";"Urban (>70% Developed)";"2 lanes";2;"Straight - Level";"NC Route";"Dry";"Two-Way, Not Divided";"None";"No Special Feature";"Smooth Asphalt";"Piedmont";"Rural";"40 - 45  MPH";"Double Yellow Line, No Passing Zone";"Cloudy";"No";"35.650524, -81.19749"
"2153";574;575;"Yes";"30-39";31;"No";"With Traffic";"C: Possible Injury";"Travel Lane";"White";"Male";"None - Rural Crash";"Bladen";"No";"01-01-03";2009-10-07;"Loss of Control / Turning Error";20;"Non-Intersection";"01-10-01";1-01-01 20:02:58;"Motorist Lost Control - Other /";311139;2009;"C: Possible Injury";"Residential";NA;NA;"No";"41-45 mph";"Injury";"/Missing";NA;"Passenger Car";"No";"Yes";"Dark - Roadway Not Lighted";"Rural (<30% Developed)";"2 lanes";2;"Straight - Level";"NC Route";"Dry";"Two-Way, Not Divided";"None";"T-Intersection";"Smooth Asphalt";"Coastal";"Rural";"50 - 55  MPH";"No Control Present";"Clear";"No";"34.56472, -78.84384"