"FID";"OBJECTID";"AmbulanceR";"BikeAge_Gr";"Bike_Age";"Bike_Alc_D";"Bike_Dir";"Bike_Injur";"Bike_Pos";"Bike_Race";"Bike_Sex";"City";"County";"CrashAlcoh";"CrashDay";"Crash_Date";"Crash_Grp";"Crash_Hour";"Crash_Loc";"Crash_Mont";"Crash_Time";"Crash_Type";"Crash_Ty_1";"Crash_Year";"Crsh_Sevri";"Developmen";"DrvrAge_Gr";"Drvr_Age";"Drvr_Alc_D";"Drvr_EstSp";"Drvr_Injur";"Drvr_Race";"Drvr_Sex";"Drvr_VehTy";"ExcsSpdInd";"Hit_Run";"Light_Cond";"Locality";"Num_Lanes";"Num_Units";"Rd_Charact";"Rd_Class";"Rd_Conditi";"Rd_Config";"Rd_Defects";"Rd_Feature";"Rd_Surface";"Region";"Rural_Urba";"Speed_Limi";"Traff_Cntr";"Weather";"Workzone_I";"Location"
"2154";575;576;"Yes";"20-24";20;"No";"With Traffic";"C: Possible Injury";"Travel Lane";"Black";"Male";"Durham";"Durham";"No";"01-01-04";2009-10-08;"Motorist Overtaking Bicyclist";16;"Non-Intersection";"01-10-01";1-01-01 16:38:58;"Motorist Overtaking - Misjudged Space";311232;2009;"C: Possible Injury";"Residential";NA;NA;"Missing";"31-35 mph";"Injury";"/Missing";NA;"Passenger Car";"No";"Yes";"Daylight";"Urban (>70% Developed)";"2 lanes";2;"Straight - Level";"Local Street";"Dry";"Two-Way, Not Divided";"None";"No Special Feature";"Coarse Asphalt";"Piedmont";"Urban";"30 - 35  MPH";"No Control Present";"Clear";"No";"35.98208, -78.877815"
"2155";580;581;"No";"20-24";20;"No";"Not Applicable";"O: No Injury";"Non-Roadway";"White";"Male";"Greensboro";"Guilford";"No";"01-01-07";2009-09-27;"Non-Roadway";14;"Non-Roadway";"01-09-01";1-01-01 14:01:58;"Non-Roadway";460910;2009;"O: No Injury";"Institutional";"20-24";20;"No";NA;"O: No Injury";"White";"Female";"Passenger Car";"No";"No";"Daylight";"Mixed (30% To 70% Developed)";NA;2;NA;NA;"Dry";"Two-Way, Not Divided";"None";"No Special Feature";"Concrete";"Piedmont";"Urban";NA;"No Control Present";"Clear";"No";"36.06816, -79.81447"
"2156";581;582;"No";"10-Jun";10;"No";"With Traffic";"C: Possible Injury";"Travel Lane";"Black";"Male";"Raleigh";"Wake";"No";"01-01-06";2009-09-12;"Bicyclist Failed to Yield - Midblock";17;"Non-Intersection";"01-09-01";1-01-01 17:45:58;"Bicyclist Ride Out - Other Midblock";311318;2009;"C: Possible Injury";"Residential";"30-39";33;"No";"26-30 mph";"O: No Injury";"Black";"Female";"Passenger Car";"No";"No";"Daylight";"Urban (>70% Developed)";"2 lanes";2;"Straight - Hillcrest";"Local Street";"Dry";"Two-Way, Not Divided";"None";"Driveway, Public";"Smooth Asphalt";"Piedmont";"Urban";"30 - 35  MPH";"No Control Present";"Clear";"No";"35.744724, -78.65375"
"2157";582;583;"No";"20-24";21;"No";"With Traffic";"C: Possible Injury";"Travel Lane";"White";"Male";"Raleigh";"Wake";"No";"01-01-05";2009-09-11;"Motorist Overtaking Bicyclist";14;"Non-Intersection";"01-09-01";1-01-01 14:36:58;"Motorist Overtaking - Misjudged Space";311232;2009;"C: Possible Injury";"Commercial";NA;NA;"Missing";"31-35 mph";"Injury";"/Missing";NA;NA;"No";"Yes";"Daylight";"Urban (>70% Developed)";"4 lanes";2;"Straight - Level";"Local Street";"Dry";"Two-Way, Not Divided";"None";"No Special Feature";"Smooth Asphalt";"Piedmont";"Urban";"30 - 35  MPH";"No Control Present";"Clear";"No";"35.78909, -78.6746"
"2158";586;587;"Yes";"30-39";34;"No";"Facing Traffic";"B: Evident Injury";"Sidewalk / Crosswalk / Driveway Crossing";"White";"Male";"Raleigh";"Wake";"No";"01-01-03";2009-09-02;"Motorist Failed to Yield - Signalized Intersection";21;"Intersection";"01-09-01";1-01-01 21:54:58;"Motorist Drive Through - Signalized Intersection";132154;2009;"B: Evident Injury";"Commercial";NA;NA;"Missing";"31-35 mph";"Injury";"/Missing";NA;NA;"No";"Yes";"Dark - Lighted Roadway";"Urban (>70% Developed)";"4 lanes";2;"Straight - Level";"Local Street";"Dry";"Two-Way, Divided, Positive Median Barrier";"None";"Y-Intersection";"Smooth Asphalt";"Piedmont";"Urban";"30 - 35  MPH";"Stop And Go Signal";"Clear";"No";"35.79904, -78.646"
"2159";591;592;"Yes";"16-19";16;"No";"With Traffic";"A: Disabling Injury";"Travel Lane";"White";"Male";"None - Rural Crash";"Brunswick";"No";"01-01-02";2009-10-13;"Bicyclist Failed to Yield - Sign-Controlled Intersection";17;"Intersection";"01-10-01";1-01-01 17:55:58;"Bicyclist Ride Through - Sign-Controlled Intersection";111144;2009;"A: Disabling Injury";"Farms, Woods, Pastures";"60-69";62;"No";"51-55 mph";"O: No Injury";"White";"Male";"Passenger Car";"No";"No";"Daylight";"Mixed (30% To 70% Developed)";"3 lanes";2;"Straight - Level";"NC Route";"Dry";"Two-Way, Not Divided";"None";"Driveway, Public";"Coarse Asphalt";"Coastal";"Rural";"50 - 55  MPH";"Stop Sign";"Clear";"No";"33.91423, -78.49137"
"2160";592;593;"Yes";"10-Jun";9;"No";"With Traffic";"B: Evident Injury";"Travel Lane";"Black";"Male";"Roanoke Rapids";"Halifax";"No";"01-01-07";2009-09-27;"Motorist Failed to Yield - Signalized Intersection";15;"Intersection";"01-09-01";1-01-01 15:43:58;"Motorist Drive Through - Signalized Intersection";111154;2009;"B: Evident Injury";"Commercial";NA;NA;"Missing";"11-15 mph";"Injury";"/Missing";NA;NA;"No";"Yes";"Daylight";"Urban (>70% Developed)";"3 lanes";2;"Straight - Level";"NC Route";"Dry";"Two-Way, Not Divided";"None";"No Special Feature";"Coarse Asphalt";"Coastal";"Urban";"30 - 35  MPH";"Stop And Go Signal";"Clear";"No";"36.44219, -77.668945"
"2161";594;595;"Yes";"50-59";51;"No";"With Traffic";"B: Evident Injury";"Travel Lane";"White";"Female";"None - Rural Crash";"Stokes";"No";"01-01-06";2009-10-03;"Motorist Overtaking Bicyclist";10;"Non-Intersection";"01-10-01";1-01-01 10:44:58;"Motorist Overtaking - Other /";311239;2009;"B: Evident Injury";"Residential";"40-49";48;"No";"41-45 mph";"O: No Injury";"White";"Male";"Van";"No";"No";"Daylight";"Mixed (30% To 70% Developed)";"2 lanes";2;"Straight - Grade";"State Secondary Route";"Dry";"Two-Way, Not Divided";"None";"No Special Feature";"Smooth Asphalt";"Piedmont";"Rural";"40 - 45  MPH";"Double Yellow Line, No Passing Zone";"Clear";"No";"36.278717, -80.40212"
"2162";604;605;"No";"40-49";48;"No";"With Traffic";"C: Possible Injury";"Travel Lane";"White";"Male";"Huntersville";"Mecklenburg";"No";"01-01-06";2009-10-03;"Motorist Overtaking Bicyclist";6;"Non-Intersection";"01-10-01";1-01-01 06:13:58;"Motorist Overtaking - Other /";311239;2009;"C: Possible Injury";"Residential";"25-29";27;"No";"41-45 mph";"O: No Injury";"White";"Female";"Sport Utility";"No";"No";"Dawn";"Mixed (30% To 70% Developed)";"2 lanes";2;"Straight - Level";"NC Route";"Dry";"Two-Way, Not Divided";"None";"No Special Feature";"Smooth Asphalt";"Piedmont";"Urban";"40 - 45  MPH";"Double Yellow Line, No Passing Zone";"Clear";"No";"35.4344, -80.90519"
"2163";609;610;"Yes";"30-39";35;"No";"With Traffic";"B: Evident Injury";"Travel Lane";"White";"Male";"Raleigh";"Wake";"No";"01-01-05";2009-09-04;"Parallel Paths - Other Circumstances";18;"Intersection";"01-09-01";1-01-01 18:30:58;"Parallel Paths - Other /";111280;2009;"B: Evident Injury";"Commercial";NA;NA;"Missing";"6-10 mph";"Injury";"/Missing";NA;NA;"No";"Yes";"Daylight";"Mixed (30% To 70% Developed)";"3 lanes";2;"Straight - Grade";"Local Street";"Dry";"One-Way, Not Divided";"None";"No Special Feature";"Coarse Asphalt";"Piedmont";"Urban";"30 - 35  MPH";"Stop And Go Signal";"Clear";"No";"35.79088, -78.66125"
"2164";610;611;"No";"16-19";18;"No";"Facing Traffic";"O: No Injury";"Sidewalk / Crosswalk / Driveway Crossing";"White";"Male";"Raleigh";"Wake";"No";"01-01-03";2009-09-16;"Motorist Failed to Yield - Signalized Intersection";12;"Intersection";"01-09-01";1-01-01 12:24:58;"Motorist Drive Out - Right Turn on Red";132151;2009;"O: No Injury";"Commercial";"50-59";56;"No";"31-35 mph";"O: No Injury";"White";"Female";"Passenger Car";"No";"No";"Daylight";"Urban (>70% Developed)";"2 lanes";2;"Straight - Level";"Local Street";"Dry";"Two-Way, Not Divided";"None";"T-Intersection";"Smooth Asphalt";"Piedmont";"Urban";"30 - 35  MPH";"Stop And Go Signal";"Clear";"No";"35.788967, -78.673195"
"2165";611;612;"No";"30-39";30;"No";"Facing Traffic";"B: Evident Injury";"Sidewalk / Crosswalk / Driveway Crossing";"Black";"Male";"Raleigh";"Wake";"No";"01-01-02";2009-09-15;"Motorist Failed to Yield - Midblock";17;"Non-Intersection";"01-09-01";1-01-01 17:12:58;"Motorist Drive Out - Midblock -";332329;2009;"B: Evident Injury";"Commercial";"60-69";63;"No";"26-30 mph";"O: No Injury";"White";"Male";"Pickup";"No";"No";"Daylight";"Urban (>70% Developed)";"7 lanes";2;"Straight - Grade";"Local Street";"Dry";"Two-Way, Divided, Unprotected Median";"None";"No Special Feature";"Coarse Asphalt";"Piedmont";"Urban";"40 - 45  MPH";"No Control Present";"Clear";"No";"35.84994, -78.58134"
"2166";614;615;"Yes";"25-29";25;"No";"Facing Traffic";"B: Evident Injury";NA;"Hispanic";"Male";"Morehead City";"Carteret";"No";"01-01-06";2009-10-03;"Crossing Paths - Other Circumstances";15;"Intersection";"01-10-01";1-01-01 15:04:58;"Crossing Paths - Intersection - Other /";192180;2009;"B: Evident Injury";"Commercial";"40-49";43;"No";"11-15 mph";"O: No Injury";"White";"Male";"Passenger Car";"No";"No";"Daylight";"Urban (>70% Developed)";"3 lanes";2;"Straight - Level";"Local Street";"Dry";"Two-Way, Not Divided";"None";"Four-Way Intersection";"Smooth Asphalt";"Coastal";"Urban";"30 - 35  MPH";"No Control Present";"Clear";"No";"34.7241, -76.73523"
"2167";629;630;"No";"30-39";30;"No";"Facing Traffic";"Injury";"Sidewalk / Crosswalk / Driveway Crossing";"White";"Male";"Asheville";"Buncombe";"No";"01-01-05";2009-09-25;"Motorist Failed to Yield - Midblock";8;"Non-Intersection";"01-09-01";1-01-01 08:05:58;"Motorist Drive Out - Midblock -";332329;2009;"O: No Injury";"Commercial";"30-39";30;"No";"0-5 mph";"O: No Injury";"White";"Female";"Passenger Car";"No";"No";"Daylight";"Urban (>70% Developed)";"4 lanes";2;"Straight - Level";"US Route";"Dry";"Two-Way, Divided, Unprotected Median";"None";"No Special Feature";"Smooth Asphalt";"Mountains";"Urban";"30 - 35  MPH";"No Control Present";"Clear";"No";"35.585857, -82.55172"
"2168";630;631;"Yes";"50-59";54;"No";"With Traffic";"C: Possible Injury";"Travel Lane";"White";"Male";"Mcadenville";"Gaston";"No";"01-01-07";2009-09-27;"Motorist Left Turn / Merge";19;"Intersection";"01-09-01";1-01-01 19:35:58;"Motorist Left Turn - Opposite Direction";111212;2009;"C: Possible Injury";"Residential";"20-24";24;"No";"6-10 mph";"Injury";"White";"Male";"Passenger Car";"No";"No";"Dusk";"Urban (>70% Developed)";"2 lanes";2;"Straight - Level";"Local Street";"Dry";"Two-Way, Divided, Unprotected Median";"None";"T-Intersection";"Smooth Asphalt";"Piedmont";"Rural";"40 - 45  MPH";"Double Yellow Line, No Passing Zone";"Clear";"No";"35.26834, -81.03792"
"2169";640;641;"No";"40-49";48;"No";"Facing Traffic";"O: No Injury";"Sidewalk / Crosswalk / Driveway Crossing";"Black";"Male";"Salisbury";"Rowan";"No";NA;2009-11-02;"Crossing Paths - Other Circumstances";20;"Intersection";"01-11-01";1-01-01 20:50:58;"Crossing Paths - Uncontrolled Intersection";132160;2009;"O: No Injury";"Commercial";"30-39";30;"No";"0-5 mph";"O: No Injury";"White";"Male";"Pickup";"No";"No";"Dark - Roadway Not Lighted";"Urban (>70% Developed)";"4 lanes";2;"Straight - Level";"Local Street";"Dry";"Two-Way, Not Divided";"None";"T-Intersection";"Smooth Asphalt";"Piedmont";"Urban";"30 - 35  MPH";"No Control Present";"Clear";"No";"35.660973, -80.46259"
"2170";642;643;"Yes";"50-59";56;"No";"Facing Traffic";"B: Evident Injury";"Sidewalk / Crosswalk / Driveway Crossing";"Black";"Male";"Elizabethtown";"Bladen";"No";"01-01-05";2009-10-23;"Motorist Failed to Yield - Midblock";10;"Non-Intersection";"01-10-01";1-01-01 10:19:58;"Motorist Drive Out - Commercial Driveway / Alley";332322;2009;"B: Evident Injury";"Commercial";"50-59";58;"No";"0-5 mph";"O: No Injury";"White";"Female";"Passenger Car";"No";"No";"Daylight";"Urban (>70% Developed)";NA;2;"Straight - Level";"Public Vehicular Area";"Dry";NA;"None";"Driveway, Public";"Smooth Asphalt";"Coastal";"Rural";NA;"No Control Present";"Clear";"No";"34.624264, -78.607834"
"2171";653;654;"Yes";"40-49";40;"No";"With Traffic";"B: Evident Injury";"Travel Lane";"Black";"Male";"Weldon";"Halifax";"No";"01-01-06";2009-10-24;"Crossing Paths - Other Circumstances";17;"Intersection";"01-10-01";1-01-01 17:40:58;"Crossing Paths - Intersection - Other /";111180;2009;"B: Evident Injury";"Residential";"40-49";43;"No";"11-15 mph";"O: No Injury";"Black";"Female";"Passenger Car";"No";"No";"Daylight";"Urban (>70% Developed)";"2 lanes";2;"Straight - Grade";"Local Street";"Dry";"One-Way, Not Divided";"None";"No Special Feature";"Smooth Asphalt";"Coastal";"Rural";"20 - 25  MPH";"No Control Present";"Cloudy";"No";"36.42882, -77.59971"
"2172";657;658;"Yes";"16-19";16;"Yes";"With Traffic";"K: Killed";"Travel Lane";"White";"Male";"None - Rural Crash";"Harnett";"Yes";"01-01-06";2009-11-07;"Motorist Overtaking Bicyclist";18;"Non-Intersection";"01-11-01";1-01-01 18:04:58;"Motorist Overtaking - Bicyclist Swerved";311235;2009;"K: Killed";"Farms, Woods, Pastures";"0-19";17;"No";"41-45 mph";"O: No Injury";"White";"Male";"Pickup";"No";"No";"Dark - Roadway Not Lighted";"Rural (<30% Developed)";"2 lanes";2;"Straight - Level";"State Secondary Route";"Dry";"Two-Way, Not Divided";"None";"No Special Feature";"Smooth Asphalt";"Coastal";"Rural";"50 - 55  MPH";"Double Yellow Line, No Passing Zone";"Clear";"No";"35.322243, -78.56951"
"2173";668;669;"Yes";"20-24";22;"No";"Facing Traffic";"C: Possible Injury";"Travel Lane";"Black";"Male";"Havelock";"Craven";"No";"01-01-05";2009-10-02;"Motorist Failed to Yield - Sign-Controlled Intersection";12;"Intersection";"01-10-01";1-01-01 12:26:58;"Motorist Drive Out - Sign-Controlled Intersection";112141;2009;"C: Possible Injury";"Commercial";"60-69";62;"No";"0-5 mph";"O: No Injury";"White";"Male";"Passenger Car";"No";"No";"Daylight";"Urban (>70% Developed)";"2 lanes";2;"Straight - Level";"Local Street";"Water (Standing, Moving)";"Two-Way, Divided, Unprotected Median";"None";"No Special Feature";"Smooth Asphalt";"Coastal";"Urban";"30 - 35  MPH";"Stop Sign";"Clear";"No";"34.86821, -76.90009"
"2174";673;674;"Yes";"16-19";16;"No";"With Traffic";"B: Evident Injury";"Travel Lane";"White";"Male";"Wilmington";"New Hanover";"No";"01-01-06";2009-10-17;"Motorist Overtaking Bicyclist";22;"Non-Intersection";"01-10-01";1-01-01 22:43:58;"Motorist Overtaking - Undetected Bicyclist";311231;2009;"B: Evident Injury";"Commercial";"25-29";27;"No";"36-40 mph";"O: No Injury";"White";"Female";"Passenger Car";"No";"No";"Dark - Roadway Not Lighted";"Urban (>70% Developed)";NA;2;"Straight - Level";"Local Street";"Dry";"Two-Way, Divided, Positive Median Barrier";"None";"No Special Feature";"Coarse Asphalt";"Coastal";"Urban";"40 - 45  MPH";"No Control Present";"Clear";"No";"34.21676, -77.90768"
"2175";676;677;"Yes";"40-49";49;"No";"With Traffic";"O: No Injury";"Bike Lane / Paved Shoulder";"White";"Male";"None - Rural Crash";"Guilford";"No";"01-01-06";2009-10-17;"Loss of Control / Turning Error";12;"Intersection-Related";"01-10-01";1-01-01 12:24:58;"Motorist Lost Control - Oversteering, Improper Braking, Speed";221132;2009;"B: Evident Injury";"Residential";"30-39";31;"No";"66-70 mph";"B: Evident Injury";"Black";"Male";"Passenger Car";"No";"No";"Daylight";"Mixed (30% To 70% Developed)";"2 lanes";3;"Curve - Hillcrest";"State Secondary Route";"Dry";"Two-Way, Not Divided";"None";"T-Intersection";"Smooth Asphalt";"Piedmont";"Rural";"40 - 45  MPH";"Double Yellow Line, No Passing Zone";"Cloudy";"No";"36.059753, -79.71282"
"2176";683;684;"Yes";"20-24";23;"Yes";"With Traffic";"C: Possible Injury";"Travel Lane";"Native American";"Male";"None - Rural Crash";"Robeson";"Yes";"01-01-05";2009-11-13;"Bicyclist Left Turn / Merge";22;"Non-Intersection";"01-11-01";1-01-01 22:06:58;"Bicyclist Left Turn - Same Direction";311221;2009;"B: Evident Injury";"Farms, Woods, Pastures";"25-29";28;"No";"51-55 mph";"O: No Injury";"Native American";"Male";"Passenger Car";"No";"No";"Dark - Roadway Not Lighted";"Rural (<30% Developed)";"2 lanes";3;"Straight - Level";"State Secondary Route";"Wet";"Two-Way, Not Divided";"None";"No Special Feature";"Coarse Asphalt";"Coastal";"Rural";"50 - 55  MPH";"Double Yellow Line, No Passing Zone";"Cloudy";"No";"34.701134, -79.25206"
"2177";692;693;"Yes";"15-Nov";11;"No";"With Traffic";"B: Evident Injury";"Travel Lane";"White";"Female";"None - Rural Crash";"Carteret";"No";"01-01-07";2009-11-29;"Motorist Overtaking Bicyclist";12;"Non-Intersection";"01-11-01";1-01-01 12:17:58;"Motorist Overtaking - Other /";311239;2009;"B: Evident Injury";"Residential";"70+";NA;"No";"21-25 mph";"O: No Injury";"White";"Male";"Passenger Car";"No";"No";"Daylight";"Mixed (30% To 70% Developed)";"2 lanes";2;"Straight - Level";"State Secondary Route";"Dry";"Two-Way, Not Divided";"None";"No Special Feature";"Coarse Asphalt";"Coastal";"Rural";"40 - 45  MPH";"Double Yellow Line, No Passing Zone";"Clear";"No";"34.733032, -77.0857"
"2178";693;694;"Yes";"25-29";25;"No";"With Traffic";"B: Evident Injury";"Travel Lane";"White";"Male";"Raleigh";"Wake";"No";"01-01-05";2009-10-16;"Motorist Right Turn / Merge";11;"Intersection";"01-10-01";1-01-01 11:57:58;"Motorist Right Turn on Red - Opposite Direction";111218;2009;"B: Evident Injury";"Commercial";"30-39";34;"No";"16-20 mph";"O: No Injury";"Black";"Male";"Passenger Car";"No";"No";"Daylight";"Urban (>70% Developed)";"6 lanes";2;"Straight - Level";"Local Street";"Dry";"Two-Way, Not Divided";"None";"Four-Way Intersection";"Coarse Asphalt";"Piedmont";"Urban";"40 - 45  MPH";"Stop And Go Signal";"Clear";"No";"35.78495, -78.6869"
"2179";696;697;"Yes";"40-49";46;"Yes";"With Traffic";"B: Evident Injury";"Travel Lane";"Black";"Male";"None - Rural Crash";"Chatham";"Yes";"01-01-06";2009-11-28;"Motorist Overtaking Bicyclist";20;"Non-Intersection";"01-11-01";1-01-01 20:31:58;"Motorist Overtaking - Other /";311239;2009;"B: Evident Injury";"Farms, Woods, Pastures";"40-49";45;"No";"51-55 mph";"O: No Injury";"Black";"Female";"Passenger Car";"No";"No";"Dark - Roadway Not Lighted";"Rural (<30% Developed)";"2 lanes";2;"Straight - Level";"US Route";"Dry";"Two-Way, Not Divided";"None";"No Special Feature";"Smooth Asphalt";"Piedmont";"Rural";"50 - 55  MPH";"No Control Present";"Clear";"No";"35.721912, -79.19584"
"2180";699;700;"Yes";"0-5";3;"No";"Not Applicable";"C: Possible Injury";"Non-Roadway";"Black";"Female";"Eden";"Rockingham";"No";"01-01-02";2009-09-15;"Non-Roadway";18;"Non-Roadway";"01-09-01";1-01-01 18:06:58;"Non-Roadway";460910;2009;"C: Possible Injury";"Residential";NA;NA;"No";"16-20 mph";"Injury";"/Missing";NA;"Passenger Car";"No";"Yes";"Daylight";"Urban (>70% Developed)";NA;2;"Straight - Level";"Public Vehicular Area";"Dry";NA;"None";"Driveway, Public";"Smooth Asphalt";"Piedmont";"Urban";"5 - 15 MPH";"No Control Present";"Clear";"No";"36.512318, -79.70177"
"2181";700;701;"Yes";"50-59";52;"Yes";"Not Applicable";"C: Possible Injury";"Non-Roadway";"Black";"Male";"Goldsboro";"Wayne";"Yes";"01-01-02";2009-11-17;"Bicyclist Failed to Yield - Midblock";12;"Non-Intersection";"01-11-01";1-01-01 12:09:58;"Bicyclist Ride Out - Commercial Driveway / Alley";363312;2009;"C: Possible Injury";"Commercial";"70+";NA;"No";"6-10 mph";"C: Possible Injury";"Black";"Male";"Pickup";"No";"No";"Daylight";"Urban (>70% Developed)";"2 lanes";2;"Straight - Level";"Local Street";"Dry";"Two-Way, Not Divided";"None";"No Special Feature";"Smooth Asphalt";"Coastal";"Urban";"30 - 35  MPH";"No Control Present";"Clear";"No";"35.383133, -77.987724"
"2182";718;719;"No";"40-49";42;"No";"With Traffic";"B: Evident Injury";"Travel Lane";"White";"Male";"Raleigh";"Wake";"No";"01-01-03";2009-11-18;"Bicyclist Left Turn / Merge";11;"Intersection-Related";"01-11-01";1-01-01 11:58:58;"Bicyclist Left Turn - Same Direction";211221;2009;"B: Evident Injury";"Residential";"60-69";62;"No";"0-5 mph";"O: No Injury";"Black";"Male";"Passenger Car";"No";"No";"Daylight";"Urban (>70% Developed)";"5 lanes";2;"Straight - Level";"Local Street";"Dry";"Two-Way, Divided, Unprotected Median";"None";"No Special Feature";"Smooth Asphalt";"Piedmont";"Urban";"30 - 35  MPH";"Stop And Go Signal";"Cloudy";"No";"35.803177, -78.60823"
"2183";720;721;"No";"20-24";23;"No";"With Traffic";"O: No Injury";"Travel Lane";"White";"Female";"Boone";"Watauga";"No";"01-01-02";2009-11-24;"Motorist Right Turn / Merge";13;"Non-Intersection";"01-11-01";1-01-01 13:13:58;"Motorist Right Turn - Same Direction";311213;2009;"O: No Injury";"Commercial";"20-24";21;"No";"0-5 mph";"O: No Injury";"White";"Female";"Passenger Car";"No";"No";"Daylight";"Mixed (30% To 70% Developed)";"2 lanes";2;"Straight - Grade";"Local Street";"Dry";"Two-Way, Not Divided";"None";"No Special Feature";"Smooth Asphalt";"Mountains";"Urban";"20 - 25  MPH";"No Control Present";"Clear";"No";"36.216488, -81.67602"
"2184";721;722;"No";"25-29";27;"No";"With Traffic";"C: Possible Injury";"Travel Lane";"White";"Male";"Durham";"Durham";"No";NA;2009-12-07;"Motorist Right Turn / Merge";16;"Non-Intersection";"01-12-01";1-01-01 16:16:58;"Motorist Right Turn - Same Direction";311213;2009;"C: Possible Injury";"Institutional";"60-69";61;"No";"6-10 mph";"O: No Injury";"Black";"Female";"Passenger Car";"No";"No";"Daylight";"Urban (>70% Developed)";"1 lane";2;"Straight - Level";"Public Vehicular Area";"Dry";"One-Way, Not Divided";"None";"Traffic Circle/Roundabout";"Coarse Asphalt";"Piedmont";"Urban";"20 - 25  MPH";"No Control Present";"Clear";"No";"35.99787, -78.93919"
"2185";727;728;"Yes";"70+";NA;"No";"With Traffic";"B: Evident Injury";"Travel Lane";"White";"Male";"None - Rural Crash";"Chatham";"No";"01-01-04";2009-12-24;"Motorist Overtaking Bicyclist";11;"Non-Intersection";"01-12-01";1-01-01 11:24:58;"Motorist Overtaking - Misjudged Space";311232;2009;"B: Evident Injury";"Farms, Woods, Pastures";"20-24";20;"No";"51-55 mph";"O: No Injury";"White";"Female";"Sport Utility";"No";"No";"Daylight";"Rural (<30% Developed)";"2 lanes";2;"Straight - Level";"State Secondary Route";"Dry";"Two-Way, Not Divided";"None";"No Special Feature";"Smooth Asphalt";"Piedmont";"Rural";"50 - 55  MPH";"No Control Present";"Clear";"No";"35.7864, -79.009766"
"2186";729;730;"No";"40-49";43;"No";"With Traffic";"C: Possible Injury";"Travel Lane";"White";"Male";"None - Rural Crash";"Wake";"No";"01-01-03";2009-12-23;"Motorist Overtaking Bicyclist";15;"Non-Intersection";"01-12-01";1-01-01 15:36:58;"Motorist Overtaking - Misjudged Space";311232;2009;"C: Possible Injury";"Farms, Woods, Pastures";NA;NA;"No";"51-55 mph";"Injury";"/Missing";NA;"Passenger Car";"No";"Yes";"Daylight";"Rural (<30% Developed)";"2 lanes";2;"Straight - Grade";"NC Route";"Dry";"Two-Way, Not Divided";"None";"No Special Feature";"Smooth Asphalt";"Piedmont";"Rural";"50 - 55  MPH";"Double Yellow Line, No Passing Zone";"Clear";"No";"36.046, -78.69808"
"2187";731;732;"No";"20-24";20;"No";NA;"O: No Injury";"Travel Lane";"Black";"Male";"Washington";"Beaufort";"No";NA;2009-12-07;"Motorist Failed to Yield - Midblock";19;"Non-Intersection";"01-12-01";1-01-01 19:24:58;"Motorist Drive Out - Commercial Driveway / Alley";319322;2009;"O: No Injury";"Commercial";"40-49";41;"No";"0-5 mph";"O: No Injury";"White";"Male";"Pickup";"No";"No";"Dark - Lighted Roadway";"Urban (>70% Developed)";"5 lanes";2;"Straight - Level";"US Route";"Dry";"Two-Way, Not Divided";"None";"No Special Feature";"Coarse Asphalt";"Coastal";"Urban";"40 - 45  MPH";"No Control Present";"Clear";"No";"35.5461, -77.03035"
"2188";735;736;"Yes";"50-59";52;"No";"With Traffic";"B: Evident Injury";"Travel Lane";"Black";"Male";"None - Rural Crash";"Greene";"No";"01-01-07";2009-11-29;"Motorist Overtaking Bicyclist";16;"Non-Intersection";"01-11-01";1-01-01 16:43:58;"Motorist Overtaking - Undetected Bicyclist";311231;2009;"B: Evident Injury";"Farms, Woods, Pastures";"20-24";23;"No";"51-55 mph";"O: No Injury";"White";"Male";"Pickup";"No";"No";"Daylight";"Rural (<30% Developed)";"2 lanes";2;"Straight - Level";"State Secondary Route";"Dry";"Two-Way, Not Divided";"None";"Driveway, Private";"Coarse Asphalt";"Coastal";"Rural";"50 - 55  MPH";"No Control Present";"Clear";"No";"35.587524, -77.69166"
"2189";737;738;"No";"15-Nov";12;"No";"Not Applicable";"O: No Injury";NA;"White";"Male";"Fayetteville";"Cumberland";"No";"01-01-05";2009-12-04;"Bicyclist Failed to Yield - Midblock";17;"Non-Intersection";"01-12-01";1-01-01 17:16:58;"Bicyclist Ride Out - Midblock -";393319;2009;"O: No Injury";"Commercial";"25-29";28;"No";"16-20 mph";"O: No Injury";"Black";"Male";"Passenger Car";"No";"No";"Dark - Roadway Not Lighted";"Urban (>70% Developed)";"3 lanes";2;"Straight - Level";"Local Street";"Dry";"Two-Way, Not Divided";"None";"No Special Feature";"Coarse Asphalt";"Coastal";"Urban";"30 - 35  MPH";"No Control Present";"Clear";"No";"35.130924, -78.89928"
"2190";741;742;"No";"16-19";18;"No";"With Traffic";"B: Evident Injury";"Sidewalk / Crosswalk / Driveway Crossing";"Black";"Male";"Wilmington";"New Hanover";"No";"01-01-02";2009-12-01;"Motorist Failed to Yield - Midblock";15;"Non-Intersection";"01-12-01";1-01-01 15:22:58;"Motorist Drive Out - Commercial Driveway / Alley";331322;2009;"B: Evident Injury";"Commercial";NA;NA;"Missing";NA;"Injury";"/Missing";NA;NA;"No";"Yes";"Daylight";"Urban (>70% Developed)";"5 lanes";2;"Straight - Level";"NC Route";"Dry";"Two-Way, Not Divided";"None";"Driveway, Public";"Smooth Asphalt";"Coastal";"Urban";NA;"No Control Present";"Clear";"No";"34.2445, -77.88036"