"FID";"OBJECTID";"AmbulanceR";"BikeAge_Gr";"Bike_Age";"Bike_Alc_D";"Bike_Dir";"Bike_Injur";"Bike_Pos";"Bike_Race";"Bike_Sex";"City";"County";"CrashAlcoh";"CrashDay";"Crash_Date";"Crash_Grp";"Crash_Hour";"Crash_Loc";"Crash_Mont";"Crash_Time";"Crash_Type";"Crash_Ty_1";"Crash_Year";"Crsh_Sevri";"Developmen";"DrvrAge_Gr";"Drvr_Age";"Drvr_Alc_D";"Drvr_EstSp";"Drvr_Injur";"Drvr_Race";"Drvr_Sex";"Drvr_VehTy";"ExcsSpdInd";"Hit_Run";"Light_Cond";"Locality";"Num_Lanes";"Num_Units";"Rd_Charact";"Rd_Class";"Rd_Conditi";"Rd_Config";"Rd_Defects";"Rd_Feature";"Rd_Surface";"Region";"Rural_Urba";"Speed_Limi";"Traff_Cntr";"Weather";"Workzone_I";"Location"
"2228";851;852;"No";"20-24";23;"No";"With Traffic";"C: Possible Injury";"Sidewalk / Crosswalk / Driveway Crossing";"Black";"Male";"Fayetteville";"Cumberland";"No";NA;2012-10-29;"Crossing Paths - Other Circumstances";6;"Intersection";"01-10-01";1-01-01 06:00:58;"Signalized Intersection - Other /";NA;2012;"C: Possible Injury";"Commercial";NA;NA;"Missing";"16-20 mph";"Injury";"/Missing";NA;NA;"No";"Yes";"Dark - Lighted Roadway";"Urban (>70% Developed)";"5 lanes";2;"Straight - Level";"Local Street";"Dry";"Two-Way, Not Divided";"None";"Four-Way Intersection";"Coarse Asphalt";"Coastal";"Urban";"30 - 35  MPH";"Stop And Go Signal";"Clear";"No";"35.05044, -78.8791"
"2229";852;853;"Yes";"50-59";57;"Yes";"With Traffic";"B: Evident Injury";"Travel Lane";"Asian";"Male";"None - Rural Crash";"Davidson";"Yes";"01-01-02";2012-11-06;"Motorist Overtaking Bicyclist";10;"Non-Intersection";"01-11-01";1-01-01 10:15:58;"Motorist Overtaking - Bicyclist Swerved";NA;2012;"B: Evident Injury";"Farms, Woods, Pastures";"70";70;"No";"36-40 mph";"O: No Injury";"Black";"Male";"Van";"No";"No";"Daylight";"Rural (<30% Developed)";"4 lanes";2;"Curve - Level";"NC Route";"Dry";"Two-Way, Not Divided";"None";"No Special Feature";"Smooth Asphalt";"Piedmont";"Rural";"40 - 45  MPH";"No Control Present";"Cloudy";"No";"35.76274, -80.2635"
"2230";859;860;"Yes";"20-24";24;"No";"With Traffic";"C: Possible Injury";"Travel Lane";"White";"Male";"Asheville";"Buncombe";"No";"01-01-03";2012-10-24;"Motorist Left Turn / Merge";19;"Intersection";"01-10-01";1-01-01 19:16:58;"Motorist Left Turn - Opposite Direction";NA;2012;"C: Possible Injury";"Commercial";"20-24";20;"No";"0-5 mph";"O: No Injury";"White";"Female";"Passenger Car";"No";"No";"Dark - Lighted Roadway";"Urban (>70% Developed)";"3 lanes";2;"Straight - Grade";"Local Street";"Dry";"Two-Way, Not Divided";"None";"Four-Way Intersection";"Coarse Asphalt";"Mountains";"Urban";"30 - 35  MPH";"Stop And Go Signal";"Clear";"No";"35.59792, -82.5537"
"2231";860;861;"Yes";"40-49";47;"No";"With Traffic";"C: Possible Injury";"Bike Lane / Paved Shoulder";"White";"Male";"Charlotte";"Mecklenburg";"No";"01-01-05";2012-11-02;"Motorist Right Turn / Merge";11;"Intersection";"01-11-01";1-01-01 11:55:58;"Motorist Right Turn - Same Direction";NA;2012;"C: Possible Injury";"Commercial";"20-24";24;"No";"41-45 mph";"O: No Injury";"White";"Female";"Sport Utility";"No";"No";"Daylight";"Urban (>70% Developed)";"6 lanes";2;"Straight - Level";"Local Street";"Dry";"Two-Way, Divided, Unprotected Median";"None";"Four-Way Intersection";"Smooth Asphalt";"Piedmont";"Urban";"40 - 45  MPH";"Stop And Go Signal";"Clear";"No";"35.05448, -80.8501"
"2232";862;863;"Yes";"40-49";48;"Yes";"With Traffic";"K: Killed";"Travel Lane";"Black";"Male";"None - Rural Crash";"Lee";"Yes";"01-01-02";2012-11-06;"Motorist Overtaking Bicyclist";20;"Non-Intersection";"01-11-01";1-01-01 20:28:58;"Motorist Overtaking - Other /";NA;2012;"K: Killed";"Farms, Woods, Pastures";"30-39";36;"No";"51-55 mph";"O: No Injury";"White";"Male";"Passenger Car";"No";"No";"Dark - Roadway Not Lighted";"Rural (<30% Developed)";"2 lanes";2;"Curve - Level";"State Secondary Route";"Dry";"Two-Way, Not Divided";"None";"No Special Feature";"Smooth Asphalt";"Piedmont";"Rural";"50 - 55  MPH";"Double Yellow Line, No Passing Zone";"Clear";"No";"35.41306, -79.1492"
"2233";864;865;"Yes";"16-19";17;"No";"Facing Traffic";"C: Possible Injury";"Sidewalk / Crosswalk / Driveway Crossing";"Black";"Male";"Charlotte";"Mecklenburg";"No";"01-01-06";2012-11-10;"Crossing Paths - Other Circumstances";12;"Intersection";"01-11-01";1-01-01 12:43:58;"Signalized Intersection - Other /";NA;2012;"C: Possible Injury";"Commercial";NA;NA;"Missing";"31-35 mph";"Injury";"/Missing";NA;NA;"No";"Yes";"Daylight";"Urban (>70% Developed)";"4 lanes";2;"Straight - Level";"Local Street";"Dry";"Two-Way, Divided, Unprotected Median";"None";"No Special Feature";"Smooth Asphalt";"Piedmont";"Urban";"30 - 35  MPH";"Stop And Go Signal";"Clear";"No";"35.21606, -80.8836"
"2234";868;869;"Yes";"50-59";51;"No";"With Traffic";"B: Evident Injury";"Travel Lane";"Black";"Male";"Rocky Mount";"Nash";"No";"01-01-04";2012-10-18;"Loss of Control / Turning Error";9;"Non-Intersection";"01-10-01";1-01-01 09:58:58;"Motorist Lost Control - Other /";NA;2012;"B: Evident Injury";"Residential";"70";70;"No";"6-10 mph";"C: Possible Injury";"White";"Male";"Pickup";"No";"No";"Daylight";"Urban (>70% Developed)";"2 lanes";3;"Straight - Level";"Local Street";"Dry";"Two-Way, Not Divided";"None";"Four-Way Intersection";"Smooth Asphalt";"Coastal";"Urban";"20 - 25  MPH";"Stop Sign";"Clear";"No";"35.93205, -77.8065"
"2235";869;870;"Yes";"40-49";44;"No";"Facing Traffic";"B: Evident Injury";"Sidewalk / Crosswalk / Driveway Crossing";"White";"Male";"Morrisville";"Wake";"No";"01-01-04";2012-11-08;"Motorist Right Turn / Merge";16;"Intersection";"01-11-01";1-01-01 16:33:58;"Motorist Right Turn - Opposite Direction";NA;2012;"B: Evident Injury";"Commercial";"25-29";27;"No";"11-15 mph";"O: No Injury";"Black";"Male";"Passenger Car";"No";"No";"Dusk";"Urban (>70% Developed)";"4 lanes";2;"Straight - Grade";"Local Street";"Dry";"Two-Way, Divided, Unprotected Median";"None";"Four-Way Intersection";"Smooth Asphalt";"Piedmont";"Urban";"30 - 35  MPH";"Stop And Go Signal";"Clear";"No";"35.8535, -78.8288"
"2236";872;873;"Yes";"60-69";68;"No";"With Traffic";"C: Possible Injury";"Travel Lane";"White";"Male";"Greensboro";"Guilford";"No";"01-01-07";2012-11-11;"Motorist Overtaking Bicyclist";10;"Non-Intersection";"01-11-01";1-01-01 10:54:58;"Motorist Overtaking - Undetected Bicyclist";NA;2012;"C: Possible Injury";"Residential";"25-29";28;"No";"21-25 mph";"O: No Injury";"Black";"Female";"Passenger Car";"No";"No";"Daylight";"Urban (>70% Developed)";"2 lanes";3;"Straight - Level";"Local Street";"Dry";"Two-Way, Not Divided";"None";"No Special Feature";"Smooth Asphalt";"Piedmont";"Urban";"30 - 35  MPH";"No Control Present";"Clear";"No";"36.13689, -79.8238"
"2237";876;877;"Yes";"15-Nov";14;"No";"With Traffic";"B: Evident Injury";"Travel Lane";"White";"Male";"None - Rural Crash";"Cabarrus";"No";"01-01-02";2012-11-13;"Bicyclist Failed to Yield - Sign-Controlled Intersection";17;"Intersection";"01-11-01";1-01-01 17:01:58;"Bicyclist Ride Through - Sign-Controlled Intersection";NA;2012;"B: Evident Injury";"Residential";"0-19";17;"No";"41-45 mph";"O: No Injury";"Black";"Male";"Passenger Car";"No";"No";"Daylight";"Mixed (30% To 70% Developed)";"2 lanes";2;"Straight - Grade";"State Secondary Route";"Dry";"Two-Way, Not Divided";"None";"Four-Way Intersection";"Coarse Asphalt";"Piedmont";"Rural";"40 - 45  MPH";"Stop Sign";"Clear";"No";"35.36284, -80.56"
"2238";880;881;"Yes";"30-39";35;"No";"With Traffic";"B: Evident Injury";"Travel Lane";"White";"Male";"Lenoir";"Caldwell";"No";"01-01-04";2012-11-15;"Motorist Overtaking Bicyclist";18;"Non-Intersection";"01-11-01";1-01-01 18:03:58;"Motorist Overtaking - Undetected Bicyclist";NA;2012;"B: Evident Injury";"Commercial";"60-69";63;"No";"46-50 mph";"O: No Injury";"White";"Female";"Passenger Car";"No";"No";"Dark - Roadway Not Lighted";"Urban (>70% Developed)";"5 lanes";2;"Straight - Grade";"Local Street";"Dry";"Two-Way, Divided, Unprotected Median";"None";"No Special Feature";"Coarse Asphalt";"Mountains";"Urban";"50 - 55  MPH";"No Control Present";"Clear";"No";"35.88835, -81.5801"
"2239";881;882;"Yes";"16-19";19;"No";"Not Applicable";"B: Evident Injury";"Non-Roadway";"Black";"Male";"Smithfield";"Johnston";"No";"01-01-04";2012-11-01;"Non-Roadway";13;"Non-Roadway";"01-11-01";1-01-01 13:40:58;"Non-Roadway";NA;2012;"B: Evident Injury";"Commercial";"40-49";49;"No";"6-10 mph";"O: No Injury";"Black";"Male";"Sport Utility";"No";"No";"Daylight";"Urban (>70% Developed)";"4 lanes";2;"Straight - Level";"US Route";"Dry";"Two-Way, Not Divided";"None";"No Special Feature";"Coarse Asphalt";"Coastal";"Urban";"20 - 25  MPH";"No Control Present";"Clear";"No";"35.50905, -78.3406"
"2240";885;886;"Yes";"60-69";63;"No";"With Traffic";"O: No Injury";"Travel Lane";"Black";"Male";"Greensboro";"Guilford";"No";"01-01-05";2012-11-16;"Loss of Control / Turning Error";13;"Intersection-Related";"01-11-01";1-01-01 13:45:58;"Motorist Lost Control - Other /";NA;2012;"C: Possible Injury";"Commercial";"40-49";44;"No";"31-35 mph";"C: Possible Injury";"Other";"Female";"Passenger Car";"No";"No";"Daylight";"Urban (>70% Developed)";"4 lanes";3;"Straight - Level";"Local Street";"Dry";"One-Way, Not Divided";"None";"No Special Feature";"Smooth Asphalt";"Piedmont";"Urban";"30 - 35  MPH";"Stop And Go Signal";"Clear";"No";"36.07243, -79.7914"
"2241";893;894;"Yes";"50-59";53;"No";"With Traffic";"B: Evident Injury";"Travel Lane";"Black";"Male";"Greensboro";"Guilford";"No";NA;2012-09-10;"Motorist Left Turn / Merge";18;"Non-Intersection";"01-09-01";1-01-01 18:37:58;"Motorist Left Turn - Opposite Direction";NA;2012;"B: Evident Injury";"Commercial";NA;NA;"Missing";"6-10 mph";"Injury";"/Missing";NA;"Passenger Car";"No";"Yes";"Daylight";"Urban (>70% Developed)";"5 lanes";2;"Straight - Level";"Local Street";"Dry";"Two-Way, Divided, Unprotected Median";"None";"Driveway, Public";"Smooth Asphalt";"Piedmont";"Urban";"30 - 35  MPH";"No Control Present";"Clear";"No";"36.08452, -79.7771"
"2242";894;895;"Yes";"16-19";19;"Yes";"Facing Traffic";"C: Possible Injury";"Travel Lane";"White";"Male";"Wilson";"Wilson";"Yes";"01-01-04";2012-10-18;"Motorist Failed to Yield - Midblock";17;"Non-Intersection";"01-10-01";1-01-01 17:21:58;"Motorist Drive Out - Commercial Driveway / Alley";NA;2012;"C: Possible Injury";"Residential";"50-59";58;"No";"0-5 mph";"O: No Injury";"White";"Male";"Passenger Car";"No";"No";"Daylight";"Urban (>70% Developed)";NA;2;"Straight - Level";"Public Vehicular Area";"Dry";"Two-Way, Not Divided";"None";"Driveway, Public";"Coarse Asphalt";"Coastal";"Urban";"30 - 35  MPH";"No Control Present";"Clear";"No";"35.73257, -77.9165"
"2243";898;899;"Yes";"70";0;"No";"With Traffic";"A: Disabling Injury";"Bike Lane / Paved Shoulder";"White";"Male";"Hendersonville";"Henderson";"No";NA;2012-10-29;"Motorist Overtaking Bicyclist";19;"Non-Intersection";"01-10-01";1-01-01 19:15:58;"Motorist Overtaking - Other /";NA;2012;"A: Disabling Injury";"Commercial";"30-39";32;"No";"31-35 mph";"O: No Injury";"Black";"Male";"Passenger Car";"No";"No";"Dark - Lighted Roadway";"Urban (>70% Developed)";"5 lanes";2;"Straight - Level";"Local Street";"Dry";"Two-Way, Divided, Unprotected Median";"None";"No Special Feature";"Coarse Asphalt";"Mountains";"Urban";"30 - 35  MPH";"No Control Present";"Clear";"No";"35.33641, -82.4459"
"2244";899;900;"Yes";"70";0;"No";"With Traffic";"B: Evident Injury";"Travel Lane";"White";"Male";"Southern Pines";"Moore";"No";"01-01-03";2012-11-07;"Motorist Overtaking Bicyclist";16;"Non-Intersection";"01-11-01";1-01-01 16:17:58;"Motorist Overtaking - Bicyclist Swerved";NA;2012;"B: Evident Injury";"Residential";"40-49";40;"No";"41-45 mph";"O: No Injury";"Black";"Female";"Passenger Car";"No";"No";"Daylight";"Urban (>70% Developed)";"4 lanes";2;"Straight - Grade";"NC Route";"Dry";"Two-Way, Divided, Unprotected Median";"None";"No Special Feature";"Coarse Asphalt";"Piedmont";"Urban";"40 - 45  MPH";"Stop And Go Signal";"Clear";"No";"35.19667, -79.4025"
"2245";900;901;"Yes";"60-69";60;"No";"Facing Traffic";"B: Evident Injury";"Travel Lane";"Black";"Male";"Southern Pines";"Moore";"No";"01-01-06";2012-11-03;"Bicyclist Failed to Yield - Sign-Controlled Intersection";17;"Intersection";"01-11-01";1-01-01 17:13:58;"Bicyclist Ride Through - Sign-Controlled Intersection";NA;2012;"B: Evident Injury";"Residential";"0-19";17;"No";"31-35 mph";"O: No Injury";"White";"Female";"Passenger Car";"No";"No";"Daylight";"Urban (>70% Developed)";"2 lanes";2;"Straight - Grade";"Local Street";"Dry";"Two-Way, Not Divided";"None";"T-Intersection";"Coarse Asphalt";"Piedmont";"Urban";"30 - 35  MPH";"Stop Sign";"Clear";"No";"35.16666, -79.408"
"2246";906;907;"Yes";"15-Nov";13;"No";"Facing Traffic";"B: Evident Injury";"Sidewalk / Crosswalk / Driveway Crossing";"Black";"Male";"Greensboro";"Guilford";"No";"01-01-02";2012-06-05;"Parallel Paths - Other Circumstances";12;"Non-Intersection";"01-06-01";1-01-01 12:27:58;"Bicyclist Ride Out - Parallel Path";NA;2012;"B: Evident Injury";"Residential";"30-39";39;"No";"36-40 mph";"O: No Injury";"Hispanic";"Male";"Passenger Car";"No";"No";"Daylight";"Urban (>70% Developed)";"4 lanes";2;"Straight - Level";"Local Street";"Dry";"Two-Way, Divided, Positive Median Barrier";"None";"No Special Feature";"Smooth Asphalt";"Piedmont";"Urban";"30 - 35  MPH";"No Control Present";"Cloudy";"No";"36.02439, -79.7917"
"2247";911;912;"No";"20-24";23;"No";"With Traffic";"B: Evident Injury";"Travel Lane";"White";"Male";"Raleigh";"Wake";"No";"01-01-04";2012-10-25;"Motorist Overtaking Bicyclist";20;"Intersection-Related";"01-10-01";1-01-01 20:32:58;"Motorist Overtaking - Undetected Bicyclist";NA;2012;"B: Evident Injury";"Residential";"60-69";62;"No";"16-20 mph";"O: No Injury";"White";"Female";"Sport Utility";"No";"No";"Dark - Lighted Roadway";"Urban (>70% Developed)";"2 lanes";2;"Straight - Level";"Local Street";"Dry";"Two-Way, Not Divided";"None";"No Special Feature";"Smooth Asphalt";"Piedmont";"Urban";"30 - 35  MPH";"No Control Present";"Clear";"No";"35.78955, -78.6654"
"2248";919;920;"No";"16-19";18;"No";"With Traffic";"Injury";"Travel Lane";"White";"Male";"Bunn";"Franklin";"No";"01-01-07";2012-10-21;"Loss of Control / Turning Error";18;"Intersection";"01-10-01";1-01-01 18:05:58;"Bicyclist Lost Control - Other /";NA;2012;"O: No Injury";"Commercial";"40-49";46;"No";NA;"O: No Injury";"Black";"Male";"Passenger Car";"No";"No";"Daylight";"Rural (<30% Developed)";NA;2;"Straight - Level";"Local Street";"Dry";"Two-Way, Divided, Unprotected Median";"None";"T-Intersection";"Smooth Asphalt";"Piedmont";"Rural";NA;"No Control Present";"Clear";"No";"35.95259, -78.2453"
"2249";921;922;"Yes";"40-49";47;"No";NA;"B: Evident Injury";NA;"White";"Male";"Elizabeth City";"Pasquotank";"No";NA;2012-11-05;"Crossing Paths - Other Circumstances";16;"Intersection-Related";"01-11-01";1-01-01 16:42:58;"Crossing Paths - Intersection - Other /";NA;2012;"B: Evident Injury";"Commercial";"70";70;"No";"36-40 mph";"O: No Injury";"White";"Male";"Passenger Car";"No";"No";"Daylight";"Urban (>70% Developed)";"5 lanes";2;"Straight - Level";"Local Street";"Dry";"Two-Way, Not Divided";"None";"Related To Intersection";"Smooth Asphalt";"Coastal";"Urban";"40 - 45  MPH";"Stop And Go Signal";"Clear";"No";"36.31203, -76.2205"
"2250";924;925;"No";"30-39";36;"No";"With Traffic";"C: Possible Injury";"Travel Lane";"White";"Male";"None - Rural Crash";"Gaston";"No";"01-01-03";2012-11-21;"Motorist Overtaking Bicyclist";12;"Intersection";"01-11-01";1-01-01 12:45:58;"Motorist Overtaking - Other /";NA;2012;"C: Possible Injury";"Residential";"70";70;"No";"36-40 mph";"O: No Injury";"White";"Female";"Passenger Car";"No";"No";"Daylight";"Mixed (30% To 70% Developed)";"2 lanes";2;"Straight - Level";"NC Route";"Dry";"Two-Way, Not Divided";"None";"T-Intersection";"Coarse Asphalt";"Piedmont";"Rural";"40 - 45  MPH";"Double Yellow Line, No Passing Zone";"Clear";"No";"35.18729, -81.1496"
"2251";935;936;"Yes";"40-49";48;"No";"With Traffic";"B: Evident Injury";"Travel Lane";"White";"Male";"Charlotte";"Mecklenburg";"No";"01-01-03";2012-10-24;"Motorist Failed to Yield - Sign-Controlled Intersection";8;"Intersection";"01-10-01";1-01-01 08:45:58;"Motorist Drive Through - Sign-Controlled Intersection";NA;2012;"B: Evident Injury";"Residential";NA;NA;"Missing";"16-20 mph";"Injury";"/Missing";NA;NA;"No";"Yes";"Daylight";"Urban (>70% Developed)";"2 lanes";2;"Straight - Level";"Local Street";"Dry";"Two-Way, Not Divided";"None";"No Special Feature";"Concrete";"Piedmont";"Urban";"30 - 35  MPH";"Stop Sign";"Clear";"No";"35.15711, -80.897"
"2252";950;951;"Yes";"20-24";22;"No";NA;"C: Possible Injury";NA;"Hispanic";"Male";"Raleigh";"Wake";"No";"01-01-05";2012-12-07;"Bicyclist Failed to Yield - Midblock";16;"Non-Intersection";"01-12-01";1-01-01 16:05:58;"Bicyclist Ride Out - Midblock -";NA;2012;"C: Possible Injury";"Commercial";"30-39";31;"No";"21-25 mph";"O: No Injury";"Hispanic";"Male";"Passenger Car";"No";"No";"Daylight";"Urban (>70% Developed)";"4 lanes";2;"Straight - Grade";"Local Street";"Dry";"Two-Way, Divided, Unprotected Median";"None";"No Special Feature";"Smooth Asphalt";"Piedmont";"Urban";"40 - 45  MPH";"No Control Present";"Clear";"No";"35.83582, -78.5818"
"2253";955;956;"Yes";"16-19";19;"No";"With Traffic";"C: Possible Injury";"Travel Lane";"White";"Male";"Indian Trail";"Union";"No";"01-01-02";2012-12-11;"Bicyclist Failed to Yield - Signalized Intersection";15;"Intersection";"01-12-01";1-01-01 15:39:58;"Bicyclist Ride Through - Signalized Intersection";NA;2012;"C: Possible Injury";"Commercial";"30-39";38;"No";"21-25 mph";"O: No Injury";"White";"Female";"Passenger Car";"No";"No";"Daylight";"Urban (>70% Developed)";"2 lanes";2;"Straight - Level";"Local Street";"Dry";"Two-Way, Not Divided";"None";"Four-Way Intersection";"Smooth Asphalt";"Piedmont";"Urban";"30 - 35  MPH";"Stop And Go Signal";"Clear";"No";"35.04897, -80.6482"
"2254";956;957;"No";"16-19";16;"No";"With Traffic";"O: No Injury";"Travel Lane";"White";"Male";"None - Rural Crash";"Columbus";"No";"01-01-02";2012-12-11;"Motorist Overtaking Bicyclist";17;"Intersection";"01-12-01";1-01-01 17:37:58;"Motorist Overtaking - Other /";NA;2012;"O: No Injury";"Farms, Woods, Pastures";"40-49";45;"No";"41-45 mph";"O: No Injury";"Black";"Male";"Passenger Car";"No";"No";"Dark - Roadway Not Lighted";"Rural (<30% Developed)";"2 lanes";2;"Curve - Level";"US Route";"Wet";"Two-Way, Not Divided";"None";"No Special Feature";"Coarse Asphalt";"Coastal";"Rural";"50 - 55  MPH";"No Control Present";"Rain";"No";"34.24855, -78.7543"
"2255";957;958;"No";"16-19";17;"No";"Facing Traffic";"O: No Injury";"Travel Lane";"Black";"Male";"Raleigh";"Wake";"No";"01-01-02";2012-12-11;"Bicyclist Right Turn / Merge";15;"Non-Intersection";"01-12-01";1-01-01 15:51:58;"Bicyclist Right Turn - Opposite Direction";NA;2012;"O: No Injury";"Commercial";"30-39";35;"No";"0-5 mph";"O: No Injury";"Other";"Male";"Passenger Car";"No";"No";"Daylight";"Urban (>70% Developed)";"1 lane";2;"Straight - Level";"Public Vehicular Area";"Dry";"One-Way, Not Divided";"None";"Driveway, Public";"Smooth Asphalt";"Piedmont";"Urban";"5 - 15 MPH";"No Control Present";"Clear";"No";"35.7801, -78.6222"
"2256";967;968;"Yes";"60-69";64;"No";"With Traffic";"B: Evident Injury";"Travel Lane";"Black";"Male";"None - Rural Crash";"Chowan";"No";NA;2012-12-03;"Motorist Overtaking Bicyclist";16;"Non-Intersection";"01-12-01";1-01-01 16:31:58;"Motorist Overtaking - Other /";NA;2012;"B: Evident Injury";"Farms, Woods, Pastures";"25-29";28;"No";"26-30 mph";"O: No Injury";"White";"Male";"Tractor/Semi-Trailer";"No";"No";"Daylight";"Rural (<30% Developed)";"2 lanes";2;"Curve - Level";"State Secondary Route";"Dry";"Two-Way, Not Divided";"None";"No Special Feature";"Smooth Asphalt";"Coastal";"Rural";"50 - 55  MPH";"No Control Present";"Clear";"No";"36.22589, -76.661"
"2257";968;969;"Yes";"20-24";20;"No";"With Traffic";"C: Possible Injury";"Travel Lane";"Black";"Male";"Wilson";"Wilson";"No";"01-01-03";2012-11-07;"Motorist Failed to Yield - Sign-Controlled Intersection";12;"Intersection-Related";"01-11-01";1-01-01 12:00:58;"Motorist Drive Out - Sign-Controlled Intersection";NA;2012;"C: Possible Injury";"Residential";"40-49";40;"No";"6-10 mph";"O: No Injury";"Black";"Female";"Other Bus";"No";"No";"Daylight";"Urban (>70% Developed)";"2 lanes";2;"Straight - Level";"Local Street";"Dry";"Two-Way, Not Divided";"None";"T-Intersection";"Coarse Asphalt";"Coastal";"Urban";"30 - 35  MPH";"Yield Sign";"Clear";"No";"35.72852, -77.9284"
"2258";971;972;"Yes";"16-19";17;"No";"With Traffic";"B: Evident Injury";"Travel Lane";"White";"Female";"Wilmington";"New Hanover";"No";"01-01-04";2012-12-06;"Bicyclist Failed to Yield - Sign-Controlled Intersection";8;"Intersection";"01-12-01";1-01-01 08:27:58;"Bicyclist Ride Through - Sign-Controlled Intersection";NA;2012;"B: Evident Injury";"Commercial";"50-59";58;"No";"21-25 mph";"O: No Injury";"Black";"Male";"Passenger Car";"No";"No";"Daylight";"Urban (>70% Developed)";"4 lanes";2;"Straight - Level";"Local Street";"Dry";"Two-Way, Not Divided";"None";"T-Intersection";"Coarse Asphalt";"Coastal";"Urban";"30 - 35  MPH";"Stop Sign";"Cloudy";"No";"34.23755, -77.9217"
"2259";973;974;"Yes";"20-24";24;"Yes";"With Traffic";"B: Evident Injury";"Travel Lane";"White";"Male";"Winston-Salem";"Forsyth";"Yes";"01-01-07";2012-11-25;"Bicyclist Overtaking Motorist";1;"Non-Intersection";"01-11-01";1-01-01 01:42:58;"Bicyclist Overtaking - Parked Vehicle";NA;2012;"B: Evident Injury";"Commercial";NA;NA;"Missing";"6-10 mph";"Injury";"/Missing";NA;"Passenger Car";"No";"No";"Dark - Lighted Roadway";"Urban (>70% Developed)";"2 lanes";2;"Straight - Level";"Local Street";"Dry";"Two-Way, Not Divided";"None";"No Special Feature";"Coarse Asphalt";"Piedmont";"Urban";"30 - 35  MPH";"No Control Present";"Cloudy";"No";"36.09802, -80.2486"
"2260";974;975;"Yes";"16-19";18;"No";"With Traffic";"C: Possible Injury";"Travel Lane";"Black";"Male";"None - Rural Crash";"Rutherford";"No";"01-01-05";2012-12-14;"Motorist Overtaking Bicyclist";13;"Intersection";"01-12-01";1-01-01 13:14:58;"Motorist Overtaking - Other /";NA;2012;"C: Possible Injury";"Residential";NA;NA;"Missing";"16-20 mph";"Injury";"/Missing";NA;"Passenger Car";"No";"Yes";"Daylight";"Mixed (30% To 70% Developed)";"2 lanes";2;"Straight - Level";"State Secondary Route";"Dry";"Two-Way, Not Divided";"None";"Four-Way Intersection";"Smooth Asphalt";"Mountains";"Rural";"50 - 55  MPH";"No Control Present";"Clear";"No";"35.3514, -81.871"
"2261";984;985;"Yes";"70";0;"No";"With Traffic";"B: Evident Injury";"Travel Lane";"Hispanic";"Male";"None - Rural Crash";"Pitt";"No";"01-01-02";2012-12-11;"Motorist Overtaking Bicyclist";7;"Non-Intersection";"01-12-01";1-01-01 07:51:58;"Motorist Overtaking - Other /";NA;2012;"B: Evident Injury";"Farms, Woods, Pastures";"0-19";19;"No";"46-50 mph";"B: Evident Injury";"Hispanic";"Male";"Passenger Car";"No";"No";"Daylight";"Rural (<30% Developed)";"2 lanes";2;"Straight - Level";"State Secondary Route";"Dry";"Two-Way, Not Divided";"None";"No Special Feature";"Coarse Asphalt";"Coastal";"Rural";"50 - 55  MPH";"No Control Present";"Clear";"No";"35.61602, -77.5772"
"2262";988;989;"Yes";"40-49";48;"Yes";"With Traffic";"A: Disabling Injury";"Travel Lane";"Black";"Male";"None - Rural Crash";"Richmond";"Yes";"01-01-02";2012-12-25;"Bicyclist Failed to Yield - Sign-Controlled Intersection";13;"Intersection";"01-12-01";1-01-01 13:23:58;"Bicyclist Ride Through - Sign-Controlled Intersection";NA;2012;"A: Disabling Injury";"Farms, Woods, Pastures";"60-69";68;"No";"51-55 mph";"O: No Injury";"White";"Male";"Sport Utility";"No";"No";"Daylight";"Rural (<30% Developed)";"2 lanes";2;"Straight - Grade";"NC Route";"Dry";"Two-Way, Not Divided";"None";"Four-Way Intersection";"Smooth Asphalt";"Piedmont";"Rural";"50 - 55  MPH";"Stop Sign";"Clear";"No";"35.10957, -79.796"
"2263";989;990;"Yes";"25-29";29;"No";"Not Applicable";"B: Evident Injury";"Sidewalk / Crosswalk / Driveway Crossing";"Black";"Male";"Greenville";"Pitt";"No";"01-01-03";2012-12-19;"Other /  - Insufficient Details";13;"Non-Intersection";"01-12-01";1-01-01 13:10:58;"Approach Paths";NA;2012;"B: Evident Injury";"Commercial";"20-24";24;"No";"36-40 mph";"O: No Injury";"Black";"Male";"Passenger Car";"No";"No";"Daylight";"Urban (>70% Developed)";"5 lanes";2;"Straight - Level";"US Route";"Dry";"Two-Way, Divided, Unprotected Median";"None";"No Special Feature";"Smooth Asphalt";"Coastal";"Urban";"40 - 45  MPH";"No Control Present";"Clear";"No";"35.57668, -77.3825"
"2264";994;995;"No";"16-19";19;"No";"Facing Traffic";"C: Possible Injury";"Sidewalk / Crosswalk / Driveway Crossing";"White";"Male";"Fayetteville";"Cumberland";"No";"01-01-03";2012-12-19;"Motorist Failed to Yield - Midblock";17;"Non-Intersection";"01-12-01";1-01-01 17:33:58;"Motorist Drive Out - Commercial Driveway / Alley";NA;2012;"C: Possible Injury";"Residential";"30-39";32;"No";"0-5 mph";"C: Possible Injury";"White";"Female";"Passenger Car";"No";"No";"Daylight";"Urban (>70% Developed)";"2 lanes";2;"Straight - Hillcrest";"Local Street";"Dry";"Two-Way, Not Divided";"None";"T-Intersection";"Coarse Asphalt";"Coastal";"Urban";"40 - 45  MPH";"Stop Sign";"Cloudy";"No";"35.05797, -78.9958"