"FID";"OBJECTID";"AmbulanceR";"BikeAge_Gr";"Bike_Age";"Bike_Alc_D";"Bike_Dir";"Bike_Injur";"Bike_Pos";"Bike_Race";"Bike_Sex";"City";"County";"CrashAlcoh";"CrashDay";"Crash_Date";"Crash_Grp";"Crash_Hour";"Crash_Loc";"Crash_Mont";"Crash_Time";"Crash_Type";"Crash_Ty_1";"Crash_Year";"Crsh_Sevri";"Developmen";"DrvrAge_Gr";"Drvr_Age";"Drvr_Alc_D";"Drvr_EstSp";"Drvr_Injur";"Drvr_Race";"Drvr_Sex";"Drvr_VehTy";"ExcsSpdInd";"Hit_Run";"Light_Cond";"Locality";"Num_Lanes";"Num_Units";"Rd_Charact";"Rd_Class";"Rd_Conditi";"Rd_Config";"Rd_Defects";"Rd_Feature";"Rd_Surface";"Region";"Rural_Urba";"Speed_Limi";"Traff_Cntr";"Weather";"Workzone_I";"Location"
"2265";996;997;"Yes";"25-29";29;"No";"With Traffic";"K: Killed";"Travel Lane";"White";"Male";"Wentworth";"Rockingham";"No";"01-01-06";2012-12-15;"Motorist Overtaking Bicyclist";1;"Non-Intersection";"01-12-01";1-01-01 01:45:58;"Motorist Overtaking - Undetected Bicyclist";NA;2012;"K: Killed";"Farms, Woods, Pastures";"40-49";42;"No";"41-45 mph";"O: No Injury";"White";"Male";"Sport Utility";"No";"No";"Dark - Roadway Not Lighted";"Rural (<30% Developed)";"2 lanes";2;"Straight - Level";"State Secondary Route";"Dry";"Two-Way, Not Divided";"None";"No Special Feature";"Smooth Asphalt";"Piedmont";"Rural";"40 - 45  MPH";"Double Yellow Line, No Passing Zone";"Clear";"No";"36.35636, -79.7601"
"2266";1000;1001;"No";"16-19";16;"No";"With Traffic";"C: Possible Injury";"Travel Lane";"Black";"Male";"Wilmington";"New Hanover";"No";"01-01-05";2012-12-14;"Bicyclist Failed to Yield - Sign-Controlled Intersection";17;"Intersection";"01-12-01";1-01-01 17:33:58;"Bicyclist Ride Through - Sign-Controlled Intersection";NA;2012;"C: Possible Injury";"Residential";"40-49";42;"No";"11-15 mph";"O: No Injury";"Black";"Female";"Passenger Car";"No";"No";"Dark - Lighted Roadway";"Urban (>70% Developed)";"2 lanes";2;"Straight - Level";"Local Street";"Dry";"Two-Way, Not Divided";"None";"Four-Way Intersection";"Coarse Asphalt";"Coastal";"Urban";"30 - 35  MPH";"Stop Sign";"Clear";"No";"34.22628, -77.9343"
"2267";1003;1004;"Yes";"30-39";38;"No";"With Traffic";"C: Possible Injury";"Travel Lane";"Black";"Male";"Rocky Mount";"Nash";"No";"01-01-07";2012-12-16;"Bicyclist Overtaking Motorist";10;"Intersection-Related";"01-12-01";1-01-01 10:14:58;"Bicyclist Overtaking - Parked Vehicle";NA;2012;"C: Possible Injury";"Residential";"50-59";51;"No";NA;"O: No Injury";"Black";"Male";"Pickup";"No";"No";"Daylight";"Urban (>70% Developed)";"2 lanes";2;"Straight - Level";"Local Street";"Dry";"Two-Way, Not Divided";"None";"No Special Feature";"Smooth Asphalt";"Coastal";"Urban";"30 - 35  MPH";"No Control Present";"Cloudy";"No";"35.93136, -77.8165"
"2268";1007;1008;"No";"60-69";63;"No";"With Traffic";"Injury";"Travel Lane";"/Missing";"Male";"Dunn";"Harnett";"No";"01-01-05";2012-10-26;"Motorist Overtaking Bicyclist";19;"Non-Intersection";"01-10-01";1-01-01 19:14:58;"Motorist Overtaking - Undetected Bicyclist";NA;2012;"O: No Injury";"Residential";"70";70;"No";"31-35 mph";"O: No Injury";"Black";"Male";"Passenger Car";"No";"No";"Dark - Roadway Not Lighted";"Mixed (30% To 70% Developed)";"2 lanes";2;"Straight - Level";"Local Street";"Dry";"Two-Way, Not Divided";"None";"No Special Feature";"Coarse Asphalt";"Coastal";"Urban";"30 - 35  MPH";"No Control Present";"Clear";"No";"35.30407, -78.6273"
"2269";1011;1012;"Yes";"10-Jun";10;"No";"With Traffic";"A: Disabling Injury";"Travel Lane";"Black";"Female";"High Point";"Guilford";"No";NA;2012-12-31;"Bicyclist Failed to Yield - Sign-Controlled Intersection";13;"Intersection-Related";"01-12-01";1-01-01 13:28:58;"Bicyclist Ride Through - Sign-Controlled Intersection";NA;2012;"A: Disabling Injury";"Residential";"20-24";22;"No";"26-30 mph";"O: No Injury";"Black";"Male";"Passenger Car";"No";"No";"Daylight";"Urban (>70% Developed)";"2 lanes";2;"Straight - Grade";"Local Street";"Dry";"Two-Way, Not Divided";"None";"T-Intersection";"Coarse Asphalt";"Piedmont";"Urban";"30 - 35  MPH";"Stop Sign";"Cloudy";"No";"35.94374, -79.9944"
"2270";1014;1015;"Yes";"20-24";24;"No";"With Traffic";"B: Evident Injury";"Travel Lane";"White";"Female";"Carrboro";"Orange";"No";NA;2012-12-10;"Parallel Paths - Other Circumstances";17;"Non-Intersection";"01-12-01";1-01-01 17:12:58;"Motorist Turn / Merge - Other /";NA;2012;"B: Evident Injury";"Commercial";NA;NA;"Missing";"6-10 mph";"Injury";"/Missing";NA;NA;"No";"Yes";"Dusk";"Urban (>70% Developed)";"4 lanes";2;"Straight - Bottom";"Local Street";"Dry";"Two-Way, Divided, Positive Median Barrier";"None";"Four-Way Intersection";"Smooth Asphalt";"Piedmont";"Urban";"30 - 35  MPH";"Stop And Go Signal";"Clear";"No";"35.90505, -79.0883"
"2271";198;199;"Yes";"40-49";46;"No";"With Traffic";"C: Possible Injury";"Travel Lane";"White";"Male";"Asheville";"Buncombe";"No";"01-01-05";2010-04-23;"Motorist Left Turn / Merge";16;"Non-Intersection";"01-04-01";1-01-01 16:56:58;"Motorist Left Turn - Opposite Direction";0;2010;"C: Possible Injury";"Commercial";"60-69";63;"No";"6-10 mph";"O: No Injury";"White";"Male";"Passenger Car";"No";"No";"Daylight";"Urban (>70% Developed)";"5 lanes";2;"Straight - Grade";"NC Route";"Dry";"Two-Way, Divided, Unprotected Median";"None";"Driveway, Public";"Smooth Asphalt";"Mountains";"Urban";"40 - 45  MPH";"No Control Present";"Clear";"No";"35.599155, -82.62198"
"2272";202;203;"Yes";"15-Nov";14;"No";"With Traffic";"C: Possible Injury";"Travel Lane";"Black";"Male";"New Bern";"Craven";"No";NA;2010-04-26;"Bicyclist Failed to Yield - Sign-Controlled Intersection";17;"Intersection";"01-04-01";1-01-01 17:17:58;"Bicyclist Ride Through - Sign-Controlled Intersection";0;2010;"C: Possible Injury";"Residential";"70+";NA;"No";"21-25 mph";"O: No Injury";"White";"Female";"Passenger Car";"No";"No";"Daylight";"Urban (>70% Developed)";"2 lanes";2;"Straight - Level";"Local Street";"Dry";"Two-Way, Not Divided";"None";"No Special Feature";"Smooth Asphalt";"Coastal";"Urban";"20 - 25  MPH";"Stop Sign";"Clear";"No";"35.106915, -77.046394"
"2273";203;204;"No";"20-24";23;"No";NA;"B: Evident Injury";"Sidewalk / Crosswalk / Driveway Crossing";"White";"Male";"Charlotte";"Mecklenburg";"No";"01-01-04";2010-04-29;"Motorist Failed to Yield - Signalized Intersection";9;"Intersection";"01-04-01";1-01-01 09:24:58;"Motorist Drive Out - Right Turn on Red";0;2010;"B: Evident Injury";"Residential";"70+";NA;"No";"6-10 mph";"O: No Injury";"White";"Male";"Passenger Car";"No";"No";"Daylight";"Urban (>70% Developed)";"4 lanes";2;"Straight - Grade";"Local Street";"Dry";"Two-Way, Divided, Positive Median Barrier";"None";"Four-Way Intersection";"Smooth Asphalt";"Piedmont";"Urban";"40 - 45  MPH";"Stop And Go Signal";"Clear";"No";"35.070465, -80.77324"
"2274";205;206;"No";"15-Nov";12;"No";"Facing Traffic";"B: Evident Injury";"Sidewalk / Crosswalk / Driveway Crossing";"White";"Male";"Cary";"Wake";"No";"01-01-04";2010-05-06;"Motorist Failed to Yield - Sign-Controlled Intersection";7;"Intersection";"01-05-01";1-01-01 07:54:58;"Motorist Drive Out - Sign-Controlled Intersection";0;2010;"B: Evident Injury";"Commercial";"50-59";53;"No";"0-5 mph";"O: No Injury";"White";"Male";"Sport Utility";"No";"No";"Daylight";"Urban (>70% Developed)";"2 lanes";2;"Straight - Level";"Local Street";"Dry";"Two-Way, Not Divided";"None";"T-Intersection";"Smooth Asphalt";"Piedmont";"Urban";"20 - 25  MPH";"Stop Sign";"Clear";"No";"35.78208, -78.84743"
"2275";207;208;"Yes";"50-59";54;"No";"With Traffic";"A: Disabling Injury";"Travel Lane";"Hispanic";"Male";"None - Rural Crash";"Stanly";"No";"01-01-05";2010-05-07;"Bicyclist Failed to Yield - Sign-Controlled Intersection";15;"Intersection";"01-05-01";1-01-01 15:11:58;"Bicyclist Ride Through - Sign-Controlled Intersection";0;2010;"A: Disabling Injury";"Farms, Woods, Pastures";"30-39";38;"No";"41-45 mph";"C: Possible Injury";"White";"Female";"Sport Utility";"No";"No";"Daylight";"Rural (<30% Developed)";"2 lanes";2;"Curve - Grade";"State Secondary Route";"Dry";"Two-Way, Not Divided";"None";"Four-Way Intersection";"Smooth Asphalt";"Piedmont";"Rural";"40 - 45  MPH";"Stop Sign";"Clear";"No";"35.373356, -80.117134"
"2276";212;213;"No";"40-49";47;"No";"With Traffic";"O: No Injury";"Travel Lane";"White";"Female";"Raleigh";"Wake";"No";"01-01-06";2010-04-17;"Bicyclist Overtaking Motorist";8;"Intersection-Related";"01-04-01";1-01-01 08:00:58;"Bicyclist Overtaking - Other /";0;2010;"O: No Injury";"Commercial";"50-59";58;"No";"21-25 mph";"O: No Injury";"White";"Female";"Passenger Car";"No";"No";"Daylight";"Urban (>70% Developed)";"5 lanes";2;"Straight - Level";"Local Street";"Dry";"Two-Way, Not Divided";"None";"No Special Feature";"Smooth Asphalt";"Piedmont";"Urban";"40 - 45  MPH";"No Control Present";"Cloudy";"No";"35.890625, -78.62748"
"2277";219;220;"Yes";"15-Nov";13;"No";"Facing Traffic";"B: Evident Injury";"Travel Lane";"Black";"Male";"Greensboro";"Guilford";"No";"01-01-05";2010-04-30;"Bicyclist Failed to Yield - Sign-Controlled Intersection";18;"Intersection";"01-04-01";1-01-01 18:00:58;"Bicyclist Ride Out - Sign-Controlled Intersection";0;2010;"B: Evident Injury";"Residential";"30-39";36;"No";"36-40 mph";"O: No Injury";"White";"Female";"Passenger Car";"No";"No";"Daylight";"Urban (>70% Developed)";"2 lanes";2;"Straight - Hillcrest";"Local Street";"Dry";"Two-Way, Not Divided";"None";"T-Intersection";"Coarse Asphalt";"Piedmont";"Urban";"30 - 35  MPH";"Stop Sign";"Clear";"No";"36.17359, -79.69898"
"2278";223;224;"No";"30-39";35;"No";"With Traffic";"C: Possible Injury";"Travel Lane";"White";"Male";"None - Rural Crash";"Dare";"No";"01-01-02";2010-05-11;"Motorist Overtaking Bicyclist";14;"Intersection-Related";"01-05-01";1-01-01 13:59:58;"Motorist Overtaking - Other /";0;2010;"C: Possible Injury";"Commercial";"70+";NA;"No";"31-35 mph";"O: No Injury";"White";"Male";"Motor Home/Recreational Vehicle";"No";"No";"Daylight";"Urban (>70% Developed)";"2 lanes";2;"Straight - Level";"NC Route";"Dry";"Two-Way, Not Divided";"None";"No Special Feature";"Smooth Asphalt";"Coastal";"Rural";"30 - 35  MPH";"No Control Present";"Clear";"No";"35.25182, -75.60119"
"2279";227;228;"No";"10-Jun";9;"No";"With Traffic";"B: Evident Injury";"Travel Lane";"Black";"Female";"Siler City";"Chatham";"No";"01-01-02";2010-04-20;"Loss of Control / Turning Error";16;"Intersection";"01-04-01";1-01-01 16:40:58;"Bicyclist Lost Control - Mechanical Problems";0;2010;"B: Evident Injury";"Residential";"0-19";18;"No";"21-25 mph";"O: No Injury";"White";"Female";"Passenger Car";"No";"No";"Daylight";"Urban (>70% Developed)";"2 lanes";2;"Straight - Hillcrest";"Local Street";"Dry";"Two-Way, Not Divided";"None";"Four-Way Intersection";"Smooth Asphalt";"Piedmont";"Urban";"30 - 35  MPH";"Stop Sign";"Cloudy";"No";"35.72532, -79.47225"
"2280";240;241;"Yes";"30-39";37;"No";"With Traffic";"B: Evident Injury";"Travel Lane";"White";"Male";"Charlotte";"Mecklenburg";"No";"01-01-03";2010-05-05;"Motorist Left Turn / Merge";11;"Intersection";"01-05-01";1-01-01 11:18:58;"Motorist Left Turn - Opposite Direction";0;2010;"B: Evident Injury";"Residential";"70+";NA;"No";"26-30 mph";"O: No Injury";"White";"Female";"Passenger Car";"No";"No";"Daylight";"Mixed (30% To 70% Developed)";"2 lanes";2;"Straight - Level";"Local Street";"Dry";"Two-Way, Not Divided";"None";"T-Intersection";"Smooth Asphalt";"Piedmont";"Urban";"40 - 45  MPH";"Stop Sign";"Clear";"No";"35.079227, -81.005905"
"2281";248;249;"No";"20-24";22;"No";"Facing Traffic";"B: Evident Injury";"Sidewalk / Crosswalk / Driveway Crossing";"White";"Male";"Chapel Hill";"Orange";"No";"01-01-04";2010-05-06;"Motorist Failed to Yield - Signalized Intersection";16;"Intersection";"01-05-01";1-01-01 16:22:58;"Motorist Drive Out - Signalized Intersection";0;2010;"B: Evident Injury";"Commercial";"50-59";54;"No";"6-10 mph";"O: No Injury";"White";"Female";"Passenger Car";"No";"No";"Daylight";"Urban (>70% Developed)";"6 lanes";2;"Straight - Level";"NC Route";"Dry";"Two-Way, Divided, Unprotected Median";"None";"Four-Way Intersection";"Smooth Asphalt";"Piedmont";"Urban";"30 - 35  MPH";"Stop And Go Signal";"Clear";"No";"35.963833, -79.05813"
"2282";251;252;"Yes";"15-Nov";15;"No";"Facing Traffic";"B: Evident Injury";"Travel Lane";"White";"Male";"Greensboro";"Guilford";"No";"01-01-05";2010-05-07;"Bicyclist Failed to Yield - Signalized Intersection";8;"Intersection";"01-05-01";1-01-01 08:41:58;"Bicyclist Ride Out - Signalized  Intersection";0;2010;"B: Evident Injury";"Commercial";"25-29";28;"No";"11-15 mph";"O: No Injury";"White";"Male";"Passenger Car";"No";"No";"Daylight";"Urban (>70% Developed)";"8 lanes";2;"Straight - Level";"Local Street";"Dry";"Two-Way, Divided, Unprotected Median";"None";"Four-Way Intersection";"Coarse Asphalt";"Piedmont";"Urban";"30 - 35  MPH";"Stop And Go Signal";"Clear";"No";"36.039825, -79.8495"
"2283";260;261;"No";"40-49";48;"No";"With Traffic";"B: Evident Injury";"Travel Lane";"White";"Male";"Charlotte";"Mecklenburg";"No";"01-01-07";2010-05-02;"Motorist Right Turn / Merge";9;"Non-Intersection";"01-05-01";1-01-01 09:51:58;"Motorist Right Turn - Same Direction";0;2010;"B: Evident Injury";"Residential";"40-49";43;"No";"6-10 mph";"O: No Injury";"White";"Female";"Sport Utility";"No";"No";"Daylight";"Urban (>70% Developed)";"6 lanes";2;"Straight - Level";"Local Street";"Dry";"Two-Way, Divided, Positive Median Barrier";"None";"No Special Feature";"Smooth Asphalt";"Piedmont";"Urban";"30 - 35  MPH";"No Control Present";"Clear";"No";"35.11133, -80.85756"
"2284";264;265;"No";"10-Jun";7;"No";"With Traffic";"A: Disabling Injury";"Travel Lane";"White";"Male";"Wilmington";"New Hanover";"No";NA;2010-05-03;"Parallel Paths - Other Circumstances";18;"Non-Intersection";"01-05-01";1-01-01 18:04:58;"Parallel Paths - Other /";0;2010;"A: Disabling Injury";"Residential";"40-49";47;"No";"0-5 mph";"O: No Injury";"White";"Female";"Sport Utility";"No";"No";"Daylight";"Urban (>70% Developed)";"1 lane";2;"Straight - Level";"Private Road, Driveway";"Dry";"One-Way, Not Divided";"None";"Bridge";"Other";"Coastal";"Urban";"20 - 25  MPH";"No Control Present";"Clear";"No";"34.223618, -77.81708"
"2285";266;267;"Yes";"16-19";19;"No";"With Traffic";"B: Evident Injury";"Travel Lane";"Black";"Male";"Mooresville";"Iredell";"No";"01-01-05";2010-05-07;"Motorist Overtaking Bicyclist";12;"Non-Intersection";"01-05-01";1-01-01 12:17:58;"Motorist Overtaking - Bicyclist Swerved";0;2010;"B: Evident Injury";"Residential";"30-39";34;"No";"31-35 mph";"O: No Injury";"White";"Male";"Sport Utility";"No";"No";"Daylight";"Urban (>70% Developed)";"3 lanes";2;"Straight - Grade";"Local Street";"Dry";"Two-Way, Not Divided";"None";"No Special Feature";"Coarse Asphalt";"Piedmont";"Urban";"30 - 35  MPH";"Double Yellow Line, No Passing Zone";"Clear";"No";"35.602505, -80.794945"
"2286";267;268;"No";"25-29";26;"No";"With Traffic";"C: Possible Injury";"Travel Lane";"White";"Female";"None - Rural Crash";"Chatham";"No";"01-01-02";2010-05-18;"Motorist Overtaking Bicyclist";18;"Non-Intersection";"01-05-01";1-01-01 18:44:58;"Motorist Overtaking - Other /";0;2010;"C: Possible Injury";"Farms, Woods, Pastures";"50-59";50;"No";"26-30 mph";"O: No Injury";"White";"Female";"Light Truck (Mini-Van, Panel)";"No";"No";"Daylight";"Rural (<30% Developed)";"2 lanes";5;"Curve - Level";"State Secondary Route";"Dry";"Two-Way, Not Divided";"None";"Related To Intersection";"Smooth Asphalt";"Piedmont";"Rural";"40 - 45  MPH";"Double Yellow Line, No Passing Zone";"Cloudy";"No";"35.79141, -78.947105"
"2287";271;272;"Yes";"15-Nov";14;"No";NA;"B: Evident Injury";"Other";"White";"Male";"None - Rural Crash";"Surry";"No";"01-01-02";2010-05-25;"Loss of Control / Turning Error";17;"Non-Intersection";"01-05-01";1-01-01 17:56:58;"Motorist Lost Control - Other /";0;2010;"K: Killed";"Residential";"60-69";62;"No";"41-45 mph";"K: Killed";"White";"Male";"Pickup";"No";"No";"Daylight";"Mixed (30% To 70% Developed)";"2 lanes";2;"Straight - Level";"US Route";"Dry";"Two-Way, Not Divided";"None";"No Special Feature";"Smooth Asphalt";"Mountains";"Rural";"40 - 45  MPH";"No Control Present";"Clear";"No";"36.30754, -80.71654"
"2288";274;275;"No";"30-39";38;"No";"Facing Traffic";"C: Possible Injury";"Travel Lane";"White";"Male";"Wilmington";"New Hanover";"No";"01-01-02";2010-05-11;"Motorist Failed to Yield - Sign-Controlled Intersection";19;"Intersection";"01-05-01";1-01-01 19:31:58;"Motorist Drive Out - Sign-Controlled Intersection";0;2010;"C: Possible Injury";"Residential";"30-39";37;"No";NA;"O: No Injury";"White";"Male";"Pickup";"No";"No";"Daylight";"Mixed (30% To 70% Developed)";"6 lanes";2;"Straight - Level";"Local Street";"Dry";"Two-Way, Divided, Positive Median Barrier";"None";"T-Intersection";"Coarse Asphalt";"Coastal";"Urban";"40 - 45  MPH";"Stop Sign";"Clear";"No";"34.191444, -77.93591"
"2289";275;276;"Yes";"16-19";16;"No";"Facing Traffic";"B: Evident Injury";"Sidewalk / Crosswalk / Driveway Crossing";"Black";"Male";"Graham";"Alamance";"No";"01-01-04";2010-05-13;"Motorist Right Turn / Merge";21;"Intersection";"01-05-01";1-01-01 21:39:58;"Motorist Right Turn - Opposite Direction";0;2010;"B: Evident Injury";"Residential";"60-69";64;"No";"6-10 mph";"O: No Injury";"White";"Male";"Van";"No";"No";"Dark - Roadway Not Lighted";"Urban (>70% Developed)";"2 lanes";2;"Straight - Level";"Local Street";"Dry";"Two-Way, Not Divided";"None";"Four-Way Intersection";"Smooth Asphalt";"Piedmont";"Urban";"30 - 35  MPH";"Stop And Go Signal";"Clear";"No";"36.07313, -79.39853"
"2290";277;278;"No";"50-59";52;"No";"Facing Traffic";"B: Evident Injury";"Travel Lane";"White";"Male";"Rocky Mount";"Nash";"No";"01-01-04";2010-04-01;"Head-On";10;"Intersection-Related";"01-04-01";1-01-01 10:20:58;"Head-On - Bicyclist";0;2010;"B: Evident Injury";"Commercial";NA;NA;"Missing";"21-25 mph";"Injury";"/Missing";NA;NA;"No";"Yes";"Daylight";"Urban (>70% Developed)";"5 lanes";2;"Straight - Level";"Local Street";"Dry";"Two-Way, Divided, Unprotected Median";"None";"T-Intersection";"Coarse Asphalt";"Coastal";"Urban";"40 - 45  MPH";"Stop Sign";"Clear";"No";"35.96677, -77.8033"
"2291";282;283;"No";"40-49";43;"No";"With Traffic";"C: Possible Injury";"Travel Lane";"White";"Male";"Charlotte";"Mecklenburg";"No";"01-01-06";2010-05-15;"Motorist Failed to Yield - Sign-Controlled Intersection";9;"Intersection";"01-05-01";1-01-01 09:09:58;"Motorist Drive Out - Sign-Controlled Intersection";0;2010;"C: Possible Injury";"Residential";NA;NA;"Missing";"11-15 mph";"Injury";"/Missing";NA;NA;"No";"Yes";"Daylight";"Urban (>70% Developed)";"4 lanes";2;"Straight - Grade";"Local Street";"Dry";"Two-Way, Not Divided";"None";"Four-Way Intersection";"Smooth Asphalt";"Piedmont";"Urban";"30 - 35  MPH";"No Control Present";"Clear";"No";"35.217106, -80.869865"
"2292";283;284;"Yes";"20-24";21;"No";"With Traffic";"A: Disabling Injury";"Travel Lane";"White";"Male";"Burlington";"Alamance";"No";"01-01-07";2010-05-16;"Bicyclist Left Turn / Merge";18;"Non-Intersection";"01-05-01";1-01-01 18:23:58;"Bicyclist Left Turn - Same Direction";0;2010;"A: Disabling Injury";"Residential";"25-29";29;"No";"16-20 mph";"O: No Injury";"Black";"Female";"Sport Utility";"No";"No";"Daylight";"Urban (>70% Developed)";"2 lanes";2;"Straight - Level";"Local Street";"Dry";"Two-Way, Not Divided";"None";"No Special Feature";"Coarse Asphalt";"Piedmont";"Urban";"30 - 35  MPH";"No Control Present";"Clear";"No";"36.067257, -79.464264"
"2293";286;287;"Yes";"20-24";22;"No";"With Traffic";"A: Disabling Injury";"Other";"White";"Male";"None - Rural Crash";"Nash";"No";"01-01-04";2010-05-27;"Loss of Control / Turning Error";7;"Non-Intersection";"01-05-01";1-01-01 07:34:58;"Motorist Lost Control - Other /";0;2010;"A: Disabling Injury";"Residential";"20-24";22;"No";"41-45 mph";"O: No Injury";"White";"Female";"Passenger Car";"No";"No";"Daylight";"Mixed (30% To 70% Developed)";"2 lanes";2;"Straight - Level";"State Secondary Route";"Dry";"Two-Way, Not Divided";"None";"No Special Feature";"Smooth Asphalt";"Coastal";"Rural";"40 - 45  MPH";"Double Yellow Line, No Passing Zone";"Clear";"No";"35.995567, -77.93025"
"2294";291;292;"No";"20-24";22;"No";"Facing Traffic";"B: Evident Injury";"Multi-use Path";"White";"Male";"Wilmington";"New Hanover";"No";"01-01-05";2010-05-21;"Motorist Failed to Yield - Signalized Intersection";19;"Intersection";"01-05-01";1-01-01 19:15:58;"Motorist Drive Out - Signalized Intersection";0;2010;"B: Evident Injury";"Residential";NA;NA;"Missing";"0-5 mph";"Injury";"/Missing";NA;NA;"No";"Yes";"Daylight";"Urban (>70% Developed)";"7 lanes";2;"Straight - Level";"Local Street";"Dry";"Two-Way, Divided, Positive Median Barrier";"None";"No Special Feature";"Other";"Coastal";"Urban";"5 - 15 MPH";"Stop And Go Signal";"Clear";"No";"34.256138, -77.826256"
"2295";294;295;"No";"30-39";31;"No";"Not Applicable";"C: Possible Injury";"Non-Roadway";"White";"Male";"None - Rural Crash";"Gaston";"No";"01-01-06";2010-06-05;"Bicyclist Failed to Yield - Midblock";9;"Non-Intersection";"01-06-01";1-01-01 09:18:58;"Bicyclist Ride Out - Other Midblock";0;2010;"C: Possible Injury";"Farms, Woods, Pastures";"50-59";57;"No";"46-50 mph";"O: No Injury";"White";"Female";"Sport Utility";"No";"No";"Daylight";"Rural (<30% Developed)";"2 lanes";2;"Straight - Level";"NC Route";"Dry";"Two-Way, Not Divided";"None";"Driveway, Public";"Smooth Asphalt";"Piedmont";"Rural";"50 - 55  MPH";"Double Yellow Line, No Passing Zone";"Clear";"No";"35.359825, -81.29881"
"2296";298;299;"Yes";"16-19";16;"No";"With Traffic";"C: Possible Injury";"Travel Lane";"Black";"Male";"None - Rural Crash";"Forsyth";"No";"01-01-05";2010-06-04;"Motorist Overtaking Bicyclist";18;"Non-Intersection";"01-06-01";1-01-01 18:29:58;"Motorist Overtaking - Bicyclist Swerved";0;2010;"C: Possible Injury";"Farms, Woods, Pastures";"30-39";30;"No";"46-50 mph";"O: No Injury";"Black";"Male";"Passenger Car";"No";"No";"Daylight";"Rural (<30% Developed)";"2 lanes";2;"Curve - Level";"State Secondary Route";"Dry";"Two-Way, Not Divided";"None";"No Special Feature";"Coarse Asphalt";"Piedmont";"Rural";"40 - 45  MPH";"Double Yellow Line, No Passing Zone";"Clear";"No";"36.236427, -80.083244"
"2297";306;307;"No";"25-29";28;"No";"With Traffic";"B: Evident Injury";"Travel Lane";"White";"Female";"Raleigh";"Wake";"No";"01-01-06";2010-05-15;"Bicyclist Left Turn / Merge";13;"Non-Intersection";"01-05-01";1-01-01 13:14:58;"Bicyclist Left Turn - Same Direction";0;2010;"B: Evident Injury";"Commercial";"20-24";21;"No";"21-25 mph";"O: No Injury";"Black";"Female";"Passenger Car";"No";"No";"Daylight";"Urban (>70% Developed)";"5 lanes";2;"Straight - Level";"Local Street";"Dry";"Two-Way, Divided, Unprotected Median";"None";"No Special Feature";"Smooth Asphalt";"Piedmont";"Urban";"30 - 35  MPH";"No Control Present";"Clear";"No";"35.795044, -78.69174"
"2298";307;308;"No";"50-59";52;"No";NA;"O: No Injury";"Travel Lane";"White";"Male";"Fayetteville";"Cumberland";"No";"01-01-07";2010-05-23;"Other /  - Insufficient Details";10;"Intersection-Related";"01-05-01";1-01-01 10:44:58;"Approach Paths";0;2010;"O: No Injury";"Commercial";"40-49";49;"No";"11-15 mph";"O: No Injury";"Black";"Female";"Passenger Car";"No";"No";"Daylight";"Urban (>70% Developed)";"3 lanes";2;"Straight - Level";"Local Street";"Dry";"Two-Way, Not Divided";"None";"Four-Way Intersection";"Coarse Asphalt";"Coastal";"Urban";"30 - 35  MPH";"Stop And Go Signal";"Clear";"No";"35.047455, -78.86119"
"2299";316;317;"No";"40-49";42;"No";"Facing Traffic";"O: No Injury";"Sidewalk / Crosswalk / Driveway Crossing";"White";"Male";"Salisbury";"Rowan";"No";"01-01-04";2010-06-10;"Bicyclist Failed to Yield - Signalized Intersection";13;"Intersection";"01-06-01";1-01-01 13:04:58;"Bicyclist Ride Out - Signalized  Intersection";0;2010;"O: No Injury";"Commercial";"50-59";54;"No";"11-15 mph";"O: No Injury";"White";"Male";"Pickup";"No";"No";"Daylight";"Urban (>70% Developed)";"4 lanes";2;"Straight - Level";"Local Street";"Dry";"Two-Way, Not Divided";"None";"Four-Way Intersection";"Smooth Asphalt";"Piedmont";"Urban";"30 - 35  MPH";"Stop And Go Signal";"Clear";"No";"35.664745, -80.46683"
"2300";318;319;"No";"25-29";27;"No";"Facing Traffic";"C: Possible Injury";"Travel Lane";"White";"Male";"None - Rural Crash";"Onslow";"No";"01-01-07";2010-06-13;"Head-On";22;"Non-Intersection";"01-06-01";1-01-01 22:15:58;"Head-On - Bicyclist";0;2010;"C: Possible Injury";"Farms, Woods, Pastures";"20-24";21;"No";"41-45 mph";"O: No Injury";"White";"Male";"Pickup";"No";"No";"Dark - Roadway Not Lighted";"Rural (<30% Developed)";"2 lanes";2;"Straight - Level";"State Secondary Route";"Wet";"Two-Way, Not Divided";"None";"T-Intersection";"Smooth Asphalt";"Coastal";"Rural";"40 - 45  MPH";"No Control Present";"Rain";"No";"34.724735, -77.52275"
"2301";874;875;"Yes";"15-Nov";12;"No";"Facing Traffic";"C: Possible Injury";NA;"White";"Male";"None - Rural Crash";"Rutherford";"No";NA;2007-10-22;"Bicyclist Right Turn / Merge";14;"Non-Intersection";"01-10-01";1-01-01 14:29:58;"Bicyclist Right Turn - Opposite Direction";392224;2007;"C: Possible Injury";"Residential";"0-19";19;"No";"26-30 mph";"O: No Injury";"White";"Female";"Passenger Car";"No";"No";"Dark - Roadway Not Lighted";"Mixed (30% To 70% Developed)";"2 lanes";2;"Straight - Level";"State Secondary Route";"Wet";"Two-Way, Not Divided";"None";"No Special Feature";"Smooth Asphalt";"Mountains";"Rural";"30 - 35  MPH";"Double Yellow Line, No Passing Zone";"Cloudy";"No";"35.243828, -81.84646"