"FID";"OBJECTID";"AmbulanceR";"BikeAge_Gr";"Bike_Age";"Bike_Alc_D";"Bike_Dir";"Bike_Injur";"Bike_Pos";"Bike_Race";"Bike_Sex";"City";"County";"CrashAlcoh";"CrashDay";"Crash_Date";"Crash_Grp";"Crash_Hour";"Crash_Loc";"Crash_Mont";"Crash_Time";"Crash_Type";"Crash_Ty_1";"Crash_Year";"Crsh_Sevri";"Developmen";"DrvrAge_Gr";"Drvr_Age";"Drvr_Alc_D";"Drvr_EstSp";"Drvr_Injur";"Drvr_Race";"Drvr_Sex";"Drvr_VehTy";"ExcsSpdInd";"Hit_Run";"Light_Cond";"Locality";"Num_Lanes";"Num_Units";"Rd_Charact";"Rd_Class";"Rd_Conditi";"Rd_Config";"Rd_Defects";"Rd_Feature";"Rd_Surface";"Region";"Rural_Urba";"Speed_Limi";"Traff_Cntr";"Weather";"Workzone_I";"Location"
"2302";883;884;"Yes";"25-29";25;"No";NA;"B: Evident Injury";NA;"Black";"Male";"Fayetteville";"Cumberland";"No";"01-01-05";2007-10-26;"Other /  - Insufficient Details";23;"Non-Intersection";"01-10-01";1-01-01 23:33:58;"Approach Paths";399970;2007;"B: Evident Injury";"Commercial";NA;NA;"Missing";"16-20 mph";"Injury";"/Missing";NA;NA;"No";"Yes";"Dark - Lighted Roadway";"Rural (<30% Developed)";"1 lane";3;"Straight - Level";"Local Street";"Wet";"Two-Way, Not Divided";"None";"No Special Feature";"Coarse Asphalt";"Coastal";"Urban";"20 - 25  MPH";"No Control Present";"Rain";"No";"35.093025, -78.95551"
"2303";895;896;"Yes";"20-24";21;"No";"Facing Traffic";"B: Evident Injury";"Sidewalk / Crosswalk / Driveway Crossing";"White";"Male";"Wilmington";"New Hanover";"No";"01-01-02";2007-10-30;"Motorist Failed to Yield - Sign-Controlled Intersection";10;"Intersection";"01-10-01";1-01-01 10:58:58;"Motorist Drive Out - Sign-Controlled Intersection";132141;2007;"B: Evident Injury";"Residential";"20-24";23;"No";"11-15 mph";"O: No Injury";"Black";"Female";"Passenger Car";"No";"No";"Daylight";"Urban (>70% Developed)";"2 lanes";2;"Straight - Level";"Local Street";"Dry";"Two-Way, Not Divided";"None";"Four-Way Intersection";"Smooth Asphalt";"Coastal";"Urban";"30 - 35  MPH";"Stop Sign";"Clear";"No";"34.22993, -77.87096"
"2304";896;897;"Yes";"60-69";60;"No";"With Traffic";"B: Evident Injury";"Travel Lane";"White";"Male";"Huntersville";"Mecklenburg";"No";"01-01-03";2007-10-31;"Bicyclist Overtaking Motorist";10;"Non-Intersection";"01-10-01";1-01-01 10:04:58;"Bicyclist Overtaking - Other /";311249;2007;"B: Evident Injury";"Commercial";"20-24";24;"No";NA;"O: No Injury";"White";"Female";"Passenger Car";"No";"No";"Daylight";"Mixed (30% To 70% Developed)";"2 lanes";2;"Straight - Level";"Local Street";"Dry";"Two-Way, Not Divided";"None";"No Special Feature";"Smooth Asphalt";"Piedmont";"Urban";"30 - 35  MPH";"No Control Present";"Clear";"No";"35.399548, -80.86413"
"2305";898;899;"Yes";"40-49";46;"No";"With Traffic";"C: Possible Injury";"Travel Lane";"White";"Male";"Fayetteville";"Cumberland";"No";"01-01-04";2007-11-01;"Crossing Paths - Other Circumstances";8;"Intersection";"01-11-01";1-01-01 08:02:58;"Crossing Paths - Intersection - Other /";111180;2007;"C: Possible Injury";"Residential";"30-39";35;"No";"21-25 mph";"O: No Injury";"White";"Male";"Passenger Car";"No";"No";"Daylight";"Rural (<30% Developed)";"4 lanes";2;"Straight - Level";"Local Street";"Dry";"Two-Way, Divided, Unprotected Median";"None";"No Special Feature";"Grooved Concrete";"Coastal";"Urban";"40 - 45  MPH";"No Control Present";"Clear";"No";"35.058796, -79.00654"
"2306";904;905;"Yes";"50-59";54;"No";"With Traffic";"B: Evident Injury";"Travel Lane";"Black";"Male";"Rockingham";"Richmond";"No";"01-01-07";2007-11-04;"Motorist Overtaking Bicyclist";11;"Non-Intersection";"01-11-01";1-01-01 11:09:58;"Motorist Overtaking - Other /";311239;2007;"B: Evident Injury";"Commercial";"30-39";39;"No";"31-35 mph";"O: No Injury";"White";"Female";"Passenger Car";"No";"No";"Daylight";"Urban (>70% Developed)";"2 lanes";2;"Straight - Level";"Local Street";"Dry";"Two-Way, Not Divided";"None";"No Special Feature";"Smooth Asphalt";"Piedmont";"Urban";"30 - 35  MPH";"No Control Present";"Clear";"No";"34.926655, -79.77634"
"2307";920;921;"Yes";"50-59";53;"No";"With Traffic";"B: Evident Injury";"Travel Lane";"White";"Male";"Raleigh";"Wake";"No";"01-01-06";2007-11-10;"Motorist Failed to Yield - Sign-Controlled Intersection";18;"Intersection";"01-11-01";1-01-01 18:24:58;"Motorist Drive Out - Sign-Controlled Intersection";111141;2007;"B: Evident Injury";"Residential";"30-39";37;"No";"6-10 mph";"O: No Injury";"Hispanic";"Female";"Pickup";"No";"No";"Dusk";"Urban (>70% Developed)";"2 lanes";2;"Straight - Bottom";"Local Street";"Dry";"Two-Way, Divided, Unprotected Median";"None";"Four-Way Intersection";"Coarse Asphalt";"Piedmont";"Urban";"30 - 35  MPH";"Stop Sign";"Clear";"No";"35.86306, -78.65383"
"2308";150;151;"No";"30-39";33;"No";"Facing Traffic";"B: Evident Injury";"Travel Lane";"White";"Male";"Wilmington";"New Hanover";"No";"01-01-07";2007-03-25;"Head-On";15;"Non-Intersection";"01-03-01";1-01-01 15:57:58;"Head-On - Bicyclist";312250;2007;"B: Evident Injury";"Residential";"40-49";48;"No";"26-30 mph";"O: No Injury";"White";"Male";"Sport Utility";"No";"No";"Daylight";"Urban (>70% Developed)";"2 lanes";2;"Straight - Level";"Local Street";"Dry";"Two-Way, Not Divided";"None";"No Special Feature";"Smooth Asphalt";"Coastal";"Urban";"30 - 35  MPH";"No Control Present";"Clear";"No";"34.213627, -77.880905"
"2309";157;158;"Yes";"15-Nov";13;"No";"Not Applicable";"C: Possible Injury";NA;"Black";"Male";"Raleigh";"Wake";"No";"01-01-06";2007-03-24;"Bicyclist Failed to Yield - Midblock";15;"Non-Intersection";"01-03-01";1-01-01 15:28:58;"Bicyclist Ride Out - Midblock -";393319;2007;"C: Possible Injury";"Residential";"60-69";67;"No";"31-35 mph";"O: No Injury";"Black";"Male";"Passenger Car";"No";"No";"Daylight";"Urban (>70% Developed)";"2 lanes";2;"Curve - Level";"Local Street";"Dry";"Two-Way, Not Divided";"None";"No Special Feature";"Smooth Asphalt";"Piedmont";"Urban";"30 - 35  MPH";"No Control Present";"Clear";"No";"35.81968, -78.57538"
"2310";158;159;"No";"50-59";54;"No";"With Traffic";"C: Possible Injury";"Travel Lane";"White";"Male";"None - Rural Crash";"Cumberland";"No";NA;2007-03-26;"Motorist Overtaking Bicyclist";20;"Non-Intersection";"01-03-01";1-01-01 20:23:58;"Motorist Overtaking - Undetected Bicyclist";311231;2007;"C: Possible Injury";"Commercial";"70+";NA;"No";"31-35 mph";"O: No Injury";"White";"Male";"Pickup";"No";"No";"Dark - Roadway Not Lighted";"Mixed (30% To 70% Developed)";"2 lanes";2;"Straight - Level";"State Secondary Route";"Dry";"Two-Way, Not Divided";"None";"No Special Feature";"Coarse Asphalt";"Coastal";"Rural";"40 - 45  MPH";"Double Yellow Line, No Passing Zone";"Clear";"No";"34.98354, -78.90553"
"2311";167;168;"Yes";"30-39";36;"No";"With Traffic";"A: Disabling Injury";"Travel Lane";"White";"Male";"None - Rural Crash";"Moore";"No";"01-01-05";2007-03-30;"Motorist Overtaking Bicyclist";13;"Non-Intersection";"01-03-01";1-01-01 13:50:58;"Motorist Overtaking - Other /";311239;2007;"A: Disabling Injury";"Farms, Woods, Pastures";"50-59";59;"No";"51-55 mph";"O: No Injury";"Native American";"Male";"Passenger Car";"No";"No";"Daylight";"Mixed (30% To 70% Developed)";"2 lanes";2;"Straight - Level";"US Route";"Dry";"Two-Way, Not Divided";"None";"No Special Feature";"Coarse Asphalt";"Piedmont";"Rural";"50 - 55  MPH";"Double Yellow Line, No Passing Zone";"Clear";"No";"35.087036, -79.4282"
"2312";171;172;"Yes";"10-Jun";7;"No";"Not Applicable";"B: Evident Injury";"Driveway / Alley";"White";"Male";"Wilmington";"New Hanover";"No";"01-01-06";2007-03-31;"Bicyclist Failed to Yield - Midblock";16;"Non-Intersection";"01-03-01";1-01-01 16:54:58;"Bicyclist Ride Out - Residential Driveway";353311;2007;"B: Evident Injury";"Commercial";"60-69";66;"No";"16-20 mph";"O: No Injury";"Black";"Male";"Pickup";"No";"No";"Daylight";"Urban (>70% Developed)";"2 lanes";2;"Straight - Level";"Local Street";"Dry";"Two-Way, Not Divided";"None";"No Special Feature";"Smooth Asphalt";"Coastal";"Urban";"20 - 25  MPH";"No Control Present";"Clear";"No";"34.227226, -77.9357"
"2313";177;178;"No";"50-59";51;"Yes";"Facing Traffic";"C: Possible Injury";"Sidewalk / Crosswalk / Driveway Crossing";"Black";"Male";"Jacksonville";"Onslow";"Yes";NA;2007-04-02;"Motorist Failed to Yield - Sign-Controlled Intersection";14;"Intersection";"01-04-01";1-01-01 14:16:58;"Motorist Drive Out - Sign-Controlled Intersection";132141;2007;"C: Possible Injury";"Commercial";"20-24";22;"No";"0-5 mph";"O: No Injury";"White";"Female";"Pickup";"No";"No";"Daylight";"Urban (>70% Developed)";"5 lanes";2;"Straight - Level";"Local Street";"Dry";"Two-Way, Not Divided";"None";"Driveway, Public";"Smooth Asphalt";"Coastal";"Urban";"30 - 35  MPH";"Stop Sign";"Cloudy";"No";"34.780098, -77.42579"
"2314";181;182;"Yes";"10-Jun";7;"No";NA;"C: Possible Injury";"Travel Lane";"Black";"Male";"None - Rural Crash";"Halifax";"No";"01-01-03";2007-04-04;"Backing Vehicle";17;"Non-Intersection";"01-04-01";1-01-01 17:50:58;"Backing Vehicle";319600;2007;"C: Possible Injury";"Residential";"20-24";22;"No";"0-5 mph";"O: No Injury";"Hispanic";"Male";"Van";"No";"No";"Daylight";"Mixed (30% To 70% Developed)";"2 lanes";2;"Straight - Level";"Local Street";"Dry";"Two-Way, Not Divided";"None";"Driveway, Private";"Coarse Asphalt";"Coastal";"Rural";NA;"No Control Present";"Clear";"No";"36.461853, -77.68796"
"2315";187;188;"Yes";"15-Nov";12;"No";"Not Applicable";"B: Evident Injury";NA;"Black";"Male";"Fayetteville";"Cumberland";"No";"01-01-04";2007-04-05;"Bicyclist Failed to Yield - Midblock";17;"Non-Intersection";"01-04-01";1-01-01 17:47:58;"Bicyclist Ride Out - Midblock -";393319;2007;"B: Evident Injury";"Residential";"40-49";44;"No";"21-25 mph";"O: No Injury";"White";"Female";"Passenger Car";"No";"No";"Daylight";"Urban (>70% Developed)";"5 lanes";2;"Straight - Level";"Local Street";"Dry";"Two-Way, Not Divided";"None";"No Special Feature";"Smooth Asphalt";"Coastal";"Urban";"40 - 45  MPH";"No Control Present";"Clear";"No";"35.059727, -78.95915"
"2316";193;194;"No";"40-49";40;"No";NA;"O: No Injury";"Travel Lane";"Black";"Male";"None - Rural Crash";"Mecklenburg";"No";"01-01-06";2007-04-07;"Other /  - Insufficient Details";16;"Non-Intersection";"01-04-01";1-01-01 15:59:58;"Approach Paths";319970;2007;"O: No Injury";"Residential";"0-19";19;"No";"11-15 mph";"O: No Injury";"White";"Female";"Passenger Car";"No";"No";"Daylight";"Urban (>70% Developed)";"2 lanes";2;"Straight - Level";"Local Street";"Dry";"Two-Way, Not Divided";"None";"Other";"Smooth Asphalt";"Piedmont";"Rural";"30 - 35  MPH";"No Control Present";"Clear";"No";"35.197254, -80.6971"
"2317";194;195;"Yes";"40-49";47;"No";"With Traffic";"B: Evident Injury";"Sidewalk / Crosswalk / Driveway Crossing";"White";"Female";"Charlotte";"Mecklenburg";"No";"01-01-05";2007-06-29;"Motorist Right Turn / Merge";17;"Intersection";"01-06-01";1-01-01 17:18:58;"Motorist Right Turn - Same Direction";131213;2007;"B: Evident Injury";"Commercial";"50-59";58;"No";"11-15 mph";"O: No Injury";"Black";"Female";"Passenger Car";"No";"No";"Daylight";"Urban (>70% Developed)";"4 lanes";2;"Straight - Level";"Local Street";"Dry";"Two-Way, Divided, Positive Median Barrier";"None";"Four-Way Intersection";"Smooth Asphalt";"Piedmont";"Urban";"30 - 35  MPH";"Stop And Go Signal";"Clear";"No";"35.209656, -80.75703"
"2318";204;205;"No";"30-39";39;"No";NA;"C: Possible Injury";"Travel Lane";"Black";"Female";"Burlington";"Alamance";"No";"01-01-04";2007-04-12;"Bicyclist Failed to Yield - Sign-Controlled Intersection";21;"Intersection";"01-04-01";1-01-01 21:25:58;"Bicyclist Ride Through - Sign-Controlled Intersection";119144;2007;"C: Possible Injury";"Residential";"30-39";34;"No";"26-30 mph";"O: No Injury";"Black";"Male";"Pickup";"No";"No";"Dark - Lighted Roadway";"Urban (>70% Developed)";"2 lanes";2;"Straight - Grade";"Local Street";"Dry";"Two-Way, Not Divided";"None";"Four-Way Intersection";"Smooth Asphalt";"Piedmont";"Urban";"30 - 35  MPH";"Stop Sign";"Clear";"No";"36.090668, -79.425865"
"2319";207;208;"No";"20-24";20;"No";"Not Applicable";"C: Possible Injury";NA;"Black";"Female";"Wilson";"Wilson";"No";"01-01-03";2007-04-11;"Bicyclist Failed to Yield - Midblock";10;"Non-Intersection";"01-04-01";1-01-01 10:49:58;"Bicyclist Ride Out - Midblock -";393319;2007;"C: Possible Injury";"Commercial";"60-69";60;"No";"26-30 mph";"O: No Injury";"Black";"Male";"Passenger Car";"No";"No";"Daylight";"Urban (>70% Developed)";"2 lanes";2;"Straight - Level";"US Route";"Wet";"Two-Way, Divided, Unprotected Median";"None";"No Special Feature";"Coarse Asphalt";"Coastal";"Urban";"40 - 45  MPH";"No Control Present";"Cloudy";"No";"35.719685, -77.89336"
"2320";208;209;"Yes";"40-49";46;"No";"With Traffic";"K: Killed";"Travel Lane";"White";"Male";"None - Rural Crash";"Caldwell";"No";"01-01-04";2007-04-12;"Motorist Overtaking Bicyclist";5;"Non-Intersection";"01-04-01";1-01-01 05:29:58;"Motorist Overtaking - Undetected Bicyclist";311231;2007;"K: Killed";"Farms, Woods, Pastures";"0-19";19;"No";"56-60 mph";"O: No Injury";"White";"Male";"Sport Utility";"No";"No";"Dark - Roadway Not Lighted";"Rural (<30% Developed)";"4 lanes";2;"Straight - Level";"US Route";"Wet";"Two-Way, Divided, Unprotected Median";"None";"No Special Feature";"Smooth Asphalt";"Mountains";"Rural";"50 - 55  MPH";"No Control Present";"Fog, Smog, Smoke";"No";"35.810543, -81.43168"
"2321";215;216;"No";"25-29";29;"No";"With Traffic";"O: No Injury";NA;"White";"Male";"Carrboro";"Orange";"No";"01-01-02";2007-04-10;"Motorist Right Turn / Merge";15;"Intersection";"01-04-01";1-01-01 15:08:58;"Motorist Right Turn - Same Direction";191213;2007;"O: No Injury";"Commercial";"20-24";22;"No";"31-35 mph";"O: No Injury";"Black";"Male";NA;"No";"Yes";"Daylight";"Urban (>70% Developed)";"4 lanes";2;"Straight - Level";"Local Street";"Dry";"Two-Way, Not Divided";"None";"No Special Feature";"Coarse Asphalt";"Piedmont";"Urban";"20 - 25  MPH";"No Control Present";"Clear";"No";"35.910706, -79.06949"
"2322";216;217;"No";"30-39";34;"Yes";NA;"C: Possible Injury";NA;"White";"Male";"North Wilkesboro";"Wilkes";"Yes";"01-01-06";2007-04-14;"Bicyclist Failed to Yield - Midblock";21;"Non-Intersection";"01-04-01";1-01-01 21:29:58;"Bicyclist Ride Out - Midblock -";399319;2007;"C: Possible Injury";"Commercial";"40-49";40;"No";"21-25 mph";"O: No Injury";"White";"Female";"Passenger Car";"No";"No";"Dark - Lighted Roadway";"Urban (>70% Developed)";"5 lanes";2;"Straight - Level";"Local Street";"Wet";"Two-Way, Not Divided";"None";"No Special Feature";"Smooth Asphalt";"Mountains";"Rural";"30 - 35  MPH";"No Control Present";"Rain";"No";"36.159138, -81.154594"
"2323";217;218;"Yes";"20-24";20;"No";"With Traffic";"A: Disabling Injury";"Travel Lane";"White";"Male";"None - Rural Crash";"Buncombe";"Yes";NA;2007-04-16;"Motorist Overtaking Bicyclist";22;"Non-Intersection";"01-04-01";1-01-01 22:49:58;"Motorist Overtaking - Other /";311239;2007;"A: Disabling Injury";"Farms, Woods, Pastures";"40-49";40;"Yes";"36-40 mph";"O: No Injury";"White";"Female";"Passenger Car";"No";"No";"Dark - Roadway Not Lighted";"Rural (<30% Developed)";"5 lanes";2;"Straight - Grade";"US Route";"Dry";"Two-Way, Not Divided";"None";"No Special Feature";"Smooth Asphalt";"Mountains";"Rural";"50 - 55  MPH";"No Control Present";"Clear";"No";"35.59247, -82.43785"
"2324";219;220;"No";"10-Jun";8;"No";"Not Applicable";"O: No Injury";"Driveway / Alley";"Black";"Male";"Raleigh";"Wake";"No";"01-01-02";2007-04-10;"Bicyclist Failed to Yield - Midblock";18;"Non-Intersection";"01-04-01";1-01-01 18:43:58;"Bicyclist Ride Out - Commercial Driveway / Alley";353312;2007;"O: No Injury";"Residential";"25-29";29;"No";"16-20 mph";"O: No Injury";"Black";"Female";"Passenger Car";"No";"No";"Daylight";"Urban (>70% Developed)";"1 lane";2;"Straight - Grade";"Local Street";"Dry";"Two-Way, Not Divided";"None";"No Special Feature";"Smooth Asphalt";"Piedmont";"Urban";"20 - 25  MPH";"No Control Present";"Clear";"No";"35.766575, -78.64119"
"2325";225;226;"Yes";"10-Jun";9;"No";"Not Applicable";"C: Possible Injury";"Bike Lane / Paved Shoulder";"Black";"Female";"Raleigh";"Wake";"No";"01-01-02";2007-04-17;"Bicyclist Failed to Yield - Midblock";16;"Non-Intersection";"01-04-01";1-01-01 16:48:58;"Bicyclist Ride Out - Other Midblock";323318;2007;"C: Possible Injury";"Residential";"50-59";52;"No";"31-35 mph";"O: No Injury";"Black";"Male";"Passenger Car";"No";"No";"Daylight";"Urban (>70% Developed)";"2 lanes";2;"Straight - Level";"Local Street";"Dry";"Two-Way, Divided, Unprotected Median";"Road Surface Condition";"No Special Feature";"Smooth Asphalt";"Piedmont";"Urban";"30 - 35  MPH";"No Control Present";"Clear";"No";"35.792843, -78.6126"
"2326";230;231;"Yes";"20-24";20;"No";"With Traffic";"C: Possible Injury";"Travel Lane";"Black";"Male";"Rocky Mount";"Nash";"No";"01-01-04";2007-04-19;"Crossing Paths - Other Circumstances";17;"Intersection";"01-04-01";1-01-01 17:07:58;"Crossing Paths - Intersection - Other /";111180;2007;"C: Possible Injury";"Residential";NA;NA;"Missing";"31-35 mph";"Injury";"/Missing";NA;NA;"No";"Yes";"Daylight";"Urban (>70% Developed)";"5 lanes";2;"Straight - Level";"Local Street";"Dry";"Two-Way, Not Divided";"None";"Four-Way Intersection";"Smooth Asphalt";"Coastal";"Urban";"30 - 35  MPH";"No Control Present";"Clear";"No";"35.944916, -77.80094"
"2327";232;233;"Yes";"20-24";21;"No";"With Traffic";"B: Evident Injury";"Travel Lane";"White";"Male";"Raleigh";"Wake";"No";"01-01-04";2007-04-19;"Motorist Left Turn / Merge";21;"Intersection";"01-04-01";1-01-01 21:51:58;"Motorist Left Turn - Opposite Direction";111212;2007;"B: Evident Injury";"Institutional";"20-24";20;"No";"16-20 mph";"O: No Injury";"White";"Male";"Passenger Car";"No";"No";"Dark - Lighted Roadway";"Urban (>70% Developed)";"2 lanes";2;"Straight - Grade";"Local Street";"Wet";"Two-Way, Divided, Unprotected Median";"None";"Four-Way Intersection";"Smooth Asphalt";"Piedmont";"Urban";"20 - 25  MPH";"No Control Present";"Rain";"No";"35.78869, -78.68437"
"2328";234;235;"No";NA;NA;"Missing";"Facing Traffic";"Injury";"Travel Lane";"/Missing";NA;"None - Rural Crash";"Sampson";"No";"01-01-06";2007-04-21;"Bicyclist Right Turn / Merge";17;"Non-Intersection";"01-04-01";1-01-01 17:44:58;"Bicyclist Right Turn - Same Direction";312223;2007;"O: No Injury";"Farms, Woods, Pastures";"30-39";35;"No";"51-55 mph";"O: No Injury";"White";"Female";"Passenger Car";"No";"No";"Daylight";"Rural (<30% Developed)";"2 lanes";2;"Straight - Level";"State Secondary Route";"Dry";"Two-Way, Not Divided";"None";"No Special Feature";"Coarse Asphalt";"Coastal";"Rural";"50 - 55  MPH";"Double Yellow Line, No Passing Zone";"Clear";"No";"35.030262, -78.483154"
"2329";242;243;"Yes";"40-49";48;"Yes";"Facing Traffic";"B: Evident Injury";"Travel Lane";"Black";"Male";"None - Rural Crash";"Duplin";"Yes";"01-01-02";2007-04-24;"Parallel Paths - Other Circumstances";21;"Non-Intersection";"01-04-01";1-01-01 21:04:58;"Motorist Turn / Merge - Other /";312219;2007;"B: Evident Injury";"Farms, Woods, Pastures";"20-24";21;"No";"51-55 mph";"O: No Injury";"White";"Male";"Pickup";"No";"No";"Dark - Roadway Not Lighted";"Rural (<30% Developed)";"2 lanes";2;"Straight - Level";"State Secondary Route";"Dry";"Two-Way, Not Divided";"None";"No Special Feature";"Coarse Asphalt";"Coastal";"Rural";"50 - 55  MPH";"No Control Present";"Clear";"No";"35.00986, -78.04757"
"2330";252;253;"No";"10-Jun";6;"No";"With Traffic";"C: Possible Injury";"Travel Lane";"White";"Female";"Raleigh";"Wake";"No";"01-01-03";2007-04-25;"Backing Vehicle";18;"Non-Intersection";"01-04-01";1-01-01 18:15:58;"Backing Vehicle";311600;2007;"C: Possible Injury";"Residential";"40-49";41;"No";"0-5 mph";"O: No Injury";"White";"Female";"Passenger Car";"No";"No";"Daylight";"Urban (>70% Developed)";"1 lane";2;"Straight - Level";"Local Street";"Dry";"Two-Way, Not Divided";"None";"No Special Feature";"Coarse Asphalt";"Piedmont";"Urban";"20 - 25  MPH";"No Control Present";"Clear";"No";"35.844627, -78.63595"
"2331";255;256;"No";"10-Jun";7;"No";"Facing Traffic";"C: Possible Injury";"Travel Lane";"Black";"Female";"Charlotte";"Mecklenburg";"No";"01-01-04";2007-04-26;"Head-On";17;"Non-Intersection";"01-04-01";1-01-01 17:44:58;"Head-On - Bicyclist";312250;2007;"C: Possible Injury";"Residential";"40-49";41;"No";"16-20 mph";"O: No Injury";"White";"Male";"Pickup";"No";"No";"Daylight";"Urban (>70% Developed)";"2 lanes";2;"Curve - Level";"Local Street";"Dry";"Two-Way, Not Divided";"None";"No Special Feature";"Smooth Asphalt";"Piedmont";"Urban";"30 - 35  MPH";"No Control Present";"Clear";"No";"35.22301, -80.709564"
"2332";263;264;"Yes";"10-Jun";9;"No";"Facing Traffic";"A: Disabling Injury";NA;"Hispanic";"Male";"Monroe";"Union";"No";"01-01-07";2007-04-29;"Bicyclist Failed to Yield - Sign-Controlled Intersection";18;"Intersection";"01-04-01";1-01-01 18:00:58;"Bicyclist Ride Through - Sign-Controlled Intersection";192144;2007;"A: Disabling Injury";"Residential";"0-19";17;"No";"31-35 mph";"O: No Injury";"Black";"Female";"Passenger Car";"No";"No";"Daylight";"Urban (>70% Developed)";"2 lanes";2;"Straight - Level";"Local Street";"Dry";"Two-Way, Not Divided";"None";"Four-Way Intersection";"Smooth Asphalt";"Piedmont";"Urban";"30 - 35  MPH";"Stop Sign";"Clear";"No";"34.9877, -80.52082"
"2333";266;267;"Yes";"15-Nov";13;"No";"With Traffic";"C: Possible Injury";"Travel Lane";"Black";"Male";"Asheboro";"Randolph";"No";NA;2007-04-30;"Bicyclist Failed to Yield - Sign-Controlled Intersection";16;"Intersection";"01-04-01";1-01-01 16:32:58;"Bicyclist Ride Through - Sign-Controlled Intersection";111144;2007;"C: Possible Injury";"Residential";"40-49";43;"No";"16-20 mph";"O: No Injury";"White";"Female";"Passenger Car";"No";"No";"Daylight";"Mixed (30% To 70% Developed)";"2 lanes";2;"Straight - Grade";"Local Street";"Dry";"Two-Way, Not Divided";"None";"T-Intersection";"Smooth Asphalt";"Piedmont";"Urban";"30 - 35  MPH";"Stop Sign";"Clear";"No";"35.702316, -79.8219"
"2334";270;271;"No";"15-Nov";13;"No";"Facing Traffic";"O: No Injury";"Sidewalk / Crosswalk / Driveway Crossing";"White";"Male";"Charlotte";"Mecklenburg";"No";NA;2007-04-30;"Bicyclist Failed to Yield - Signalized Intersection";16;"Intersection";"01-04-01";1-01-01 16:33:58;"Bicyclist Ride Out - Signalized  Intersection";132153;2007;"O: No Injury";"Residential";"50-59";57;"No";"16-20 mph";"O: No Injury";"Black";"Male";"Pickup";"No";"No";"Daylight";"Urban (>70% Developed)";"4 lanes";2;"Straight - Level";"Local Street";"Dry";"Two-Way, Divided, Unprotected Median";"None";"No Special Feature";"Smooth Asphalt";"Piedmont";"Urban";"30 - 35  MPH";"Stop And Go Signal";"Clear";"No";"35.030426, -80.82064"
"2335";274;275;"No";"25-29";28;"No";"With Traffic";"C: Possible Injury";"Travel Lane";"White";"Male";"Charlotte";"Mecklenburg";"No";"01-01-03";2007-05-02;"Motorist Left Turn / Merge";9;"Intersection";"01-05-01";1-01-01 09:55:58;"Motorist Left Turn - Opposite Direction";111212;2007;"C: Possible Injury";"Commercial";"30-39";36;"No";"0-5 mph";"O: No Injury";"Black";"Male";"Single Unit Truck (2-Axle, 6-Tire)";"No";"No";"Daylight";"Urban (>70% Developed)";"7 lanes";2;"Straight - Level";"Local Street";"Dry";"Two-Way, Not Divided";"None";"Four-Way Intersection";"Smooth Asphalt";"Piedmont";"Urban";"30 - 35  MPH";"Stop And Go Signal";"Clear";"No";"35.213024, -80.82566"
"2336";275;276;"No";"40-49";47;"No";"Facing Traffic";"O: No Injury";"Sidewalk / Crosswalk / Driveway Crossing";"White";"Male";"Charlotte";"Mecklenburg";"No";"01-01-05";2007-04-27;"Motorist Failed to Yield - Midblock";15;"Non-Intersection";"01-04-01";1-01-01 15:01:58;"Motorist Drive Out - Commercial Driveway / Alley";332322;2007;"O: No Injury";"Commercial";"60-69";66;"No";"0-5 mph";"O: No Injury";"White";"Female";"Passenger Car";"No";"No";"Daylight";"Urban (>70% Developed)";"8 lanes";2;"Straight - Level";"Local Street";"Dry";"Two-Way, Divided, Unprotected Median";"None";"No Special Feature";"Smooth Asphalt";"Piedmont";"Urban";"40 - 45  MPH";"Stop Sign";"Clear";"No";"35.16513, -80.881874"
"2337";282;283;"Yes";"20-24";20;"No";"With Traffic";"B: Evident Injury";"Travel Lane";"Asian";"Male";"Durham";"Durham";"No";"01-01-03";2007-08-01;"Motorist Failed to Yield - Sign-Controlled Intersection";10;"Intersection";"01-08-01";1-01-01 10:48:58;"Motorist Drive Out - Sign-Controlled Intersection";111141;2007;"B: Evident Injury";"Residential";"25-29";26;"No";"0-5 mph";"O: No Injury";"Asian";"Female";"Passenger Car";"No";"No";"Daylight";"Urban (>70% Developed)";"2 lanes";2;"Straight - Grade";"Local Street";"Dry";"Two-Way, Divided, Unprotected Median";"None";"T-Intersection";"Coarse Asphalt";"Piedmont";"Urban";"30 - 35  MPH";"Stop Sign";"Clear";"No";"36.009567, -78.94863"
"2338";287;288;"No";"50-59";56;"No";"Facing Traffic";"C: Possible Injury";"Sidewalk / Crosswalk / Driveway Crossing";"Black";"Male";"Charlotte";"Mecklenburg";"No";"01-01-06";2007-07-21;"Motorist Failed to Yield - Midblock";17;"Non-Intersection";"01-07-01";1-01-01 17:08:58;"Motorist Drive Out - Commercial Driveway / Alley";332322;2007;"C: Possible Injury";"Commercial";"20-24";21;"No";"0-5 mph";"O: No Injury";"Black";"Male";"Passenger Car";"No";"No";"Daylight";"Urban (>70% Developed)";"4 lanes";2;"Straight - Level";"Local Street";"Dry";"Two-Way, Not Divided";"None";"No Special Feature";"Smooth Asphalt";"Piedmont";"Urban";"30 - 35  MPH";"No Control Present";"Clear";"No";"35.2545, -80.82469"