"FID";"OBJECTID";"AmbulanceR";"BikeAge_Gr";"Bike_Age";"Bike_Alc_D";"Bike_Dir";"Bike_Injur";"Bike_Pos";"Bike_Race";"Bike_Sex";"City";"County";"CrashAlcoh";"CrashDay";"Crash_Date";"Crash_Grp";"Crash_Hour";"Crash_Loc";"Crash_Mont";"Crash_Time";"Crash_Type";"Crash_Ty_1";"Crash_Year";"Crsh_Sevri";"Developmen";"DrvrAge_Gr";"Drvr_Age";"Drvr_Alc_D";"Drvr_EstSp";"Drvr_Injur";"Drvr_Race";"Drvr_Sex";"Drvr_VehTy";"ExcsSpdInd";"Hit_Run";"Light_Cond";"Locality";"Num_Lanes";"Num_Units";"Rd_Charact";"Rd_Class";"Rd_Conditi";"Rd_Config";"Rd_Defects";"Rd_Feature";"Rd_Surface";"Region";"Rural_Urba";"Speed_Limi";"Traff_Cntr";"Weather";"Workzone_I";"Location"
"2376";143;144;"Yes";"16-19";17;"No";"With Traffic";"C: Possible Injury";"Travel Lane";"Black";"Male";"None - Rural Crash";"Halifax";"No";NA;2008-03-03;"Bicyclist Left Turn / Merge";17;"Non-Intersection";"01-03-01";1-01-01 17:13:58;"Bicyclist Left Turn - Same Direction";311221;2008;"C: Possible Injury";"Farms, Woods, Pastures";"40-49";46;"No";"51-55 mph";"O: No Injury";"Black";"Female";"Passenger Car";"No";"No";"Daylight";"Rural (<30% Developed)";"2 lanes";2;"Straight - Level";"NC Route";"Dry";"Two-Way, Divided, Unprotected Median";"None";"No Special Feature";"Smooth Asphalt";"Coastal";"Rural";"50 - 55  MPH";"Missing";"Clear";"No";"0.0, 0.0"
"2377";146;147;"Yes";NA;NA;"No";"With Traffic";"C: Possible Injury";"Travel Lane";"White";"Male";"Asheville";"Buncombe";"No";"01-01-03";2008-03-05;"Head-On";14;"Non-Intersection";"01-03-01";1-01-01 14:40:58;"Head-On -";311259;2008;"C: Possible Injury";"Residential";"50-59";53;"No";"16-20 mph";"O: No Injury";"White";"Female";"Passenger Car";"No";"No";"Daylight";"Rural (<30% Developed)";"2 lanes";2;"Curve - Grade";"Local Street";"Dry";"Two-Way, Not Divided";"None";"No Special Feature";"Smooth Asphalt";"Mountains";"Urban";"20 - 25  MPH";"No Control Present";"Clear";"No";"0.0, 0.0"
"2378";153;154;"Yes";"70+";NA;"No";"With Traffic";"B: Evident Injury";"Travel Lane";"White";"Male";"Conover";"Catawba";"No";"01-01-03";2008-05-07;"Motorist Left Turn / Merge";15;"Intersection";"01-05-01";1-01-01 15:21:58;"Motorist Left Turn - Opposite Direction";111212;2008;"B: Evident Injury";"Commercial";"40-49";44;"No";"6-10 mph";"O: No Injury";"White";"Male";"Pickup";"No";"No";"Daylight";"Mixed (30% To 70% Developed)";"2 lanes";2;"Straight - Level";"Local Street";"Dry";"Two-Way, Divided, Unprotected Median";"None";"Four-Way Intersection";"Smooth Asphalt";"Piedmont";"Urban";"40 - 45  MPH";"Stop And Go Signal";"Clear";"No";"0.0, 0.0"
"2379";155;156;"No";"16-19";18;"No";"With Traffic";"B: Evident Injury";"Travel Lane";"Black";"Male";"None - Rural Crash";"Halifax";"No";"01-01-07";2008-03-09;"Bicyclist Left Turn / Merge";12;"Non-Intersection";"01-03-01";1-01-01 12:08:58;"Bicyclist Left Turn - Same Direction";311221;2008;"B: Evident Injury";"Residential";"25-29";28;"No";NA;"O: No Injury";"Black";"Male";"Sport Utility";"No";"No";"Daylight";"Mixed (30% To 70% Developed)";"2 lanes";2;"Straight - Level";"State Secondary Route";"Dry";"Two-Way, Not Divided";"None";"No Special Feature";"Smooth Asphalt";"Coastal";"Rural";NA;"Double Yellow Line, No Passing Zone";"Clear";"No";"0.0, 0.0"
"2380";171;172;"Yes";"20-24";24;"No";"Facing Traffic";"B: Evident Injury";"Sidewalk / Crosswalk / Driveway Crossing";"White";"Male";"Raleigh";"Wake";"No";"01-01-05";2008-03-14;"Crossing Paths - Other Circumstances";18;"Intersection";"01-03-01";1-01-01 18:19:58;"Signalized Intersection - Other /";132158;2008;"B: Evident Injury";"Commercial";"40-49";48;"No";"41-45 mph";"B: Evident Injury";"White";"Male";"Passenger Car";"No";"No";"Daylight";"Urban (>70% Developed)";"4 lanes";2;"Straight - Level";"Local Street";"Dry";"Two-Way, Not Divided";"None";"Four-Way Intersection";"Smooth Asphalt";"Piedmont";"Urban";"40 - 45  MPH";"Stop And Go Signal";"Clear";"No";"0.0, 0.0"
"2381";173;174;"Yes";"60-69";64;"No";"Facing Traffic";"O: No Injury";"Travel Lane";"White";"Male";"None - Rural Crash";"Richmond";"Yes";"01-01-03";2008-03-12;"Bicyclist Right Turn / Merge";20;"Non-Intersection";"01-03-01";1-01-01 20:24:58;"Bicyclist Right Turn - Same Direction";312223;2008;"A: Disabling Injury";"Institutional";"40-49";49;"Yes";NA;"A: Disabling Injury";"Black";"Female";"Pedalcycle";"No";"No";"Dark - Roadway Not Lighted";"Mixed (30% To 70% Developed)";"2 lanes";2;"Straight - Level";"State Secondary Route";"Dry";"Two-Way, Not Divided";"None";"No Special Feature";"Smooth Asphalt";"Piedmont";"Rural";NA;"Double Yellow Line, No Passing Zone";"Clear";"No";"0.0, 0.0"
"2382";175;176;"Yes";"25-29";28;"No";"Facing Traffic";"C: Possible Injury";"Sidewalk / Crosswalk / Driveway Crossing";"Hispanic";"Male";"Raleigh";"Wake";"No";NA;2008-03-17;"Motorist Failed to Yield - Midblock";18;"Non-Intersection";"01-03-01";1-01-01 18:32:58;"Motorist Drive Out - Commercial Driveway / Alley";332322;2008;"C: Possible Injury";"Commercial";"20-24";24;"No";NA;"O: No Injury";"Hispanic";"Male";"Pickup";"No";"No";"Daylight";"Urban (>70% Developed)";"4 lanes";2;"Straight - Grade";"Public Vehicular Area";"Dry";"Two-Way, Not Divided";"None";"No Special Feature";"Concrete";"Piedmont";"Urban";NA;"No Control Present";"Cloudy";"No";"0.0, 0.0"
"2383";176;177;"Yes";"40-49";43;"No";"With Traffic";"C: Possible Injury";"Travel Lane";"White";"Male";"None - Rural Crash";"Henderson";"No";"01-01-02";2008-03-18;"Motorist Overtaking Bicyclist";7;"Non-Intersection";"01-03-01";1-01-01 07:31:58;"Motorist Overtaking - Misjudged Space";311232;2008;"C: Possible Injury";"Residential";NA;NA;"No";"36-40 mph";"Injury";"/Missing";NA;NA;"No";"Yes";"Daylight";"Urban (>70% Developed)";"2 lanes";2;"Straight - Level";"US Route";"Dry";"Two-Way, Not Divided";"None";"No Special Feature";"Smooth Asphalt";"Mountains";"Rural";"40 - 45  MPH";"Double Yellow Line, No Passing Zone";"Clear";"No";"0.0, 0.0"
"2384";177;178;"No";"15-Nov";12;"No";"With Traffic";"C: Possible Injury";"Travel Lane";"White";"Male";"Indian Trail";"Union";"No";"01-01-02";2008-03-18;"Bicyclist Failed to Yield - Sign-Controlled Intersection";17;"Intersection";"01-03-01";1-01-01 17:06:58;"Bicyclist Ride Through - Sign-Controlled Intersection";111144;2008;"C: Possible Injury";"Residential";"30-39";38;"No";"31-35 mph";"O: No Injury";"White";"Female";"Sport Utility";"No";"No";"Daylight";"Urban (>70% Developed)";"2 lanes";2;"Straight - Level";"State Secondary Route";"Dry";"Two-Way, Not Divided";"None";"T-Intersection";"Smooth Asphalt";"Piedmont";"Urban";"40 - 45  MPH";"Stop Sign";"Cloudy";"No";"0.0, 0.0"
"2385";180;181;"Yes";"0-5";5;"No";"Not Applicable";"B: Evident Injury";"Non-Roadway";"Hispanic";"Male";"None - Rural Crash";"Dare";"No";"01-01-04";2008-03-20;"Bicyclist Failed to Yield - Midblock";18;"Non-Intersection";"01-03-01";1-01-01 18:48:58;"Bicyclist Ride Out - Commercial Driveway / Alley";363312;2008;"B: Evident Injury";"Residential";"20-24";22;"No";"31-35 mph";"O: No Injury";"White";"Female";"Passenger Car";"No";"No";"Dusk";"Urban (>70% Developed)";"2 lanes";2;"Straight - Level";"State Secondary Route";"Dry";"Two-Way, Not Divided";"None";"Driveway, Public";"Coarse Asphalt";"Coastal";"Rural";"30 - 35  MPH";"Double Yellow Line, No Passing Zone";"Cloudy";"No";"0.0, 0.0"
"2386";189;190;"No";"40-49";46;"No";"Facing Traffic";"C: Possible Injury";"Travel Lane";"White";"Male";"Gastonia";"Gaston";"No";"01-01-03";2008-03-26;"Motorist Failed to Yield - Midblock";14;"Non-Intersection";"01-03-01";1-01-01 14:06:58;"Motorist Drive Out - Commercial Driveway / Alley";312322;2008;"C: Possible Injury";"Commercial";"60-69";62;"No";NA;"O: No Injury";"Black";"Female";"Passenger Car";"No";"No";"Daylight";"Urban (>70% Developed)";"5 lanes";2;"Straight - Level";"Local Street";"Dry";"Two-Way, Not Divided";"None";"Driveway, Public";"Smooth Asphalt";"Piedmont";"Urban";NA;"Missing";"Clear";"No";"0.0, 0.0"
"2387";193;194;"Yes";"40-49";44;"Yes";"With Traffic";"C: Possible Injury";"Travel Lane";"Black";"Male";"None - Rural Crash";"Wake";"Yes";"01-01-07";2008-05-18;"Motorist Overtaking Bicyclist";23;"Non-Intersection";"01-05-01";1-01-01 23:27:58;"Motorist Overtaking - Other /";311239;2008;"C: Possible Injury";"Farms, Woods, Pastures";NA;NA;"Missing";"41-45 mph";"Injury";"/Missing";NA;NA;"No";"Yes";"Dark - Roadway Not Lighted";"Rural (<30% Developed)";"2 lanes";2;"Straight - Level";"State Secondary Route";"Wet";"Two-Way, Not Divided";"None";"No Special Feature";"Smooth Asphalt";"Piedmont";"Rural";"40 - 45  MPH";"No Control Present";"Cloudy";"No";"0.0, 0.0"
"2388";197;198;"Yes";"25-29";28;"No";"With Traffic";"B: Evident Injury";"Travel Lane";"White";"Male";"None - Rural Crash";"Rowan";"No";"01-01-04";2008-03-27;"Loss of Control / Turning Error";15;"Intersection";"01-03-01";1-01-01 15:09:58;"Motorist Turning Error - Left Turn";111111;2008;"B: Evident Injury";"Farms, Woods, Pastures";"60-69";61;"No";"31-35 mph";"O: No Injury";"White";"Male";"Single Unit Truck (2-Axle, 6-Tire)";"No";"No";"Daylight";"Rural (<30% Developed)";"2 lanes";2;"Straight - Grade";"State Secondary Route";"Dry";"Two-Way, Not Divided";"None";"T-Intersection";"Smooth Asphalt";"Piedmont";"Rural";"40 - 45  MPH";"Stop Sign";"Clear";"No";"0.0, 0.0"
"2389";199;200;"Yes";"15-Nov";14;"No";"With Traffic";"C: Possible Injury";"Travel Lane";"White";"Male";"Greensboro";"Guilford";"No";"01-01-04";2008-03-27;"Bicyclist Left Turn / Merge";16;"Intersection";"01-03-01";1-01-01 16:36:58;"Bicyclist Left Turn - Same Direction";111221;2008;"C: Possible Injury";"Residential";"25-29";29;"No";"31-35 mph";"O: No Injury";"White";"Male";"Passenger Car";"No";"No";"Daylight";"Urban (>70% Developed)";"2 lanes";2;"Straight - Level";"Local Street";"Dry";"Two-Way, Not Divided";"None";"No Special Feature";"Coarse Asphalt";"Piedmont";"Urban";"30 - 35  MPH";"No Control Present";"Clear";"No";"0.0, 0.0"
"2390";208;209;"Yes";"25-29";27;"No";"With Traffic";"B: Evident Injury";"Travel Lane";"White";"Male";"Raleigh";"Wake";"No";"01-01-03";2008-04-02;"Bicyclist Failed to Yield - Sign-Controlled Intersection";19;"Intersection";"01-04-01";1-01-01 19:09:58;"Bicyclist Ride Through - Sign-Controlled Intersection";111144;2008;"B: Evident Injury";"Residential";"25-29";28;"No";"21-25 mph";"O: No Injury";"White";"Female";"Passenger Car";"No";"No";"Daylight";"Urban (>70% Developed)";"2 lanes";2;"Straight - Bottom";"Local Street";"Dry";"Two-Way, Not Divided";"None";"Four-Way Intersection";"Smooth Asphalt";"Piedmont";"Urban";"20 - 25  MPH";"Stop Sign";"Clear";"No";"0.0, 0.0"
"2391";209;210;"No";"15-Nov";13;"No";"With Traffic";"C: Possible Injury";"Multi-use Path";"White";"Female";"Kill Devil Hills";"Dare";"No";"01-01-03";2008-04-02;"Motorist Right Turn / Merge";7;"Intersection";"01-04-01";1-01-01 07:49:58;"Motorist Right Turn - Same Direction";141213;2008;"C: Possible Injury";"Institutional";"0-19";18;"No";"11-15 mph";"O: No Injury";"White";"Male";"Sport Utility";"No";"No";"Daylight";"Mixed (30% To 70% Developed)";NA;2;"Straight - Level";"Public Vehicular Area";"Dry";"Two-Way, Not Divided";"None";"Driveway, Public";"Smooth Asphalt";"Coastal";"Urban";"20 - 25  MPH";"Missing";"Cloudy";"No";"0.0, 0.0"
"2392";215;216;"No";"10-Jun";10;"No";"With Traffic";"Injury";"Travel Lane";"/Missing";NA;"Rocky Mount";"Nash";"No";"01-01-03";2008-04-09;"Loss of Control / Turning Error";16;"Intersection";"01-04-01";1-01-01 16:46:58;"Bicyclist Lost Control - Mechanical Problems";111121;2008;"O: No Injury";"Commercial";"25-29";25;"No";"16-20 mph";"O: No Injury";"Black";"Female";"Passenger Car";"No";"No";"Daylight";"Urban (>70% Developed)";"2 lanes";2;"Straight - Level";"Local Street";"Dry";"Two-Way, Not Divided";"None";"No Special Feature";"Coarse Asphalt";"Coastal";"Urban";"30 - 35  MPH";"No Control Present";"Clear";"No";"0.0, 0.0"
"2393";217;218;"No";"15-Nov";13;"No";"With Traffic";"C: Possible Injury";NA;"White";"Female";"Concord";"Cabarrus";"No";"01-01-05";2008-04-04;"Loss of Control / Turning Error";17;"Intersection";"01-04-01";1-01-01 17:09:58;"Bicyclist Lost Control - Other /";191129;2008;"C: Possible Injury";"Commercial";"40-49";47;"No";"0-5 mph";"O: No Injury";"White";"Female";"Passenger Car";"No";"No";"Daylight";"Urban (>70% Developed)";"5 lanes";2;"Straight - Hillcrest";"Local Street";"Dry";"Two-Way, Not Divided";"None";"T-Intersection";"Smooth Asphalt";"Piedmont";"Urban";"30 - 35  MPH";"Stop Sign";"Clear";"No";"0.0, 0.0"
"2394";218;219;"Yes";"16-19";16;"No";NA;"B: Evident Injury";"Travel Lane";"White";"Male";"Charlotte";"Mecklenburg";"No";"01-01-05";2008-05-23;"Bicyclist Failed to Yield - Midblock";15;"Non-Intersection";"01-05-01";1-01-01 15:45:58;"Multiple Threat - Midblock";319357;2008;"B: Evident Injury";"Commercial";"25-29";25;"No";"21-25 mph";"O: No Injury";"Black";"Female";"Passenger Car";"No";"No";"Daylight";"Urban (>70% Developed)";"4 lanes";2;"Straight - Level";"Local Street";"Dry";"Two-Way, Divided, Unprotected Median";"None";"No Special Feature";"Smooth Asphalt";"Piedmont";"Urban";"30 - 35  MPH";"Stop And Go Signal";"Clear";"No";"0.0, 0.0"
"2395";222;223;"No";"30-39";36;"No";"With Traffic";"B: Evident Injury";NA;"White";"Male";"Carrboro";"Orange";"No";"01-01-02";2008-04-08;"Motorist Overtaking Bicyclist";17;"Intersection";"01-04-01";1-01-01 17:36:58;"Motorist Overtaking - Bicyclist Swerved";191235;2008;"B: Evident Injury";"Residential";"50-59";50;"No";"31-35 mph";"O: No Injury";"White";"Female";"Passenger Car";"No";"No";"Daylight";"Urban (>70% Developed)";"2 lanes";2;"Straight - Level";"Local Street";"Dry";"Two-Way, Not Divided";"None";"T-Intersection";"Smooth Asphalt";"Piedmont";"Urban";"30 - 35  MPH";"No Control Present";"Clear";"No";"0.0, 0.0"
"2396";229;230;"Yes";"0-5";5;"No";NA;"A: Disabling Injury";NA;"Black";"Female";"Charlotte";"Mecklenburg";"No";NA;2008-05-12;"Other /  - Insufficient Details";16;"Intersection-Related";"01-05-01";1-01-01 16:55:58;"Approach Paths";2990970;2008;"A: Disabling Injury";"Residential";"30-39";37;"No";"0-5 mph";"O: No Injury";"Black";"Female";"School Bus";"No";"No";"Daylight";"Urban (>70% Developed)";"2 lanes";2;"Straight - Grade";"Local Street";"Dry";"Two-Way, Not Divided";"None";"T-Intersection";"Smooth Asphalt";"Piedmont";"Urban";"20 - 25  MPH";"Stop Sign";"Clear";"No";"0.0, 0.0"
"2397";232;233;"Yes";"50-59";51;"No";"Not Applicable";"B: Evident Injury";"Bike Lane / Paved Shoulder";"Black";"Male";"Lumber Bridge";"Robeson";"No";"01-01-06";2008-04-12;"Non-Roadway";11;"Non-Roadway";"01-04-01";1-01-01 11:24:58;"Non-Roadway";420910;2008;"B: Evident Injury";"Residential";"30-39";36;"No";"16-20 mph";"O: No Injury";"Black";"Male";"Police";"No";"No";"Daylight";"Urban (>70% Developed)";NA;2;"Straight - Level";"Public Vehicular Area";"Dry";NA;"None";"Other";"Other";"Coastal";"Rural";"20 - 25  MPH";"Missing";"Clear";"No";"0.0, 0.0"
"2398";249;250;"No";"15-Nov";15;"No";"Facing Traffic";"O: No Injury";"Sidewalk / Crosswalk / Driveway Crossing";"Black";"Male";"Raleigh";"Wake";"No";"01-01-06";2008-05-31;"Motorist Failed to Yield - Sign-Controlled Intersection";11;"Intersection";"01-05-01";1-01-01 11:53:58;"Motorist Drive Out - Sign-Controlled Intersection";132141;2008;"O: No Injury";"Residential";"25-29";29;"No";"0-5 mph";"O: No Injury";"White";"Female";"Sport Utility";"No";"No";"Daylight";"Mixed (30% To 70% Developed)";"2 lanes";2;"Straight - Level";"Private Road, Driveway";"Dry";"Two-Way, Not Divided";"None";"Driveway, Private";"Coarse Asphalt";"Piedmont";"Urban";"20 - 25  MPH";"Stop Sign";"Clear";"No";"0.0, 0.0"
"2399";257;258;"Yes";"10-Jun";6;"No";"With Traffic";"B: Evident Injury";"Travel Lane";"Black";"Male";"Enfield";"Halifax";"No";"01-01-06";2008-04-19;"Bicyclist Failed to Yield - Sign-Controlled Intersection";16;"Intersection";"01-04-01";1-01-01 16:31:58;"Bicyclist Ride Through - Sign-Controlled Intersection";111144;2008;"B: Evident Injury";"Residential";"20-24";24;"No";"21-25 mph";"O: No Injury";"Black";"Male";"Passenger Car";"No";"No";"Daylight";"Urban (>70% Developed)";"2 lanes";2;"Curve - Grade";"Local Street";"Dry";"Two-Way, Not Divided";"None";"No Special Feature";"Smooth Asphalt";"Coastal";"Rural";"20 - 25  MPH";"Stop Sign";"Clear";"No";"0.0, 0.0"
"2400";265;266;"No";"40-49";49;"No";"With Traffic";"B: Evident Injury";"Travel Lane";"White";"Male";"None - Rural Crash";"Durham";"No";"01-01-04";2008-04-24;"Motorist Failed to Yield - Sign-Controlled Intersection";17;"Intersection";"01-04-01";1-01-01 17:24:58;"Motorist Drive Out - Sign-Controlled Intersection";111141;2008;"B: Evident Injury";"Farms, Woods, Pastures";"40-49";40;"No";NA;"O: No Injury";"White";"Female";"Passenger Car";"No";"No";"Daylight";"Rural (<30% Developed)";"2 lanes";2;"Curve - Bottom";"State Secondary Route";"Dry";"Two-Way, Not Divided";"None";"Four-Way Intersection";"Smooth Asphalt";"Piedmont";"Rural";NA;"Stop Sign";"Clear";"No";"0.0, 0.0"
"2401";354;355;"Yes";"16-19";17;"No";"With Traffic";"B: Evident Injury";"Travel Lane";"Black";"Male";"Wilmington";"New Hanover";"No";"01-01-05";2010-06-11;"Bicyclist Failed to Yield - Sign-Controlled Intersection";12;"Intersection";"01-06-01";1-01-01 12:52:58;"Bicyclist Ride Through - Sign-Controlled Intersection";0;2010;"B: Evident Injury";"Residential";"30-39";39;"No";"31-35 mph";"O: No Injury";"White";"Male";"Sport Utility";"No";"No";"Daylight";"Urban (>70% Developed)";"3 lanes";2;"Straight - Level";"Local Street";"Dry";"One-Way, Not Divided";"None";"Four-Way Intersection";"Smooth Asphalt";"Coastal";"Urban";"30 - 35  MPH";"Stop Sign";"Clear";"No";"34.22666, -77.93029"
"2402";355;356;"Yes";"20-24";22;"No";"Facing Traffic";"C: Possible Injury";"Sidewalk / Crosswalk / Driveway Crossing";"Black";"Male";"Fayetteville";"Cumberland";"No";NA;2010-06-21;"Motorist Failed to Yield - Midblock";16;"Non-Intersection";"01-06-01";1-01-01 16:57:58;"Motorist Drive Out - Midblock -";0;2010;"C: Possible Injury";"Commercial";"25-29";25;"No";"0-5 mph";"O: No Injury";"White";"Female";"Sport Utility";"No";"No";"Daylight";"Urban (>70% Developed)";NA;2;"Straight - Level";"Public Vehicular Area";"Dry";"Two-Way, Not Divided";"None";"Driveway, Public";"Smooth Asphalt";"Coastal";"Urban";"20 - 25  MPH";"No Control Present";"Clear";"No";"35.06693, -78.9488"
"2403";357;358;"Yes";"40-49";49;"No";"With Traffic";"C: Possible Injury";"Travel Lane";"Black";"Male";"None - Rural Crash";"Granville";"No";"01-01-07";2010-06-20;"Motorist Overtaking Bicyclist";14;"Non-Intersection";"01-06-01";1-01-01 14:26:58;"Motorist Overtaking - Other /";0;2010;"C: Possible Injury";"Residential";"0-19";17;"No";"41-45 mph";"O: No Injury";"Black";"Male";"Sport Utility";"No";"No";"Daylight";"Mixed (30% To 70% Developed)";"2 lanes";2;"Curve - Level";"State Secondary Route";"Dry";"Two-Way, Not Divided";"None";"No Special Feature";"Coarse Asphalt";"Piedmont";"Rural";"40 - 45  MPH";"Double Yellow Line, No Passing Zone";"Clear";"No";"36.311058, -78.55274"
"2404";366;367;"No";"15-Nov";13;"No";"With Traffic";"C: Possible Injury";"Sidewalk / Crosswalk / Driveway Crossing";"Black";"Male";"Greensboro";"Guilford";"No";NA;2010-06-07;"Crossing Paths - Other Circumstances";21;"Intersection";"01-06-01";1-01-01 21:17:58;"Signalized Intersection - Other /";0;2010;"C: Possible Injury";"Residential";"60-69";63;"No";"6-10 mph";"O: No Injury";"Black";"Male";"Passenger Car";"No";"No";"Dark - Lighted Roadway";"Urban (>70% Developed)";"4 lanes";2;"Straight - Level";"Local Street";"Dry";"Two-Way, Divided, Unprotected Median";"None";"No Special Feature";"Smooth Asphalt";"Piedmont";"Urban";"30 - 35  MPH";"Stop And Go Signal";"Clear";"No";"36.033146, -79.85014"
"2405";369;370;"Yes";"10-Jun";8;"No";"With Traffic";"A: Disabling Injury";"Travel Lane";"Hispanic";"Female";"Charlotte";"Mecklenburg";"No";"01-01-03";2010-06-16;"Bicyclist Failed to Yield - Sign-Controlled Intersection";14;"Intersection";"01-06-01";1-01-01 14:06:58;"Bicyclist Ride Through - Sign-Controlled Intersection";0;2010;"A: Disabling Injury";"Residential";"25-29";27;"No";"21-25 mph";"O: No Injury";"White";"Male";"Single Unit Truck (2-Axle, 6-Tire)";"No";"No";"Daylight";"Urban (>70% Developed)";"2 lanes";2;"Straight - Grade";"Local Street";"Dry";"Two-Way, Not Divided";"None";"T-Intersection";"Smooth Asphalt";"Piedmont";"Urban";"30 - 35  MPH";"Stop Sign";"Clear";"No";"35.17051, -80.90014"
"2406";371;372;"Yes";"20-24";22;"No";"With Traffic";"Injury";"Travel Lane";"Asian";"Male";"Holly Springs";"Wake";"No";"01-01-06";2010-06-26;"Motorist Left Turn / Merge";10;"Intersection";"01-06-01";1-01-01 10:27:58;"Motorist Left Turn - Opposite Direction";0;2010;"O: No Injury";"Residential";"0-19";18;"No";"31-35 mph";"O: No Injury";"White";"Male";"Passenger Car";"No";"No";"Daylight";"Urban (>70% Developed)";"2 lanes";2;"Straight - Level";"Local Street";"Dry";"Two-Way, Not Divided";"None";"T-Intersection";"Coarse Asphalt";"Piedmont";"Urban";"20 - 25  MPH";"No Control Present";"Clear";"No";"35.654903, -78.83032"
"2407";378;379;"Yes";"50-59";51;"No";"With Traffic";"B: Evident Injury";"Travel Lane";"White";"Male";"Cary";"Wake";"No";NA;2010-06-28;"Loss of Control / Turning Error";12;"Non-Intersection";"01-06-01";1-01-01 12:41:58;"Motorist Turning Error - Left Turn";0;2010;"B: Evident Injury";"Residential";"40-49";44;"No";"11-15 mph";"O: No Injury";"White";"Male";"Passenger Car";"No";"No";"Daylight";"Urban (>70% Developed)";"3 lanes";2;"Straight - Level";"NC Route";"Dry";"Two-Way, Not Divided";"None";"Related To Intersection";"Smooth Asphalt";"Piedmont";"Urban";"30 - 35  MPH";"Stop Sign";"Clear";"No";"35.784527, -78.85623"
"2408";380;381;"No";"40-49";41;"No";"With Traffic";"C: Possible Injury";"Travel Lane";"White";"Male";"Midway";"Davidson";"No";NA;2010-06-28;"Motorist Failed to Yield - Sign-Controlled Intersection";13;"Intersection";"01-06-01";1-01-01 13:46:58;"Motorist Drive Out - Sign-Controlled Intersection";0;2010;"C: Possible Injury";"Farms, Woods, Pastures";"60-69";66;"No";"11-15 mph";"O: No Injury";"White";"Female";"Passenger Car";"No";"No";"Daylight";"Rural (<30% Developed)";"2 lanes";2;"Straight - Level";"State Secondary Route";"Dry";"Two-Way, Not Divided";"None";"T-Intersection";"Smooth Asphalt";"Piedmont";"Rural";"40 - 45  MPH";"Stop Sign";"Clear";"No";"35.975605, -80.24884"
"2409";384;385;"Yes";"60-69";62;"No";"With Traffic";"B: Evident Injury";"Travel Lane";"Native American";"Male";"Lumberton";"Robeson";"No";"01-01-05";2010-06-18;"Motorist Failed to Yield - Sign-Controlled Intersection";8;"Intersection";"01-06-01";1-01-01 08:47:58;"Motorist Drive Out - Sign-Controlled Intersection";0;2010;"B: Evident Injury";"Commercial";"40-49";49;"No";"26-30 mph";"O: No Injury";"White";"Male";"Pickup";"No";"No";"Daylight";"Mixed (30% To 70% Developed)";"2 lanes";2;"Straight - Level";"NC Route";"Dry";"Two-Way, Not Divided";"None";"No Special Feature";"Coarse Asphalt";"Coastal";"Urban";"40 - 45  MPH";"No Control Present";"Clear";"No";"34.660053, -79.02712"
"2410";387;388;"Yes";"50-59";53;"No";"Facing Traffic";"B: Evident Injury";"Travel Lane";"Black";"Male";"Durham";"Durham";"No";NA;2010-06-28;"Bicyclist Failed to Yield - Sign-Controlled Intersection";17;"Intersection";"01-06-01";1-01-01 17:48:58;"Bicyclist Ride Out - Sign-Controlled Intersection";0;2010;"B: Evident Injury";"Commercial";"50-59";55;"No";"6-10 mph";"O: No Injury";"White";"Male";"Passenger Car";"No";"No";"Daylight";"Urban (>70% Developed)";"2 lanes";2;"Straight - Grade";"Local Street";"Dry";"Two-Way, Not Divided";"None";"T-Intersection";"Coarse Asphalt";"Piedmont";"Urban";"30 - 35  MPH";"Stop Sign";"Clear";"No";"35.99054, -78.89605"
"2411";390;391;"Yes";"40-49";44;"No";"Facing Traffic";"B: Evident Injury";"Travel Lane";"White";"Female";"Emerald Isle";"Carteret";"No";"01-01-05";2010-06-18;"Motorist Left Turn / Merge";9;"Intersection";"01-06-01";1-01-01 09:39:58;"Motorist Left Turn - Opposite Direction";0;2010;"B: Evident Injury";"Commercial";"25-29";25;"No";"41-45 mph";"O: No Injury";"White";"Male";"Passenger Car";"No";"No";"Daylight";"Urban (>70% Developed)";"9 or more lanes";2;"Straight - Level";"NC Route";"Dry";"Two-Way, Not Divided";"None";"Four-Way Intersection";"Coarse Asphalt";"Coastal";"Rural";"20 - 25  MPH";"No Control Present";"Clear";"No";"34.66111, -77.05265"
"2412";392;393;"Yes";"0-5";2;"No";"Not Applicable";"B: Evident Injury";"Driveway / Alley";"Black";"Male";"Durham";"Durham";"No";"01-01-04";2010-07-01;"Bicyclist Failed to Yield - Midblock";17;"Non-Intersection";"01-07-01";1-01-01 17:17:58;"Bicyclist Ride Out - Residential Driveway";0;2010;"B: Evident Injury";"Residential";"40-49";44;"No";"26-30 mph";"O: No Injury";"Black";"Male";"Van";"No";"No";"Daylight";"Urban (>70% Developed)";"2 lanes";3;"Straight - Hillcrest";"Local Street";"Dry";"One-Way, Not Divided";"None";"Driveway, Private";"Smooth Asphalt";"Piedmont";"Urban";"30 - 35  MPH";"No Control Present";"Clear";"No";"36.009052, -78.905655"