"FID";"OBJECTID";"AmbulanceR";"BikeAge_Gr";"Bike_Age";"Bike_Alc_D";"Bike_Dir";"Bike_Injur";"Bike_Pos";"Bike_Race";"Bike_Sex";"City";"County";"CrashAlcoh";"CrashDay";"Crash_Date";"Crash_Grp";"Crash_Hour";"Crash_Loc";"Crash_Mont";"Crash_Time";"Crash_Type";"Crash_Ty_1";"Crash_Year";"Crsh_Sevri";"Developmen";"DrvrAge_Gr";"Drvr_Age";"Drvr_Alc_D";"Drvr_EstSp";"Drvr_Injur";"Drvr_Race";"Drvr_Sex";"Drvr_VehTy";"ExcsSpdInd";"Hit_Run";"Light_Cond";"Locality";"Num_Lanes";"Num_Units";"Rd_Charact";"Rd_Class";"Rd_Conditi";"Rd_Config";"Rd_Defects";"Rd_Feature";"Rd_Surface";"Region";"Rural_Urba";"Speed_Limi";"Traff_Cntr";"Weather";"Workzone_I";"Location"
"2413";393;394;"Yes";"15-Nov";12;"No";"With Traffic";"B: Evident Injury";"Travel Lane";"White";"Male";"None - Rural Crash";"Iredell";"No";"01-01-05";2010-07-02;"Bicyclist Left Turn / Merge";15;"Non-Intersection";"01-07-01";1-01-01 15:18:58;"Bicyclist Left Turn - Same Direction";0;2010;"B: Evident Injury";"Farms, Woods, Pastures";"70+";NA;"No";"0-5 mph";"O: No Injury";"White";"Female";"Passenger Car";"No";"No";"Daylight";"Rural (<30% Developed)";"2 lanes";2;"Straight - Grade";"State Secondary Route";"Dry";"Two-Way, Not Divided";"None";"No Special Feature";"Coarse Asphalt";"Piedmont";"Rural";"50 - 55  MPH";"Double Yellow Line, No Passing Zone";"Clear";"No";"36.011597, -80.96157"
"2414";394;395;"Yes";"40-49";45;"No";"With Traffic";"B: Evident Injury";"Travel Lane";"White";"Male";"None - Rural Crash";"Dare";"Yes";"01-01-04";2010-07-01;"Motorist Right Turn / Merge";16;"Non-Intersection";"01-07-01";1-01-01 16:09:58;"Motorist Right Turn - Same Direction";0;2010;"B: Evident Injury";"Farms, Woods, Pastures";"40-49";49;"Yes";"41-45 mph";"O: No Injury";"White";"Male";"Sport Utility";"No";"No";"Daylight";"Rural (<30% Developed)";"2 lanes";2;"Straight - Level";"NC Route";"Dry";"Two-Way, Not Divided";"None";"No Special Feature";"Smooth Asphalt";"Coastal";"Rural";"50 - 55  MPH";"No Control Present";"Clear";"No";"35.16909, -75.8157"
"2415";398;399;"Yes";"30-39";38;"No";"With Traffic";"B: Evident Injury";"Travel Lane";"Black";"Male";"Durham";"Durham";"No";"01-01-06";2010-07-03;"Bicyclist Overtaking Motorist";16;"Non-Intersection";"01-07-01";1-01-01 15:59:58;"Bicyclist Overtaking - Other /";0;2010;"B: Evident Injury";"Commercial";"40-49";47;"No";"0-5 mph";"O: No Injury";"White";"Male";"Passenger Car";"No";"No";"Daylight";"Urban (>70% Developed)";"2 lanes";2;"Straight - Level";"Local Street";"Dry";"Two-Way, Not Divided";"None";"No Special Feature";"Coarse Asphalt";"Piedmont";"Urban";"30 - 35  MPH";"No Control Present";"Clear";"No";"35.992947, -78.87036"
"2416";400;401;"Yes";"30-39";39;"No";"With Traffic";"B: Evident Injury";"Travel Lane";"White";"Male";"None - Rural Crash";"Wake";"No";NA;2010-07-05;"Motorist Overtaking Bicyclist";19;"Non-Intersection";"01-07-01";1-01-01 19:44:58;"Motorist Overtaking - Undetected Bicyclist";0;2010;"B: Evident Injury";"Farms, Woods, Pastures";"25-29";27;"No";"41-45 mph";"O: No Injury";"White";"Male";"Van";"No";"No";"Daylight";"Rural (<30% Developed)";"2 lanes";2;"Straight - Grade";"State Secondary Route";"Dry";"Two-Way, Not Divided";"None";"No Special Feature";"Coarse Asphalt";"Piedmont";"Rural";"40 - 45  MPH";"No Control Present";"Clear";"No";"35.652107, -78.65876"
"2417";415;416;"No";"16-19";17;"No";"Not Applicable";"C: Possible Injury";"Travel Lane";"Black";"Male";"Charlotte";"Mecklenburg";"No";"01-01-05";2010-06-25;"Bicyclist Failed to Yield - Midblock";11;"Non-Intersection";"01-06-01";1-01-01 11:37:58;"Bicyclist Ride Out - Commercial Driveway / Alley";0;2010;"C: Possible Injury";"Commercial";"70+";NA;"No";"26-30 mph";"O: No Injury";"Black";"Male";"Van";"No";"No";"Daylight";"Urban (>70% Developed)";"4 lanes";2;"Straight - Level";"Local Street";"Dry";"Two-Way, Divided, Unprotected Median";"None";"No Special Feature";"Coarse Asphalt";"Piedmont";"Urban";"30 - 35  MPH";"No Control Present";"Clear";"No";"35.250088, -80.77882"
"2418";425;426;"No";"16-19";19;"No";"With Traffic";"O: No Injury";"Travel Lane";"White";"Male";"Kill Devil Hills";"Dare";"No";"01-01-05";2010-06-18;"Bicyclist Right Turn / Merge";21;"Non-Intersection";"01-06-01";1-01-01 21:50:58;"Bicyclist Right Turn - Same Direction";0;2010;"O: No Injury";"Commercial";"20-24";23;"No";"46-50 mph";"O: No Injury";"White";"Female";"Sport Utility";"No";"No";"Dark - Lighted Roadway";"Urban (>70% Developed)";"5 lanes";2;"Straight - Level";"US Route";"Dry";"Two-Way, Not Divided";"None";"No Special Feature";"Coarse Asphalt";"Coastal";"Urban";"50 - 55  MPH";"No Control Present";"Clear";"No";"36.000805, -75.653076"
"2419";431;432;"Yes";"20-24";21;"No";"Not Applicable";"B: Evident Injury";"Sidewalk / Crosswalk / Driveway Crossing";"White";"Male";"Charlotte";"Mecklenburg";"No";"01-01-02";2010-06-29;"Bicyclist Failed to Yield - Sign-Controlled Intersection";9;"Intersection";"01-06-01";1-01-01 09:53:58;"Bicyclist Ride Out - Sign-Controlled Intersection";0;2010;"B: Evident Injury";"Commercial";"50-59";53;"No";"31-35 mph";"O: No Injury";"Hispanic";"Male";"Van";"No";"No";"Daylight";"Urban (>70% Developed)";"4 lanes";2;"Straight - Level";"Local Street";"Dry";"Two-Way, Divided, Unprotected Median";"None";"T-Intersection";"Coarse Asphalt";"Piedmont";"Urban";"40 - 45  MPH";"Stop And Go Signal";"Clear";"No";"35.119724, -80.88117"
"2420";445;446;"Yes";NA;NA;"No";"Facing Traffic";"B: Evident Injury";"Travel Lane";"White";"Male";"Statesville";"Iredell";"No";"01-01-02";2010-07-06;"Bicyclist Right Turn / Merge";22;"Non-Intersection";"01-07-01";1-01-01 22:44:58;"Bicyclist Right Turn - Opposite Direction";0;2010;"B: Evident Injury";"Residential";"0-19";19;"No";NA;"O: No Injury";"White";"Male";"Passenger Car";"No";"No";"Dark - Roadway Not Lighted";"Urban (>70% Developed)";"2 lanes";2;"Straight - Level";"Local Street";"Dry";"Two-Way, Not Divided";"None";"No Special Feature";"Smooth Asphalt";"Piedmont";"Urban";NA;"No Control Present";"Clear";"No";"35.798187, -80.83235"
"2421";450;451;"No";"40-49";47;"No";"With Traffic";"C: Possible Injury";"Travel Lane";"Hispanic";"Male";"Raleigh";"Wake";"No";"01-01-07";2010-07-11;"Motorist Left Turn / Merge";20;"Intersection";"01-07-01";1-01-01 20:21:58;"Motorist Left Turn - Opposite Direction";0;2010;"C: Possible Injury";"Residential";"30-39";35;"No";"16-20 mph";"O: No Injury";"Black";"Female";"Passenger Car";"No";"Yes";"Daylight";"Urban (>70% Developed)";"8 lanes";2;"Straight - Grade";"Local Street";"Dry";"Two-Way, Not Divided";"None";"Four-Way Intersection";"Coarse Asphalt";"Piedmont";"Urban";"20 - 25  MPH";"Stop Sign";"Clear";"No";"35.76814, -78.62271"
"2422";477;478;"Yes";"20-24";24;"No";"With Traffic";"C: Possible Injury";"Travel Lane";"White";"Male";"Durham";"Durham";"No";NA;2010-08-02;"Bicyclist Failed to Yield - Midblock";14;"Non-Intersection";"01-08-01";1-01-01 14:32:58;"Bicyclist Ride Out - Commercial Driveway / Alley";0;2010;"C: Possible Injury";"Residential";NA;NA;"Missing";NA;"Injury";"/Missing";NA;"Passenger Car";"No";"Yes";"Daylight";"Urban (>70% Developed)";"2 lanes";2;"Straight - Level";"Local Street";"Dry";"Two-Way, Not Divided";"None";"No Special Feature";"Smooth Asphalt";"Piedmont";"Urban";NA;"No Control Present";"Clear";"No";"35.99282, -78.865814"
"2423";481;482;"Yes";"15-Nov";15;"No";"Not Applicable";"C: Possible Injury";"Driveway / Alley";"Black";"Male";"Raleigh";"Wake";"No";"01-01-02";2010-07-13;"Motorist Failed to Yield - Midblock";12;"Non-Intersection";"01-07-01";1-01-01 12:41:58;"Motorist Drive Out - Commercial Driveway / Alley";0;2010;"C: Possible Injury";"Commercial";"50-59";50;"No";"0-5 mph";"O: No Injury";"Black";"Male";"Pickup";"No";"No";"Daylight";"Urban (>70% Developed)";"2 lanes";2;"Straight - Level";"Local Street";"Dry";"Two-Way, Not Divided";"None";"T-Intersection";"Smooth Asphalt";"Piedmont";"Urban";"30 - 35  MPH";"No Control Present";"Clear";"No";"35.851147, -78.614586"
"2424";485;486;"Yes";"25-29";25;"No";"With Traffic";"B: Evident Injury";"Travel Lane";"/Missing";"Male";"Asheville";"Buncombe";"No";"01-01-06";2010-07-24;"Motorist Overtaking Bicyclist";13;"Non-Intersection";"01-07-01";1-01-01 13:34:58;"Motorist Overtaking - Misjudged Space";0;2010;"B: Evident Injury";"Commercial";NA;NA;"Missing";"36-40 mph";"Injury";"/Missing";NA;NA;"No";"Yes";"Daylight";"Urban (>70% Developed)";"2 lanes";2;"Curve - Level";"Local Street";"Dry";"Two-Way, Not Divided";"None";"No Special Feature";"Smooth Asphalt";"Mountains";"Urban";"40 - 45  MPH";"No Control Present";"Clear";"No";"35.546013, -82.60249"
"2425";494;495;"No";"40-49";42;"No";"With Traffic";"C: Possible Injury";"Travel Lane";"Black";"Male";"Kannapolis";"Cabarrus";"No";"01-01-05";2010-07-16;"Motorist Overtaking Bicyclist";10;"Non-Intersection";"01-07-01";1-01-01 10:58:58;"Motorist Overtaking - Other /";0;2010;"C: Possible Injury";"Residential";"20-24";20;"No";"21-25 mph";"O: No Injury";"White";"Female";"Passenger Car";"No";"No";"Daylight";"Rural (<30% Developed)";"2 lanes";2;"Straight - Level";"Local Street";"Dry";"Two-Way, Divided, Unprotected Median";"None";"No Special Feature";"Smooth Asphalt";"Piedmont";"Urban";"40 - 45  MPH";"No Control Present";"Clear";"No";"35.454586, -80.615974"
"2426";506;507;"Yes";"30-39";30;"No";"With Traffic";"C: Possible Injury";"Travel Lane";"White";"Female";"Raleigh";"Wake";"No";"01-01-02";2010-07-20;"Other / Unusual Circumstances";20;"Intersection";"01-07-01";1-01-01 20:06:58;"Bicycle Only";0;2010;"C: Possible Injury";"Commercial";"30-39";35;"No";"0-5 mph";"O: No Injury";"Black";"Male";"Pickup";"No";"No";"Daylight";"Urban (>70% Developed)";"5 lanes";2;"Straight - Level";"Local Street";"Dry";"Two-Way, Not Divided";"None";"T-Intersection";"Smooth Asphalt";"Piedmont";"Urban";"30 - 35  MPH";"Stop And Go Signal";"Cloudy";"No";"35.788277, -78.642075"
"2427";521;522;"No";"40-49";41;"No";"With Traffic";"C: Possible Injury";"Travel Lane";"Black";"Male";"Fayetteville";"Cumberland";"No";NA;2010-08-02;"Motorist Overtaking Bicyclist";22;"Non-Intersection";"01-08-01";1-01-01 22:44:58;"Motorist Overtaking - Other /";0;2010;"C: Possible Injury";"Commercial";NA;NA;"Missing";"21-25 mph";"Injury";"/Missing";NA;NA;"No";"Yes";"Dark - Lighted Roadway";"Urban (>70% Developed)";"3 lanes";2;"Straight - Level";"Local Street";"Dry";"Two-Way, Divided, Unprotected Median";"None";"No Special Feature";"Coarse Asphalt";"Coastal";"Urban";"20 - 25  MPH";"No Control Present";"Clear";"No";"35.02701, -78.92887"
"2428";523;524;"No";NA;NA;"Missing";"Not Applicable";"Injury";"Travel Lane";"/Missing";NA;"Wilmington";"New Hanover";"No";"01-01-07";2010-08-01;"Bicyclist Failed to Yield - Midblock";14;"Non-Intersection";"01-08-01";1-01-01 14:27:58;"Bicyclist Ride Out - Other Midblock";0;2010;"B: Evident Injury";"Residential";NA;NA;"Missing";NA;"Injury";"/Missing";NA;NA;"No";"Yes";"Daylight";"Urban (>70% Developed)";"2 lanes";2;"Straight - Level";"Local Street";"Dry";"Two-Way, Not Divided";"None";"No Special Feature";"Smooth Asphalt";"Coastal";"Urban";"20 - 25  MPH";"No Control Present";"Cloudy";"No";"34.244503, -77.90392"
"2429";524;525;"Yes";"16-19";19;"No";"Facing Traffic";"B: Evident Injury";"Travel Lane";"Hispanic";"Male";"Winston-Salem";"Forsyth";"No";NA;2010-07-26;"Other / Unusual Circumstances";19;"Intersection-Related";"01-07-01";1-01-01 19:17:58;"Motorist Intentionally Caused";0;2010;"B: Evident Injury";"Residential";NA;NA;"No";"11-15 mph";"Injury";"/Missing";NA;NA;"No";"Yes";"Daylight";"Urban (>70% Developed)";"2 lanes";2;"Straight - Level";"Local Street";"Dry";"Two-Way, Not Divided";"None";"No Special Feature";"Smooth Asphalt";"Piedmont";"Urban";"20 - 25  MPH";"No Control Present";"Clear";"No";"36.070343, -80.219284"
"2430";529;530;"Yes";"30-39";35;"No";"With Traffic";"B: Evident Injury";"Travel Lane";"White";"Male";"Raleigh";"Wake";"No";"01-01-04";2010-07-29;"Motorist Failed to Yield - Sign-Controlled Intersection";22;"Intersection";"01-07-01";1-01-01 22:23:58;"Motorist Drive Out - Sign-Controlled Intersection";0;2010;"B: Evident Injury";"Commercial";"30-39";33;"No";"0-5 mph";"O: No Injury";"Hispanic";"Male";"Passenger Car";"No";"No";"Dark - Lighted Roadway";"Urban (>70% Developed)";"4 lanes";2;"Straight - Grade";"NC Route";"Wet";"Two-Way, Divided, Unprotected Median";"None";"No Special Feature";"Smooth Asphalt";"Piedmont";"Urban";"40 - 45  MPH";"Stop Sign";"Rain";"No";"35.842003, -78.57522"
"2431";535;536;"No";"40-49";49;"No";"Facing Traffic";"C: Possible Injury";"Travel Lane";"White";"Female";"Oak Island";"Brunswick";"No";"01-01-03";2010-07-28;"Motorist Failed to Yield - Signalized Intersection";11;"Intersection";"01-07-01";1-01-01 11:29:58;"Motorist Drive Out - Signalized Intersection";0;2010;"C: Possible Injury";"Commercial";"70+";NA;"No";"0-5 mph";"O: No Injury";"White";"Male";"Van";"No";"No";"Daylight";"Urban (>70% Developed)";"3 lanes";2;"Straight - Level";"Local Street";"Dry";"Two-Way, Not Divided";"None";"Four-Way Intersection";"Smooth Asphalt";"Coastal";"Urban";"30 - 35  MPH";"Stop And Go Signal";"Clear";"No";"33.9121, -78.10598"
"2432";543;544;"Yes";"30-39";36;"No";"Facing Traffic";"C: Possible Injury";"Travel Lane";"Black";"Male";"High Point";"Guilford";"No";NA;2010-07-26;"Crossing Paths - Other Circumstances";8;"Intersection";"01-07-01";1-01-01 08:51:58;"Signalized Intersection - Other /";0;2010;"C: Possible Injury";"Residential";"30-39";39;"No";"6-10 mph";"O: No Injury";"White";"Male";"Pickup";"No";"No";"Daylight";"Urban (>70% Developed)";"4 lanes";2;"Straight - Level";"Local Street";"Dry";"Two-Way, Not Divided";"None";"Four-Way Intersection";"Smooth Asphalt";"Piedmont";"Urban";"30 - 35  MPH";"Stop And Go Signal";"Clear";"No";"35.9317, -79.97825"
"2433";545;546;"Yes";"16-19";16;"No";"With Traffic";"B: Evident Injury";"Multi-use Path";"White";"Male";"Kitty Hawk";"Dare";"No";NA;2010-07-05;"Bicyclist Failed to Yield - Sign-Controlled Intersection";18;"Intersection";"01-07-01";1-01-01 18:06:58;"Bicyclist Ride Through - Sign-Controlled Intersection";0;2010;"B: Evident Injury";"Commercial";"50-59";50;"No";"0-5 mph";"O: No Injury";"White";"Male";"Passenger Car";"No";"No";"Daylight";"Urban (>70% Developed)";"7 lanes";2;"Straight - Bottom";"US Route";"Dry";"Two-Way, Not Divided";"None";"Four-Way Intersection";"Coarse Asphalt";"Coastal";"Rural";"50 - 55  MPH";"Stop And Go Signal";"Clear";"No";"36.099117, -75.7205"
"2434";548;549;"Yes";"16-19";17;"No";"With Traffic";"B: Evident Injury";"Travel Lane";"White";"Male";"None - Rural Crash";"Carteret";"No";NA;2010-08-16;"Motorist Overtaking Bicyclist";23;"Non-Intersection";"01-08-01";1-01-01 23:47:58;"Motorist Overtaking - Undetected Bicyclist";0;2010;"B: Evident Injury";"Commercial";"20-24";21;"No";"51-55 mph";"O: No Injury";"White";"Male";"Passenger Car";"No";"No";"Dark - Roadway Not Lighted";"Mixed (30% To 70% Developed)";"4 lanes";2;"Straight - Level";"US Route";"Dry";"Two-Way, Divided, Unprotected Median";"None";"No Special Feature";"Coarse Asphalt";"Coastal";"Rural";"50 - 55  MPH";"No Control Present";"Clear";"No";"34.743423, -76.82486"
"2435";564;565;"No";"30-39";31;"No";"Facing Traffic";"O: No Injury";"Sidewalk / Crosswalk / Driveway Crossing";"White";"Male";"Raleigh";"Wake";"No";"01-01-05";2010-08-06;"Motorist Left Turn / Merge";22;"Intersection";"01-08-01";1-01-01 22:03:58;"Motorist Left Turn - Same Direction";0;2010;"O: No Injury";"Commercial";"25-29";27;"No";"16-20 mph";"O: No Injury";"Black";"Male";NA;"No";"Yes";"Daylight";"Urban (>70% Developed)";"4 lanes";2;"Straight - Level";"Local Street";"Dry";"Two-Way, Not Divided";"None";"No Special Feature";"Smooth Asphalt";"Piedmont";"Urban";"30 - 35  MPH";"Stop And Go Signal";"Clear";"No";"35.78098, -78.65053"
"2436";565;566;"Yes";"50-59";51;"No";"With Traffic";"C: Possible Injury";"Travel Lane";"White";"Male";"Durham";"Durham";"No";"01-01-05";2010-08-20;"Motorist Failed to Yield - Sign-Controlled Intersection";2;"Intersection";"01-08-01";1-01-01 02:00:58;"Motorist Drive Out - Sign-Controlled Intersection";0;2010;"C: Possible Injury";"Commercial";"40-49";44;"No";"0-5 mph";"O: No Injury";"Black";"Female";"Passenger Car";"No";"No";"Dark - Lighted Roadway";"Urban (>70% Developed)";"3 lanes";2;"Straight - Level";"Local Street";"Dry";"Two-Way, Not Divided";"None";"No Special Feature";"Smooth Asphalt";"Piedmont";"Urban";"30 - 35  MPH";"Stop Sign";"Cloudy";"No";"36.029102, -78.912476"
"2437";568;569;"No";"20-24";24;"No";"Not Applicable";"O: No Injury";"Non-Roadway";"White";"Male";"Jacksonville";"Onslow";"No";"01-01-02";2010-08-10;"Non-Roadway";15;"Non-Roadway";"01-08-01";1-01-01 15:44:58;"Non-Roadway";0;2010;"O: No Injury";"Commercial";"30-39";34;"No";"11-15 mph";"O: No Injury";"Black";"Female";"Passenger Car";"No";"No";"Daylight";"Urban (>70% Developed)";NA;2;"Straight - Level";"Public Vehicular Area";"Dry";"Two-Way, Not Divided";"None";"No Special Feature";"Smooth Asphalt";"Coastal";"Urban";"5 - 15 MPH";"No Control Present";"Clear";"No";"34.776756, -77.39129"
"2438";571;572;"Yes";"25-29";29;"No";"With Traffic";"B: Evident Injury";"Travel Lane";"Black";"Male";"Marietta";"Robeson";"No";"01-01-04";2010-08-12;"Other / Unusual Circumstances";0;"Non-Intersection";"01-08-01";1-01-01 00:34:58;"Unusual Circumstances";0;2010;"B: Evident Injury";"Residential";"30-39";33;"No";"31-35 mph";"O: No Injury";"Black";"Female";"Passenger Car";"No";"No";"Dark - Roadway Not Lighted";"Mixed (30% To 70% Developed)";"2 lanes";2;"Straight - Level";"State Secondary Route";"Dry";"Two-Way, Not Divided";"None";"No Special Feature";"Smooth Asphalt";"Coastal";"Rural";"40 - 45  MPH";"No Control Present";"Clear";"No";"34.359737, -79.121506"
"2439";574;575;"Yes";"30-39";36;"No";"Facing Traffic";"C: Possible Injury";"Travel Lane";"Black";"Male";"Charlotte";"Mecklenburg";"No";"01-01-05";2010-08-13;"Motorist Failed to Yield - Sign-Controlled Intersection";15;"Intersection";"01-08-01";1-01-01 15:19:58;"Motorist Drive Out - Sign-Controlled Intersection";0;2010;"C: Possible Injury";"Residential";"25-29";26;"No";"16-20 mph";"O: No Injury";"Black";"Female";"Passenger Car";"No";"No";"Daylight";"Urban (>70% Developed)";"4 lanes";2;"Straight - Level";"Local Street";"Dry";"Two-Way, Not Divided";"None";"No Special Feature";"Smooth Asphalt";"Piedmont";"Urban";"40 - 45  MPH";"Yield Sign";"Clear";"No";"35.156048, -80.74836"
"2440";575;576;"Yes";"50-59";56;"No";NA;"B: Evident Injury";"Travel Lane";"Black";"Male";"Charlotte";"Mecklenburg";"No";"01-01-05";2010-08-13;"Bicyclist Failed to Yield - Sign-Controlled Intersection";13;"Intersection";"01-08-01";1-01-01 13:15:58;"Bicyclist Ride Through - Sign-Controlled Intersection";0;2010;"B: Evident Injury";"Residential";"40-49";48;"No";"21-25 mph";"O: No Injury";"Black";"Female";"Sport Utility";"No";"No";"Daylight";"Urban (>70% Developed)";"2 lanes";2;"Straight - Level";"Local Street";"Dry";"Two-Way, Not Divided";"Rut, Holes, Bumps";"Four-Way Intersection";"Smooth Asphalt";"Piedmont";"Urban";"20 - 25  MPH";"Stop Sign";"Clear";"No";"35.23621, -80.8145"
"2441";579;580;"Yes";"40-49";44;"Yes";"Not Applicable";"B: Evident Injury";"Non-Roadway";"White";"Male";"Smithfield";"Johnston";"Yes";"01-01-06";2010-08-07;"Non-Roadway";17;"Non-Roadway";"01-08-01";1-01-01 17:14:58;"Non-Roadway";0;2010;"B: Evident Injury";"Commercial";"50-59";58;"No";"6-10 mph";"O: No Injury";"Black";"Female";"Passenger Car";"No";"No";"Daylight";"Urban (>70% Developed)";NA;2;"Straight - Level";"Public Vehicular Area";"Dry";"Two-Way, Not Divided";"None";"No Special Feature";"Coarse Asphalt";"Coastal";"Urban";"5 - 15 MPH";"No Control Present";"Clear";"No";"35.50488, -78.324936"
"2442";583;584;"Yes";"20-24";20;"No";"With Traffic";"C: Possible Injury";"Travel Lane";"Black";"Male";"Hickory";"Catawba";"No";"01-01-03";2010-08-18;"Crossing Paths - Other Circumstances";18;"Intersection";"01-08-01";1-01-01 18:57:58;"Signalized Intersection - Other /";0;2010;"C: Possible Injury";"Residential";"40-49";49;"No";"16-20 mph";"O: No Injury";"Black";"Male";"Sport Utility";"No";"No";"Daylight";"Urban (>70% Developed)";"2 lanes";2;"Straight - Grade";"Local Street";"Dry";"Two-Way, Not Divided";"None";"Four-Way Intersection";"Coarse Asphalt";"Piedmont";"Urban";"20 - 25  MPH";"Stop And Go Signal";"Cloudy";"No";"35.723557, -81.33853"
"2443";593;594;"Yes";"10-Jun";10;"No";"With Traffic";"C: Possible Injury";"Travel Lane";"Black";"Female";"Durham";"Durham";"No";"01-01-05";2010-08-27;"Backing Vehicle";20;"Non-Intersection";"01-08-01";1-01-01 20:16:58;"Backing Vehicle";0;2010;"C: Possible Injury";"Residential";"40-49";40;"No";"0-5 mph";"O: No Injury";"Black";"Female";"Passenger Car";"No";"No";"Dark - Lighted Roadway";"Urban (>70% Developed)";"2 lanes";2;"Straight - Level";"Local Street";"Dry";"Two-Way, Not Divided";"None";"No Special Feature";"Smooth Asphalt";"Piedmont";"Urban";"20 - 25  MPH";"No Control Present";"Clear";"No";"36.039066, -78.884995"
"2444";605;606;"Yes";"10-Jun";6;"No";"Not Applicable";"B: Evident Injury";"Driveway / Alley";"White";"Male";"None - Rural Crash";"Dare";"No";NA;2010-08-30;"Non-Roadway";10;"Non-Roadway";"01-08-01";1-01-01 10:34:58;"Non-Roadway";0;2010;"B: Evident Injury";"Residential";"30-39";39;"No";"0-5 mph";"O: No Injury";"White";"Male";"Pickup";"No";"No";"Daylight";"Mixed (30% To 70% Developed)";"2 lanes";2;"Straight - Level";"Private Road, Driveway";"Dry";"Two-Way, Not Divided";"None";"No Special Feature";"Smooth Asphalt";"Coastal";"Rural";"20 - 25  MPH";"No Control Present";"Clear";"No";"35.571404, -75.46391"
"2445";609;610;"Yes";"40-49";48;"No";"With Traffic";"B: Evident Injury";"Travel Lane";"White";"Male";"None - Rural Crash";"Wake";"No";"01-01-02";2010-08-31;"Motorist Left Turn / Merge";6;"Intersection";"01-08-01";1-01-01 06:02:58;"Motorist Left Turn - Opposite Direction";0;2010;"B: Evident Injury";"Residential";"30-39";32;"No";"11-15 mph";"O: No Injury";"White";"Male";"Pickup";"No";"No";"Dark - Roadway Not Lighted";"Mixed (30% To 70% Developed)";"2 lanes";2;"Straight - Grade";"State Secondary Route";"Dry";"Two-Way, Not Divided";"None";"No Special Feature";"Smooth Asphalt";"Piedmont";"Rural";"40 - 45  MPH";"Double Yellow Line, No Passing Zone";"Clear";"No";"35.63688, -78.67123"
"2446";611;612;"No";"16-19";16;"No";"With Traffic";"C: Possible Injury";"Travel Lane";"Black";"Male";"Fayetteville";"Cumberland";"No";"01-01-07";2010-08-22;"Bicyclist Failed to Yield - Signalized Intersection";2;"Intersection";"01-08-01";1-01-01 02:44:58;"Bicyclist Ride Through - Signalized Intersection";0;2010;"C: Possible Injury";"Commercial";"30-39";33;"No";"26-30 mph";"O: No Injury";"White";"Male";"Passenger Car";"No";"No";"Dark - Lighted Roadway";"Mixed (30% To 70% Developed)";"4 lanes";2;"Straight - Level";"Local Street";"Dry";"Two-Way, Divided, Unprotected Median";"None";"No Special Feature";"Smooth Asphalt";"Coastal";"Urban";"40 - 45  MPH";"Flashing Signal Without Stop Sign";"Clear";"No";"35.088364, -78.92669"
"2447";613;614;"Yes";"20-24";21;"No";"With Traffic";"C: Possible Injury";"Bike Lane / Paved Shoulder";"White";"Male";"Greensboro";"Guilford";"No";"01-01-03";2010-08-25;"Motorist Right Turn / Merge";18;"Non-Intersection";"01-08-01";1-01-01 18:28:58;"Motorist Right Turn - Same Direction";0;2010;"C: Possible Injury";"Institutional";"25-29";25;"No";"0-5 mph";"O: No Injury";"White";"Female";"Pickup";"No";"No";"Daylight";"Urban (>70% Developed)";"2 lanes";2;"Straight - Level";"Local Street";"Dry";"Two-Way, Divided, Positive Median Barrier";"None";"Driveway, Public";"Smooth Asphalt";"Piedmont";"Urban";"20 - 25  MPH";"No Control Present";"Cloudy";"No";"36.06576, -79.81083"
"2448";624;625;"Yes";"30-39";34;"No";"With Traffic";"C: Possible Injury";"Travel Lane";"White";"Male";"Statesville";"Iredell";"No";"01-01-04";2010-08-19;"Motorist Failed to Yield - Sign-Controlled Intersection";5;"Intersection";"01-08-01";1-01-01 05:44:58;"Motorist Drive Out - Sign-Controlled Intersection";0;2010;"C: Possible Injury";"Residential";"60-69";60;"No";"11-15 mph";"O: No Injury";"Black";"Male";"Passenger Car";"No";"No";"Dark - Lighted Roadway";"Rural (<30% Developed)";"2 lanes";2;"Straight - Level";"Local Street";"Wet";"Two-Way, Divided, Unprotected Median";"None";"No Special Feature";"Smooth Asphalt";"Piedmont";"Urban";"30 - 35  MPH";"Stop Sign";"Rain";"No";"35.772644, -80.87967"
"2449";629;630;"Yes";"40-49";47;"Yes";"Facing Traffic";"K: Killed";"Travel Lane";"Native American";"Male";"None - Rural Crash";"Robeson";"Yes";"01-01-05";2010-09-03;"Motorist Left Turn / Merge";20;"Non-Intersection";"01-09-01";1-01-01 20:56:58;"Motorist Left Turn - Same Direction";0;2010;"K: Killed";"Residential";"50-59";58;"Yes";"36-40 mph";"B: Evident Injury";"Native American";"Female";"Passenger Car";"No";"No";"Dark - Roadway Not Lighted";"Rural (<30% Developed)";"2 lanes";2;"Straight - Level";"State Secondary Route";"Dry";"Two-Way, Not Divided";"None";"No Special Feature";"Coarse Asphalt";"Coastal";"Rural";"50 - 55  MPH";"Double Yellow Line, No Passing Zone";"Clear";"No";"34.66236, -79.11961"
"2450";631;632;"No";"15-Nov";15;"No";"Not Applicable";"O: No Injury";"Non-Roadway";"White";"Male";"Boiling Springs";"Cleveland";"No";"01-01-06";2010-08-07;"Non-Roadway";15;"Non-Roadway";"01-08-01";1-01-01 15:39:58;"Non-Roadway";0;2010;"O: No Injury";"Commercial";"40-49";49;"No";"0-5 mph";"O: No Injury";"White";"Male";"Pickup";"No";"No";"Daylight";"Mixed (30% To 70% Developed)";NA;2;"Straight - Grade";"Private Road, Driveway";"Dry";"One-Way, Not Divided";"None";"No Special Feature";"Concrete";"Mountains";"Rural";"5 - 15 MPH";"No Control Present";"Clear";"No";"35.24609, -81.66543"