"FID";"OBJECTID";"AmbulanceR";"BikeAge_Gr";"Bike_Age";"Bike_Alc_D";"Bike_Dir";"Bike_Injur";"Bike_Pos";"Bike_Race";"Bike_Sex";"City";"County";"CrashAlcoh";"CrashDay";"Crash_Date";"Crash_Grp";"Crash_Hour";"Crash_Loc";"Crash_Mont";"Crash_Time";"Crash_Type";"Crash_Ty_1";"Crash_Year";"Crsh_Sevri";"Developmen";"DrvrAge_Gr";"Drvr_Age";"Drvr_Alc_D";"Drvr_EstSp";"Drvr_Injur";"Drvr_Race";"Drvr_Sex";"Drvr_VehTy";"ExcsSpdInd";"Hit_Run";"Light_Cond";"Locality";"Num_Lanes";"Num_Units";"Rd_Charact";"Rd_Class";"Rd_Conditi";"Rd_Config";"Rd_Defects";"Rd_Feature";"Rd_Surface";"Region";"Rural_Urba";"Speed_Limi";"Traff_Cntr";"Weather";"Workzone_I";"Location"
"2488";886;887;"Yes";"16-19";17;"No";"Facing Traffic";"B: Evident Injury";"Travel Lane";"White";"Male";"Raleigh";"Wake";"No";"01-01-07";2010-10-24;"Bicyclist Failed to Yield - Midblock";1;"Non-Intersection";"01-10-01";1-01-01 01:51:58;"Bicyclist Ride Out - Commercial Driveway / Alley";0;2010;"B: Evident Injury";"Commercial";"25-29";27;"No";"16-20 mph";"O: No Injury";"Other";"Female";"Passenger Car";"No";"No";"Dark - Lighted Roadway";"Urban (>70% Developed)";"2 lanes";2;"Straight - Level";"Local Street";"Dry";"Two-Way, Not Divided";"None";"No Special Feature";"Smooth Asphalt";"Piedmont";"Urban";"30 - 35  MPH";"No Control Present";"Clear";"No";"35.842796, -78.67904"
"2489";888;889;"No";"40-49";47;"No";"With Traffic";"B: Evident Injury";"Travel Lane";"White";"Male";"Asheville";"Buncombe";"No";"01-01-05";2010-11-12;"Motorist Failed to Yield - Sign-Controlled Intersection";17;"Intersection";"01-11-01";1-01-01 17:19:58;"Motorist Drive Out - Sign-Controlled Intersection";0;2010;"B: Evident Injury";"Residential";"30-39";35;"No";"6-10 mph";"O: No Injury";"Black";"Female";"Sport Utility";"No";"No";"Dusk";"Urban (>70% Developed)";"2 lanes";2;"Curve - Grade";"Local Street";"Dry";"Two-Way, Divided, Unprotected Median";"None";"Related To Intersection";"Smooth Asphalt";"Mountains";"Urban";"30 - 35  MPH";"Stop Sign";"Clear";"No";"35.576553, -82.609245"
"2490";889;890;"Yes";"10-Jun";10;"No";"With Traffic";"A: Disabling Injury";"Travel Lane";"White";"Male";"None - Rural Crash";"Dare";"No";"01-01-02";2010-11-30;"Bicyclist Failed to Yield - Sign-Controlled Intersection";16;"Intersection";"01-11-01";1-01-01 16:21:58;"Bicyclist Ride Through - Sign-Controlled Intersection";0;2010;"A: Disabling Injury";"Residential";"40-49";46;"No";"16-20 mph";"O: No Injury";"White";"Male";"Van";"No";"No";"Daylight";"Mixed (30% To 70% Developed)";"2 lanes";2;"Straight - Level";"Public Vehicular Area";"Dry";"Two-Way, Not Divided";"None";"Four-Way Intersection";"Coarse Asphalt";"Coastal";"Rural";"20 - 25  MPH";"Double Yellow Line, No Passing Zone";"Cloudy";"No";"36.014156, -75.71266"
"2491";895;896;"No";"50-59";51;"No";"Not Applicable";"B: Evident Injury";"Travel Lane";"Black";"Male";"Charlotte";"Mecklenburg";"No";"01-01-07";2010-11-21;"Non-Roadway";17;"Non-Roadway";"01-11-01";1-01-01 17:18:58;"Non-Roadway";0;2010;"B: Evident Injury";"Commercial";"30-39";36;"No";"0-5 mph";"O: No Injury";"Black";"Male";"Passenger Car";"No";"No";"Dark - Lighted Roadway";"Urban (>70% Developed)";"2 lanes";2;"Straight - Level";"Public Vehicular Area";"Dry";"Two-Way, Divided, Unprotected Median";"None";"No Special Feature";"Smooth Asphalt";"Piedmont";"Urban";"5 - 15 MPH";"No Control Present";"Clear";"No";"35.263878, -80.85464"
"2492";935;936;"Yes";"20-24";21;"No";"Facing Traffic";"B: Evident Injury";"Travel Lane";"Black";"Male";"Rocky Mount";"Nash";"No";"01-01-02";2010-11-16;"Motorist Failed to Yield - Sign-Controlled Intersection";15;"Intersection";"01-11-01";1-01-01 15:53:58;"Motorist Drive Out - Sign-Controlled Intersection";0;2010;"B: Evident Injury";"Residential";"30-39";38;"No";NA;"O: No Injury";"White";"Female";"Sport Utility";"No";"No";"Daylight";"Urban (>70% Developed)";"2 lanes";2;"Straight - Level";"Local Street";"Wet";"Two-Way, Not Divided";"None";"Four-Way Intersection";"Smooth Asphalt";"Coastal";"Urban";"30 - 35  MPH";"Stop Sign";"Rain";"No";"35.930595, -77.820076"
"2493";941;942;"No";"10-Jun";9;"No";"With Traffic";"C: Possible Injury";"Travel Lane";"Black";"Male";"Durham";"Durham";"No";"01-01-06";2010-12-25;"Motorist Overtaking Bicyclist";17;"Intersection-Related";"01-12-01";1-01-01 17:52:58;"Motorist Overtaking - Other /";0;2010;"C: Possible Injury";"Residential";"20-24";22;"No";"16-20 mph";"O: No Injury";"Black";"Female";"Passenger Car";"No";"No";"Dark - Lighted Roadway";"Urban (>70% Developed)";"2 lanes";2;"Straight - Level";"Local Street";"Wet";"Two-Way, Not Divided";"None";"No Special Feature";"Smooth Asphalt";"Piedmont";"Urban";"30 - 35  MPH";"No Control Present";"Rain";"No";"36.001183, -78.88575"
"2494";964;965;"No";"40-49";44;"No";"Not Applicable";"C: Possible Injury";"Travel Lane";"Black";"Male";"Greenville";"Pitt";"No";"01-01-02";2010-11-23;"Bicyclist Failed to Yield - Signalized Intersection";14;"Intersection-Related";"01-11-01";1-01-01 14:58:58;"Bicyclist Ride Through - Signalized Intersection";0;2010;"C: Possible Injury";"Commercial";"30-39";36;"No";"31-35 mph";"O: No Injury";"Black";"Male";"Passenger Car";"No";"No";"Daylight";"Urban (>70% Developed)";"2 lanes";2;"Straight - Level";"NC Route";"Dry";"Two-Way, Divided, Unprotected Median";"None";"No Special Feature";"Smooth Asphalt";"Coastal";"Urban";"50 - 55  MPH";"Stop And Go Signal";"Clear";"No";"35.616764, -77.3913"
"2495";6;7;"No";"40-49";46;"No";"Facing Traffic";"O: No Injury";"Travel Lane";"White";"Male";"Durham";"Durham";"No";"01-01-03";2011-01-12;"Motorist Overtaking Bicyclist";14;"Intersection";NA;1-01-01 14:28:58;"Motorist Overtaking - Misjudged Space";112232;2011;"O: No Injury";"Commercial";NA;NA;"Missing";"31-35 mph";"Injury";"/Missing";NA;"Van";"No";"Yes";"Daylight";"Urban (>70% Developed)";"2 lanes";2;"Straight - Level";"Local Street";"Dry";"Two-Way, Not Divided";"None";"T-Intersection";"Coarse Asphalt";"Piedmont";"Urban";"30 - 35  MPH";"Stop And Go Signal";"Clear";"No";"36.02161, -78.9361"
"2496";666;667;"No";"20-24";20;"No";NA;"B: Evident Injury";"Multi-use Path";"White";"Male";"Raleigh";"Wake";"No";"01-01-04";2010-09-09;"Other /  - Insufficient Details";17;"Intersection-Related";"01-09-01";1-01-01 17:56:58;"Approach Paths";0;2010;"B: Evident Injury";"Institutional";"20-24";21;"No";"6-10 mph";"B: Evident Injury";"Hispanic";"Female";"Passenger Car";"No";"No";"Daylight";"Urban (>70% Developed)";"4 lanes";2;"Straight - Grade";"Local Street";"Dry";"Two-Way, Not Divided";"None";"Four-Way Intersection";"Smooth Asphalt";"Piedmont";"Urban";"20 - 25  MPH";"Stop Sign";"Clear";"No";"35.786587, -78.68092"
"2497";219;220;"Yes";"60-69";64;"No";"Facing Traffic";"B: Evident Injury";"Travel Lane";"White";"Male";"None - Rural Crash";"New Hanover";"No";"01-01-02";2011-05-03;"Motorist Failed to Yield - Sign-Controlled Intersection";16;"Intersection";"01-05-01";1-01-01 16:34:58;"Motorist Drive Out - Sign-Controlled Intersection";112141;2011;"B: Evident Injury";"Commercial";"60-69";61;"No";"6-10 mph";"O: No Injury";"White";"Male";"Sport Utility";"No";"No";"Daylight";"Urban (>70% Developed)";"9 or more lanes";2;"Straight - Level";"NC Route";"Dry";"Two-Way, Divided, Positive Median Barrier";"None";"T-Intersection";"Smooth Asphalt";"Coastal";"Rural";"40 - 45  MPH";"Stop Sign";"Clear";"No";"34.23159, -77.876"
"2498";234;235;"Yes";"10-Jun";7;"No";"Not Applicable";"C: Possible Injury";"Travel Lane";"White";"Male";"Wilmington";"New Hanover";"No";"01-01-03";2011-04-20;"Other /  - Insufficient Details";23;"Non-Intersection";"01-04-01";1-01-01 23:18:58;"Approach Paths";313970;2011;"C: Possible Injury";"Residential";"50-59";58;"No";NA;"O: No Injury";"White";"Female";"Passenger Car";"No";"No";"Daylight";"Urban (>70% Developed)";"2 lanes";2;"Straight - Level";"Local Street";"Dry";"Two-Way, Not Divided";"None";"No Special Feature";"Coarse Asphalt";"Coastal";"Urban";NA;"No Control Present";"Clear";"No";"34.20501, -77.8959"
"2499";237;238;"Yes";"16-19";17;"No";"Not Applicable";"B: Evident Injury";"Bike Lane / Paved Shoulder";"White";"Male";"Brevard";"Transylvania";"No";"01-01-06";2011-05-21;"Bicyclist Failed to Yield - Signalized Intersection";14;"Intersection";"01-05-01";1-01-01 14:48:58;"Bicyclist Ride Through - Signalized Intersection";123155;2011;"B: Evident Injury";"Commercial";"30-39";33;"No";"31-35 mph";"O: No Injury";"Black";"Male";"Passenger Car";"No";"No";"Daylight";"Urban (>70% Developed)";"5 lanes";2;"Straight - Grade";"Local Street";"Dry";"Two-Way, Not Divided";"None";"Four-Way Intersection";"Smooth Asphalt";"Mountains";"Urban";"40 - 45  MPH";"Stop And Go Signal";"Clear";"No";"35.24952, -82.7218"
"2500";241;242;"Yes";"50-59";51;"No";"With Traffic";"B: Evident Injury";"Travel Lane";"White";"Female";"Asheville";"Buncombe";"No";"01-01-04";2011-05-12;"Motorist Overtaking Bicyclist";20;"Non-Intersection";"01-05-01";1-01-01 20:13:58;"Motorist Overtaking - Misjudged Space";311232;2011;"B: Evident Injury";"Residential";NA;NA;"Missing";"21-25 mph";"Injury";"/Missing";NA;"Passenger Car";"No";"Yes";"Daylight";"Urban (>70% Developed)";"2 lanes";2;"Straight - Hillcrest";"Local Street";"Dry";"Two-Way, Divided, Unprotected Median";"None";"No Special Feature";"Smooth Asphalt";"Mountains";"Urban";"30 - 35  MPH";"No Control Present";"Clear";"No";"35.5974, -82.5602"
"2501";887;888;"Yes";"50-59";54;"No";"With Traffic";"C: Possible Injury";"Travel Lane";"White";"Male";"Greensboro";"Guilford";"No";"01-01-05";2011-12-30;"Motorist Left Turn / Merge";15;"Intersection-Related";"01-12-01";1-01-01 15:19:58;"Motorist Left Turn - Opposite Direction";211212;2011;"C: Possible Injury";"Commercial";"40-49";48;"No";"6-10 mph";"O: No Injury";"Black";"Female";"Passenger Car";"No";"No";"Daylight";"Urban (>70% Developed)";"7 lanes";2;"Straight - Grade";"Local Street";"Dry";"Two-Way, Divided, Unprotected Median";"None";"No Special Feature";"Smooth Asphalt";"Piedmont";"Urban";"30 - 35  MPH";"No Control Present";"Cloudy";"No";"36.04383, -79.801"
"2502";890;891;"Yes";"16-19";19;"No";"Facing Traffic";"B: Evident Injury";"Travel Lane";"Black";"Male";"Winterville";"Pitt";"No";"01-01-06";2011-12-24;"Motorist Failed to Yield - Sign-Controlled Intersection";20;"Intersection";"01-12-01";1-01-01 20:14:58;"Motorist Drive Out - Sign-Controlled Intersection";112141;2011;"B: Evident Injury";"Residential";"30-39";36;"No";"0-5 mph";"O: No Injury";"Black";"Female";"Passenger Car";"No";"No";"Dark - Roadway Not Lighted";"Urban (>70% Developed)";"2 lanes";2;"Straight - Level";"Local Street";"Dry";"Two-Way, Not Divided";"None";"No Special Feature";"Smooth Asphalt";"Coastal";"Urban";"20 - 25  MPH";"Stop Sign";"Clear";"No";"35.5308, -77.3988"
"2503";901;902;"Yes";NA;13;"No";"Facing Traffic";"B: Evident Injury";"Travel Lane";"White";"Female";"Stanley";"Gaston";"No";"01-01-05";2011-07-08;"Motorist Failed to Yield - Sign-Controlled Intersection";14;"Intersection";"01-07-01";1-01-01 14:57:58;"Motorist Drive Out - Sign-Controlled Intersection";112141;2011;"B: Evident Injury";"Commercial";"30-39";35;"No";NA;"O: No Injury";"White";"Female";"Passenger Car";"No";"No";"Daylight";"Mixed (30% To 70% Developed)";"2 lanes";2;"Straight - Level";"NC Route";"Dry";"Two-Way, Not Divided";"None";"T-Intersection";"Smooth Asphalt";"Piedmont";"Rural";"30 - 35  MPH";"Stop Sign";"Clear";"No";"35.35843, -81.0953"
"2504";7;8;"Yes";"30-39";39;"No";"With Traffic";"B: Evident Injury";"Other";"Hispanic";"Male";"Durham";"Durham";"No";"01-01-02";2012-01-10;"Motorist Left Turn / Merge";10;"Intersection";NA;1-01-01 10:41:58;"Motorist Left Turn - Opposite Direction";NA;2012;"B: Evident Injury";"Residential";"25-29";25;"No";"16-20 mph";"O: No Injury";"Black";"Male";"Passenger Car";"No";"No";"Daylight";"Urban (>70% Developed)";"2 lanes";2;"Straight - Level";"Local Street";"Dry";"Two-Way, Not Divided";"None";"No Special Feature";"Smooth Asphalt";"Piedmont";"Urban";"30 - 35  MPH";"No Control Present";"Clear";"No";"36.01239, -78.8867"
"2505";10;11;"No";"15-Nov";15;"No";"With Traffic";"B: Evident Injury";"Travel Lane";"Black";"Male";"Charlotte";"Mecklenburg";"No";"01-01-04";2012-01-12;"Bicyclist Left Turn / Merge";17;"Non-Intersection";NA;1-01-01 17:12:58;"Bicyclist Left Turn - Same Direction";NA;2012;"B: Evident Injury";"Residential";"50-59";56;"No";"41-45 mph";"O: No Injury";"White";"Male";"Passenger Car";"No";"No";"Daylight";"Mixed (30% To 70% Developed)";"2 lanes";2;"Straight - Grade";"NC Route";"Dry";"Two-Way, Not Divided";"None";"No Special Feature";"Smooth Asphalt";"Piedmont";"Urban";"50 - 55  MPH";"No Control Present";"Cloudy";"No";"35.08166, -80.9907"
"2506";17;18;"Yes";"40-49";49;"Yes";"With Traffic";"C: Possible Injury";"Travel Lane";"White";"Male";"Greensboro";"Guilford";"Yes";"01-01-05";2012-01-06;"Motorist Left Turn / Merge";19;"Intersection";NA;1-01-01 19:29:58;"Motorist Left Turn - Opposite Direction";NA;2012;"C: Possible Injury";"Commercial";"30-39";37;"No";"11-15 mph";"O: No Injury";"White";"Male";"Pickup";"No";"No";"Dark - Lighted Roadway";"Urban (>70% Developed)";"6 lanes";2;"Straight - Level";"Local Street";"Dry";"Two-Way, Divided, Positive Median Barrier";"None";"No Special Feature";"Smooth Asphalt";"Piedmont";"Urban";"30 - 35  MPH";"Stop And Go Signal";"Clear";"No";"36.11272, -79.7537"
"2507";22;23;"Yes";"40-49";46;"No";"With Traffic";"B: Evident Injury";"Bike Lane / Paved Shoulder";"White";"Male";"Huntersville";"Mecklenburg";"No";"01-01-04";2012-01-05;"Motorist Failed to Yield - Sign-Controlled Intersection";17;"Intersection";NA;1-01-01 17:02:58;"Motorist Drive Out - Sign-Controlled Intersection";NA;2012;"B: Evident Injury";"Commercial";"60-69";63;"No";"0-5 mph";"O: No Injury";"White";"Male";"Passenger Car";"No";"No";"Daylight";"Urban (>70% Developed)";"3 lanes";2;"Straight - Grade";"Local Street";"Dry";"Two-Way, Not Divided";"None";"T-Intersection";"Smooth Asphalt";"Piedmont";"Urban";"30 - 35  MPH";"Stop Sign";"Clear";"No";"35.4023, -80.8619"
"2508";23;24;"Yes";"40-49";47;"Yes";"Facing Traffic";"O: No Injury";"Travel Lane";"Black";"Male";"None - Rural Crash";"Scotland";"Yes";"01-01-06";2012-01-28;"Motorist Failed to Yield - Sign-Controlled Intersection";18;"Intersection";NA;1-01-01 17:59:58;"Motorist Drive Out - Sign-Controlled Intersection";NA;2012;"B: Evident Injury";"Residential";"20-24";23;"No";"11-15 mph";"B: Evident Injury";"Native American";"Female";"Passenger Car";"No";"No";"Dark - Roadway Not Lighted";"Rural (<30% Developed)";"2 lanes";2;"Straight - Level";"State Secondary Route";"Dry";"Two-Way, Not Divided";"None";"T-Intersection";"Smooth Asphalt";"Coastal";"Rural";"50 - 55  MPH";"Stop Sign";"Clear";"No";"34.73037, -79.4532"
"2509";27;28;"Yes";"60-69";60;"No";"With Traffic";"B: Evident Injury";"Travel Lane";"White";"Male";"None - Rural Crash";"Wake";"No";"01-01-03";2012-02-01;"Motorist Right Turn / Merge";15;"Intersection";"01-02-01";1-01-01 15:06:58;"Motorist Right Turn - Same Direction";NA;2012;"B: Evident Injury";"Farms, Woods, Pastures";NA;NA;"No";"6-10 mph";"Injury";"/Missing";NA;"Pickup";"No";"Yes";"Daylight";"Rural (<30% Developed)";"4 lanes";2;"Straight - Grade";"State Secondary Route";"Dry";"Two-Way, Not Divided";"None";"T-Intersection";"Coarse Asphalt";"Piedmont";"Rural";"40 - 45  MPH";"Stop Sign";"Clear";"No";"35.69888, -78.7363"
"2510";31;32;"Yes";"50-59";52;"No";"With Traffic";"C: Possible Injury";"Travel Lane";"Black";"Male";"Kannapolis";"Cabarrus";"No";"01-01-04";2012-01-19;"Motorist Failed to Yield - Sign-Controlled Intersection";15;"Intersection";NA;1-01-01 15:28:58;"Motorist Drive Out - Sign-Controlled Intersection";NA;2012;"C: Possible Injury";"Commercial";"60-69";69;"No";"16-20 mph";"O: No Injury";"White";"Male";"Pickup";"No";"No";"Daylight";"Urban (>70% Developed)";"2 lanes";2;"Straight - Level";"Local Street";"Dry";"Two-Way, Not Divided";"None";"T-Intersection";"Smooth Asphalt";"Piedmont";"Urban";"30 - 35  MPH";"Stop Sign";"Cloudy";"No";"35.48339, -80.6151"
"2511";34;35;"No";"25-29";26;"No";"With Traffic";"C: Possible Injury";"Travel Lane";"Asian";"Female";"Asheville";"Buncombe";"Yes";"01-01-07";2012-01-15;"Motorist Failed to Yield - Signalized Intersection";0;"Intersection";NA;1-01-01 00:57:58;"Motorist Drive Through - Signalized Intersection";NA;2012;"C: Possible Injury";"Commercial";"20-24";24;"Yes";"21-25 mph";"O: No Injury";"White";"Male";"Sport Utility";"No";"Yes";"Dark - Lighted Roadway";"Urban (>70% Developed)";"3 lanes";2;"Straight - Level";"US Route";"Wet";"Two-Way, Not Divided";"None";"On or Off Ramp";"Smooth Asphalt";"Mountains";"Urban";"20 - 25  MPH";"Stop And Go Signal";"Snow, Sleet, Hail, Freezing Rain/Drizzle";"No";"35.57803, -82.5832"
"2512";36;37;"Yes";"16-19";19;"No";NA;"C: Possible Injury";NA;"White";"Male";"Wilmington";"New Hanover";"No";"01-01-04";2012-01-12;"Bicyclist Failed to Yield - Midblock";17;"Non-Intersection";NA;1-01-01 17:33:58;"Bicyclist Ride Out - Midblock -";NA;2012;"C: Possible Injury";"Commercial";"60-69";68;"No";"11-15 mph";"O: No Injury";"White";"Female";"Passenger Car";"No";"No";"Dark - Lighted Roadway";"Urban (>70% Developed)";"7 lanes";2;"Straight - Level";"Local Street";"Dry";"Two-Way, Divided, Unprotected Median";"None";"No Special Feature";"Smooth Asphalt";"Coastal";"Urban";"40 - 45  MPH";"No Control Present";"Clear";"No";"34.23597, -77.8734"
"2513";42;43;"Yes";"15-Nov";15;"No";"With Traffic";"C: Possible Injury";"Travel Lane";"Black";"Male";"High Point";"Guilford";"No";"01-01-07";2012-01-29;"Motorist Overtaking Bicyclist";13;"Non-Intersection";NA;1-01-01 13:07:58;"Motorist Overtaking - Other /";NA;2012;"C: Possible Injury";"Residential";"40-49";48;"No";"31-35 mph";"O: No Injury";"White";"Male";"Motorcycle";"No";"No";"Daylight";"Urban (>70% Developed)";"2 lanes";2;"Straight - Grade";"Local Street";"Dry";"Two-Way, Not Divided";"None";"No Special Feature";"Smooth Asphalt";"Piedmont";"Urban";"30 - 35  MPH";"No Control Present";"Clear";"No";"35.93886, -80.0059"
"2514";43;44;"Yes";"40-49";42;"No";"Facing Traffic";"C: Possible Injury";"Sidewalk / Crosswalk / Driveway Crossing";"Black";"Male";"Charlotte";"Mecklenburg";"No";"01-01-03";2012-02-15;"Backing Vehicle";12;"Non-Intersection";"01-02-01";1-01-01 12:18:58;"Backing Vehicle";NA;2012;"C: Possible Injury";"Commercial";"60-69";65;"No";"0-5 mph";"O: No Injury";"White";"Male";"Pickup";"No";"No";"Daylight";"Urban (>70% Developed)";"4 lanes";2;"Straight - Grade";"Local Street";"Dry";"Two-Way, Not Divided";"None";"No Special Feature";"Concrete";"Piedmont";"Urban";"30 - 35  MPH";"No Control Present";"Clear";"No";"35.22061, -80.8146"
"2515";46;47;"No";"20-24";24;"No";"With Traffic";"Injury";"Travel Lane";"White";"Female";"None - Rural Crash";"Guilford";"No";"01-01-03";2012-02-01;"Motorist Right Turn / Merge";12;"Intersection";"01-02-01";1-01-01 12:03:58;"Motorist Right Turn - Same Direction";NA;2012;"O: No Injury";"Institutional";"25-29";25;"No";NA;"O: No Injury";"White";"Male";"Passenger Car";"No";"No";"Daylight";"Urban (>70% Developed)";"2 lanes";2;"Straight - Level";"Local Street";"Dry";"Two-Way, Divided, Unprotected Median";"None";"Shared-Use Paths Or Trails";"Coarse Asphalt";"Piedmont";"Rural";"20 - 25  MPH";"Stop Sign";"Clear";"No";"36.06578, -79.8113"
"2516";50;51;"Yes";"16-19";17;"No";"With Traffic";"C: Possible Injury";"Travel Lane";"White";"Male";"None - Rural Crash";"Gaston";"No";"01-01-04";2012-02-23;"Motorist Overtaking Bicyclist";17;"Non-Intersection";"01-02-01";1-01-01 17:42:58;"Motorist Overtaking - Other /";NA;2012;"C: Possible Injury";"Residential";"20-24";21;"No";"41-45 mph";"O: No Injury";"White";"Female";"Passenger Car";"No";"Yes";"Dusk";"Rural (<30% Developed)";"2 lanes";2;"Straight - Level";"State Secondary Route";"Dry";"Two-Way, Not Divided";"None";"No Special Feature";"Smooth Asphalt";"Piedmont";"Rural";"40 - 45  MPH";"Double Yellow Line, No Passing Zone";"Clear";"No";"35.37117, -81.0221"
"2517";62;63;"No";"20-24";24;"No";"With Traffic";"C: Possible Injury";"Travel Lane";"White";"Male";"None - Rural Crash";"Buncombe";"No";"01-01-04";2012-03-01;"Bicyclist Left Turn / Merge";17;"Intersection";"01-03-01";1-01-01 17:48:58;"Bicyclist Left Turn - Same Direction";NA;2012;"C: Possible Injury";"Residential";"30-39";36;"No";"16-20 mph";"O: No Injury";"White";"Male";"Passenger Car";"No";"No";"Daylight";"Urban (>70% Developed)";"2 lanes";2;"Straight - Level";"State Secondary Route";"Dry";"Two-Way, Not Divided";"None";"T-Intersection";"Coarse Asphalt";"Mountains";"Rural";"30 - 35  MPH";"Double Yellow Line, No Passing Zone";"Clear";"No";"35.47524, -82.558"
"2518";63;64;"Yes";"30-39";30;"No";"With Traffic";"C: Possible Injury";"Travel Lane";"White";"Male";"Wilmington";"New Hanover";"No";"01-01-03";2012-02-22;"Motorist Right Turn / Merge";15;"Intersection";"01-02-01";1-01-01 15:29:58;"Motorist Right Turn - Same Direction";NA;2012;"C: Possible Injury";"Commercial";"40-49";44;"No";"31-35 mph";"O: No Injury";"Black";"Male";"Passenger Car";"No";"No";"Daylight";"Rural (<30% Developed)";"2 lanes";2;"Straight - Level";"Local Street";"Dry";"Two-Way, Not Divided";"None";"Four-Way Intersection";"Coarse Asphalt";"Coastal";"Urban";"30 - 35  MPH";"No Control Present";"Clear";"No";"34.23748, -77.9368"
"2519";64;65;"Yes";"20-24";20;"No";"With Traffic";"C: Possible Injury";"Travel Lane";"White";"Male";"Mount Olive";"Wayne";"No";"01-01-02";2012-02-14;"Motorist Left Turn / Merge";18;"Non-Intersection";"01-02-01";1-01-01 18:29:58;"Motorist Left Turn - Opposite Direction";NA;2012;"C: Possible Injury";"Commercial";"70";70;"No";"0-5 mph";"O: No Injury";"White";"Male";"Van";"No";"No";"Dark - Lighted Roadway";"Urban (>70% Developed)";"2 lanes";2;"Straight - Level";"Local Street";"Dry";"Two-Way, Not Divided";"None";"Driveway, Public";"Smooth Asphalt";"Coastal";"Rural";"20 - 25  MPH";"No Control Present";"Clear";"No";"35.2117, -78.0661"
"2520";68;69;"No";"30-39";34;"Yes";"With Traffic";"C: Possible Injury";"Travel Lane";"White";"Female";"Asheville";"Buncombe";"Yes";"01-01-03";2012-02-22;"Motorist Failed to Yield - Sign-Controlled Intersection";22;"Intersection";"01-02-01";1-01-01 22:17:58;"Motorist Drive Out - Sign-Controlled Intersection";NA;2012;"C: Possible Injury";"Residential";"20-24";24;"No";"6-10 mph";"O: No Injury";"White";"Male";"Police";"No";"No";"Dark - Lighted Roadway";"Urban (>70% Developed)";"2 lanes";2;"Straight - Level";"Local Street";"Wet";"Two-Way, Not Divided";"None";"No Special Feature";"Smooth Asphalt";"Mountains";"Urban";"30 - 35  MPH";"No Control Present";"Cloudy";"No";"35.59887, -82.5615"
"2521";69;70;"No";"16-19";16;"No";"With Traffic";"B: Evident Injury";"Travel Lane";"White";"Male";"Asheville";"Buncombe";"No";"01-01-04";2012-02-23;"Motorist Failed to Yield - Sign-Controlled Intersection";14;"Intersection";"01-02-01";1-01-01 14:43:58;"Motorist Drive Out - Sign-Controlled Intersection";NA;2012;"B: Evident Injury";"Commercial";"20-24";23;"No";NA;"O: No Injury";"White";"Male";"Pickup";"No";"No";"Daylight";"Urban (>70% Developed)";"2 lanes";2;"Straight - Level";"Local Street";"Dry";"Two-Way, Not Divided";"None";"T-Intersection";"Smooth Asphalt";"Mountains";"Urban";"30 - 35  MPH";"Stop Sign";"Cloudy";"No";"35.58443, -82.5663"
"2522";74;75;"Yes";"15-Nov";13;"No";"With Traffic";"B: Evident Injury";"Travel Lane";"White";"Male";"Morganton";"Burke";"No";"01-01-04";2012-02-02;"Bicyclist Failed to Yield - Signalized Intersection";17;"Intersection";"01-02-01";1-01-01 17:48:58;"Bicyclist Ride Through - Signalized Intersection";NA;2012;"B: Evident Injury";"Commercial";"40-49";44;"No";"16-20 mph";"O: No Injury";"White";"Male";"Passenger Car";"No";"No";"Daylight";"Urban (>70% Developed)";"3 lanes";2;"Straight - Grade";"Local Street";"Dry";"One-Way, Not Divided";"None";"Related To Intersection";"Smooth Asphalt";"Mountains";"Urban";"20 - 25  MPH";"Flashing Stop And Go Signal";"Clear";"No";"35.74482, -81.687"
"2523";75;76;"Yes";"40-49";40;"No";"Facing Traffic";"B: Evident Injury";"Sidewalk / Crosswalk / Driveway Crossing";"White";"Male";"Greensboro";"Guilford";"No";"01-01-04";2012-02-02;"Motorist Failed to Yield - Midblock";22;"Non-Intersection";"01-02-01";1-01-01 22:15:58;"Motorist Drive Out - Commercial Driveway / Alley";NA;2012;"B: Evident Injury";"Commercial";"20-24";21;"No";"0-5 mph";"O: No Injury";"Black";"Female";"Passenger Car";"No";"No";"Daylight";"Urban (>70% Developed)";NA;2;"Straight - Level";"Public Vehicular Area";"Dry";NA;"None";"Driveway, Public";"Smooth Asphalt";"Piedmont";"Urban";NA;"No Control Present";"Clear";"No";"36.09579, -79.8172"
"2524";78;79;"Yes";"50-59";52;"No";"With Traffic";"B: Evident Injury";"Travel Lane";"White";"Male";"Raleigh";"Wake";"No";"01-01-04";2012-03-08;"Crossing Paths - Other Circumstances";14;"Intersection";"01-03-01";1-01-01 14:39:58;"Signalized Intersection - Other /";NA;2012;"B: Evident Injury";"Commercial";NA;NA;"Missing";"46-50 mph";"Injury";"/Missing";NA;NA;"No";"Yes";"Daylight";"Urban (>70% Developed)";"6 lanes";2;"Straight - Level";"Local Street";"Dry";"Two-Way, Not Divided";"None";"Four-Way Intersection";"Smooth Asphalt";"Piedmont";"Urban";"40 - 45  MPH";"Stop And Go Signal";"Clear";"No";"35.86105, -78.6007"