"FID";"OBJECTID";"AmbulanceR";"BikeAge_Gr";"Bike_Age";"Bike_Alc_D";"Bike_Dir";"Bike_Injur";"Bike_Pos";"Bike_Race";"Bike_Sex";"City";"County";"CrashAlcoh";"CrashDay";"Crash_Date";"Crash_Grp";"Crash_Hour";"Crash_Loc";"Crash_Mont";"Crash_Time";"Crash_Type";"Crash_Ty_1";"Crash_Year";"Crsh_Sevri";"Developmen";"DrvrAge_Gr";"Drvr_Age";"Drvr_Alc_D";"Drvr_EstSp";"Drvr_Injur";"Drvr_Race";"Drvr_Sex";"Drvr_VehTy";"ExcsSpdInd";"Hit_Run";"Light_Cond";"Locality";"Num_Lanes";"Num_Units";"Rd_Charact";"Rd_Class";"Rd_Conditi";"Rd_Config";"Rd_Defects";"Rd_Feature";"Rd_Surface";"Region";"Rural_Urba";"Speed_Limi";"Traff_Cntr";"Weather";"Workzone_I";"Location"
"2525";79;80;"No";"20-24";20;"Missing";"Facing Traffic";"B: Evident Injury";"Travel Lane";"Asian";"Male";"Charlotte";"Mecklenburg";"No";"01-01-07";2012-03-11;"Motorist Failed to Yield - Sign-Controlled Intersection";15;"Intersection";"01-03-01";1-01-01 15:36:58;"Motorist Drive Out - Sign-Controlled Intersection";NA;2012;"B: Evident Injury";"Residential";"20-24";23;"No";"6-10 mph";"O: No Injury";"Asian";"Female";"Passenger Car";"No";"No";"Daylight";"Urban (>70% Developed)";"9 or more lanes";2;"Straight - Level";"Local Street";"Dry";"Two-Way, Divided, Unprotected Median";"None";"No Special Feature";"Smooth Asphalt";"Piedmont";"Urban";"30 - 35  MPH";"Stop Sign";"Clear";"No";"35.24001, -80.7978"
"2526";82;83;"No";"50-59";56;"Yes";"Facing Traffic";"C: Possible Injury";"Sidewalk / Crosswalk / Driveway Crossing";"Black";"Male";"Greensboro";"Guilford";"Yes";"01-01-02";2012-02-21;"Motorist Failed to Yield - Sign-Controlled Intersection";16;"Intersection";"01-02-01";1-01-01 16:46:58;"Motorist Drive Out - Sign-Controlled Intersection";NA;2012;"C: Possible Injury";"Commercial";"30-39";32;"No";"0-5 mph";"O: No Injury";"White";"Female";"Passenger Car";"No";"No";"Daylight";"Urban (>70% Developed)";"2 lanes";2;"Straight - Hillcrest";"Local Street";"Dry";"Two-Way, Not Divided";"None";"T-Intersection";"Smooth Asphalt";"Piedmont";"Urban";"30 - 35  MPH";"Stop Sign";"Clear";"No";"36.06386, -79.8019"
"2527";83;84;"Yes";"20-24";21;"No";"With Traffic";"B: Evident Injury";"Sidewalk / Crosswalk / Driveway Crossing";"White";"Male";"Rocky Mount";"Nash";"No";"01-01-04";2012-02-16;"Parallel Paths - Other Circumstances";20;"Intersection-Related";"01-02-01";1-01-01 20:43:58;"Bicyclist Ride Out - Parallel Path";NA;2012;"B: Evident Injury";"Commercial";"0-19";19;"No";"41-45 mph";"O: No Injury";"Black";"Male";"Passenger Car";"No";"No";"Dark - Lighted Roadway";"Urban (>70% Developed)";"4 lanes";2;"Straight - Level";"Local Street";"Wet";"Two-Way, Divided, Unprotected Median";"None";"Four-Way Intersection";"Coarse Asphalt";"Coastal";"Urban";"40 - 45  MPH";"No Control Present";"Rain";"No";"35.96208, -77.8279"
"2528";85;86;"Yes";"15-Nov";12;"No";NA;"C: Possible Injury";NA;"Black";"Male";"Cary";"Wake";"No";"01-01-06";2012-02-25;"Other /  - Insufficient Details";18;"Location";"01-02-01";1-01-01 18:29:58;"Location";NA;2012;"C: Possible Injury";"Commercial";NA;NA;"Missing";NA;"Injury";"/Missing";NA;NA;"No";"Yes";"Dusk";"Urban (>70% Developed)";"2 lanes";2;"Straight - Level";"Local Street";"Dry";"Two-Way, Not Divided";"Road Surface Condition";"No Special Feature";"Smooth Asphalt";"Piedmont";"Urban";"30 - 35  MPH";"Stop Sign";"Clear";"No";"35.80145, -78.7677"
"2529";87;88;"No";"60-69";69;"No";NA;"Injury";"Sidewalk / Crosswalk / Driveway Crossing";"/Missing";NA;"Stanley";"Gaston";"No";"01-01-06";2012-01-07;"Other /  - Insufficient Details";12;"Intersection";NA;1-01-01 12:14:58;"Approach Paths";NA;2012;"Injury";"Commercial";NA;NA;"No";"11-15 mph";"Injury";"/Missing";NA;"Tractor/Semi-Trailer";"No";"Yes";"Daylight";"Mixed (30% To 70% Developed)";"2 lanes";2;"Straight - Grade";"NC Route";"Dry";"Two-Way, Not Divided";"None";"Four-Way Intersection";"Smooth Asphalt";"Piedmont";"Rural";"30 - 35  MPH";"Stop And Go Signal";"Clear";"No";"35.35336, -81.0904"
"2530";93;94;"Yes";"30-39";30;"No";"With Traffic";"K: Killed";"Bike Lane / Paved Shoulder";"White";"Male";"None - Rural Crash";"Davidson";"Yes";"01-01-02";2012-03-13;"Loss of Control / Turning Error";15;"Non-Intersection";"01-03-01";1-01-01 14:59:58;"Motorist Lost Control - Other /";NA;2012;"K: Killed";"Farms, Woods, Pastures";"25-29";29;"Yes";"51-55 mph";"O: No Injury";"White";"Male";"Pickup";"No";"No";"Daylight";"Rural (<30% Developed)";"4 lanes";3;"Straight - Level";"US Route";"Dry";"Two-Way, Divided, Unprotected Median";"None";"No Special Feature";"Smooth Asphalt";"Piedmont";"Rural";"50 - 55  MPH";"No Control Present";"Clear";"No";"35.8439, -80.2121"
"2531";118;119;"Yes";"15-Nov";15;"No";"With Traffic";"B: Evident Injury";"Travel Lane";"White";"Male";"Apex";"Wake";"No";"01-01-06";2012-03-24;"Motorist Failed to Yield - Signalized Intersection";13;"Intersection";"01-03-01";1-01-01 13:00:58;"Motorist Drive Out - Right Turn on Red";NA;2012;"B: Evident Injury";"Commercial";"30-39";35;"No";"0-5 mph";"O: No Injury";"Other";"Female";"Sport Utility";"No";"No";"Daylight";"Urban (>70% Developed)";"6 lanes";2;"Straight - Grade";"NC Route";"Wet";"Two-Way, Not Divided";"None";"Four-Way Intersection";"Coarse Asphalt";"Piedmont";"Urban";"40 - 45  MPH";"Stop And Go Signal";"Rain";"No";"35.75152, -78.8772"
"2532";126;127;"Yes";"70";0;"No";"With Traffic";"B: Evident Injury";"Travel Lane";"White";"Male";"None - Rural Crash";"Rowan";"No";"01-01-05";2012-03-30;"Motorist Overtaking Bicyclist";15;"Non-Intersection";"01-03-01";1-01-01 15:14:58;"Motorist Overtaking - Other /";NA;2012;"B: Evident Injury";"Commercial";"30-39";35;"No";"31-35 mph";"O: No Injury";"Hispanic";"Male";"Van";"No";"No";"Daylight";"Mixed (30% To 70% Developed)";"5 lanes";2;"Straight - Level";"US Route";"Dry";"Two-Way, Divided, Unprotected Median";"None";"No Special Feature";"Smooth Asphalt";"Piedmont";"Rural";"50 - 55  MPH";"No Control Present";"Clear";"No";"35.6009, -80.5437"
"2533";130;131;"Yes";"25-29";29;"No";"Facing Traffic";"C: Possible Injury";"Travel Lane";"Black";"Male";"Durham";"Durham";"No";"01-01-03";2012-03-28;"Motorist Failed to Yield - Sign-Controlled Intersection";17;"Intersection";"01-03-01";1-01-01 17:29:58;"Motorist Drive Out - Sign-Controlled Intersection";NA;2012;"C: Possible Injury";"Residential";"60-69";65;"No";"0-5 mph";"O: No Injury";"White";"Male";"Sport Utility";"No";"No";"Daylight";"Urban (>70% Developed)";"2 lanes";2;"Straight - Level";"Local Street";"Dry";"Two-Way, Divided, Unprotected Median";"None";"No Special Feature";"Smooth Asphalt";"Piedmont";"Urban";"30 - 35  MPH";"Stop Sign";"Clear";"No";"36.01101, -78.9056"
"2534";132;133;"Yes";"16-19";19;"No";NA;"B: Evident Injury";NA;"Black";"Male";"Jacksonville";"Onslow";"No";"01-01-06";2012-03-03;"Other /  - Insufficient Details";21;"Non-Intersection";"01-03-01";1-01-01 21:44:58;"Approach Paths";NA;2012;"B: Evident Injury";"Residential";NA;NA;"Missing";NA;"Injury";"/Missing";NA;NA;"No";"Yes";"Dark -  Lighting";"Urban (>70% Developed)";"2 lanes";2;"Straight - Level";"Local Street";"Wet";"Two-Way, Not Divided";"None";"No Special Feature";"Coarse Asphalt";"Coastal";"Urban";NA;"No Control Present";"Rain";"No";"34.78026, -77.4293"
"2535";134;135;"Yes";"15-Nov";14;"No";"Not Applicable";"C: Possible Injury";"Non-Roadway";"Hispanic";"Male";"None - Rural Crash";"Beaufort";"No";"01-01-02";2012-04-03;"Bicyclist Failed to Yield - Midblock";23;"Non-Intersection";"01-04-01";1-01-01 23:12:58;"Bicyclist Ride Out - Midblock -";NA;2012;"C: Possible Injury";"Residential";"60-69";60;"No";"31-35 mph";"O: No Injury";"White";"Male";"Pickup";"No";"No";"Daylight";"Rural (<30% Developed)";"2 lanes";2;"Straight - Level";"State Secondary Route";"Dry";"Two-Way, Not Divided";"None";"No Special Feature";"Coarse Asphalt";"Coastal";"Rural";"40 - 45  MPH";"Double Yellow Line, No Passing Zone";"Clear";"No";"35.51682, -77.0398"
"2536";139;140;"Yes";"20-24";23;"No";"With Traffic";"C: Possible Injury";"Travel Lane";"Black";"Male";"None - Rural Crash";"Guilford";"No";"01-01-06";2012-04-07;"Bicyclist Left Turn / Merge";12;"Non-Intersection";"01-04-01";1-01-01 12:57:58;"Bicyclist Left Turn - Same Direction";NA;2012;"C: Possible Injury";"Residential";"30-39";39;"No";"41-45 mph";"O: No Injury";"Black";"Male";"Passenger Car";"No";"No";"Daylight";"Rural (<30% Developed)";"2 lanes";2;"Straight - Grade";"State Secondary Route";"Dry";"Two-Way, Not Divided";"None";"No Special Feature";"Smooth Asphalt";"Piedmont";"Rural";"40 - 45  MPH";"Double Yellow Line, No Passing Zone";"Clear";"No";"36.04823, -79.7189"
"2537";142;143;"No";"16-19";17;"No";"With Traffic";"B: Evident Injury";"Travel Lane";"White";"Male";"Southern Pines";"Moore";"No";"01-01-06";2012-03-17;"Bicyclist Overtaking Motorist";17;"Intersection";"01-03-01";1-01-01 17:16:58;"Bicyclist Overtaking - Passing on Right";NA;2012;"B: Evident Injury";"Residential";"25-29";26;"No";"6-10 mph";"O: No Injury";"Black";"Male";"Passenger Car";"No";"No";"Daylight";"Mixed (30% To 70% Developed)";"3 lanes";2;"Straight - Grade";"State Secondary Route";"Wet";"Two-Way, Not Divided";"None";"Four-Way Intersection";"Coarse Asphalt";"Piedmont";"Urban";"30 - 35  MPH";"No Control Present";"Rain";"No";"35.18245, -79.3999"
"2538";163;164;"No";"16-19";16;"No";"With Traffic";"B: Evident Injury";"Travel Lane";"White";"Male";"Havelock";"Craven";"No";"01-01-03";2012-03-28;"Motorist Overtaking Bicyclist";23;"Non-Intersection";"01-03-01";1-01-01 23:33:58;"Motorist Overtaking - Other /";NA;2012;"B: Evident Injury";"Commercial";NA;NA;"No";"31-35 mph";"Injury";"/Missing";NA;NA;"No";"Yes";"Daylight";"Urban (>70% Developed)";"2 lanes";2;"Curve - Grade";"Local Street";"Dry";"Two-Way, Not Divided";"None";"Bridge Approach";"Coarse Asphalt";"Coastal";"Urban";"30 - 35  MPH";"No Control Present";"Clear";"No";"34.88551, -76.9236"
"2539";167;168;"No";"30-39";31;"No";"Facing Traffic";"O: No Injury";"Travel Lane";"Black";"Male";"Durham";"Durham";"No";"01-01-05";2012-04-13;"Loss of Control / Turning Error";14;"Non-Intersection";"01-04-01";1-01-01 14:25:58;"Bicyclist Lost Control - Mechanical Problems";NA;2012;"O: No Injury";"Commercial";"30-39";33;"No";"0-5 mph";"O: No Injury";"Black";"Male";"Passenger Car";"No";"No";"Daylight";"Urban (>70% Developed)";"2 lanes";2;"Straight - Level";"Public Vehicular Area";"Dry";"Two-Way, Not Divided";"None";"No Special Feature";"Smooth Asphalt";"Piedmont";"Urban";"5 - 15 MPH";"No Control Present";"Clear";"No";"36.03634, -78.8948"
"2540";169;170;"Yes";"60-69";66;"No";"With Traffic";"C: Possible Injury";"Sidewalk / Crosswalk / Driveway Crossing";"Black";"Male";"Charlotte";"Mecklenburg";"No";"01-01-06";2012-04-14;"Motorist Right Turn / Merge";12;"Non-Intersection";"01-04-01";1-01-01 12:03:58;"Motorist Right Turn - Same Direction";NA;2012;"C: Possible Injury";"Commercial";NA;NA;"Missing";"0-5 mph";"Injury";"/Missing";NA;NA;"No";"Yes";"Daylight";"Urban (>70% Developed)";"4 lanes";2;"Straight - Level";"Local Street";"Dry";"Two-Way, Not Divided";"None";"Driveway, Public";"Smooth Asphalt";"Piedmont";"Urban";"30 - 35  MPH";"No Control Present";"Clear";"No";"35.18427, -80.749"
"2541";176;177;"Yes";"50-59";57;"No";"With Traffic";"B: Evident Injury";"Travel Lane";"Black";"Male";"Durham";"Durham";"No";NA;2012-04-16;"Crossing Paths - Other Circumstances";14;"Intersection";"01-04-01";1-01-01 14:57:58;"Signalized Intersection - Other /";NA;2012;"B: Evident Injury";"Commercial";"60-69";61;"No";"0-5 mph";"O: No Injury";"White";"Female";"Sport Utility";"No";"No";"Daylight";"Urban (>70% Developed)";"4 lanes";2;"Straight - Level";"Local Street";"Dry";"Two-Way, Not Divided";"None";"No Special Feature";"Smooth Asphalt";"Piedmont";"Urban";"20 - 25  MPH";"Stop And Go Signal";"Clear";"No";"36.00232, -78.9129"
"2542";178;179;"Yes";"15-Nov";12;"No";"With Traffic";"B: Evident Injury";"Travel Lane";"White";"Male";"None - Rural Crash";"Davie";"No";"01-01-06";2012-04-14;"Bicyclist Failed to Yield - Sign-Controlled Intersection";11;"Intersection";"01-04-01";1-01-01 11:33:58;"Bicyclist Ride Through - Sign-Controlled Intersection";NA;2012;"B: Evident Injury";"Farms, Woods, Pastures";"70";70;"No";"41-45 mph";"O: No Injury";"White";"Male";"Van";"No";"No";"Daylight";"Rural (<30% Developed)";"2 lanes";2;"Curve - Level";"US Route";"Dry";"Two-Way, Not Divided";"None";"T-Intersection";"Smooth Asphalt";"Piedmont";"Rural";"40 - 45  MPH";"Stop Sign";"Clear";"No";"35.94164, -80.6022"
"2543";179;180;"Yes";"70";0;"No";"With Traffic";"B: Evident Injury";"Travel Lane";"White";"Male";"High Point";"Guilford";"No";"01-01-02";2012-04-03;"Bicyclist Left Turn / Merge";9;"Non-Intersection";"01-04-01";1-01-01 09:17:58;"Bicyclist Left Turn - Same Direction";NA;2012;"B: Evident Injury";"Commercial";"40-49";42;"No";"31-35 mph";"O: No Injury";"White";"Female";"Sport Utility";"No";"No";"Daylight";"Urban (>70% Developed)";"4 lanes";2;"Straight - Level";"Local Street";"Dry";"Two-Way, Not Divided";"None";"No Special Feature";"Coarse Asphalt";"Piedmont";"Urban";"30 - 35  MPH";"No Control Present";"Cloudy";"No";"35.93655, -80.0298"
"2544";183;184;"No";"25-29";28;"No";"With Traffic";"C: Possible Injury";"Travel Lane";"White";"Male";"None - Rural Crash";"Onslow";"No";NA;2012-04-16;"Motorist Right Turn / Merge";16;"Intersection";"01-04-01";1-01-01 16:27:58;"Motorist Right Turn - Same Direction";NA;2012;"C: Possible Injury";"Farms, Woods, Pastures";"50-59";51;"No";"16-20 mph";"O: No Injury";"Black";"Male";"Sport Utility";"No";"No";"Daylight";"Rural (<30% Developed)";"2 lanes";2;"Straight - Level";"State Secondary Route";"Dry";"Two-Way, Not Divided";"None";"T-Intersection";"Coarse Asphalt";"Coastal";"Rural";"40 - 45  MPH";"Double Yellow Line, No Passing Zone";"Clear";"No";"34.7275, -77.321"
"2545";184;185;"No";"40-49";43;"No";NA;"C: Possible Injury";NA;"White";"Female";"Wilmington";"New Hanover";"No";"01-01-04";2012-03-29;"Other /  - Insufficient Details";17;"Intersection-Related";"01-03-01";1-01-01 17:41:58;"Approach Paths";NA;2012;"C: Possible Injury";"Commercial";"50-59";56;"No";"0-5 mph";"O: No Injury";"White";"Female";"Sport Utility";"No";"No";"Daylight";"Urban (>70% Developed)";"6 lanes";2;"Straight - Level";"NC Route";"Dry";"Two-Way, Not Divided";"None";"No Special Feature";"Coarse Asphalt";"Coastal";"Urban";"40 - 45  MPH";"Stop And Go Signal";"Clear";"No";"34.2151, -77.886"
"2546";191;192;"No";"15-Nov";11;"No";"Facing Traffic";"C: Possible Injury";"Travel Lane";"Black";"Female";"Greensboro";"Guilford";"No";NA;2012-03-26;"Head-On";18;"Non-Intersection";"01-03-01";1-01-01 18:52:58;"Head-On - Bicyclist";NA;2012;"C: Possible Injury";"Residential";"40-49";48;"No";"16-20 mph";"Injury";"Black";"Male";"Passenger Car";"No";"No";"Daylight";"Urban (>70% Developed)";"2 lanes";2;"Straight - Level";"Local Street";"Dry";"Two-Way, Not Divided";"None";"No Special Feature";"Smooth Asphalt";"Piedmont";"Urban";NA;"No Control Present";"Clear";"No";"36.08663, -79.7469"
"2547";198;199;"Yes";"20-24";20;"No";"With Traffic";"C: Possible Injury";"Travel Lane";"Black";"Female";"New Bern";"Craven";"No";"01-01-05";2012-04-20;"Bicyclist Failed to Yield - Sign-Controlled Intersection";13;"Intersection";"01-04-01";1-01-01 13:22:58;"Bicyclist Ride Through - Sign-Controlled Intersection";NA;2012;"C: Possible Injury";"Residential";"60-69";63;"No";"11-15 mph";"O: No Injury";"Black";"Male";"Pickup";"No";"No";"Daylight";"Urban (>70% Developed)";"2 lanes";2;"Straight - Level";"Local Street";"Dry";"Two-Way, Not Divided";"None";"Four-Way Intersection";"Smooth Asphalt";"Coastal";"Urban";"20 - 25  MPH";"Stop Sign";"Clear";"No";"35.11413, -77.0523"
"2548";199;200;"No";"60-69";67;"No";"With Traffic";"C: Possible Injury";"Travel Lane";"Black";"Male";"Southport";"Brunswick";"No";NA;2012-03-26;"Bicyclist Left Turn / Merge";16;"Non-Intersection";"01-03-01";1-01-01 16:39:58;"Bicyclist Left Turn - Same Direction";NA;2012;"C: Possible Injury";"Commercial";"0-19";18;"No";NA;"O: No Injury";"White";"Male";"Pickup";"No";"No";"Daylight";"Urban (>70% Developed)";NA;2;NA;NA;"Dry";"Two-Way, Divided, Unprotected Median";"None";"No Special Feature";"Smooth Asphalt";"Coastal";"Rural";NA;"No Control Present";"Clear";"No";"33.92113, -78.0202"
"2549";210;211;"Yes";"40-49";49;"Yes";"With Traffic";"B: Evident Injury";"Sidewalk / Crosswalk / Driveway Crossing";"White";"Male";"Greensboro";"Guilford";"Yes";"01-01-04";2012-04-26;"Loss of Control / Turning Error";21;"Non-Intersection";"01-04-01";1-01-01 21:28:58;"Bicyclist Turning Error - Right Turn";NA;2012;"B: Evident Injury";"Commercial";"60-69";66;"No";"0-5 mph";"O: No Injury";"White";"Male";"Passenger Car";"No";"No";"Dusk";"Urban (>70% Developed)";NA;2;"Straight - Bottom";"Public Vehicular Area";"Dry";NA;"None";"No Special Feature";"Smooth Asphalt";"Piedmont";"Urban";"5 - 15 MPH";"No Control Present";"Clear";"No";"36.11516, -79.7814"
"2550";218;219;"Yes";"30-39";35;"No";"With Traffic";"B: Evident Injury";"Travel Lane";"Black";"Female";"Greensboro";"Guilford";"No";"01-01-06";2012-04-14;"Motorist Overtaking Bicyclist";18;"Intersection-Related";"01-04-01";1-01-01 18:53:58;"Motorist Overtaking - Undetected Bicyclist";NA;2012;"B: Evident Injury";"Residential";"40-49";49;"No";"21-25 mph";"O: No Injury";"Black";"Male";"Passenger Car";"No";"No";"Daylight";"Urban (>70% Developed)";"4 lanes";2;"Straight - Grade";"Local Street";"Dry";"Two-Way, Not Divided";"None";"Four-Way Intersection";"Coarse Asphalt";"Piedmont";"Urban";"30 - 35  MPH";"Stop And Go Signal";"Other";"No";"36.05188, -79.7983"
"2551";234;235;"Yes";"16-19";19;"No";"Facing Traffic";"B: Evident Injury";"Sidewalk / Crosswalk / Driveway Crossing";"White";"Female";"Chapel Hill";"Orange";"No";"01-01-05";2012-04-27;"Motorist Failed to Yield - Sign-Controlled Intersection";13;"Intersection";"01-04-01";1-01-01 13:54:58;"Motorist Drive Out - Sign-Controlled Intersection";NA;2012;"B: Evident Injury";"Residential";"60-69";60;"No";NA;"O: No Injury";"White";"Male";"Pickup";"No";"No";"Daylight";"Urban (>70% Developed)";"5 lanes";2;"Straight - Grade";"Local Street";"Dry";"Two-Way, Not Divided";"None";"T-Intersection";"Smooth Asphalt";"Piedmont";"Urban";"20 - 25  MPH";"Stop Sign";"Clear";"No";"35.90454, -79.0647"
"2552";236;237;"Yes";"15-Nov";13;"No";"With Traffic";"B: Evident Injury";"Travel Lane";"White";"Male";"Wilmington";"New Hanover";"No";"01-01-06";2012-04-28;"Motorist Overtaking Bicyclist";11;"Intersection-Related";"01-04-01";1-01-01 11:10:58;"Motorist Overtaking - Other /";NA;2012;"B: Evident Injury";"Residential";NA;NA;"Missing";NA;"Injury";"/Missing";NA;NA;"No";"Yes";"Daylight";"Urban (>70% Developed)";"2 lanes";2;"Straight - Level";NA;"Dry";"Two-Way, Not Divided";"None";"No Special Feature";"Coarse Asphalt";"Coastal";"Urban";"30 - 35  MPH";"No Control Present";"Clear";"No";"34.22151, -77.8918"
"2553";240;241;"No";"50-59";53;"No";"With Traffic";"B: Evident Injury";"Travel Lane";"White";"Female";"Raleigh";"Wake";"No";"01-01-03";2012-04-11;"Motorist Left Turn / Merge";15;"Intersection-Related";"01-04-01";1-01-01 15:14:58;"Motorist Left Turn - Opposite Direction";NA;2012;"B: Evident Injury";"Commercial";"25-29";28;"No";"31-35 mph";"O: No Injury";"White";"Female";"Sport Utility";"No";"No";"Daylight";"Urban (>70% Developed)";"3 lanes";2;"Straight - Hillcrest";"Local Street";"Dry";"Two-Way, Not Divided";"None";"No Special Feature";"Coarse Asphalt";"Piedmont";"Urban";"30 - 35  MPH";"No Control Present";"Clear";"No";"35.79076, -78.6594"
"2554";244;245;"Yes";"20-24";21;"No";"Facing Traffic";"B: Evident Injury";"Travel Lane";"Black";"Male";"Wilmington";"New Hanover";"No";"01-01-03";2012-05-02;"Other / Unusual Circumstances";16;"Non-Intersection";"01-05-01";1-01-01 16:35:58;"Motorist Intentionally Caused";NA;2012;"B: Evident Injury";"Residential";NA;NA;"Missing";NA;"Injury";"/Missing";NA;NA;"No";"Yes";"Daylight";"Urban (>70% Developed)";"2 lanes";2;"Straight - Level";"Local Street";"Dry";"Two-Way, Not Divided";"None";"No Special Feature";"Coarse Asphalt";"Coastal";"Urban";NA;"No Control Present";"Clear";"No";"34.2394, -77.9024"
"2555";247;248;"Yes";"30-39";30;"No";"With Traffic";"B: Evident Injury";"Travel Lane";"Black";"Male";"Charlotte";"Mecklenburg";"No";"01-01-04";2012-05-03;"Motorist Overtaking Bicyclist";15;"Non-Intersection";"01-05-01";1-01-01 15:45:58;"Motorist Overtaking - Bicyclist Swerved";NA;2012;"B: Evident Injury";"Residential";"40-49";48;"No";"31-35 mph";"B: Evident Injury";"White";"Male";"Motorcycle";"No";"No";"Daylight";"Urban (>70% Developed)";"2 lanes";2;"Straight - Level";"Local Street";"Dry";"Two-Way, Not Divided";"None";"No Special Feature";"Smooth Asphalt";"Piedmont";"Urban";"30 - 35  MPH";"No Control Present";"Clear";"No";"35.28304, -80.6966"
"2556";256;257;"Yes";"20-24";20;"No";"With Traffic";"B: Evident Injury";"Travel Lane";"White";"Female";"Boone";"Watauga";"No";"01-01-02";2012-05-08;"Motorist Left Turn / Merge";10;"Non-Intersection";"01-05-01";1-01-01 10:49:58;"Motorist Left Turn - Opposite Direction";NA;2012;"B: Evident Injury";"Institutional";"40-49";43;"No";"6-10 mph";"O: No Injury";"White";"Female";"Passenger Car";"No";"No";"Daylight";"Urban (>70% Developed)";"4 lanes";2;"Straight - Level";"Local Street";"Wet";"Two-Way, Not Divided";"None";"No Special Feature";"Smooth Asphalt";"Mountains";"Urban";"20 - 25  MPH";"No Control Present";"Rain";"No";"36.21435, -81.6826"
"2557";266;267;"Yes";"70";0;"No";"With Traffic";"B: Evident Injury";"Travel Lane";"White";"Male";"None - Rural Crash";"Dare";"No";"01-01-05";2012-05-11;"Loss of Control / Turning Error";7;"Intersection";"01-05-01";1-01-01 07:29:58;"Bicyclist Turning Error - Left Turn";NA;2012;"B: Evident Injury";"Residential";"50-59";58;"No";"21-25 mph";"O: No Injury";"White";"Male";"Passenger Car";"No";"No";"Daylight";"Urban (>70% Developed)";"2 lanes";2;"Straight - Level";"Public Vehicular Area";"Dry";"Two-Way, Not Divided";"None";"T-Intersection";"Coarse Asphalt";"Coastal";"Rural";"20 - 25  MPH";"Yield Sign";"Clear";"No";"36.11226, -75.7463"
"2558";268;269;"No";"40-49";47;"No";"Facing Traffic";"C: Possible Injury";"Sidewalk / Crosswalk / Driveway Crossing";"Black";"Male";"Rocky Mount";"Nash";"No";"01-01-02";2012-04-10;"Motorist Failed to Yield - Midblock";15;"Non-Intersection";"01-04-01";1-01-01 15:20:58;"Motorist Drive Out - Commercial Driveway / Alley";NA;2012;"C: Possible Injury";"Commercial";"0-19";18;"No";"0-5 mph";"O: No Injury";"White";"Male";"Sport Utility";"No";"No";"Daylight";"Urban (>70% Developed)";"2 lanes";2;"Straight - Level";"Local Street";"Dry";"Two-Way, Not Divided";"None";"T-Intersection";"Smooth Asphalt";"Coastal";"Urban";NA;"No Control Present";"Clear";"No";"35.96307, -77.8387"
"2559";279;280;"Yes";"16-19";18;"No";"With Traffic";"B: Evident Injury";"Travel Lane";"White";"Female";"Wilmington";"New Hanover";"No";"01-01-02";2012-05-01;"Crossing Paths - Other Circumstances";11;"Intersection";"01-05-01";1-01-01 11:57:58;"Crossing Paths - Intersection - Other /";NA;2012;"B: Evident Injury";"Commercial";"60-69";61;"No";"41-45 mph";"O: No Injury";"Black";"Male";"Pickup";"No";"No";"Daylight";"Urban (>70% Developed)";"6 lanes";2;"Straight - Level";"Local Street";"Dry";"One-Way, Not Divided";"None";"No Special Feature";"Coarse Asphalt";"Coastal";"Urban";"50 - 55  MPH";"No Control Present";"Clear";"No";"34.19294, -77.9226"
"2560";292;293;"Yes";"10-Jun";9;"No";"With Traffic";"B: Evident Injury";"Travel Lane";"White";"Male";"None - Rural Crash";"Haywood";"No";NA;2012-05-14;"Bicyclist Failed to Yield - Sign-Controlled Intersection";15;"Intersection";"01-05-01";1-01-01 15:29:58;"Bicyclist Ride Through - Sign-Controlled Intersection";NA;2012;"B: Evident Injury";"Residential";"50-59";51;"No";"0-5 mph";"O: No Injury";"White";"Female";"Sport Utility";"No";"No";"Daylight";"Urban (>70% Developed)";"2 lanes";2;"Straight - Grade";"State Secondary Route";"Dry";"Two-Way, Not Divided";"None";"Alley Intersection";"Coarse Asphalt";"Mountains";"Rural";"20 - 25  MPH";"Stop Sign";"Clear";"No";"35.53844, -82.8635"
"2561";302;303;"Yes";"10-Jun";9;"No";"Not Applicable";"B: Evident Injury";"Non-Roadway";"White";"Male";"Cary";"Wake";"No";"01-01-04";2012-05-03;"Non-Roadway";18;"Non-Roadway";"01-05-01";1-01-01 18:25:58;"Non-Roadway";NA;2012;"B: Evident Injury";"Residential";"70";70;"No";"16-20 mph";"O: No Injury";"Black";"Female";"Sport Utility";"No";"No";"Daylight";"Urban (>70% Developed)";"2 lanes";2;"Straight - Level";"Public Vehicular Area";"Dry";"Two-Way, Not Divided";"None";"T-Intersection";"Smooth Asphalt";"Piedmont";"Urban";NA;"Stop Sign";"Clear";"No";"35.74909, -78.7504"
"2562";303;304;"Yes";"50-59";56;"No";"Facing Traffic";"C: Possible Injury";"Travel Lane";"Black";"Male";"High Point";"Guilford";"No";"01-01-03";2012-05-16;"Bicyclist Failed to Yield - Signalized Intersection";14;"Intersection";"01-05-01";1-01-01 14:32:58;"Bicyclist Ride Through - Signalized Intersection";NA;2012;"C: Possible Injury";"Commercial";"25-29";26;"No";"6-10 mph";"C: Possible Injury";"White";"Male";"Sport Utility";"No";"No";"Daylight";"Urban (>70% Developed)";"5 lanes";2;"Straight - Level";"Local Street";"Dry";"Two-Way, Not Divided";"None";"Four-Way Intersection";"Coarse Asphalt";"Piedmont";"Urban";"30 - 35  MPH";"Stop And Go Signal";"Clear";"No";"35.96576, -80.0125"