"FID";"OBJECTID";"AmbulanceR";"BikeAge_Gr";"Bike_Age";"Bike_Alc_D";"Bike_Dir";"Bike_Injur";"Bike_Pos";"Bike_Race";"Bike_Sex";"City";"County";"CrashAlcoh";"CrashDay";"Crash_Date";"Crash_Grp";"Crash_Hour";"Crash_Loc";"Crash_Mont";"Crash_Time";"Crash_Type";"Crash_Ty_1";"Crash_Year";"Crsh_Sevri";"Developmen";"DrvrAge_Gr";"Drvr_Age";"Drvr_Alc_D";"Drvr_EstSp";"Drvr_Injur";"Drvr_Race";"Drvr_Sex";"Drvr_VehTy";"ExcsSpdInd";"Hit_Run";"Light_Cond";"Locality";"Num_Lanes";"Num_Units";"Rd_Charact";"Rd_Class";"Rd_Conditi";"Rd_Config";"Rd_Defects";"Rd_Feature";"Rd_Surface";"Region";"Rural_Urba";"Speed_Limi";"Traff_Cntr";"Weather";"Workzone_I";"Location"
"2563";499;500;"No";"50-59";56;"No";"With Traffic";"B: Evident Injury";"Bike Lane / Paved Shoulder";"White";"Male";"None - Rural Crash";"Bladen";"No";NA;2011-08-08;"Motorist Overtaking Bicyclist";18;"Non-Intersection";"01-08-01";1-01-01 18:29:58;"Motorist Overtaking - Other /";321239;2011;"B: Evident Injury";"Farms, Woods, Pastures";NA;NA;"Missing";"51-55 mph";"Injury";"/Missing";NA;"Passenger Car";"No";"Yes";"Daylight";"Rural (<30% Developed)";"2 lanes";2;"Straight - Level";"State Secondary Route";"Dry";"Two-Way, Not Divided";"None";"No Special Feature";"Smooth Asphalt";"Coastal";"Rural";"50 - 55  MPH";"No Control Present";"Clear";"No";"34.62808, -78.663"
"2564";507;508;"No";"50-59";55;"No";"With Traffic";"O: No Injury";"Travel Lane";"White";"Male";"Troutman";"Iredell";"No";"01-01-06";2011-07-16;"Backing Vehicle";10;"Non-Intersection";"01-07-01";1-01-01 10:29:58;"Backing Vehicle";311600;2011;"O: No Injury";"Residential";"30-39";35;"No";NA;"O: No Injury";"White";"Male";"Pickup";"No";"No";"Daylight";"Urban (>70% Developed)";"2 lanes";2;"Straight - Level";"Local Street";"Dry";"Two-Way, Divided, Unprotected Median";"None";"No Special Feature";"Coarse Asphalt";"Piedmont";"Rural";NA;"No Control Present";"Cloudy";"No";"35.71136, -80.8928"
"2565";513;514;"Yes";"50-59";50;"No";"With Traffic";"A: Disabling Injury";"Travel Lane";"White";"Female";"Summerfield";"Guilford";"No";"01-01-05";2011-08-12;"Motorist Left Turn / Merge";18;"Intersection";"01-08-01";1-01-01 18:38:58;"Motorist Left Turn - Opposite Direction";111212;2011;"A: Disabling Injury";"Farms, Woods, Pastures";"30-39";36;"No";"36-40 mph";"O: No Injury";"Other";"Female";"Light Truck (Mini-Van, Panel)";"No";"No";"Daylight";"Rural (<30% Developed)";"2 lanes";2;"Straight - Level";"NC Route";"Wet";"Two-Way, Not Divided";"None";"T-Intersection";"Smooth Asphalt";"Piedmont";"Urban";"40 - 45  MPH";"Double Yellow Line, No Passing Zone";"Rain";"No";"36.20944, -79.8259"
"2566";516;517;"Yes";"30-39";36;"No";"With Traffic";"A: Disabling Injury";"Travel Lane";"White";"Male";"None - Rural Crash";"Buncombe";"No";"01-01-07";2011-08-14;"Motorist Left Turn / Merge";17;"Intersection";"01-08-01";1-01-01 16:59:58;"Motorist Left Turn - Opposite Direction";111212;2011;"A: Disabling Injury";"Residential";"40-49";44;"No";"26-30 mph";"O: No Injury";"White";"Female";"Sport Utility";"No";"No";"Daylight";"Urban (>70% Developed)";"2 lanes";2;"Straight - Grade";"State Secondary Route";"Dry";"Two-Way, Not Divided";"None";"T-Intersection";"Coarse Asphalt";"Mountains";"Rural";"30 - 35  MPH";"Double Yellow Line, No Passing Zone";"Clear";"No";"35.6329, -82.4184"
"2567";521;522;"Yes";"15-Nov";14;"No";"With Traffic";"C: Possible Injury";"Travel Lane";"White";"Male";"None - Rural Crash";"New Hanover";"No";"01-01-07";2011-08-14;"Bicyclist Left Turn / Merge";14;"Non-Intersection";"01-08-01";1-01-01 14:55:58;"Bicyclist Left Turn - Same Direction";311221;2011;"C: Possible Injury";"Residential";"40-49";48;"No";"41-45 mph";"O: No Injury";"White";"Male";"Pickup";"No";"No";"Daylight";"Mixed (30% To 70% Developed)";"2 lanes";2;"Straight - Level";"State Secondary Route";"Dry";"Two-Way, Not Divided";"None";"Related To Intersection";"Coarse Asphalt";"Coastal";"Rural";"40 - 45  MPH";"Double Yellow Line, No Passing Zone";"Clear";"No";"34.13515, -77.8771"
"2568";526;527;"Yes";"25-29";25;"No";"With Traffic";"B: Evident Injury";"Travel Lane";"White";"Male";"Winston-Salem";"Forsyth";"No";NA;2011-08-08;"Motorist Failed to Yield - Signalized Intersection";9;"Intersection";"01-08-01";1-01-01 09:36:58;"Motorist Drive Through - Signalized Intersection";111154;2011;"B: Evident Injury";"Commercial";NA;NA;"No";"31-35 mph";"Injury";"/Missing";NA;NA;"No";"Yes";"Daylight";"Urban (>70% Developed)";"3 lanes";2;"Straight - Level";"Local Street";"Dry";"Two-Way, Not Divided";"None";"Four-Way Intersection";"Smooth Asphalt";"Piedmont";"Urban";"40 - 45  MPH";"Stop And Go Signal";"Clear";"No";"36.06984, -80.2772"
"2569";538;539;"Yes";"10-Jun";7;"No";"With Traffic";"B: Evident Injury";"Travel Lane";"White";"Female";"Winston-Salem";"Forsyth";"No";"01-01-04";2011-08-11;"Bicyclist Failed to Yield - Sign-Controlled Intersection";20;"Intersection";"01-08-01";1-01-01 20:07:58;"Bicyclist Ride Out - Sign-Controlled Intersection";111142;2011;"B: Evident Injury";"Residential";"40-49";47;"No";"6-10 mph";"O: No Injury";"White";"Male";"Passenger Car";"No";"No";"Dusk";"Urban (>70% Developed)";"4 lanes";2;"Straight - Level";"Local Street";"Dry";"Two-Way, Not Divided";"None";"T-Intersection";"Smooth Asphalt";"Piedmont";"Urban";"30 - 35  MPH";"Stop Sign";"Clear";"No";"36.05483, -80.2209"
"2570";539;540;"No";"20-24";21;"No";"With Traffic";"O: No Injury";"Travel Lane";"White";"Male";"Boone";"Watauga";"No";"01-01-06";2011-08-06;"Motorist Overtaking Bicyclist";19;"Non-Intersection";"01-08-01";1-01-01 19:22:58;"Motorist Overtaking - Misjudged Space";311232;2011;"O: No Injury";"Commercial";NA;NA;"Missing";NA;"Injury";"/Missing";NA;NA;"No";"Yes";"Daylight";"Urban (>70% Developed)";"2 lanes";2;"Straight - Level";"Local Street";"Dry";"Two-Way, Not Divided";"None";"No Special Feature";"Smooth Asphalt";"Mountains";"Urban";"20 - 25  MPH";"Double Yellow Line, No Passing Zone";"Clear";"No";"36.19801, -81.6653"
"2571";541;542;"No";"16-19";17;"No";"With Traffic";"A: Disabling Injury";"Travel Lane";"White";"Male";"Wilmington";"New Hanover";"No";"01-01-02";2011-08-09;"Bicyclist Failed to Yield - Sign-Controlled Intersection";22;"Intersection";"01-08-01";1-01-01 22:00:58;"Bicyclist Ride Out - Sign-Controlled Intersection";111142;2011;"A: Disabling Injury";"Commercial";"60-69";68;"No";"21-25 mph";"O: No Injury";"White";"Male";"Pickup";"No";"No";"Dark - Lighted Roadway";"Urban (>70% Developed)";NA;2;"Straight - Grade";"Local Street";"Dry";"Two-Way, Not Divided";"None";"No Special Feature";"Coarse Asphalt";"Coastal";"Urban";"20 - 25  MPH";"Stop Sign";"Clear";"No";"34.24311, -77.9504"
"2572";543;544;"No";"20-24";20;"No";"Facing Traffic";"O: No Injury";"Travel Lane";"White";"Male";"Raleigh";"Wake";"No";"01-01-03";2011-08-17;"Motorist Left Turn / Merge";12;"Non-Intersection";"01-08-01";1-01-01 12:40:58;"Motorist Left Turn - Same Direction";312211;2011;"O: No Injury";"Commercial";"40-49";47;"No";"6-10 mph";"O: No Injury";"Black";"Male";"Passenger Car";"No";"No";"Daylight";"Urban (>70% Developed)";"5 lanes";2;"Straight - Level";"Local Street";"Dry";"Two-Way, Divided, Unprotected Median";"None";"No Special Feature";"Smooth Asphalt";"Piedmont";"Urban";"30 - 35  MPH";"No Control Present";"Clear";"No";"35.78927, -78.6751"
"2573";544;545;"Yes";"50-59";56;"No";"With Traffic";"B: Evident Injury";"Travel Lane";"Black";"Male";"Asheville";"Buncombe";"No";"01-01-07";2011-08-14;"Bicyclist Overtaking Motorist";13;"Non-Intersection";"01-08-01";1-01-01 13:42:58;"Bicyclist Overtaking - Parked Vehicle";311243;2011;"B: Evident Injury";"Residential";NA;NA;"Missing";NA;"Injury";"/Missing";NA;"Passenger Car";"No";"No";"Daylight";"Urban (>70% Developed)";"2 lanes";2;"Straight - Grade";"Local Street";"Dry";"Two-Way, Not Divided";"None";"No Special Feature";"Smooth Asphalt";"Mountains";"Urban";"30 - 35  MPH";"No Control Present";"Clear";"No";"35.59076, -82.559"
"2574";556;557;"Yes";"30-39";30;"No";"Not Applicable";"C: Possible Injury";"Non-Roadway";"Black";"Male";"Durham";"Durham";"No";"01-01-05";2011-08-26;"Non-Roadway";16;"Non-Roadway";"01-08-01";1-01-01 16:03:58;"Non-Roadway";460910;2011;"C: Possible Injury";"Commercial";NA;NA;"Missing";"6-10 mph";"Injury";"/Missing";NA;"Passenger Car";"No";"Yes";"Daylight";"Urban (>70% Developed)";"2 lanes";2;"Straight - Level";"Public Vehicular Area";"Dry";"Two-Way, Not Divided";"None";"No Special Feature";"Smooth Asphalt";"Piedmont";"Urban";"20 - 25  MPH";"No Control Present";"Clear";"No";"35.90216, -78.8956"
"2575";560;561;"Yes";"25-29";25;"No";"With Traffic";"B: Evident Injury";"Sidewalk / Crosswalk / Driveway Crossing";"Hispanic";"Male";"Charlotte";"Mecklenburg";"No";NA;2011-08-22;"Parallel Paths - Other Circumstances";19;"Intersection-Related";"01-08-01";1-01-01 19:34:58;"Bicyclist Ride Out - Parallel Path";231225;2011;"B: Evident Injury";"Commercial";"20-24";20;"No";"16-20 mph";"O: No Injury";"White";"Female";"Passenger Car";"No";"No";"Daylight";"Urban (>70% Developed)";"6 lanes";2;"Straight - Level";"Local Street";"Dry";"Two-Way, Divided, Unprotected Median";"None";"No Special Feature";"Smooth Asphalt";"Piedmont";"Urban";"40 - 45  MPH";"No Control Present";"Clear";"No";"35.23435, -80.7332"
"2576";562;563;"Yes";"20-24";24;"No";"Facing Traffic";"C: Possible Injury";"Sidewalk / Crosswalk / Driveway Crossing";"White";"Male";"Greensboro";"Guilford";"No";"01-01-02";2011-08-23;"Motorist Failed to Yield - Signalized Intersection";13;"Intersection";"01-08-01";1-01-01 13:07:58;"Motorist Drive Out - Signalized Intersection";132152;2011;"C: Possible Injury";"Commercial";"60-69";68;"No";"6-10 mph";"O: No Injury";"White";"Female";"Passenger Car";"No";"Yes";"Daylight";"Urban (>70% Developed)";NA;2;"Straight - Level";"Local Street";"Dry";"Two-Way, Not Divided";"None";"Related To Intersection";"Smooth Asphalt";"Piedmont";"Urban";"30 - 35  MPH";"Stop And Go Signal";"Clear";"No";"36.08508, -79.8212"
"2577";572;573;"Yes";"10-Jun";10;"No";"Not Applicable";"B: Evident Injury";"Travel Lane";"White";"Male";"Winston-Salem";"Forsyth";"No";"01-01-03";2011-08-24;"Bicyclist Failed to Yield - Midblock";19;"Non-Intersection";"01-08-01";1-01-01 19:08:58;"Bicyclist Ride Out - Other Midblock";313318;2011;"B: Evident Injury";"Residential";"50-59";55;"No";"26-30 mph";"O: No Injury";"White";"Male";"Passenger Car";"No";"No";"Daylight";"Urban (>70% Developed)";"2 lanes";2;"Straight - Level";"Local Street";"Dry";"Two-Way, Not Divided";"None";"No Special Feature";"Smooth Asphalt";"Piedmont";"Urban";"20 - 25  MPH";"No Control Present";"Clear";"No";"36.06325, -80.2252"
"2578";574;575;"Yes";"15-Nov";14;"No";"With Traffic";"B: Evident Injury";"Travel Lane";"Black";"Male";"Cary";"Wake";"No";"01-01-07";2011-08-21;"Bicyclist Failed to Yield - Signalized Intersection";13;"Intersection";"01-08-01";1-01-01 13:46:58;"Bicyclist Ride Out - Signalized  Intersection";111153;2011;"B: Evident Injury";"Commercial";"25-29";29;"No";"26-30 mph";"O: No Injury";"White";"Male";"Passenger Car";"No";"No";"Daylight";"Urban (>70% Developed)";"4 lanes";2;"Straight - Level";"State Secondary Route";"Dry";"Two-Way, Not Divided";"None";"No Special Feature";"Smooth Asphalt";"Piedmont";"Urban";"30 - 35  MPH";"Stop And Go Signal";"Clear";"No";"35.77137, -78.7853"
"2579";580;581;"Yes";"16-19";19;"No";"With Traffic";"B: Evident Injury";"Travel Lane";"White";"Male";"Raleigh";"Wake";"No";"01-01-03";2011-08-31;"Loss of Control / Turning Error";11;"Intersection";"01-08-01";1-01-01 11:54:58;"Bicyclist Lost Control - Other /";111129;2011;"B: Evident Injury";"Institutional";NA;NA;"Missing";"0-5 mph";"Injury";"/Missing";NA;"Pickup";"No";"No";"Daylight";"Urban (>70% Developed)";"3 lanes";2;"Straight - Level";"Local Street";"Dry";"Two-Way, Divided, Positive Median Barrier";"None";"T-Intersection";"Smooth Asphalt";"Piedmont";"Urban";"20 - 25  MPH";"Stop And Go Signal";"Clear";"No";"35.78753, -78.667"
"2580";588;589;"Yes";"70+";NA;"No";"With Traffic";"C: Possible Injury";"Travel Lane";"Black";"Male";"None - Rural Crash";"Halifax";"No";"01-01-02";2011-09-06;"Bicyclist Left Turn / Merge";10;"Intersection";"01-09-01";1-01-01 10:01:58;"Bicyclist Left Turn - Same Direction";111221;2011;"C: Possible Injury";"Farms, Woods, Pastures";"50-59";54;"No";"21-25 mph";"O: No Injury";"Black";"Female";"Passenger Car";"No";"No";"Daylight";"Rural (<30% Developed)";"2 lanes";2;"Straight - Level";"NC Route";"Dry";"Two-Way, Not Divided";"None";"No Special Feature";"Smooth Asphalt";"Coastal";"Rural";"30 - 35  MPH";"Stop Sign";"Cloudy";"No";"36.13284, -77.4292"
"2581";589;590;"No";"25-29";27;"No";"With Traffic";"C: Possible Injury";"Sidewalk / Crosswalk / Driveway Crossing";"White";"Male";"Wilmington";"New Hanover";"No";"01-01-05";2011-08-19;"Motorist Failed to Yield - Midblock";17;"Non-Intersection";"01-08-01";1-01-01 17:21:58;"Motorist Drive Out - Commercial Driveway / Alley";331322;2011;"C: Possible Injury";"Commercial";"30-39";35;"No";"6-10 mph";"O: No Injury";"White";"Female";"Passenger Car";"No";"No";"Daylight";"Urban (>70% Developed)";"2 lanes";2;"Straight - Level";"Public Vehicular Area";"Dry";"Two-Way, Not Divided";"None";"Driveway, Public";"Smooth Asphalt";"Coastal";"Urban";"30 - 35  MPH";"No Control Present";"Clear";"No";"34.24074, -77.901"
"2582";590;591;"Yes";"60-69";61;"No";"With Traffic";"B: Evident Injury";"Travel Lane";"White";"Male";"None - Rural Crash";"Moore";"No";"01-01-03";2011-09-07;"Motorist Overtaking Bicyclist";9;"Non-Intersection";"01-09-01";1-01-01 09:15:58;"Motorist Overtaking - Undetected Bicyclist";311231;2011;"B: Evident Injury";"Farms, Woods, Pastures";"40-49";45;"No";"41-45 mph";"O: No Injury";"White";"Female";"Passenger Car";"No";"No";"Daylight";"Rural (<30% Developed)";"2 lanes";2;"Straight - Level";"State Secondary Route";"Dry";"Two-Way, Not Divided";"None";"No Special Feature";"Smooth Asphalt";"Piedmont";"Rural";"40 - 45  MPH";"Double Yellow Line, No Passing Zone";"Clear";"No";"35.27206, -79.5692"
"2583";596;597;"Yes";"50-59";55;"No";"With Traffic";"B: Evident Injury";"Travel Lane";"White";"Male";"Stanfield";"Stanly";"No";NA;2011-08-29;"Motorist Overtaking Bicyclist";18;"Non-Intersection";"01-08-01";1-01-01 18:47:58;"Motorist Overtaking - Misjudged Space";311232;2011;"B: Evident Injury";"Residential";"0-19";19;"No";"41-45 mph";"O: No Injury";"White";"Male";"Pickup";"No";"No";"Daylight";"Mixed (30% To 70% Developed)";"2 lanes";3;"Straight - Level";"NC Route";"Dry";"Two-Way, Not Divided";"None";"No Special Feature";"Smooth Asphalt";"Piedmont";"Rural";"40 - 45  MPH";"No Control Present";"Cloudy";"No";"35.24518, -80.4248"
"2584";601;602;"Yes";"50-59";57;"No";"With Traffic";"B: Evident Injury";"Travel Lane";"Other";"Male";"Charlotte";"Mecklenburg";"No";"01-01-05";2011-09-02;"Bicyclist Failed to Yield - Sign-Controlled Intersection";19;"Intersection";"01-09-01";1-01-01 19:08:58;"Bicyclist Ride Through - Sign-Controlled Intersection";111144;2011;"B: Evident Injury";"Commercial";"50-59";52;"No";"36-40 mph";"O: No Injury";"Black";"Male";"Van";"No";"No";"Daylight";"Mixed (30% To 70% Developed)";"4 lanes";2;"Straight - Level";"Local Street";"Dry";"Two-Way, Not Divided";"None";"No Special Feature";"Smooth Asphalt";"Piedmont";"Urban";"40 - 45  MPH";"Stop Sign";"Cloudy";"No";"35.26327, -80.8544"
"2585";604;605;"No";"50-59";59;"No";"With Traffic";"C: Possible Injury";"Bike Lane / Paved Shoulder";"White";"Male";"None - Rural Crash";"Randolph";"No";NA;2011-09-05;"Parallel Paths - Other Circumstances";12;"Non-Intersection";"01-09-01";1-01-01 12:29:58;"Parallel Paths - Other /";321280;2011;"C: Possible Injury";"Farms, Woods, Pastures";NA;NA;"No";"51-55 mph";"Injury";"/Missing";NA;"Pickup";"No";"Yes";"Daylight";"Mixed (30% To 70% Developed)";"2 lanes";2;"Straight - Level";"State Secondary Route";"Dry";"Two-Way, Not Divided";"None";"No Special Feature";"Coarse Asphalt";"Piedmont";"Rural";"50 - 55  MPH";"Double Yellow Line, No Passing Zone";"Clear";"No";"35.86706, -79.5692"
"2586";605;606;"Yes";"40-49";43;"No";"Facing Traffic";"C: Possible Injury";"Sidewalk / Crosswalk / Driveway Crossing";"Black";"Male";"Wilmington";"New Hanover";"No";"01-01-05";2011-08-26;"Motorist Left Turn / Merge";8;"Non-Intersection";"01-08-01";1-01-01 08:27:58;"Motorist Left Turn - Same Direction";332211;2011;"C: Possible Injury";"Commercial";"50-59";59;"No";"6-10 mph";"O: No Injury";"White";"Female";"Pickup";"No";"No";"Daylight";"Urban (>70% Developed)";NA;2;"Straight - Level";"Local Street";"Wet";"Two-Way, Divided, Unprotected Median";"None";"No Special Feature";"Smooth Asphalt";"Coastal";"Urban";"30 - 35  MPH";"No Control Present";"Cloudy";"No";"34.23136, -77.8789"
"2587";609;610;"Yes";"15-Nov";14;"No";"With Traffic";"B: Evident Injury";"Travel Lane";"Black";"Male";"Reidsville";"Rockingham";"No";"01-01-02";2011-08-09;"Bicyclist Failed to Yield - Signalized Intersection";15;"Intersection";"01-08-01";1-01-01 15:47:58;"Bicyclist Ride Through - Signalized Intersection";111155;2011;"B: Evident Injury";"Commercial";"50-59";54;"No";"31-35 mph";"O: No Injury";"Black";"Female";"Passenger Car";"No";"No";"Daylight";"Urban (>70% Developed)";"2 lanes";2;"Straight - Level";"Local Street";"Dry";"Two-Way, Not Divided";"None";"Four-Way Intersection";"Smooth Asphalt";"Piedmont";"Urban";"30 - 35  MPH";"Stop And Go Signal";"Clear";"No";"36.35851, -79.6767"
"2588";612;613;"Yes";"60-69";65;"Yes";"Not Applicable";"K: Killed";"Driveway / Alley";"White";"Male";"None - Rural Crash";"Hertford";"Yes";"01-01-03";2011-09-07;"Bicyclist Failed to Yield - Midblock";17;"Non-Intersection";"01-09-01";1-01-01 17:19:58;"Bicyclist Ride Out - Residential Driveway";353311;2011;"K: Killed";"Residential";"40-49";44;"No";"41-45 mph";"O: No Injury";"White";"Male";"Passenger Car";"No";"No";"Daylight";"Rural (<30% Developed)";"2 lanes";2;"Straight - Level";"US Route";"Wet";"Two-Way, Not Divided";"None";"Driveway, Private";"Coarse Asphalt";"Coastal";"Rural";"40 - 45  MPH";"Double Yellow Line, No Passing Zone";"Cloudy";"No";"36.43953, -77.1272"
"2589";618;619;"Yes";"40-49";45;"Yes";"With Traffic";"B: Evident Injury";"Travel Lane";"White";"Male";"Carolina Beach";"New Hanover";"Yes";NA;2011-08-22;"Bicyclist Left Turn / Merge";17;"Intersection-Related";"01-08-01";1-01-01 17:33:58;"Bicyclist Left Turn - Same Direction";211221;2011;"B: Evident Injury";"Commercial";"40-49";44;"No";"16-20 mph";"O: No Injury";"White";"Male";"Passenger Car";"No";"No";"Daylight";"Urban (>70% Developed)";"2 lanes";2;"Straight - Level";"Local Street";"Wet";"Two-Way, Not Divided";"None";"Four-Way Intersection";"Smooth Asphalt";"Coastal";"Urban";"20 - 25  MPH";"Stop Sign";"Rain";"No";"34.02724, -77.8954"
"2590";623;624;"No";"40-49";48;"No";"With Traffic";"O: No Injury";"Travel Lane";"Hispanic";"Male";"None - Rural Crash";"New Hanover";"No";"01-01-05";2011-09-16;"Motorist Overtaking Bicyclist";17;"Non-Intersection";"01-09-01";1-01-01 17:48:58;"Motorist Overtaking - Misjudged Space";311232;2011;"O: No Injury";"Commercial";"50-59";55;"No";"41-45 mph";"O: No Injury";"White";"Female";"Passenger Car";"No";"No";"Daylight";"Urban (>70% Developed)";"4 lanes";2;"Straight - Level";"US Route";"Dry";"Two-Way, Divided, Unprotected Median";"None";"No Special Feature";"Smooth Asphalt";"Coastal";"Rural";"50 - 55  MPH";"No Control Present";"Clear";"No";"34.10539, -77.8998"
"2591";630;631;"Yes";"50-59";51;"No";"With Traffic";"B: Evident Injury";"Sidewalk / Crosswalk / Driveway Crossing";"White";"Male";"Wilmington";"New Hanover";"No";"01-01-03";2011-09-07;"Motorist Failed to Yield - Midblock";18;"Non-Intersection";"01-09-01";1-01-01 18:53:58;"Motorist Drive Out - Other Midblock";331328;2011;"B: Evident Injury";"Residential";"60-69";67;"No";"0-5 mph";"O: No Injury";"White";"Female";"Passenger Car";"No";"No";"Daylight";"Urban (>70% Developed)";"2 lanes";2;"Straight - Level";"Local Street";"Dry";"Two-Way, Divided, Unprotected Median";NA;"No Special Feature";"Coarse Asphalt";"Coastal";"Urban";"20 - 25  MPH";"No Control Present";"Clear";"No";"34.19452, -77.88"
"2592";640;641;"Yes";"50-59";57;"No";"Facing Traffic";"B: Evident Injury";"Travel Lane";"Hispanic";"Male";"Raleigh";"Wake";"No";"01-01-02";2011-09-20;"Crossing Paths - Other Circumstances";13;"Intersection";"01-09-01";1-01-01 13:18:58;"Signalized Intersection - Other /";112158;2011;"B: Evident Injury";"Commercial";"40-49";46;"No";"16-20 mph";"O: No Injury";"White";"Male";"Sport Utility";"No";"No";"Daylight";"Urban (>70% Developed)";"6 lanes";2;"Straight - Level";"Local Street";"Dry";"Two-Way, Divided, Unprotected Median";"None";"On or Off Ramp";"Smooth Asphalt";"Piedmont";"Urban";"40 - 45  MPH";"Stop And Go Signal";"Cloudy";"No";"35.75152, -78.6483"
"2593";644;645;"Yes";"20-24";21;"No";"With Traffic";"C: Possible Injury";"Travel Lane";"White";"Male";"Boone";"Watauga";"No";NA;2011-09-12;"Bicyclist Left Turn / Merge";9;"Non-Intersection";"01-09-01";1-01-01 09:42:58;"Bicyclist Left Turn - Same Direction";311221;2011;"C: Possible Injury";"Commercial";"20-24";20;"No";"41-45 mph";"O: No Injury";"White";"Male";"Passenger Car";"No";"No";"Daylight";"Urban (>70% Developed)";"4 lanes";2;"Straight - Grade";"US Route";"Dry";"Two-Way, Not Divided";"None";"No Special Feature";"Smooth Asphalt";"Mountains";"Urban";"40 - 45  MPH";"Double Yellow Line, No Passing Zone";"Clear";"No";"36.18722, -81.6528"
"2594";648;649;"Yes";"25-29";28;"No";"With Traffic";"B: Evident Injury";"Travel Lane";"White";"Female";"Chapel Hill";"Orange";"No";"01-01-02";2011-09-20;"Motorist Left Turn / Merge";22;"Intersection";"01-09-01";1-01-01 22:50:58;"Motorist Left Turn - Opposite Direction";111212;2011;"B: Evident Injury";"Commercial";"0-19";19;"No";"0-5 mph";"O: No Injury";"White";"Male";"Passenger Car";"No";"No";"Dark - Lighted Roadway";"Urban (>70% Developed)";"4 lanes";2;"Straight - Level";"Local Street";"Dry";"Two-Way, Not Divided";"None";"No Special Feature";"Smooth Asphalt";"Piedmont";"Urban";"20 - 25  MPH";"No Control Present";"Clear";"No";"35.91121, -79.0605"
"2595";664;665;"Yes";"40-49";48;"No";"With Traffic";"B: Evident Injury";"Sidewalk / Crosswalk / Driveway Crossing";"Hispanic";"Female";"Charlotte";"Mecklenburg";"No";"01-01-04";2011-09-22;"Motorist Failed to Yield - Signalized Intersection";19;"Intersection";"01-09-01";1-01-01 19:01:58;"Motorist Drive Out - Right Turn on Red";131151;2011;"B: Evident Injury";"Commercial";"25-29";28;"No";"0-5 mph";"O: No Injury";"Black";"Female";"Passenger Car";"No";"No";"Daylight";"Urban (>70% Developed)";"5 lanes";2;"Straight - Level";"Local Street";"Dry";"Two-Way, Divided, Unprotected Median";"None";"T-Intersection";"Smooth Asphalt";"Piedmont";"Urban";"30 - 35  MPH";"Stop And Go Signal";"Clear";"No";"35.22437, -80.8911"
"2596";686;687;"Yes";"25-29";25;"No";"Not Applicable";"B: Evident Injury";"Non-Roadway";"Hispanic";"Male";"Durham";"Durham";"No";"01-01-05";2011-10-07;"Non-Roadway";8;"Non-Roadway";"01-10-01";1-01-01 08:58:58;"Non-Roadway";460910;2011;"B: Evident Injury";"Commercial";"40-49";41;"No";"0-5 mph";"O: No Injury";"White";"Male";"Pickup";"No";"No";"Daylight";"Urban (>70% Developed)";"1 lane";2;"Straight - Level";"Public Vehicular Area";"Dry";"Two-Way, Not Divided";"None";"No Special Feature";"Smooth Asphalt";"Piedmont";"Urban";"5 - 15 MPH";"No Control Present";"Clear";"No";"35.92397, -78.927"
"2597";692;693;"Yes";"15-Nov";15;"No";"With Traffic";"B: Evident Injury";"Travel Lane";"White";"Male";"None - Rural Crash";"Gaston";"No";"01-01-06";2011-09-24;"Bicyclist Left Turn / Merge";10;"Non-Intersection";"01-09-01";1-01-01 10:16:58;"Bicyclist Left Turn - Same Direction";311221;2011;"B: Evident Injury";"Farms, Woods, Pastures";"50-59";52;"No";"41-45 mph";"B: Evident Injury";"White";"Male";"Motorcycle";"No";"No";"Daylight";"Rural (<30% Developed)";"2 lanes";2;"Straight - Hillcrest";"State Secondary Route";"Dry";"Two-Way, Not Divided";"None";"No Special Feature";"Smooth Asphalt";"Piedmont";"Rural";"40 - 45  MPH";"Double Yellow Line, No Passing Zone";"Clear";"No";"35.37729, -81.0909"
"2598";697;698;"No";"20-24";22;"No";"Not Applicable";"O: No Injury";"Non-Roadway";"White";"Female";"Greenville";"Pitt";"No";"01-01-03";2011-09-21;"Non-Roadway";10;"Non-Roadway";"01-09-01";1-01-01 10:02:58;"Non-Roadway";460910;2011;"O: No Injury";"Institutional";"20-24";22;"No";"0-5 mph";"O: No Injury";"White";"Female";"Sport Utility";"No";"No";"Daylight";"Urban (>70% Developed)";"1 lane";2;"Straight - Level";"Public Vehicular Area";"Dry";"One-Way, Not Divided";"None";"No Special Feature";"Smooth Asphalt";"Coastal";"Urban";NA;"No Control Present";"Clear";"No";"35.60521, -77.3609"
"2599";304;305;"No";"30-39";36;"Yes";"With Traffic";"C: Possible Injury";"Travel Lane";"White";"Male";"Cornelius";"Mecklenburg";"Yes";"01-01-02";2012-05-15;"Loss of Control / Turning Error";16;"Non-Intersection";"01-05-01";1-01-01 15:59:58;"Bicyclist Lost Control - Other /";NA;2012;"C: Possible Injury";"Residential";NA;NA;"Missing";NA;"Injury";"/Missing";NA;"Passenger Car";"No";"No";"Daylight";"Urban (>70% Developed)";"2 lanes";2;"Straight - Level";"Local Street";"Dry";"Two-Way, Not Divided";"None";"No Special Feature";"Smooth Asphalt";"Piedmont";"Urban";"20 - 25  MPH";"No Control Present";"Clear";"No";"35.48853, -80.8668"