"FID";"OBJECTID";"AmbulanceR";"BikeAge_Gr";"Bike_Age";"Bike_Alc_D";"Bike_Dir";"Bike_Injur";"Bike_Pos";"Bike_Race";"Bike_Sex";"City";"County";"CrashAlcoh";"CrashDay";"Crash_Date";"Crash_Grp";"Crash_Hour";"Crash_Loc";"Crash_Mont";"Crash_Time";"Crash_Type";"Crash_Ty_1";"Crash_Year";"Crsh_Sevri";"Developmen";"DrvrAge_Gr";"Drvr_Age";"Drvr_Alc_D";"Drvr_EstSp";"Drvr_Injur";"Drvr_Race";"Drvr_Sex";"Drvr_VehTy";"ExcsSpdInd";"Hit_Run";"Light_Cond";"Locality";"Num_Lanes";"Num_Units";"Rd_Charact";"Rd_Class";"Rd_Conditi";"Rd_Config";"Rd_Defects";"Rd_Feature";"Rd_Surface";"Region";"Rural_Urba";"Speed_Limi";"Traff_Cntr";"Weather";"Workzone_I";"Location"
"2600";306;307;"Yes";"16-19";19;"No";"Facing Traffic";"B: Evident Injury";"Sidewalk / Crosswalk / Driveway Crossing";"White";"Female";"Winston-Salem";"Forsyth";"No";"01-01-06";2012-05-12;"Motorist Failed to Yield - Sign-Controlled Intersection";10;"Intersection";"01-05-01";1-01-01 10:02:58;"Motorist Drive Out - Sign-Controlled Intersection";NA;2012;"B: Evident Injury";"Residential";"20-24";23;"No";"6-10 mph";"O: No Injury";"White";"Female";"Sport Utility";"No";"No";"Daylight";"Urban (>70% Developed)";"2 lanes";2;"Straight - Grade";"Local Street";"Dry";"Two-Way, Not Divided";"None";"Four-Way Intersection";"Smooth Asphalt";"Piedmont";"Urban";"30 - 35  MPH";"Stop Sign";"Cloudy";"No";"36.08654, -80.2649"
"2601";795;796;"Yes";"10-Jun";9;"No";"Not Applicable";"C: Possible Injury";"Non-Roadway";"Black";"Male";"Charlotte";"Mecklenburg";"No";"01-01-04";2009-07-02;"Non-Roadway";19;"Non-Roadway";"01-07-01";1-01-01 19:38:58;"Non-Roadway";460910;2009;"C: Possible Injury";"Residential";"30-39";32;"No";"0-5 mph";"O: No Injury";"Black";"Female";"Passenger Car";"No";"No";"Daylight";"Urban (>70% Developed)";"1 lane";2;"Straight - Level";"Public Vehicular Area";"Dry";"Two-Way, Not Divided";"None";"No Special Feature";"Smooth Asphalt";"Piedmont";"Urban";"5 - 15 MPH";"No Control Present";"Clear";"No";"35.19995, -80.73841"
"2602";796;797;"No";"10-Jun";6;"No";"With Traffic";"C: Possible Injury";"Travel Lane";"Black";"Male";"Charlotte";"Mecklenburg";"No";"01-01-04";2009-07-09;"Motorist Overtaking Bicyclist";17;"Non-Intersection";"01-07-01";1-01-01 17:42:58;"Motorist Overtaking - Other /";311239;2009;"C: Possible Injury";"Residential";"0-19";18;"No";"21-25 mph";"O: No Injury";"Asian";"Male";"Sport Utility";"No";"Yes";"Daylight";"Urban (>70% Developed)";"2 lanes";2;"Straight - Level";"Local Street";"Wet";"Two-Way, Not Divided";"None";"No Special Feature";"Smooth Asphalt";"Piedmont";"Urban";"20 - 25  MPH";"No Control Present";"Cloudy";"No";"35.240658, -80.75871"
"2603";799;800;"No";"25-29";26;"No";"With Traffic";"A: Disabling Injury";"Travel Lane";"White";"Male";"Charlotte";"Mecklenburg";"Yes";"01-01-02";2009-05-26;"Other /  - Insufficient Details";0;"Intersection";"01-05-01";1-01-01 00:43:58;"Approach Paths";111970;2009;"A: Disabling Injury";"Commercial";"20-24";22;"Yes";"26-30 mph";"O: No Injury";"White";"Female";"Sport Utility";"No";"No";"Dark - Lighted Roadway";"Urban (>70% Developed)";"4 lanes";2;"Straight - Level";"Local Street";"Dry";"Two-Way, Not Divided";"None";"Four-Way Intersection";"Other";"Piedmont";"Urban";"30 - 35  MPH";"Stop And Go Signal";"Clear";"No";"35.223717, -80.83909"
"2604";800;801;"Yes";NA;NA;"No";NA;"C: Possible Injury";NA;"Black";"Male";"Charlotte";"Mecklenburg";"No";"01-01-04";2009-05-14;"Other /  - Insufficient Details";19;"Intersection";"01-05-01";1-01-01 19:50:58;"Approach Paths";199970;2009;"C: Possible Injury";"Commercial";"40-49";44;"No";"0-5 mph";"O: No Injury";"Black";"Male";"Passenger Car";"No";"No";"Daylight";"Urban (>70% Developed)";"4 lanes";2;"Straight - Level";"Local Street";"Dry";"Two-Way, Divided, Positive Median Barrier";"None";"No Special Feature";"Concrete";"Piedmont";"Urban";"5 - 15 MPH";"Stop And Go Signal";"Clear";"No";"35.216057, -80.88382"
"2605";805;806;"No";"16-19";16;"No";"With Traffic";"C: Possible Injury";"Sidewalk / Crosswalk / Driveway Crossing";"White";"Male";"Charlotte";"Mecklenburg";"No";"01-01-07";2009-03-29;"Motorist Left Turn / Merge";16;"Non-Intersection";"01-03-01";1-01-01 16:43:58;"Motorist Left Turn - Opposite Direction";331212;2009;"C: Possible Injury";"Commercial";"40-49";44;"No";"31-35 mph";"O: No Injury";"Black";"Female";"Passenger Car";"No";"Yes";"Daylight";"Urban (>70% Developed)";"4 lanes";2;"Straight - Level";"Local Street";"Dry";"Two-Way, Divided, Unprotected Median";"None";"No Special Feature";"Smooth Asphalt";"Piedmont";"Urban";"40 - 45  MPH";"No Control Present";"Clear";"No";"35.21068, -80.90493"
"2606";810;811;"No";"50-59";51;"No";"Facing Traffic";"C: Possible Injury";"Travel Lane";"White";"Male";"Charlotte";"Mecklenburg";"No";"01-01-02";2009-01-13;"Motorist Failed to Yield - Sign-Controlled Intersection";18;"Intersection";NA;1-01-01 18:46:58;"Motorist Drive Out - Sign-Controlled Intersection";112141;2009;"C: Possible Injury";"Residential";"20-24";22;"No";"0-5 mph";"O: No Injury";"Black";"Female";"Passenger Car";"No";"No";"Dark - Roadway Not Lighted";"Urban (>70% Developed)";"2 lanes";2;"Straight - Level";"Local Street";"Dry";"Two-Way, Divided, Positive Median Barrier";"None";"T-Intersection";"Smooth Asphalt";"Piedmont";"Urban";"20 - 25  MPH";"Stop Sign";"Clear";"No0";"35.15677, -80.92221"
"2607";4;5;"No";"60-69";61;"No";"With Traffic";"C: Possible Injury";"Travel Lane";"White";"Male";"None - Rural Crash";"Cumberland";"No";"01-01-05";2010-01-15;"Motorist Overtaking Bicyclist";18;"Non-Intersection";NA;1-01-01 18:54:58;"Motorist Overtaking - Bicyclist Swerved";0;2010;"C: Possible Injury";"Farms, Woods, Pastures";"40-49";44;"No";"51-55 mph";"O: No Injury";"White";"Male";"Pickup";"No";"No";"Dark - Roadway Not Lighted";"Mixed (30% To 70% Developed)";"2 lanes";2;"Straight - Level";"NC Route";"Dry";"Two-Way, Not Divided";"None";"No Special Feature";"Coarse Asphalt";"Coastal";"Rural";"50 - 55  MPH";"Double Yellow Line, No Passing Zone";"Clear";"No";"35.01903, -78.71812"
"2608";11;12;"Yes";"40-49";47;"No";"With Traffic";"C: Possible Injury";"Bike Lane / Paved Shoulder";"Black";"Male";"None - Rural Crash";"Martin";"No";"01-01-04";2010-01-28;"Motorist Overtaking Bicyclist";18;"Non-Intersection";NA;1-01-01 18:39:58;"Motorist Overtaking - Misjudged Space";0;2010;"C: Possible Injury";"Farms, Woods, Pastures";"20-24";23;"No";"51-55 mph";"O: No Injury";"White";"Male";"Pickup";"No";"No";"Dark - Roadway Not Lighted";"Rural (<30% Developed)";"2 lanes";2;"Straight - Level";"NC Route";"Dry";"Two-Way, Not Divided";"None";"No Special Feature";"Coarse Asphalt";"Coastal";"Rural";"50 - 55  MPH";"No Control Present";"Clear";"No";"35.850315, -77.248055"
"2609";12;13;"No";"40-49";47;"No";"With Traffic";"C: Possible Injury";"Travel Lane";"White";"Male";"None - Rural Crash";"Pasquotank";"No";"01-01-07";2010-01-10;"Motorist Failed to Yield - Midblock";16;"Non-Intersection";NA;1-01-01 16:09:58;"Motorist Drive Out - Other Midblock";0;2010;"C: Possible Injury";"Farms, Woods, Pastures";"30-39";30;"No";"11-15 mph";"O: No Injury";"Black";"Male";"Passenger Car";"No";"No";"Daylight";"Rural (<30% Developed)";"2 lanes";2;"Straight - Level";"State Secondary Route";"Dry";"Two-Way, Not Divided";"None";"Driveway, Public";"Smooth Asphalt";"Coastal";"Rural";"50 - 55  MPH";"Double Yellow Line, No Passing Zone";"Clear";"No";"36.364285, -76.29191"
"2610";13;14;"No";"30-39";34;"Yes";"With Traffic";"Injury";"Travel Lane";"Black";"Male";"None - Rural Crash";"Edgecombe";"Yes";"01-01-02";2010-01-26;"Bicyclist Left Turn / Merge";20;"Non-Intersection";NA;1-01-01 20:38:58;"Bicyclist Left Turn - Same Direction";0;2010;"O: No Injury";"Farms, Woods, Pastures";"40-49";42;"No";"51-55 mph";"O: No Injury";"Black";"Male";"Passenger Car";"No";"No";"Dark - Roadway Not Lighted";"Rural (<30% Developed)";"2 lanes";2;"Straight - Level";"NC Route";"Dry";"Two-Way, Not Divided";"None";"No Special Feature";"Coarse Asphalt";"Coastal";"Rural";"50 - 55  MPH";"No Control Present";"Clear";"No";"35.831352, -77.41647"
"2611";15;16;"Yes";"20-24";22;"No";"With Traffic";"C: Possible Injury";"Travel Lane";"White";"Female";"Spring Lake";"Cumberland";"No";"01-01-04";2010-02-04;"Bicyclist Left Turn / Merge";16;"Non-Intersection";"01-02-01";1-01-01 16:48:58;"Bicyclist Left Turn - Same Direction";0;2010;"C: Possible Injury";"Residential";"40-49";42;"No";"31-35 mph";"O: No Injury";"Black";"Female";"Passenger Car";"No";"No";"Dusk";"Mixed (30% To 70% Developed)";"2 lanes";2;"Straight - Hillcrest";"State Secondary Route";"Dry";"Two-Way, Not Divided";"None";"No Special Feature";"Coarse Asphalt";"Coastal";"Urban";"40 - 45  MPH";"Double Yellow Line, No Passing Zone";"Clear";"No";"35.183395, -78.977875"
"2612";21;22;"No";"15-Nov";14;"No";"With Traffic";"O: No Injury";"Sidewalk / Crosswalk / Driveway Crossing";"White";"Male";"Cary";"Wake";"No";"01-01-06";2010-02-06;"Motorist Left Turn / Merge";22;"Intersection";"01-02-01";1-01-01 22:43:58;"Motorist Left Turn - Opposite Direction";0;2010;"O: No Injury";"Commercial";"25-29";25;"No";"11-15 mph";"O: No Injury";"White";"Male";"Sport Utility";"No";"No";"Dark - Lighted Roadway";"Urban (>70% Developed)";"2 lanes";2;"Straight - Grade";"Public Vehicular Area";"Dry";"Two-Way, Not Divided";"Other";"Driveway, Public";"Smooth Asphalt";"Piedmont";"Urban";"5 - 15 MPH";"No Control Present";"Clear";"No";"35.786266, -78.81007"
"2613";24;25;"Yes";"40-49";49;"No";"With Traffic";"C: Possible Injury";"Travel Lane";"Black";"Male";"Wilmington";"New Hanover";"No";"01-01-07";2010-01-17;"Motorist Failed to Yield - Signalized Intersection";17;"Intersection";NA;1-01-01 17:49:58;"Motorist Drive Out - Signalized Intersection";0;2010;"C: Possible Injury";"Commercial";"20-24";20;"No";"0-5 mph";"O: No Injury";"White";"Male";"Passenger Car";"No";"No";"Dark - Roadway Not Lighted";"Urban (>70% Developed)";"6 lanes";2;"Straight - Level";"Local Street";"Wet";"Two-Way, Not Divided";"None";"Four-Way Intersection";"Smooth Asphalt";"Coastal";"Urban";"30 - 35  MPH";"Stop And Go Signal";"Rain";"No";"34.229527, -77.9047"
"2614";26;27;"Yes";"30-39";31;"No";"With Traffic";"C: Possible Injury";"Travel Lane";"White";"Male";"Chapel Hill";"Orange";"No";"01-01-04";2010-01-21;"Motorist Right Turn / Merge";18;"Non-Intersection";NA;1-01-01 17:59:58;"Motorist Right Turn - Same Direction";0;2010;"C: Possible Injury";"Residential";NA;NA;"Missing";NA;"Injury";"/Missing";NA;NA;"No";"Yes";"Dark - Lighted Roadway";"Urban (>70% Developed)";"4 lanes";2;"Straight - Grade";"Local Street";"Wet";"Two-Way, Not Divided";"None";"No Special Feature";"Smooth Asphalt";"Piedmont";"Urban";"30 - 35  MPH";"No Control Present";"Rain";"No";"35.91675, -79.043335"
"2615";34;35;"Yes";"20-24";21;"No";"With Traffic";"C: Possible Injury";"Travel Lane";"Hispanic";"Male";"Charlotte";"Mecklenburg";"No";NA;2010-01-25;"Motorist Failed to Yield - Sign-Controlled Intersection";16;"Intersection";NA;1-01-01 16:49:58;"Motorist Drive Out - Sign-Controlled Intersection";0;2010;"C: Possible Injury";"Commercial";NA;NA;"Missing";"6-10 mph";"Injury";"/Missing";NA;NA;"No";"Yes";"Daylight";"Urban (>70% Developed)";"4 lanes";2;"Straight - Level";"Local Street";"Dry";"Two-Way, Divided, Unprotected Median";"None";"No Special Feature";"Smooth Asphalt";"Piedmont";"Urban";"30 - 35  MPH";"Stop Sign";"Clear";"No";"35.250675, -80.79072"
"2616";37;38;"Yes";"20-24";20;"No";"Facing Traffic";"B: Evident Injury";"Travel Lane";"Black";"Male";"Rocky Mount";"Nash";"No";"01-01-02";2010-01-12;"Motorist Left Turn / Merge";18;"Non-Intersection";NA;1-01-01 18:00:58;"Motorist Left Turn - Same Direction";0;2010;"B: Evident Injury";"Residential";"70+";NA;"No";"26-30 mph";"O: No Injury";"Black";"Male";"Passenger Car";"No";"No";"Dark - Roadway Not Lighted";"Urban (>70% Developed)";"2 lanes";2;"Straight - Level";"Local Street";"Dry";"Two-Way, Not Divided";"None";"No Special Feature";"Smooth Asphalt";"Coastal";"Urban";"30 - 35  MPH";"No Control Present";"Clear";"No";"35.930485, -77.78356"
"2617";38;39;"Yes";"50-59";53;"Yes";"With Traffic";"B: Evident Injury";"Travel Lane";"Black";"Male";"Greensboro";"Guilford";"Yes";"01-01-03";2010-02-03;"Bicyclist Left Turn / Merge";14;"Non-Intersection";"01-02-01";1-01-01 14:12:58;"Bicyclist Left Turn - Same Direction";0;2010;"B: Evident Injury";"Residential";"30-39";31;"No";"36-40 mph";"O: No Injury";"Black";"Female";"Passenger Car";"No";"No";"Daylight";"Urban (>70% Developed)";"6 lanes";2;"Straight - Level";"Local Street";"Wet";"Two-Way, Divided, Positive Median Barrier";"None";"No Special Feature";"Smooth Asphalt";"Piedmont";"Urban";"30 - 35  MPH";"No Control Present";"Clear";"No";"36.0504, -79.79807"
"2618";51;52;"Yes";"40-49";42;"Yes";"With Traffic";"C: Possible Injury";"Bike Lane / Paved Shoulder";"Native American";"Male";"None - Rural Crash";"Robeson";"Yes";"01-01-03";2010-02-24;"Bicyclist Left Turn / Merge";6;"Non-Intersection";"01-02-01";1-01-01 06:54:58;"Bicyclist Left Turn - Same Direction";0;2010;"C: Possible Injury";"Farms, Woods, Pastures";"40-49";40;"No";"51-55 mph";"C: Possible Injury";"Native American";"Male";"Pickup";"No";"No";"Dark - Roadway Not Lighted";"Rural (<30% Developed)";"2 lanes";2;"Straight - Level";"NC Route";"Wet";"Two-Way, Not Divided";"None";"No Special Feature";"Smooth Asphalt";"Coastal";"Rural";"50 - 55  MPH";"Double Yellow Line, No Passing Zone";"Cloudy";"No";"34.67417, -79.18547"
"2619";56;57;"Yes";"16-19";17;"No";"With Traffic";"B: Evident Injury";"Travel Lane";"White";"Male";"None - Rural Crash";"Davidson";"No";"01-01-04";2010-02-18;"Bicyclist Left Turn / Merge";8;"Non-Intersection";"01-02-01";1-01-01 08:48:58;"Bicyclist Left Turn - Same Direction";0;2010;"B: Evident Injury";"Residential";"40-49";42;"No";"51-55 mph";"O: No Injury";"White";"Male";"Pickup";"No";"No";"Daylight";"Rural (<30% Developed)";"2 lanes";2;"Straight - Level";"NC Route";"Dry";"Two-Way, Not Divided";"None";"No Special Feature";"Smooth Asphalt";"Piedmont";"Rural";"50 - 55  MPH";"Double Yellow Line, No Passing Zone";"Clear";"No";"35.649864, -80.205605"
"2620";58;59;"No";"50-59";53;"No";"With Traffic";"B: Evident Injury";"Travel Lane";"White";"Male";"Charlotte";"Mecklenburg";"No";"01-01-06";2010-02-20;"Motorist Overtaking Bicyclist";17;"Non-Intersection";"01-02-01";1-01-01 17:19:58;"Motorist Overtaking - Undetected Bicyclist";0;2010;"B: Evident Injury";"Residential";"70+";NA;"No";"31-35 mph";"O: No Injury";"White";"Male";"Passenger Car";"No";"No";"Daylight";"Urban (>70% Developed)";"3 lanes";2;"Straight - Level";"Local Street";"Dry";"Two-Way, Not Divided";"None";"No Special Feature";"Smooth Asphalt";"Piedmont";"Urban";"30 - 35  MPH";"No Control Present";"Clear";"No";"35.111164, -80.79208"
"2621";60;61;"No";"10-Jun";10;"No";"Not Applicable";"B: Evident Injury";"Travel Lane";"Asian";"Male";"Charlotte";"Mecklenburg";"No";"01-01-07";2010-02-21;"Crossing Paths - Other Circumstances";14;"Intersection";"01-02-01";1-01-01 14:40:58;"Crossing Paths - Uncontrolled Intersection";0;2010;"B: Evident Injury";"Residential";"60-69";63;"No";"16-20 mph";"O: No Injury";"White";"Male";"Passenger Car";"No";"No";"Daylight";"Urban (>70% Developed)";"2 lanes";2;"Straight - Level";"Local Street";"Dry";"Two-Way, Not Divided";"None";"Driveway, Private";"Smooth Asphalt";"Piedmont";"Urban";"30 - 35  MPH";"No Control Present";"Clear";"No";"35.214188, -80.79397"
"2622";66;67;"Yes";"15-Nov";11;"No";"With Traffic";"B: Evident Injury";"Bike Lane / Paved Shoulder";"White";"Male";"Cary";"Wake";"No";"01-01-03";2010-03-17;"Motorist Overtaking Bicyclist";17;"Non-Intersection";"01-03-01";1-01-01 17:09:58;"Motorist Overtaking - Bicyclist Swerved";0;2010;"B: Evident Injury";"Residential";"30-39";36;"No";"6-10 mph";"O: No Injury";"Asian";"Male";"Sport Utility";"No";"No";"Daylight";"Urban (>70% Developed)";"2 lanes";2;"Straight - Level";"Local Street";"Dry";"Two-Way, Not Divided";"None";"No Special Feature";"Smooth Asphalt";"Piedmont";"Urban";"20 - 25  MPH";"No Control Present";"Cloudy";"No";"35.807526, -78.86056"
"2623";71;72;"Yes";"60-69";64;"No";NA;"K: Killed";"Travel Lane";"Black";"Male";"Charlotte";"Mecklenburg";"No";NA;2010-02-08;"Bicyclist Failed to Yield - Midblock";14;"Non-Intersection";"01-02-01";1-01-01 14:47:58;"Bicyclist Ride Out - Other Midblock";0;2010;"K: Killed";"Commercial";"40-49";44;"No";"56-60 mph";"O: No Injury";"Hispanic";"Male";"Passenger Car";"No";"No";"Daylight";"Urban (>70% Developed)";"8 lanes";2;"Straight - Level";"US Route";"Dry";"Two-Way, Divided, Positive Median Barrier";"None";"No Special Feature";"Coarse Asphalt";"Piedmont";"Urban";"50 - 55  MPH";"No Control Present";"Clear";"No";"35.210632, -80.80127"
"2624";82;83;"No";"40-49";46;"No";"With Traffic";"O: No Injury";"Travel Lane";"White";"Male";"Thomasville";"Davidson";"No";"01-01-06";2010-03-06;"Motorist Left Turn / Merge";15;"Intersection";"01-03-01";1-01-01 15:14:58;"Motorist Left Turn - Opposite Direction";0;2010;"O: No Injury";"Commercial";"70+";NA;"No";NA;"O: No Injury";"Black";"Male";"Passenger Car";"No";"No";"Daylight";"Mixed (30% To 70% Developed)";"4 lanes";2;"Straight - Level";"Local Street";"Dry";"Two-Way, Not Divided";"None";"Four-Way Intersection";"Smooth Asphalt";"Piedmont";"Urban";NA;"Stop And Go Signal";"Clear";"No";"35.881283, -80.09931"
"2625";92;93;"Yes";"30-39";35;"No";"With Traffic";"K: Killed";"Travel Lane";"White";"Male";"Concord";"Cabarrus";"No";"01-01-03";2010-03-17;"Motorist Overtaking Bicyclist";7;"Non-Intersection";"01-03-01";1-01-01 07:29:58;"Motorist Overtaking - Misjudged Space";0;2010;"K: Killed";"Commercial";"20-24";24;"No";"51-55 mph";"O: No Injury";"White";"Female";"Passenger Car";"No";"No";"Daylight";"Urban (>70% Developed)";"2 lanes";2;"Straight - Level";"NC Route";"Dry";"Two-Way, Divided, Positive Median Barrier";"None";"No Special Feature";"Coarse Asphalt";"Piedmont";"Urban";"50 - 55  MPH";"No Control Present";"Clear";"No";"35.373264, -80.55152"
"2626";94;95;"Yes";"40-49";49;"No";"Not Applicable";"B: Evident Injury";"Bike Lane / Paved Shoulder";"Black";"Male";"Raleigh";"Wake";"No";"01-01-07";2010-02-14;"Bicyclist Failed to Yield - Midblock";5;"Non-Intersection";"01-02-01";1-01-01 05:11:58;"Bicyclist Ride Out - Midblock -";0;2010;"B: Evident Injury";"Commercial";"50-59";56;"No";"11-15 mph";"O: No Injury";"Black";"Male";"Passenger Car";"No";"No";"Dusk";"Mixed (30% To 70% Developed)";"4 lanes";2;"Straight - Level";"Local Street";"Dry";"Two-Way, Divided, Unprotected Median";"None";"No Special Feature";"Smooth Asphalt";"Piedmont";"Urban";"30 - 35  MPH";"No Control Present";"Clear";"No";"35.780025, -78.61373"
"2627";98;99;"Yes";"15-Nov";12;"No";"Not Applicable";"C: Possible Injury";"Non-Roadway";"Black";"Male";"Hickory";"Catawba";"No";"01-01-05";2010-03-19;"Loss of Control / Turning Error";19;"Intersection";"01-03-01";1-01-01 19:23:58;"Bicyclist Lost Control - Mechanical Problems";0;2010;"C: Possible Injury";"Residential";"40-49";46;"No";"21-25 mph";"O: No Injury";"White";"Female";"Passenger Car";"No";"No";"Dusk";"Urban (>70% Developed)";"2 lanes";2;"Straight - Hillcrest";"Local Street";"Dry";"Two-Way, Not Divided";"None";"No Special Feature";"Coarse Asphalt";"Piedmont";"Urban";"20 - 25  MPH";"No Control Present";"Clear";"No";"35.754593, -81.32914"
"2628";114;115;"No";"20-24";20;"No";"With Traffic";"C: Possible Injury";"Travel Lane";"White";"Female";"Boone";"Watauga";"No";"01-01-04";2010-04-08;"Motorist Right Turn / Merge";16;"Intersection";"01-04-01";1-01-01 16:16:58;"Motorist Right Turn - Same Direction";0;2010;"C: Possible Injury";"Institutional";NA;NA;"Missing";"0-5 mph";"Injury";"/Missing";NA;NA;"No";"Yes";"Daylight";"Urban (>70% Developed)";"4 lanes";2;"Straight - Level";"Local Street";"Dry";"Two-Way, Not Divided";"None";"No Special Feature";"Coarse Asphalt";"Mountains";"Urban";"20 - 25  MPH";"Stop And Go Signal";"Cloudy";"No";"36.211716, -81.6784"
"2629";116;117;"No";"50-59";55;"No";"Facing Traffic";"B: Evident Injury";"Travel Lane";"Black";"Male";"Fayetteville";"Cumberland";"No";"01-01-04";2010-04-01;"Motorist Failed to Yield - Sign-Controlled Intersection";18;"Intersection";"01-04-01";1-01-01 18:25:58;"Motorist Drive Out - Sign-Controlled Intersection";0;2010;"B: Evident Injury";"Commercial";"25-29";29;"No";"0-5 mph";"O: No Injury";"Black";"Female";"Sport Utility";"No";"No";"Daylight";"Urban (>70% Developed)";"8 lanes";2;"Straight - Level";"Local Street";"Dry";"Two-Way, Not Divided";"None";"T-Intersection";"Coarse Asphalt";"Coastal";"Urban";"20 - 25  MPH";"Stop Sign";"Clear";"No";"35.090954, -78.954384"
"2630";134;135;"Yes";"20-24";22;"No";"Facing Traffic";"C: Possible Injury";"Sidewalk / Crosswalk / Driveway Crossing";"White";"Male";"Wilmington";"New Hanover";"No";"01-01-05";2010-04-02;"Motorist Failed to Yield - Midblock";12;"Non-Intersection";"01-04-01";1-01-01 12:20:58;"Motorist Drive Out - Commercial Driveway / Alley";0;2010;"C: Possible Injury";"Commercial";"40-49";41;"No";NA;"O: No Injury";"Black";"Male";"Passenger Car";"No";"No";"Daylight";"Urban (>70% Developed)";"3 lanes";2;"Straight - Level";"Local Street";"Dry";"Two-Way, Not Divided";"None";"No Special Feature";"Smooth Asphalt";"Coastal";"Urban";NA;"No Control Present";"Clear";"No";"34.214596, -77.88599"
"2631";135;136;"No";"20-24";21;"No";"With Traffic";"B: Evident Injury";"Travel Lane";"White";"Male";"Raleigh";"Wake";"No";"01-01-04";2010-04-15;"Loss of Control / Turning Error";15;"Intersection";"01-04-01";1-01-01 15:16:58;"Bicyclist Lost Control - Other /";0;2010;"B: Evident Injury";"Residential";"0-19";17;"No";"0-5 mph";"O: No Injury";"White";"Male";"Passenger Car";"No";"No";"Daylight";"Mixed (30% To 70% Developed)";"2 lanes";2;"Straight - Level";"State Secondary Route";"Dry";"Two-Way, Not Divided";"None";"Four-Way Intersection";"Smooth Asphalt";"Piedmont";"Urban";"40 - 45  MPH";"Stop And Go Signal";"Clear";"No";"35.892853, -78.71675"
"2632";140;141;"Yes";"30-39";35;"No";"With Traffic";"B: Evident Injury";"Other";"White";"Male";"None - Rural Crash";"Mcdowell";"No";"01-01-06";2010-04-17;"Parallel Paths - Other Circumstances";20;"Intersection-Related";"01-04-01";1-01-01 20:19:58;"Bicyclist Ride Out - Parallel Path";0;2010;"B: Evident Injury";"Farms, Woods, Pastures";"0-19";18;"No";"51-55 mph";"C: Possible Injury";"White";"Female";"Sport Utility";"No";"No";"Dusk";"Rural (<30% Developed)";"2 lanes";2;"Straight - Grade";"US Route";"Dry";"Two-Way, Not Divided";"None";"No Special Feature";"Smooth Asphalt";"Mountains";"Rural";"50 - 55  MPH";"No Control Present";"Clear";"No";"35.639553, -81.98594"
"2633";142;143;"Yes";"20-24";20;"No";"With Traffic";"C: Possible Injury";"Travel Lane";"Native American";"Male";"Pembroke";"Robeson";"No";"01-01-07";2010-04-18;"Head-On";11;"Non-Intersection";"01-04-01";1-01-01 11:52:58;"Head-On - Motorist";0;2010;"C: Possible Injury";"Residential";NA;NA;"Missing";"36-40 mph";"Injury";"/Missing";NA;NA;"No";"Yes";"Daylight";"Urban (>70% Developed)";"2 lanes";2;"Straight - Level";"Local Street";"Dry";"Two-Way, Not Divided";"None";"No Special Feature";"Coarse Asphalt";"Coastal";"Rural";"20 - 25  MPH";"No Control Present";"Clear";"No";"34.679417, -79.19719"
"2634";149;150;"Yes";"10-Jun";9;"No";"Not Applicable";"B: Evident Injury";"Driveway / Alley";"Black";"Male";"Raleigh";"Wake";"No";"01-01-04";2010-03-18;"Bicyclist Failed to Yield - Midblock";18;"Non-Intersection";"01-03-01";1-01-01 17:59:58;"Bicyclist Ride Out - Commercial Driveway / Alley";0;2010;"B: Evident Injury";"Residential";"50-59";53;"No";"6-10 mph";"O: No Injury";"White";"Male";"Pickup";"No";"No";"Daylight";"Urban (>70% Developed)";"2 lanes";2;"Straight - Level";"Local Street";"Dry";"Two-Way, Not Divided";"None";"No Special Feature";"Smooth Asphalt";"Piedmont";"Urban";"20 - 25  MPH";"No Control Present";"Clear";"No";"35.73657, -78.660545"
"2635";151;152;"Yes";"16-19";16;"No";"With Traffic";"C: Possible Injury";"Bike Lane / Paved Shoulder";"White";"Male";"Fayetteville";"Cumberland";"No";"01-01-02";2010-04-20;"Bicyclist Left Turn / Merge";15;"Non-Intersection";"01-04-01";1-01-01 15:41:58;"Bicyclist Left Turn - Same Direction";0;2010;"C: Possible Injury";"Residential";"50-59";51;"No";"16-20 mph";"O: No Injury";"White";"Female";"School Bus";"No";"No";"Daylight";"Urban (>70% Developed)";"2 lanes";2;"Straight - Level";"Local Street";"Dry";"Two-Way, Not Divided";"None";"No Special Feature";"Coarse Asphalt";"Coastal";"Urban";"20 - 25  MPH";"Stop And Go Signal";"Clear";"No";"35.025806, -78.94257"
"2636";155;156;"Yes";"40-49";42;"Yes";"With Traffic";"B: Evident Injury";"Travel Lane";"Black";"Male";"Concord";"Cabarrus";"Yes";"01-01-07";2010-04-11;"Motorist Failed to Yield - Sign-Controlled Intersection";17;"Intersection";"01-04-01";1-01-01 17:50:58;"Motorist Drive Through - Sign-Controlled Intersection";0;2010;"B: Evident Injury";"Residential";"25-29";29;"No";"16-20 mph";"O: No Injury";"/Missing";"Female";"Passenger Car";"No";"No";"Daylight";"Urban (>70% Developed)";"4 lanes";2;"Straight - Hillcrest";"Local Street";"Dry";"Two-Way, Not Divided";"None";"Four-Way Intersection";"Smooth Asphalt";"Piedmont";"Urban";"30 - 35  MPH";"Stop Sign";"Clear";"No";"35.410313, -80.58836"