"FID";"OBJECTID";"AmbulanceR";"BikeAge_Gr";"Bike_Age";"Bike_Alc_D";"Bike_Dir";"Bike_Injur";"Bike_Pos";"Bike_Race";"Bike_Sex";"City";"County";"CrashAlcoh";"CrashDay";"Crash_Date";"Crash_Grp";"Crash_Hour";"Crash_Loc";"Crash_Mont";"Crash_Time";"Crash_Type";"Crash_Ty_1";"Crash_Year";"Crsh_Sevri";"Developmen";"DrvrAge_Gr";"Drvr_Age";"Drvr_Alc_D";"Drvr_EstSp";"Drvr_Injur";"Drvr_Race";"Drvr_Sex";"Drvr_VehTy";"ExcsSpdInd";"Hit_Run";"Light_Cond";"Locality";"Num_Lanes";"Num_Units";"Rd_Charact";"Rd_Class";"Rd_Conditi";"Rd_Config";"Rd_Defects";"Rd_Feature";"Rd_Surface";"Region";"Rural_Urba";"Speed_Limi";"Traff_Cntr";"Weather";"Workzone_I";"Location"
"2637";165;166;"No";"15-Nov";13;"No";"Not Applicable";"C: Possible Injury";NA;"White";"Male";"None - Rural Crash";"New Hanover";"No";"01-01-05";2010-04-23;"Bicyclist Failed to Yield - Midblock";15;"Non-Intersection";"01-04-01";1-01-01 15:58:58;"Bicyclist Ride Out - Midblock -";0;2010;"C: Possible Injury";"Commercial";"50-59";51;"No";"21-25 mph";"O: No Injury";"Black";"Male";"Passenger Car";"No";"No";"Daylight";"Urban (>70% Developed)";"3 lanes";2;"Straight - Level";"US Route";"Dry";"Two-Way, Not Divided";"None";"No Special Feature";"Smooth Asphalt";"Coastal";"Rural";"30 - 35  MPH";"No Control Present";"Clear";"No";"34.349842, -77.88347"
"2638";1003;1004;"Yes";"10-Jun";7;"No";"With Traffic";"C: Possible Injury";"Travel Lane";"Black";"Male";"Charlotte";"Mecklenburg";"No";"01-01-03";2008-02-13;"Crossing Paths - Other Circumstances";17;"Intersection";"01-02-01";1-01-01 17:32:58;"Sign-Controlled Intersection - Other /";111148;2008;"C: Possible Injury";"Residential";"40-49";44;"No";"41-45 mph";"Injury";"Other";"Male";"Pickup";"Yes";"No";"Daylight";"Mixed (30% To 70% Developed)";NA;2;NA;"Local Street";"Dry";NA;"None";"No Special Feature";NA;"Piedmont";"Urban";"30 - 35  MPH";"Missing";"Clear";"No";"0.0, 0.0"
"2639";1005;1006;"Yes";"40-49";49;"No";NA;"C: Possible Injury";"Travel Lane";"Black";"Male";"Greensboro";"Guilford";"No";"01-01-02";2008-07-22;"Other /  - Insufficient Details";0;"Non-Intersection";"01-07-01";1-01-01 00:29:58;"Approach Paths";3190970;2008;"C: Possible Injury";"Residential";"20-24";22;"No";"0-5 mph";"O: No Injury";"Black";"Male";"Passenger Car";"No";"No";"Dark - Lighted Roadway";"Rural (<30% Developed)";"2 lanes";2;"Straight - Level";"Local Street";"Wet";"Two-Way, Not Divided";"None";"No Special Feature";"Smooth Asphalt";"Piedmont";"Urban";"30 - 35  MPH";"No Control Present";"Clear";"No";"0.0, 0.0"
"2640";1007;1008;"No";"15-Nov";13;"No";NA;"C: Possible Injury";"Travel Lane";"Black";"Male";"Greensboro";"Guilford";"No";"01-01-02";2008-08-05;"Bicyclist Failed to Yield - Sign-Controlled Intersection";11;"Intersection";"01-08-01";1-01-01 11:54:58;"Bicyclist Ride Through - Sign-Controlled Intersection";119144;2008;"C: Possible Injury";"Residential";"50-59";57;"No";"31-35 mph";"O: No Injury";"Black";"Male";"Pickup";"No";"No";"Daylight";"Urban (>70% Developed)";"2 lanes";2;"Straight - Level";"Local Street";"Dry";"Two-Way, Divided, Unprotected Median";"None";"Four-Way Intersection";"Smooth Asphalt";"Piedmont";"Urban";"30 - 35  MPH";"Stop Sign";"Clear";"No";"0.0, 0.0"
"2641";1010;1011;"Yes";"70+";NA;"No";"With Traffic";"C: Possible Injury";"Travel Lane";"White";"Male";"Greensboro";"Guilford";"No";"01-01-02";2008-05-20;"Motorist Overtaking Bicyclist";11;"Non-Intersection";"01-05-01";1-01-01 11:38:58;"Motorist Overtaking - Misjudged Space";311232;2008;"C: Possible Injury";"Commercial";NA;NA;"Missing";"16-20 mph";"Injury";"/Missing";NA;NA;"No";"Yes";"Daylight";"Urban (>70% Developed)";"6 lanes";2;"Straight - Level";"Local Street";"Dry";"Two-Way, Not Divided";"None";"Four-Way Intersection";"Smooth Asphalt";"Piedmont";"Urban";"40 - 45  MPH";"Stop And Go Signal";"Cloudy";"No";"0.0, 0.0"
"2642";1012;1013;"No";"40-49";41;"No";"With Traffic";"K: Killed";"Travel Lane";"White";"Male";"Charlotte";"Mecklenburg";"No";NA;2008-12-01;"Motorist Overtaking Bicyclist";14;"Non-Intersection";"01-12-01";1-01-01 14:10:58;"Motorist Overtaking - Other /";311239;2008;"K: Killed";"Commercial";"20-24";22;"No";"36-40 mph";"O: No Injury";"Asian";"Male";"Passenger Car";"No";"No";"Daylight";"Urban (>70% Developed)";"5 lanes";2;"Straight - Level";"Local Street";"Dry";"Two-Way, Divided, Unprotected Median";"None";"No Special Feature";"Smooth Asphalt";"Piedmont";"Urban";"40 - 45  MPH";"No Control Present";"Clear";"No";"0.0, 0.0"
"2643";3;4;"Yes";"25-29";29;"No";"With Traffic";"C: Possible Injury";"Travel Lane";"Black";"Male";"Cary";"Wake";"No";"01-01-03";2009-01-14;"Motorist Overtaking Bicyclist";16;"Non-Intersection";NA;1-01-01 16:48:58;"Motorist Overtaking - Bicyclist Swerved";311235;2009;"C: Possible Injury";"Residential";"25-29";25;"No";"41-45 mph";"O: No Injury";"Other";"Male";"Motorcycle";"No";"No";"Daylight";"Urban (>70% Developed)";"5 lanes";2;"Straight - Level";"State Secondary Route";"Dry";"Two-Way, Not Divided";"None";"No Special Feature";"Smooth Asphalt";"Piedmont";"Urban";"40 - 45  MPH";"No Control Present";"Clear";"No";"35.824387, -78.77068"
"2644";9;10;"Yes";"25-29";27;"Yes";"Facing Traffic";"B: Evident Injury";"Travel Lane";"White";"Male";"None - Rural Crash";"Cumberland";"Yes";"01-01-07";2009-01-18;"Head-On";20;"Non-Intersection";NA;1-01-01 20:19:58;"Head-On - Bicyclist";312250;2009;"B: Evident Injury";"Farms, Woods, Pastures";"30-39";33;"No";"36-40 mph";"O: No Injury";"White";"Male";"Passenger Car";"No";"No";"Dark - Roadway Not Lighted";"Rural (<30% Developed)";"2 lanes";2;"Straight - Level";"State Secondary Route";"Dry";"Two-Way, Not Divided";"None";"No Special Feature";"Coarse Asphalt";"Coastal";"Rural";"50 - 55  MPH";"No Control Present";"Fog, Smog, Smoke";"No";"34.901127, -78.901"
"2645";18;19;"Yes";"20-24";21;"No";"With Traffic";"C: Possible Injury";"Bike Lane / Paved Shoulder";"Black";"Male";"None - Rural Crash";"Hertford";"No";NA;2009-02-09;"Motorist Overtaking Bicyclist";18;"Non-Intersection";"01-02-01";1-01-01 18:57:58;"Motorist Overtaking - Misjudged Space";321232;2009;"C: Possible Injury";"Commercial";"70+";NA;"No";"51-55 mph";"O: No Injury";"White";"Male";"Sport Utility";"No";"No";"Dark - Roadway Not Lighted";"Rural (<30% Developed)";"2 lanes";2;"Curve - Level";"NC Route";"Dry";"Two-Way, Not Divided";"None";"No Special Feature";"Coarse Asphalt";"Coastal";"Rural";"50 - 55  MPH";"Double Yellow Line, No Passing Zone";"Clear";"No";"36.27684, -77.01139"
"2646";42;43;"Yes";"40-49";43;"No";"Facing Traffic";"C: Possible Injury";"Bike Lane / Paved Shoulder";"White";"Male";"Goldsboro";"Wayne";"No";"01-01-03";2009-02-11;"Bicyclist Failed to Yield - Signalized Intersection";17;"Intersection";"01-02-01";1-01-01 17:09:58;"Bicyclist Ride Out - Signalized  Intersection";122153;2009;"C: Possible Injury";"Commercial";"70+";NA;"No";"21-25 mph";"O: No Injury";"White";"Female";"Passenger Car";"No";"No";"Daylight";"Urban (>70% Developed)";"6 lanes";2;"Straight - Level";"Local Street";"Dry";"Two-Way, Not Divided";"None";"No Special Feature";"Coarse Asphalt";"Coastal";"Urban";"20 - 25  MPH";"Stop And Go Signal";"Clear";"No";"35.38444, -77.9967"
"2647";59;60;"Yes";"50-59";51;"No";"With Traffic";"C: Possible Injury";"Travel Lane";"White";"Male";"None - Rural Crash";"Johnston";"No";"01-01-04";2009-03-05;"Bicyclist Overtaking Motorist";16;"Intersection-Related";"01-03-01";1-01-01 16:44:58;"Bicyclist Overtaking - Other /";211249;2009;"C: Possible Injury";"Farms, Woods, Pastures";"50-59";51;"No";"0-5 mph";"O: No Injury";"White";"Male";"Passenger Car";"No";"No";"Daylight";"Rural (<30% Developed)";"2 lanes";2;"Straight - Level";"State Secondary Route";"Dry";"Two-Way, Not Divided";"None";"T-Intersection";"Smooth Asphalt";"Coastal";"Rural";"50 - 55  MPH";"Double Yellow Line, No Passing Zone";"Clear";"No";"35.37243, -78.444786"
"2648";60;61;"Yes";"20-24";22;"No";"With Traffic";"B: Evident Injury";"Travel Lane";"White";"Male";"None - Rural Crash";"Wake";"No";"01-01-04";2009-03-19;"Bicyclist Failed to Yield - Sign-Controlled Intersection";15;"Intersection";"01-03-01";1-01-01 15:06:58;"Bicyclist Ride Out - Sign-Controlled Intersection";111142;2009;"B: Evident Injury";"Farms, Woods, Pastures";"20-24";21;"No";"6-10 mph";"O: No Injury";"White";"Male";"Pickup";"No";"No";"Daylight";"Rural (<30% Developed)";"2 lanes";2;"Curve - Grade";"State Secondary Route";"Dry";"Two-Way, Not Divided";"None";"T-Intersection";"Coarse Asphalt";"Piedmont";"Rural";"40 - 45  MPH";"Double Yellow Line, No Passing Zone";"Clear";"No";"35.72253, -78.71577"
"2649";64;65;"Yes";"15-Nov";12;"No";"Facing Traffic";"B: Evident Injury";"Sidewalk / Crosswalk / Driveway Crossing";"White";"Female";"Cary";"Wake";"No";"01-01-07";2009-03-22;"Crossing Paths - Other Circumstances";14;"Intersection";"01-03-01";1-01-01 14:29:58;"Signalized Intersection - Other /";132158;2009;"B: Evident Injury";"Commercial";NA;NA;"Missing";"6-10 mph";"Injury";"/Missing";NA;"Passenger Car";"No";"Yes";"Daylight";"Urban (>70% Developed)";"3 lanes";2;"Straight - Hillcrest";"Local Street";"Dry";"Two-Way, Not Divided";"None";"Four-Way Intersection";"Smooth Asphalt";"Piedmont";"Urban";"20 - 25  MPH";"Stop And Go Signal";"Clear";"No";"35.764786, -78.78362"
"2650";67;68;"No";"25-29";26;"Yes";NA;"B: Evident Injury";NA;"White";"Male";"Statesville";"Iredell";"Yes";"01-01-04";2009-03-12;"Other /  - Insufficient Details";20;"Intersection-Related";"01-03-01";1-01-01 20:14:58;"Approach Paths";299970;2009;"B: Evident Injury";"Residential";NA;NA;"Missing";NA;"Injury";"/Missing";NA;NA;"No";"Yes";"Dark - Lighted Roadway";"Urban (>70% Developed)";"2 lanes";2;"Straight - Level";"Local Street";"Dry";"Two-Way, Not Divided";"None";"No Special Feature";"Smooth Asphalt";"Piedmont";"Urban";"30 - 35  MPH";"No Control Present";"Clear";"No";"35.782326, -80.89593"
"2651";69;70;"No";"40-49";42;"No";"With Traffic";"C: Possible Injury";"Travel Lane";"Black";"Female";"Wilson";"Wilson";"No";"01-01-05";2009-03-06;"Motorist Left Turn / Merge";17;"Intersection";"01-03-01";1-01-01 17:56:58;"Motorist Left Turn - Opposite Direction";111212;2009;"C: Possible Injury";"Commercial";NA;NA;"Missing";NA;"Injury";"/Missing";NA;NA;"No";"Yes";"Dusk";"Urban (>70% Developed)";"2 lanes";2;"Straight - Level";"Local Street";"Dry";"Two-Way, Not Divided";"None";"T-Intersection";"Smooth Asphalt";"Coastal";"Urban";"30 - 35  MPH";"No Control Present";"Clear";"No";"35.72093, -77.90823"
"2652";77;78;"No";"25-29";27;"No";"With Traffic";"O: No Injury";"Sidewalk / Crosswalk / Driveway Crossing";"Black";"Male";"Wilmington";"New Hanover";"No";"01-01-06";2009-03-14;"Bicyclist Overtaking Motorist";20;"Intersection-Related";"01-03-01";1-01-01 20:42:58;"Bicyclist Overtaking - Other /";231249;2009;"O: No Injury";"Residential";"20-24";23;"No";"0-5 mph";"O: No Injury";"White";"Male";"Passenger Car";"No";"No";"Dark - Lighted Roadway";"Urban (>70% Developed)";"2 lanes";2;"Straight - Level";"Local Street";"Dry";"Two-Way, Divided, Unprotected Median";"None";"No Special Feature";"Coarse Asphalt";"Coastal";"Urban";"20 - 25  MPH";"No Control Present";"Cloudy";"No";"34.24249, -77.94266"
"2653";81;82;"Yes";"15-Nov";13;"No";"Not Applicable";"C: Possible Injury";"Travel Lane";"White";"Male";"None - Rural Crash";"Alamance";"No";"01-01-04";2009-03-05;"Bicyclist Failed to Yield - Midblock";20;"Non-Intersection";"01-03-01";1-01-01 19:59:58;"Bicyclist Ride Out - Other Midblock";313318;2009;"C: Possible Injury";"Residential";NA;NA;"Missing";"46-50 mph";"Injury";"/Missing";NA;NA;"No";"Yes";"Dark - Roadway Not Lighted";"Rural (<30% Developed)";"2 lanes";2;"Straight - Level";"State Secondary Route";"Dry";"Two-Way, Not Divided";"None";"No Special Feature";"Smooth Asphalt";"Piedmont";"Rural";"50 - 55  MPH";"No Control Present";"Clear";"No";"36.095142, -79.32742"
"2654";91;92;"No";"10-Jun";10;"No";"Not Applicable";"C: Possible Injury";"Driveway / Alley";"White";"Male";"Mint Hill";"Mecklenburg";"No";"01-01-02";2009-03-31;"Bicyclist Failed to Yield - Midblock";17;"Non-Intersection";"01-03-01";1-01-01 17:38:58;"Bicyclist Ride Out - Residential Driveway";353311;2009;"C: Possible Injury";"Residential";"30-39";37;"No";"16-20 mph";"O: No Injury";"White";"Female";"Van";"No";"No";"Daylight";"Mixed (30% To 70% Developed)";NA;2;NA;NA;"Dry";NA;"None";"No Special Feature";NA;"Piedmont";"Urban";"20 - 25  MPH";"No Control Present";"Clear";"No";"35.163906, -80.61446"
"2655";103;104;"Yes";"40-49";41;"No";"With Traffic";"B: Evident Injury";"Travel Lane";"White";"Male";"None - Rural Crash";"Yancey";"No";NA;2009-03-23;"Motorist Left Turn / Merge";15;"Non-Intersection";"01-03-01";1-01-01 15:38:58;"Motorist Left Turn - Opposite Direction";311212;2009;"B: Evident Injury";"Farms, Woods, Pastures";"20-24";21;"No";"11-15 mph";"O: No Injury";"White";"Male";"Passenger Car";"No";"No";"Daylight";"Rural (<30% Developed)";"2 lanes";2;"Curve - Grade";"NC Route";"Dry";"Two-Way, Not Divided";"None";"No Special Feature";"Smooth Asphalt";"Mountains";"Rural";"30 - 35  MPH";"Double Yellow Line, No Passing Zone";"Cloudy";"No";"35.730255, -82.27928"
"2656";104;105;"Yes";"40-49";49;"No";"With Traffic";"A: Disabling Injury";"Travel Lane";"Black";"Male";"None - Rural Crash";"Robeson";"No";"01-01-03";2009-04-08;"Parallel Paths - Other Circumstances";19;"Non-Intersection";"01-04-01";1-01-01 19:09:58;"Parallel Paths - Other /";311280;2009;"A: Disabling Injury";"Farms, Woods, Pastures";"30-39";35;"No";"51-55 mph";"O: No Injury";"Native American";"Female";"Sport Utility";"No";"No";"Daylight";"Rural (<30% Developed)";"2 lanes";2;"Straight - Level";"State Secondary Route";"Dry";"Two-Way, Not Divided";"None";"No Special Feature";"Coarse Asphalt";"Coastal";"Rural";"50 - 55  MPH";"No Control Present";"Clear";"No";"34.85171, -79.09158"
"2657";105;106;"Yes";"20-24";21;"No";"Not Applicable";"O: No Injury";"Non-Roadway";"Other";"Male";"Cary";"Wake";"No";"01-01-06";2009-04-18;"Non-Roadway";16;"Non-Roadway";"01-04-01";1-01-01 16:48:58;"Non-Roadway";460910;2009;"O: No Injury";"Commercial";"40-49";45;"No";"0-5 mph";"O: No Injury";"White";"Female";"Sport Utility";"No";"No";"Daylight";"Urban (>70% Developed)";NA;2;"Straight - Grade";"Public Vehicular Area";"Dry";"Two-Way, Not Divided";"None";"Driveway, Public";"Smooth Asphalt";"Piedmont";"Urban";"5 - 15 MPH";"No Control Present";"Clear";"No";"35.771732, -78.76127"
"2658";111;112;"Yes";"30-39";38;"No";"With Traffic";"B: Evident Injury";"Travel Lane";"White";"Male";"None - Rural Crash";"Rowan";"No";"01-01-07";2009-03-08;"Loss of Control / Turning Error";11;"Intersection-Related";"01-03-01";1-01-01 11:18:58;"Motorist Turning Error - Left Turn";211111;2009;"B: Evident Injury";"Farms, Woods, Pastures";"50-59";57;"No";"0-5 mph";"O: No Injury";"White";"Female";"Sport Utility";"No";"No";"Daylight";"Rural (<30% Developed)";"2 lanes";2;"Straight - Level";"State Secondary Route";"Dry";"Two-Way, Not Divided";"None";"No Special Feature";"Smooth Asphalt";"Piedmont";"Rural";"50 - 55  MPH";"Double Yellow Line, No Passing Zone";"Clear";"No";"35.558395, -80.2833"
"2659";112;113;"Yes";"15-Nov";14;"No";NA;"B: Evident Injury";NA;"Black";"Male";"Rocky Mount";"Nash";"No";"01-01-05";2009-03-20;"Other /  - Insufficient Details";19;"Location";"01-03-01";1-01-01 19:54:58;"Location";999980;2009;"B: Evident Injury";"Residential";NA;NA;"No";"11-15 mph";"Injury";"/Missing";NA;"Passenger Car";"No";"Yes";"Dark - Roadway Not Lighted";"Urban (>70% Developed)";"2 lanes";3;"Straight - Level";"Local Street";"Dry";"Two-Way, Not Divided";"None";"No Special Feature";"Coarse Asphalt";"Coastal";"Urban";"30 - 35  MPH";"No Control Present";"Clear";"No";"35.927265, -77.814865"
"2660";116;117;"Yes";"60-69";62;"No";"With Traffic";"C: Possible Injury";"Travel Lane";"White";"Male";"None - Rural Crash";"Nash";"No";"01-01-05";2009-04-17;"Motorist Overtaking Bicyclist";12;"Intersection-Related";"01-04-01";1-01-01 12:32:58;"Motorist Overtaking - Bicyclist Swerved";211235;2009;"C: Possible Injury";"Institutional";"50-59";51;"No";"41-45 mph";"O: No Injury";"White";"Female";"Passenger Car";"No";"No";"Daylight";"Mixed (30% To 70% Developed)";"3 lanes";2;"Straight - Level";"State Secondary Route";"Dry";"Two-Way, Not Divided";"None";"Driveway, Public";"Coarse Asphalt";"Coastal";"Rural";"40 - 45  MPH";"Double Yellow Line, No Passing Zone";"Clear";"No";"35.975384, -77.8964"
"2661";117;118;"No";"15-Nov";15;"No";"Not Applicable";"C: Possible Injury";"Non-Roadway";"Hispanic";"Male";"Cary";"Wake";"No";"01-01-04";2009-04-23;"Non-Roadway";16;"Non-Roadway";"01-04-01";1-01-01 16:56:58;"Non-Roadway";460910;2009;"C: Possible Injury";"Residential";"20-24";24;"No";"21-25 mph";"O: No Injury";"Black";"Female";"Passenger Car";"No";"No";"Daylight";"Urban (>70% Developed)";"2 lanes";2;"Curve - Grade";"Local Street";"Dry";"Two-Way, Not Divided";"None";"No Special Feature";"Coarse Asphalt";"Piedmont";"Urban";"30 - 35  MPH";"No Control Present";"Clear";"No";"35.779346, -78.76079"
"2662";118;119;"Yes";"16-19";16;"No";"Not Applicable";"B: Evident Injury";NA;"Black";"Male";"Charlotte";"Mecklenburg";"No";"01-01-03";2009-04-15;"Bicyclist Failed to Yield - Midblock";0;"Non-Intersection";"01-04-01";1-01-01 00:20:58;"Bicyclist Ride Out - Midblock -";393319;2009;"B: Evident Injury";"Residential";NA;NA;"Missing";"26-30 mph";"Injury";"/Missing";NA;NA;"No";"Yes";"Dark - Lighted Roadway";"Urban (>70% Developed)";"4 lanes";2;"Straight - Level";"Local Street";"Dry";"Two-Way, Divided, Positive Median Barrier";"None";"No Special Feature";"Smooth Asphalt";"Piedmont";"Urban";"30 - 35  MPH";"No Control Present";"Clear";"No";"35.249397, -80.764755"
"2663";125;126;"Yes";"40-49";43;"Yes";"With Traffic";"C: Possible Injury";"Travel Lane";"Black";"Male";"Raleigh";"Wake";"Yes";"01-01-05";2009-03-20;"Parallel Paths - Other Circumstances";23;"Intersection";"01-03-01";1-01-01 23:48:58;"Parallel Paths - Other /";111280;2009;"C: Possible Injury";"Residential";"40-49";49;"Yes";"0-5 mph";"O: No Injury";"Black";"Male";"Passenger Car";"No";"No";"Dark - Lighted Roadway";"Urban (>70% Developed)";"3 lanes";2;"Straight - Level";"Local Street";"Dry";"One-Way, Not Divided";"None";"Four-Way Intersection";"Concrete";"Piedmont";"Urban";"30 - 35  MPH";"Stop And Go Signal";"Clear";"No";"35.76705, -78.6355"
"2664";126;127;"Yes";"50-59";51;"No";"Not Applicable";"K: Killed";"Travel Lane";"Black";"Male";"Shelby";"Cleveland";"Yes";"01-01-05";2009-04-17;"Bicyclist Failed to Yield - Midblock";21;"Non-Intersection";"01-04-01";1-01-01 21:10:58;"Bicyclist Ride Out - Other Midblock";313318;2009;"K: Killed";"Commercial";"50-59";55;"Yes";"36-40 mph";"C: Possible Injury";"White";"Male";"Passenger Car";"No";"No";"Dark - Roadway Not Lighted";"Urban (>70% Developed)";NA;2;"Straight - Level";"US Route";"Dry";"Two-Way, Divided, Unprotected Median";"None";"No Special Feature";"Smooth Asphalt";"Mountains";"Urban";"40 - 45  MPH";"No Control Present";"Clear";"No";"35.280735, -81.54936"
"2665";132;133;"No";"25-29";26;"No";"With Traffic";"C: Possible Injury";"Travel Lane";"White";"Female";"Charlotte";"Mecklenburg";"No";"01-01-05";2009-04-24;"Motorist Right Turn / Merge";8;"Non-Intersection";"01-04-01";1-01-01 08:19:58;"Motorist Right Turn - Same Direction";311213;2009;"C: Possible Injury";"Residential";"40-49";44;"No";"0-5 mph";"O: No Injury";"White";"Male";"Passenger Car";"No";"No";"Daylight";"Urban (>70% Developed)";"2 lanes";2;"Straight - Grade";"Local Street";"Dry";"Two-Way, Not Divided";"None";"No Special Feature";"Smooth Asphalt";"Piedmont";"Urban";"20 - 25  MPH";"No Control Present";"Clear";"No";"35.233505, -80.79283"
"2666";136;137;"Yes";"40-49";48;"No";"With Traffic";"B: Evident Injury";"Travel Lane";"Black";"Male";"Garysburg";"Northampton";"No";"01-01-05";2009-05-01;"Motorist Overtaking Bicyclist";20;"Non-Intersection";"01-05-01";1-01-01 19:59:58;"Motorist Overtaking - Other /";311239;2009;"B: Evident Injury";"Farms, Woods, Pastures";NA;NA;"No";"41-45 mph";"Injury";"/Missing";"Male";NA;"No";"Yes";"Daylight";"Rural (<30% Developed)";"2 lanes";2;"Straight - Level";"NC Route";"Dry";"Two-Way, Not Divided";"None";"No Special Feature";"Smooth Asphalt";"Coastal";"Rural";"40 - 45  MPH";"No Control Present";"Clear";"No";"36.455456, -77.551674"
"2667";139;140;"No";"40-49";48;"No";"Facing Traffic";"B: Evident Injury";"Sidewalk / Crosswalk / Driveway Crossing";"Black";"Male";"Raleigh";"Wake";"No";"01-01-05";2009-03-27;"Crossing Paths - Other Circumstances";7;"Intersection";"01-03-01";1-01-01 07:54:58;"Signalized Intersection - Other /";132158;2009;"B: Evident Injury";"Commercial";"50-59";57;"No";"0-5 mph";"O: No Injury";"White";"Male";"Pickup";"No";"No";"Daylight";"Urban (>70% Developed)";"4 lanes";2;"Straight - Level";"Local Street";"Dry";"Two-Way, Not Divided";"None";"Four-Way Intersection";"Smooth Asphalt";"Piedmont";"Urban";"30 - 35  MPH";"Stop And Go Signal";"Cloudy";"No";"35.79325, -78.68431"
"2668";149;150;"Yes";"25-29";25;"No";"Facing Traffic";"C: Possible Injury";"Travel Lane";"White";"Female";"Greensboro";"Guilford";"No";"01-01-03";2009-04-29;"Motorist Failed to Yield - Signalized Intersection";17;"Intersection";"01-04-01";1-01-01 17:13:58;"Motorist Drive Out - Right Turn on Red";112151;2009;"C: Possible Injury";"Commercial";"40-49";46;"No";"11-15 mph";"O: No Injury";"Black";"Female";"Passenger Car";"No";"No";"Daylight";"Urban (>70% Developed)";NA;2;"Straight - Hillcrest";"Local Street";"Dry";"Two-Way, Not Divided";"None";"Four-Way Intersection";"Smooth Asphalt";"Piedmont";"Urban";"30 - 35  MPH";"Stop And Go Signal";"Clear";"No";"36.08042, -79.82714"
"2669";154;155;"Yes";"25-29";26;"No";"Not Applicable";"C: Possible Injury";"Non-Roadway";"White";"Male";"None - Rural Crash";"Pender";"No";"01-01-05";2009-05-08;"Bicyclist Failed to Yield - Midblock";15;"Non-Intersection";"01-05-01";1-01-01 15:29:58;"Bicyclist Ride Out - Commercial Driveway / Alley";363312;2009;"C: Possible Injury";"Commercial";"20-24";20;"No";"41-45 mph";"O: No Injury";"White";"Male";"Pickup";"No";"No";"Daylight";"Urban (>70% Developed)";"5 lanes";2;"Straight - Level";"US Route";"Dry";"Two-Way, Not Divided";"None";"Driveway, Public";"Coarse Asphalt";"Coastal";"Rural";"40 - 45  MPH";"No Control Present";"Clear";"No";"34.390038, -77.68332"
"2670";158;159;"Yes";"15-Nov";12;"No";"With Traffic";"B: Evident Injury";"Sidewalk / Crosswalk / Driveway Crossing";"Black";"Male";"Cary";"Wake";"No";"01-01-02";2009-05-12;"Motorist Right Turn / Merge";15;"Intersection";"01-05-01";1-01-01 15:29:58;"Motorist Right Turn - Same Direction";131213;2009;"B: Evident Injury";"Residential";"70+";NA;"No";"0-5 mph";"O: No Injury";"White";"Female";"Passenger Car";"No";"No";"Daylight";"Urban (>70% Developed)";"2 lanes";2;"Straight - Grade";"Local Street";"Dry";"Two-Way, Not Divided";"None";"T-Intersection";"Smooth Asphalt";"Piedmont";"Urban";"20 - 25  MPH";"Stop And Go Signal";"Clear";"No";"35.771008, -78.82089"
"2671";159;160;"Yes";"30-39";31;"No";"With Traffic";"C: Possible Injury";"Travel Lane";"White";"Female";"Durham";"Durham";"No";"01-01-03";2009-05-13;"Motorist Failed to Yield - Sign-Controlled Intersection";12;"Intersection";"01-05-01";1-01-01 12:07:58;"Motorist Drive Out - Sign-Controlled Intersection";111141;2009;"C: Possible Injury";"Commercial";"25-29";27;"No";"0-5 mph";"O: No Injury";"White";"Male";"Pickup";"No";"No";"Daylight";"Urban (>70% Developed)";"4 lanes";2;"Straight - Level";"Local Street";"Dry";"Two-Way, Not Divided";"None";"Four-Way Intersection";"Smooth Asphalt";"Piedmont";"Urban";"30 - 35  MPH";"Stop Sign";"Clear";"No";"35.87327, -78.8459"
"2672";163;164;"Yes";"30-39";35;"No";"Not Applicable";"C: Possible Injury";NA;"White";"Male";"Mebane";"Alamance";"No";"01-01-05";2009-05-08;"Bicyclist Failed to Yield - Midblock";19;"Non-Intersection";"01-05-01";1-01-01 19:15:58;"Bicyclist Ride Out - Residential Driveway";393311;2009;"C: Possible Injury";"Commercial";"30-39";38;"No";"31-35 mph";"O: No Injury";"White";"Male";"Pickup";"No";"No";"Daylight";"Urban (>70% Developed)";"3 lanes";2;"Straight - Level";"Local Street";"Dry";"Two-Way, Not Divided";"None";"No Special Feature";"Smooth Asphalt";"Piedmont";"Urban";"30 - 35  MPH";"Stop And Go Signal";"Clear";"No";"36.0685, -79.270035"
"2673";170;171;"Yes";"40-49";45;"No";"With Traffic";"A: Disabling Injury";"Travel Lane";"Black";"Male";"Gibson";"Scotland";"No";"01-01-04";2009-04-30;"Bicyclist Failed to Yield - Sign-Controlled Intersection";15;"Intersection";"01-04-01";1-01-01 15:15:58;"Bicyclist Ride Through - Sign-Controlled Intersection";111144;2009;"A: Disabling Injury";"Residential";"30-39";30;"No";"31-35 mph";"C: Possible Injury";"White";"Male";"Pickup";"No";"No";"Daylight";"Rural (<30% Developed)";"2 lanes";2;"Curve - Level";"NC Route";"Dry";"Two-Way, Not Divided";"None";"T-Intersection";"Smooth Asphalt";"Coastal";"Rural";"30 - 35  MPH";"Stop Sign";"Clear";"No";"34.758793, -79.61536"
"2674";172;173;"Yes";"30-39";36;"No";"With Traffic";"C: Possible Injury";"Travel Lane";"White";"Female";"Charlotte";"Mecklenburg";"No";"01-01-04";2009-04-30;"Crossing Paths - Other Circumstances";10;"Intersection";"01-04-01";1-01-01 10:16:58;"Signalized Intersection - Other /";111158;2009;"C: Possible Injury";"Residential";"25-29";27;"No";"6-10 mph";"O: No Injury";"Asian";"Male";"Passenger Car";"No";"No";"Daylight";"Urban (>70% Developed)";"4 lanes";2;"Straight - Level";"Local Street";"Dry";"Two-Way, Not Divided";"None";"Four-Way Intersection";"Coarse Asphalt";"Piedmont";"Urban";"30 - 35  MPH";"Stop And Go Signal";"Cloudy";"No";"35.16829, -80.822395"