"FID";"OBJECTID";"AmbulanceR";"BikeAge_Gr";"Bike_Age";"Bike_Alc_D";"Bike_Dir";"Bike_Injur";"Bike_Pos";"Bike_Race";"Bike_Sex";"City";"County";"CrashAlcoh";"CrashDay";"Crash_Date";"Crash_Grp";"Crash_Hour";"Crash_Loc";"Crash_Mont";"Crash_Time";"Crash_Type";"Crash_Ty_1";"Crash_Year";"Crsh_Sevri";"Developmen";"DrvrAge_Gr";"Drvr_Age";"Drvr_Alc_D";"Drvr_EstSp";"Drvr_Injur";"Drvr_Race";"Drvr_Sex";"Drvr_VehTy";"ExcsSpdInd";"Hit_Run";"Light_Cond";"Locality";"Num_Lanes";"Num_Units";"Rd_Charact";"Rd_Class";"Rd_Conditi";"Rd_Config";"Rd_Defects";"Rd_Feature";"Rd_Surface";"Region";"Rural_Urba";"Speed_Limi";"Traff_Cntr";"Weather";"Workzone_I";"Location"
"2675";177;178;"Yes";"30-39";32;"No";"With Traffic";"B: Evident Injury";"Travel Lane";"White";"Male";"Wilmington";"New Hanover";"No";"01-01-03";2009-05-06;"Motorist Left Turn / Merge";22;"Intersection";"01-05-01";1-01-01 22:28:58;"Motorist Left Turn - Opposite Direction";111212;2009;"B: Evident Injury";"Commercial";"30-39";34;"No";"31-35 mph";"O: No Injury";"White";"Male";"Passenger Car";"No";"No";"Dark - Roadway Not Lighted";"Urban (>70% Developed)";"6 lanes";2;"Straight - Level";"US Route";"Dry";"Two-Way, Not Divided";"None";"Four-Way Intersection";"Coarse Asphalt";"Coastal";"Urban";"40 - 45  MPH";"Stop And Go Signal";"Clear";"No";"34.219433, -77.83266"
"2676";189;190;"Yes";"40-49";41;"No";"With Traffic";"B: Evident Injury";"Travel Lane";"White";"Male";"Cary";"Wake";"No";"01-01-04";2009-05-28;"Motorist Overtaking Bicyclist";12;"Intersection";"01-05-01";1-01-01 12:40:58;"Motorist Overtaking - Bicyclist Swerved";111235;2009;"B: Evident Injury";"Commercial";"20-24";22;"No";"36-40 mph";"O: No Injury";"White";"Female";"Sport Utility";"No";"No";"Daylight";"Urban (>70% Developed)";"4 lanes";2;"Straight - Level";"Local Street";"Dry";"Two-Way, Divided, Unprotected Median";"None";"No Special Feature";"Smooth Asphalt";"Piedmont";"Urban";"40 - 45  MPH";"No Control Present";"Clear";"No";"35.830093, -78.77439"
"2677";191;192;"Yes";"40-49";49;"No";"With Traffic";"B: Evident Injury";"Bike Lane / Paved Shoulder";"White";"Male";"None - Rural Crash";"Buncombe";"No";"01-01-04";2009-05-28;"Motorist Overtaking Bicyclist";21;"Non-Intersection";"01-05-01";1-01-01 21:05:58;"Motorist Overtaking - Other /";321239;2009;"B: Evident Injury";"Farms, Woods, Pastures";"25-29";28;"No";"36-40 mph";"O: No Injury";"White";"Male";"Passenger Car";"No";"No";"Dark - Roadway Not Lighted";"Rural (<30% Developed)";"5 lanes";2;"Straight - Level";"NC Route";"Dry";"Two-Way, Not Divided";"None";"No Special Feature";"Smooth Asphalt";"Mountains";"Rural";"50 - 55  MPH";"No Control Present";"Clear";"No";"35.619415, -82.65276"
"2678";192;193;"No";"10-Jun";7;"No";"Not Applicable";"C: Possible Injury";"Non-Roadway";"Black";"Female";"Statesville";"Iredell";"No";NA;2009-05-18;"Bicyclist Failed to Yield - Midblock";19;"Non-Intersection";"01-05-01";1-01-01 19:29:58;"Multiple Threat - Midblock";363357;2009;"C: Possible Injury";"Residential";"20-24";20;"No";"16-20 mph";"O: No Injury";"Hispanic";"Male";"Passenger Car";"No";"No";NA;"Urban (>70% Developed)";"2 lanes";2;"Straight - Level";"Local Street";"Dry";"Two-Way, Not Divided";"None";"No Special Feature";"Smooth Asphalt";"Piedmont";"Urban";"30 - 35  MPH";"No Control Present";"Clear";"No";"35.768757, -80.88686"
"2679";195;196;"Yes";"10-Jun";10;"No";"Not Applicable";"B: Evident Injury";"Driveway / Alley";"Black";"Male";"None - Rural Crash";"Cabarrus";"No";"01-01-06";2009-05-16;"Loss of Control / Turning Error";19;"Non-Intersection";"01-05-01";1-01-01 19:29:58;"Bicyclist Lost Control - Other /";353129;2009;"B: Evident Injury";"Residential";"20-24";22;"No";"31-35 mph";"O: No Injury";"Black";"Male";"Passenger Car";"No";"No";"Daylight";"Mixed (30% To 70% Developed)";"2 lanes";2;"Curve - Grade";"State Secondary Route";"Dry";"Two-Way, Not Divided";"None";"No Special Feature";"Coarse Asphalt";"Piedmont";"Rural";"30 - 35  MPH";"No Control Present";"Clear";"No";"35.291553, -80.63521"
"2680";196;197;"No";"50-59";54;"Yes";"With Traffic";"C: Possible Injury";"Travel Lane";"Black";"Male";"Rocky Mount";"Edgecombe";"Yes";"01-01-05";2009-04-03;"Bicyclist Failed to Yield - Sign-Controlled Intersection";14;"Intersection";"01-04-01";1-01-01 14:07:58;"Bicyclist Ride Out - Sign-Controlled Intersection";111142;2009;"C: Possible Injury";"Residential";"30-39";35;"No";"26-30 mph";"O: No Injury";"Black";"Female";"Passenger Car";"No";"No";"Daylight";"Urban (>70% Developed)";"4 lanes";2;"Straight - Level";"Local Street";"Dry";"Two-Way, Not Divided";"None";"No Special Feature";"Smooth Asphalt";"Coastal";"Urban";"30 - 35  MPH";"Stop Sign";"Clear";"No";"35.946587, -77.78812"
"2681";198;199;"Yes";"50-59";58;"No";"Facing Traffic";"C: Possible Injury";"Non-Roadway";"Black";"Male";"Asheville";"Buncombe";"No";"01-01-07";2009-05-17;"Bicyclist Failed to Yield - Midblock";12;"Non-Intersection";"01-05-01";1-01-01 12:00:58;"Bicyclist Ride Out - Other Midblock";362318;2009;"C: Possible Injury";"Commercial";"60-69";63;"No";"6-10 mph";"O: No Injury";"White";"Male";"Passenger Car";"No";"No";"Daylight";"Urban (>70% Developed)";"2 lanes";2;"Straight - Level";"Local Street";"Wet";"Two-Way, Not Divided";"None";"T-Intersection";"Concrete";"Mountains";"Urban";"20 - 25  MPH";"No Control Present";"Rain";"No";"35.5868, -82.586754"
"2682";203;204;"Yes";"16-19";16;"No";"With Traffic";"A: Disabling Injury";"Travel Lane";"Other";"Male";"Raleigh";"Wake";"No";"01-01-06";2009-05-09;"Bicyclist Left Turn / Merge";15;"Non-Intersection";"01-05-01";1-01-01 15:16:58;"Bicyclist Left Turn - Opposite Direction";311222;2009;"A: Disabling Injury";"Residential";"40-49";42;"No";"31-35 mph";"O: No Injury";"Black";"Female";"Sport Utility";"No";"No";"Daylight";"Urban (>70% Developed)";"2 lanes";2;"Straight - Bottom";"Local Street";"Dry";"Two-Way, Not Divided";"None";"No Special Feature";"Smooth Asphalt";"Piedmont";"Urban";"30 - 35  MPH";"No Control Present";"Clear";"No";"35.830837, -78.67436"
"2683";204;205;"No";"60-69";64;"No";"With Traffic";"C: Possible Injury";"Bike Lane / Paved Shoulder";"White";"Male";"None - Rural Crash";"Orange";"No";"01-01-02";2009-06-02;"Loss of Control / Turning Error";9;"Non-Intersection";"01-06-01";1-01-01 09:12:58;"Motorist Lost Control - Other /";321139;2009;"C: Possible Injury";"Farms, Woods, Pastures";NA;NA;"No";"36-40 mph";"Injury";"/Missing";NA;NA;"No";"Yes";"Daylight";"Rural (<30% Developed)";"2 lanes";2;"Straight - Level";"NC Route";"Dry";"Two-Way, Not Divided";"None";"No Special Feature";"Smooth Asphalt";"Piedmont";"Rural";"40 - 45  MPH";"Double Yellow Line, No Passing Zone";"Clear";"No";"35.921856, -79.10786"
"2684";205;206;"No";"30-39";36;"No";"With Traffic";"O: No Injury";"Bike Lane / Paved Shoulder";"White";"Female";"None - Rural Crash";"Chowan";"No";NA;2009-06-01;"Motorist Overtaking Bicyclist";11;"Non-Intersection";"01-06-01";1-01-01 11:21:58;"Motorist Overtaking - Misjudged Space";321232;2009;"O: No Injury";"Farms, Woods, Pastures";"50-59";59;"No";"31-35 mph";"O: No Injury";"Black";"Male";"Pickup";"No";"No";"Daylight";"Rural (<30% Developed)";"2 lanes";2;"Straight - Level";"State Secondary Route";"Dry";"Two-Way, Not Divided";"None";"No Special Feature";"Smooth Asphalt";"Coastal";"Rural";"40 - 45  MPH";"Double Yellow Line, No Passing Zone";"Clear";"No";"36.07037, -76.64611"
"2685";216;217;"Yes";"40-49";46;"No";"Not Applicable";"B: Evident Injury";"Travel Lane";"White";"Male";"Durham";"Durham";"No";"01-01-05";2009-05-22;"Non-Roadway";12;"Non-Roadway";"01-05-01";1-01-01 12:50:58;"Non-Roadway";410910;2009;"B: Evident Injury";"Institutional";"40-49";41;"No";"0-5 mph";"O: No Injury";"White";"Female";"Passenger Car";"No";"No";"Daylight";"Urban (>70% Developed)";"2 lanes";2;"Straight - Grade";"Public Vehicular Area";"Dry";"Two-Way, Not Divided";"None";"Driveway, Private";"Coarse Asphalt";"Piedmont";"Urban";"20 - 25  MPH";"No Control Present";"Cloudy";"No";"36.00432, -78.93957"
"2686";218;219;"Yes";"50-59";51;"No";"Facing Traffic";"C: Possible Injury";"Sidewalk / Crosswalk / Driveway Crossing";"Black";"Male";"Chapel Hill";"Orange";"No";"01-01-05";2009-05-22;"Motorist Failed to Yield - Sign-Controlled Intersection";15;"Intersection";"01-05-01";1-01-01 15:31:58;"Motorist Drive Out - Sign-Controlled Intersection";132141;2009;"C: Possible Injury";"Commercial";"60-69";61;"No";"0-5 mph";"O: No Injury";"White";"Female";"Passenger Car";"No";"No";"Daylight";"Urban (>70% Developed)";"2 lanes";2;"Straight - Level";"Local Street";"Dry";"Two-Way, Not Divided";"None";"T-Intersection";"Smooth Asphalt";"Piedmont";"Urban";"20 - 25  MPH";"Stop Sign";"Clear";"No";"35.911034, -79.06614"
"2687";219;220;"Yes";"15-Nov";13;"No";"With Traffic";"B: Evident Injury";"Travel Lane";"White";"Male";"Tabor City";"Columbus";"No";"01-01-05";2009-05-22;"Bicyclist Left Turn / Merge";17;"Non-Intersection";"01-05-01";1-01-01 17:16:58;"Bicyclist Left Turn - Opposite Direction";311222;2009;"B: Evident Injury";"Commercial";"60-69";68;"No";"41-45 mph";"O: No Injury";"White";"Male";"Van";"No";"No";"Daylight";"Urban (>70% Developed)";"3 lanes";2;"Straight - Level";"Local Street";"Dry";"Two-Way, Divided, Unprotected Median";"None";"No Special Feature";"Coarse Asphalt";"Coastal";"Rural";"40 - 45  MPH";"Double Yellow Line, No Passing Zone";"Clear";"No";"34.154327, -78.86451"
"2688";220;221;"Yes";"50-59";50;"No";"With Traffic";"B: Evident Injury";"Travel Lane";"White";"Female";"Pinehurst";"Moore";"No";"01-01-05";2009-05-22;"Parallel Paths - Other Circumstances";19;"Intersection";"01-05-01";1-01-01 19:05:58;"Parallel Paths - Other /";111280;2009;"B: Evident Injury";"Residential";"50-59";50;"No";"16-20 mph";"O: No Injury";"White";"Female";"Passenger Car";"No";"No";"Daylight";"Mixed (30% To 70% Developed)";"4 lanes";3;"Straight - Level";"US Route";"Dry";"Two-Way, Not Divided";"None";"Four-Way Intersection";"Smooth Asphalt";"Piedmont";"Urban";"30 - 35  MPH";"Stop And Go Signal";"Clear";"No";"35.206585, -79.451"
"2689";223;224;"Yes";"20-24";23;"Yes";"Facing Traffic";"C: Possible Injury";"Other";"Black";"Male";"Benson";"Johnston";"Yes";"01-01-03";2009-05-20;"Crossing Paths - Other Circumstances";7;"Intersection";"01-05-01";1-01-01 07:34:58;"Signalized Intersection - Other /";182158;2009;"C: Possible Injury";"Commercial";"40-49";49;"No";"0-5 mph";"O: No Injury";"Black";"Male";"Passenger Car";"No";"No";"Daylight";"Mixed (30% To 70% Developed)";"2 lanes";2;"Straight - Level";"Local Street";"Dry";"Two-Way, Not Divided";"None";"Four-Way Intersection";"Smooth Asphalt";"Coastal";"Rural";"30 - 35  MPH";"Stop And Go Signal";"Clear";"No";"35.380676, -78.54679"
"2690";226;227;"No";"20-24";21;"No";"Facing Traffic";"C: Possible Injury";"Travel Lane";"Black";"Female";"Charlotte";"Mecklenburg";"No";"01-01-04";2009-05-21;"Crossing Paths - Other Circumstances";19;"Intersection";"01-05-01";1-01-01 19:08:58;"Signalized Intersection - Other /";112158;2009;"C: Possible Injury";"Commercial";"20-24";24;"No";"0-5 mph";"O: No Injury";"White";"Male";"Sport Utility";"No";"No";"Daylight";"Urban (>70% Developed)";"4 lanes";2;"Straight - Level";"Local Street";"Dry";"Two-Way, Divided, Unprotected Median";"None";"No Special Feature";"Smooth Asphalt";"Piedmont";"Urban";"40 - 45  MPH";"Stop And Go Signal";"Clear";"No";"35.087498, -80.85281"
"2691";230;231;"No";"40-49";47;"No";"Facing Traffic";"B: Evident Injury";"Sidewalk / Crosswalk / Driveway Crossing";"Black";"Male";"Charlotte";"Mecklenburg";"No";"01-01-05";2009-05-22;"Motorist Failed to Yield - Midblock";17;"Non-Intersection";"01-05-01";1-01-01 17:46:58;"Motorist Drive Out - Other Midblock";332328;2009;"B: Evident Injury";"Commercial";NA;NA;"No";"0-5 mph";"Injury";"/Missing";NA;"Sport Utility";"No";"Yes";"Daylight";"Urban (>70% Developed)";NA;2;"Straight - Grade";"US Route";"Dry";"Two-Way, Not Divided";"None";"Driveway, Public";"Concrete";"Piedmont";"Urban";"5 - 15 MPH";"No Control Present";"Clear";"No";"35.247284, -80.81786"
"2692";243;244;"No";"20-24";22;"No";"With Traffic";"C: Possible Injury";"Travel Lane";"White";"Male";"Raleigh";"Wake";"No";"01-01-04";2009-05-21;"Motorist Overtaking Bicyclist";2;"Non-Intersection";"01-05-01";1-01-01 02:53:58;"Motorist Overtaking - Other /";311239;2009;"C: Possible Injury";"Commercial";NA;NA;"Missing";"31-35 mph";"Injury";"/Missing";NA;NA;"No";"Yes";"Dark - Lighted Roadway";"Urban (>70% Developed)";"2 lanes";2;"Straight - Level";"Local Street";"Dry";"Two-Way, Not Divided";"None";"No Special Feature";"Smooth Asphalt";"Piedmont";"Urban";"30 - 35  MPH";"No Control Present";"Clear";"Yes";"35.78782, -78.66822"
"2693";245;246;"Yes";"50-59";53;"No";"With Traffic";"C: Possible Injury";"Travel Lane";"Black";"Male";"Raleigh";"Wake";"No";"01-01-04";2009-04-23;"Crossing Paths - Other Circumstances";17;"Intersection";"01-04-01";1-01-01 17:15:58;"Signalized Intersection - Other /";111158;2009;"C: Possible Injury";"Residential";"20-24";22;"No";"16-20 mph";"O: No Injury";"Black";"Female";"Passenger Car";"No";"No";"Daylight";"Urban (>70% Developed)";"3 lanes";2;"Straight - Level";"Local Street";"Dry";"One-Way, Not Divided";"None";"No Special Feature";"Concrete";"Piedmont";"Urban";"30 - 35  MPH";"Stop And Go Signal";"Clear";"No";"35.7808, -78.62826"
"2694";252;253;"No";"0-5";5;"No";"Facing Traffic";"B: Evident Injury";"Sidewalk / Crosswalk / Driveway Crossing";"Black";"Male";"Edenton";"Chowan";"No";"01-01-07";2009-05-31;"Motorist Failed to Yield - Midblock";14;"Non-Intersection";"01-05-01";1-01-01 14:34:58;"Motorist Drive Out - Commercial Driveway / Alley";332322;2009;"B: Evident Injury";"Residential";"20-24";24;"No";NA;"O: No Injury";"Black";"Female";"Van";"No";"No";"Daylight";"Mixed (30% To 70% Developed)";"2 lanes";2;"Straight - Level";"Local Street";"Dry";"Two-Way, Divided, Unprotected Median";"None";"No Special Feature";"Coarse Asphalt";"Coastal";"Urban";"20 - 25  MPH";"Stop Sign";"Clear";"No";"36.063137, -76.60346"
"2695";260;261;"Yes";"50-59";55;"No";"Facing Traffic";"C: Possible Injury";"Sidewalk / Crosswalk / Driveway Crossing";"Black";"Male";"Winston-Salem";"Forsyth";"No";"01-01-04";2009-06-04;"Motorist Failed to Yield - Midblock";7;"Non-Intersection";"01-06-01";1-01-01 07:53:58;"Motorist Drive Out - Commercial Driveway / Alley";332322;2009;"C: Possible Injury";"Commercial";"60-69";66;"No";"0-5 mph";"O: No Injury";"White";"Male";"Passenger Car";"No";"No";"Daylight";"Urban (>70% Developed)";"6 lanes";2;"Straight - Level";"Local Street";"Dry";"Two-Way, Divided, Positive Median Barrier";"None";"Driveway, Public";"Smooth Asphalt";"Piedmont";"Urban";"40 - 45  MPH";"No Control Present";"Cloudy";"No";"36.071663, -80.258026"
"2696";265;266;"No";"16-19";19;"No";"With Traffic";"B: Evident Injury";"Travel Lane";"White";"Male";"Raleigh";"Wake";"No";"01-01-02";2009-06-02;"Crossing Paths - Other Circumstances";11;"Intersection";"01-06-01";1-01-01 11:18:58;"Crossing Paths - Intersection - Other /";111180;2009;"B: Evident Injury";"Farms, Woods, Pastures";"25-29";27;"No";"0-5 mph";"O: No Injury";"Asian";"Male";"Passenger Car";"No";"No";"Daylight";"Mixed (30% To 70% Developed)";"2 lanes";2;"Straight - Level";"Local Street";"Dry";"Two-Way, Not Divided";"None";"T-Intersection";"Smooth Asphalt";"Piedmont";"Urban";"20 - 25  MPH";"Stop Sign";"Clear";"No";"35.784924, -78.67577"
"2697";268;269;"Yes";"30-39";38;"No";"With Traffic";"B: Evident Injury";"Travel Lane";"Native American";"Male";"None - Rural Crash";"Robeson";"No";"01-01-06";2009-06-20;"Motorist Overtaking Bicyclist";22;"Non-Intersection";"01-06-01";1-01-01 22:16:58;"Motorist Overtaking - Misjudged Space";311232;2009;"B: Evident Injury";"Farms, Woods, Pastures";"40-49";40;"No";"51-55 mph";"O: No Injury";"White";"Male";"Pickup";"No";"No";"Dark - Roadway Not Lighted";"Rural (<30% Developed)";"2 lanes";2;"Straight - Level";"NC Route";"Dry";"Two-Way, Not Divided";"None";"No Special Feature";"Coarse Asphalt";"Coastal";"Rural";"50 - 55  MPH";"No Control Present";"Clear";"No";"34.770634, -79.20444"
"2698";271;272;"No";"25-29";25;"No";"With Traffic";"B: Evident Injury";"Travel Lane";"White";"Female";"None - Rural Crash";"Hyde";"Yes";NA;2009-06-01;"Motorist Left Turn / Merge";22;"Intersection";"01-06-01";1-01-01 22:06:58;"Motorist Left Turn - Opposite Direction";111212;2009;"B: Evident Injury";"Residential";"30-39";39;"Yes";"6-10 mph";"O: No Injury";"White";"Male";"Passenger Car";"No";"No";"Dark - Roadway Not Lighted";"Mixed (30% To 70% Developed)";"2 lanes";2;"Straight - Level";"NC Route";"Dry";"Two-Way, Not Divided";"None";"T-Intersection";"Smooth Asphalt";"Coastal";"Rural";"20 - 25  MPH";"Stop Sign";"Clear";"No";"35.11083, -75.97992"
"2699";274;275;"Yes";"25-29";29;"No";"With Traffic";"B: Evident Injury";"Travel Lane";"White";"Male";"None - Rural Crash";"Dare";"No";"01-01-04";2009-06-04;"Motorist Overtaking Bicyclist";17;"Non-Intersection";"01-06-01";1-01-01 17:54:58;"Motorist Overtaking - Other /";311239;2009;"B: Evident Injury";"Farms, Woods, Pastures";"20-24";22;"No";"31-35 mph";"O: No Injury";"White";"Male";"Pickup";"No";"No";"Daylight";"Rural (<30% Developed)";"2 lanes";2;"Curve - Grade";"NC Route";"Dry";"Two-Way, Not Divided";"None";"No Special Feature";"Smooth Asphalt";"Coastal";"Rural";"40 - 45  MPH";"Double Yellow Line, No Passing Zone";"Clear";"No";"35.8678, -75.64972"
"2700";286;287;"Yes";"15-Nov";15;"No";"With Traffic";"C: Possible Injury";"Travel Lane";"White";"Male";"None - Rural Crash";"Cleveland";"No";NA;2009-06-29;"Bicyclist Failed to Yield - Sign-Controlled Intersection";18;"Intersection";"01-06-01";1-01-01 18:18:58;"Bicyclist Ride Through - Sign-Controlled Intersection";111144;2009;"C: Possible Injury";"Residential";"20-24";21;"No";"31-35 mph";"O: No Injury";"White";"Female";"Passenger Car";"No";"No";"Daylight";"Mixed (30% To 70% Developed)";"2 lanes";2;"Straight - Level";"State Secondary Route";"Dry";"Two-Way, Not Divided";"None";"T-Intersection";"Coarse Asphalt";"Mountains";"Rural";"30 - 35  MPH";"Stop Sign";"Clear";"No";"35.33841, -81.51293"
"2701";322;323;"Yes";"30-39";38;"No";"With Traffic";"A: Disabling Injury";"Travel Lane";"White";"Male";"Wilmington";"New Hanover";"No";"01-01-03";2010-05-26;"Crossing Paths - Other Circumstances";22;"Intersection";"01-05-01";1-01-01 22:23:58;"Signalized Intersection - Other /";0;2010;"A: Disabling Injury";"Commercial";"0-19";18;"No";"41-45 mph";"O: No Injury";"White";"Male";"Passenger Car";"No";"No";"Dark - Lighted Roadway";"Urban (>70% Developed)";"7 lanes";2;"Straight - Level";"Local Street";"Wet";"Two-Way, Divided, Positive Median Barrier";"None";"No Special Feature";"Smooth Asphalt";"Coastal";"Urban";"40 - 45  MPH";"Stop And Go Signal";"Cloudy";"No";"34.23642, -77.87267"
"2702";332;333;"Yes";"30-39";38;"No";"Facing Traffic";"B: Evident Injury";"Sidewalk / Crosswalk / Driveway Crossing";"White";"Male";"Charlotte";"Mecklenburg";"No";"01-01-04";2010-05-27;"Motorist Failed to Yield - Signalized Intersection";12;"Intersection";"01-05-01";1-01-01 12:45:58;"Motorist Drive Out - Right Turn on Red";0;2010;"B: Evident Injury";"Commercial";"60-69";63;"No";"6-10 mph";"O: No Injury";"White";"Male";"Passenger Car";"No";"No";"Daylight";"Urban (>70% Developed)";"3 lanes";2;"Straight - Grade";"Local Street";"Dry";"Two-Way, Not Divided";"None";"Four-Way Intersection";"Smooth Asphalt";"Piedmont";"Urban";"30 - 35  MPH";"Stop And Go Signal";"Clear";"No";"35.16874, -80.85061"
"2703";335;336;"Yes";"40-49";47;"No";"With Traffic";"A: Disabling Injury";"Travel Lane";"White";"Male";"None - Rural Crash";"Cabarrus";"No";"01-01-03";2010-05-19;"Head-On";19;"Non-Intersection";"01-05-01";1-01-01 19:31:58;"Head-On - Motorist";0;2010;"A: Disabling Injury";"Residential";"20-24";21;"No";"51-55 mph";"O: No Injury";"White";"Male";NA;"No";"Yes";"Daylight";"Rural (<30% Developed)";"2 lanes";7;"Straight - Grade";"State Secondary Route";"Dry";"Two-Way, Not Divided";"None";"Driveway, Private";"Smooth Asphalt";"Piedmont";"Rural";"50 - 55  MPH";"Double Yellow Line, No Passing Zone";"Clear";"No";"35.475925, -80.371414"
"2704";336;337;"Yes";"50-59";53;"No";"Not Applicable";"B: Evident Injury";"Bike Lane / Paved Shoulder";"White";"Male";"Charlotte";"Mecklenburg";"No";"01-01-04";2010-05-27;"Crossing Paths - Other Circumstances";17;"Intersection";"01-05-01";1-01-01 17:57:58;"Crossing Paths - Intersection - Other /";0;2010;"B: Evident Injury";"Residential";"30-39";35;"No";"11-15 mph";"O: No Injury";"White";"Female";"Passenger Car";"No";"No";"Daylight";"Urban (>70% Developed)";"2 lanes";2;"Straight - Level";"Local Street";"Dry";"Two-Way, Not Divided";"None";"No Special Feature";"Smooth Asphalt";"Piedmont";"Urban";"30 - 35  MPH";"No Control Present";"Clear";"No";"35.12698, -80.84903"
"2705";339;340;"No";"10-Jun";7;"No";"With Traffic";"O: No Injury";"Travel Lane";"Black";"Male";"Charlotte";"Mecklenburg";"No";"01-01-06";2010-05-29;"Loss of Control / Turning Error";12;"Non-Intersection";"01-05-01";1-01-01 12:51:58;"Motorist Lost Control - Oversteering, Improper Braking, Speed";0;2010;"O: No Injury";"Residential";NA;NA;"Missing";"46-50 mph";"Injury";"/Missing";NA;"Passenger Car";"Yes";"Yes";"Daylight";"Urban (>70% Developed)";"2 lanes";3;"Curve - Grade";"Local Street";"Dry";"Two-Way, Not Divided";"None";"No Special Feature";"Smooth Asphalt";"Piedmont";"Urban";"30 - 35  MPH";"No Control Present";"Cloudy";"No";"35.23104, -80.87843"
"2706";340;341;"Yes";"40-49";45;"Yes";"With Traffic";"B: Evident Injury";"Travel Lane";"White";"Male";"Shelby";"Cleveland";"Yes";"01-01-07";2010-05-30;"Motorist Overtaking Bicyclist";21;"Non-Intersection";"01-05-01";1-01-01 21:22:58;"Motorist Overtaking - Undetected Bicyclist";0;2010;"B: Evident Injury";"Residential";"30-39";33;"Yes";"16-20 mph";"O: No Injury";"White";"Male";"Passenger Car";"No";"No";"Dark - Lighted Roadway";"Urban (>70% Developed)";"2 lanes";2;"Straight - Grade";"State Secondary Route";"Dry";"Two-Way, Not Divided";"None";"No Special Feature";"Smooth Asphalt";"Mountains";"Urban";"30 - 35  MPH";"No Control Present";"Clear";"No";"35.264584, -81.47558"
"2707";349;350;"Yes";"50-59";59;"No";"With Traffic";"B: Evident Injury";"Travel Lane";"White";"Male";"Charlotte";"Mecklenburg";"No";"01-01-02";2010-06-01;"Crossing Paths - Other Circumstances";18;"Intersection";"01-06-01";1-01-01 18:19:58;"Sign-Controlled Intersection - Other /";0;2010;"B: Evident Injury";"Residential";NA;NA;"Missing";"16-20 mph";"Injury";"/Missing";NA;NA;"No";"Yes";"Daylight";"Urban (>70% Developed)";"4 lanes";2;"Straight - Level";"Local Street";"Dry";"Two-Way, Not Divided";"None";"Four-Way Intersection";"Smooth Asphalt";"Piedmont";"Urban";"30 - 35  MPH";"Stop Sign";"Cloudy";"No";"35.221603, -80.81058"
"2708";356;357;"No";"30-39";33;"No";"Not Applicable";"B: Evident Injury";"Sidewalk / Crosswalk / Driveway Crossing";"Black";"Male";"High Point";"Guilford";"No";"01-01-03";2010-06-09;"Backing Vehicle";14;"Intersection";"01-06-01";1-01-01 14:34:58;"Backing Vehicle";0;2010;"B: Evident Injury";"Institutional";"70+";NA;"No";NA;"O: No Injury";"White";"Male";"Pickup";"No";"No";"Daylight";"Urban (>70% Developed)";"4 lanes";2;"Straight - Level";"Local Street";"Dry";"Two-Way, Divided, Positive Median Barrier";"None";"Related To Intersection";"Smooth Asphalt";"Piedmont";"Urban";"40 - 45  MPH";"Stop And Go Signal";"Clear";"No";"35.979347, -79.99625"
"2709";358;359;"Yes";"50-59";51;"No";"With Traffic";"C: Possible Injury";"Bike Lane / Paved Shoulder";"White";"Female";"Durham";"Durham";"No";NA;2010-06-21;"Motorist Left Turn / Merge";18;"Intersection";"01-06-01";1-01-01 18:37:58;"Motorist Left Turn - Opposite Direction";0;2010;"C: Possible Injury";"Commercial";"25-29";27;"No";"0-5 mph";"O: No Injury";"Black";"Male";"Sport Utility";"No";"No";"Daylight";"Urban (>70% Developed)";"3 lanes";2;"Straight - Level";"Local Street";"Dry";"Two-Way, Not Divided";"None";"No Special Feature";"Smooth Asphalt";"Piedmont";"Urban";"40 - 45  MPH";"No Control Present";"Clear";"No";"35.911633, -78.94339"
"2710";362;363;"Yes";"20-24";21;"No";"Facing Traffic";"B: Evident Injury";"Travel Lane";"Black";"Male";"Fayetteville";"Cumberland";"No";"01-01-03";2010-06-23;"Head-On";16;"Non-Intersection";"01-06-01";1-01-01 16:19:58;"Head-On - Bicyclist";0;2010;"B: Evident Injury";"Residential";"30-39";33;"No";"41-45 mph";"O: No Injury";"Black";"Female";"Passenger Car";"No";"No";"Daylight";"Urban (>70% Developed)";"4 lanes";2;"Straight - Level";"Local Street";"Dry";"Two-Way, Not Divided";"None";"No Special Feature";"Coarse Asphalt";"Coastal";"Urban";"40 - 45  MPH";"No Control Present";"Clear";"No";"35.084946, -78.883095"
"2711";364;365;"No";NA;NA;"Missing";"With Traffic";"Injury";"Travel Lane";"/Missing";NA;"Kannapolis";"Rowan";"No";"01-01-06";2010-06-05;"Bicyclist Overtaking Motorist";17;"Non-Intersection";"01-06-01";1-01-01 17:06:58;"Bicyclist Overtaking - Parked Vehicle";0;2010;"Injury";"Residential";NA;NA;"Missing";NA;"Injury";"/Missing";NA;NA;"No";"Yes";"Daylight";"Urban (>70% Developed)";"2 lanes";2;"Straight - Grade";"Local Street";"Dry";"Two-Way, Not Divided";"None";"No Special Feature";"Smooth Asphalt";"Piedmont";"Urban";"30 - 35  MPH";"No Control Present";"Cloudy";"No";"35.50934, -80.62393"