"FID";"OBJECTID";"AmbulanceR";"BikeAge_Gr";"Bike_Age";"Bike_Alc_D";"Bike_Dir";"Bike_Injur";"Bike_Pos";"Bike_Race";"Bike_Sex";"City";"County";"CrashAlcoh";"CrashDay";"Crash_Date";"Crash_Grp";"Crash_Hour";"Crash_Loc";"Crash_Mont";"Crash_Time";"Crash_Type";"Crash_Ty_1";"Crash_Year";"Crsh_Sevri";"Developmen";"DrvrAge_Gr";"Drvr_Age";"Drvr_Alc_D";"Drvr_EstSp";"Drvr_Injur";"Drvr_Race";"Drvr_Sex";"Drvr_VehTy";"ExcsSpdInd";"Hit_Run";"Light_Cond";"Locality";"Num_Lanes";"Num_Units";"Rd_Charact";"Rd_Class";"Rd_Conditi";"Rd_Config";"Rd_Defects";"Rd_Feature";"Rd_Surface";"Region";"Rural_Urba";"Speed_Limi";"Traff_Cntr";"Weather";"Workzone_I";"Location"
"2786";784;785;"No";"50-59";52;"No";"Not Applicable";"C: Possible Injury";"Non-Roadway";"Black";"Male";"Charlotte";"Mecklenburg";"No";"01-01-03";2008-10-15;"Non-Roadway";17;"Non-Roadway";"01-10-01";1-01-01 17:23:58;"Non-Roadway";460910;2008;"C: Possible Injury";"Commercial";"40-49";42;"No";NA;"O: No Injury";"White";"Female";"Passenger Car";"No";"No";"Daylight";"Urban (>70% Developed)";"1 lane";2;"Curve - Level";"Public Vehicular Area";"Dry";"One-Way, Not Divided";"None";"No Special Feature";"Smooth Asphalt";"Piedmont";"Urban";NA;"No Control Present";"Clear";"No";"0.0, 0.0"
"2787";794;795;"Yes";"30-39";39;"No";"With Traffic";"C: Possible Injury";"Bike Lane / Paved Shoulder";"Black";"Male";"None - Rural Crash";"Greene";"No";NA;2008-10-13;"Motorist Overtaking Bicyclist";7;"Non-Intersection";"01-10-01";1-01-01 07:41:58;"Motorist Overtaking - Misjudged Space";321232;2008;"C: Possible Injury";"Farms, Woods, Pastures";"20-24";24;"No";"36-40 mph";"O: No Injury";"Black";"Female";"Passenger Car";"No";"No";"Daylight";"Rural (<30% Developed)";"2 lanes";2;"Straight - Level";"State Secondary Route";"Dry";"Two-Way, Not Divided";"None";"No Special Feature";"Coarse Asphalt";"Coastal";"Rural";"50 - 55  MPH";"Double Yellow Line, No Passing Zone";"Clear";"No";"0.0, 0.0"
"2788";795;796;"Yes";"30-39";37;"No";"With Traffic";"B: Evident Injury";"Travel Lane";"Black";"Male";"Charlotte";"Mecklenburg";"No";"01-01-04";2008-10-23;"Loss of Control / Turning Error";11;"Intersection";"01-10-01";1-01-01 11:05:58;"Motorist Turning Error - Left Turn";111111;2008;"B: Evident Injury";"Residential";"60-69";63;"No";"21-25 mph";"O: No Injury";"White";"Male";"Passenger Car";"No";"No";"Daylight";"Urban (>70% Developed)";"2 lanes";2;"Straight - Level";"Local Street";"Dry";"Two-Way, Not Divided";"None";"T-Intersection";"Smooth Asphalt";"Piedmont";"Urban";"20 - 25  MPH";"Stop Sign";"Clear";"No";"0.0, 0.0"
"2789";805;806;"Yes";"40-49";45;"No";"With Traffic";"C: Possible Injury";"Travel Lane";"Black";"Male";"Wilson";"Wilson";"No";NA;2008-05-26;"Bicyclist Left Turn / Merge";17;"Intersection";"01-05-01";1-01-01 17:58:58;"Bicyclist Left Turn - Same Direction";111221;2008;"C: Possible Injury";"Commercial";"0-19";19;"No";"46-50 mph";"O: No Injury";"Black";"Female";"Passenger Car";"No";"No";"Daylight";"Mixed (30% To 70% Developed)";"5 lanes";2;"Straight - Hillcrest";"Local Street";"Dry";"Two-Way, Not Divided";"None";"No Special Feature";"Smooth Asphalt";"Coastal";"Urban";"40 - 45  MPH";"Stop And Go Signal";"Clear";"No";"0.0, 0.0"
"2790";810;811;"Yes";"16-19";17;"No";"Facing Traffic";"C: Possible Injury";"Bike Lane / Paved Shoulder";"Black";"Male";"Mooresville";"Iredell";"No";"01-01-04";2008-10-02;"Motorist Failed to Yield - Sign-Controlled Intersection";16;"Intersection";"01-10-01";1-01-01 16:49:58;"Motorist Drive Out - Sign-Controlled Intersection";122141;2008;"C: Possible Injury";"Commercial";"40-49";40;"No";NA;"O: No Injury";"White";"Female";"Passenger Car";"No";"No";"Daylight";"Urban (>70% Developed)";"2 lanes";2;"Straight - Bottom";"Local Street";"Dry";"Two-Way, Not Divided";"None";"T-Intersection";"Smooth Asphalt";"Piedmont";"Urban";"30 - 35  MPH";"Stop Sign";"Clear";"No";"0.0, 0.0"
"2791";813;814;"Yes";"16-19";18;"No";"Not Applicable";"C: Possible Injury";"Non-Roadway";"Black";"Male";"Oxford";"Granville";"No";"01-01-02";2008-08-26;"Non-Roadway";17;"Non-Roadway";"01-08-01";1-01-01 17:19:58;"Non-Roadway";460910;2008;"C: Possible Injury";"Commercial";"50-59";50;"No";"6-10 mph";"O: No Injury";"Black";"Female";"Passenger Car";"No";"No";"Daylight";"Urban (>70% Developed)";NA;2;"Straight - Level";"Public Vehicular Area";"Dry";"One-Way, Not Divided";"None";"Driveway, Public";"Smooth Asphalt";"Piedmont";"Urban";"5 - 15 MPH";"No Control Present";"Clear";"No";"0.0, 0.0"
"2792";816;817;"Yes";"30-39";39;"No";"Facing Traffic";"C: Possible Injury";"Sidewalk / Crosswalk / Driveway Crossing";"Black";"Male";"Raleigh";"Wake";"No";NA;2008-08-25;"Motorist Failed to Yield - Midblock";11;"Non-Intersection";"01-08-01";1-01-01 11:05:58;"Motorist Drive Out - Commercial Driveway / Alley";332322;2008;"C: Possible Injury";"Commercial";"40-49";46;"No";NA;"O: No Injury";"White";"Male";"Sport Utility";"No";"No";"Daylight";"Urban (>70% Developed)";"2 lanes";2;"Straight - Level";"Local Street";"Dry";"Two-Way, Not Divided";"None";"Driveway, Public";"Smooth Asphalt";"Piedmont";"Urban";"5 - 15 MPH";"Missing";"Clear";"No";"0.0, 0.0"
"2793";821;822;"Yes";"25-29";29;"No";"With Traffic";"B: Evident Injury";"Travel Lane";"White";"Male";"Durham";"Durham";"No";"01-01-03";2008-10-29;"Bicyclist Failed to Yield - Signalized Intersection";17;"Intersection";"01-10-01";1-01-01 17:16:58;"Bicyclist Ride Through - Signalized Intersection";111155;2008;"B: Evident Injury";"Commercial";"50-59";57;"No";"26-30 mph";"O: No Injury";"Black";"Female";"Passenger Car";"No";"No";"Daylight";"Urban (>70% Developed)";"2 lanes";2;"Straight - Level";"Local Street";"Dry";"Two-Way, Not Divided";"None";"No Special Feature";"Coarse Asphalt";"Piedmont";"Urban";"30 - 35  MPH";"Stop And Go Signal";"Clear";"No";"0.0, 0.0"
"2794";826;827;"No";"50-59";53;"No";"With Traffic";"B: Evident Injury";"Travel Lane";"White";"Male";"Eastover";"Cumberland";"No";"01-01-04";2008-11-06;"Bicyclist Left Turn / Merge";17;"Non-Intersection";"01-11-01";1-01-01 17:36:58;"Bicyclist Left Turn - Same Direction";311221;2008;"B: Evident Injury";"Residential";"50-59";54;"No";"41-45 mph";"O: No Injury";"White";"Female";"Sport Utility";"No";"No";"Dusk";"Mixed (30% To 70% Developed)";"2 lanes";2;"Straight - Level";"US Route";"Dry";"Two-Way, Not Divided";"None";"No Special Feature";"Coarse Asphalt";"Coastal";"Rural";"40 - 45  MPH";"Double Yellow Line, No Passing Zone";"Clear";"No";"0.0, 0.0"
"2795";827;828;"Yes";"20-24";22;"No";"Facing Traffic";"C: Possible Injury";"Travel Lane";"Hispanic";"Male";"Charlotte";"Mecklenburg";"No";"01-01-04";2008-11-06;"Head-On";8;"Intersection-Related";"01-11-01";1-01-01 08:16:58;"Head-On - Bicyclist";212250;2008;"C: Possible Injury";"Residential";"0-19";16;"No";"31-35 mph";"O: No Injury";"Hispanic";"Male";"Passenger Car";"No";"Yes";"Daylight";"Urban (>70% Developed)";"2 lanes";2;"Straight - Level";"Local Street";"Dry";"Two-Way, Not Divided";"None";"T-Intersection";"Smooth Asphalt";"Piedmont";"Urban";"20 - 25  MPH";"No Control Present";"Clear";"No";"0.0, 0.0"
"2796";834;835;"Yes";"10-Jun";10;"No";"Not Applicable";"B: Evident Injury";"Non-Roadway";"Other";"Male";"Cary";"Wake";"No";"01-01-06";2008-11-01;"Non-Roadway";16;"Non-Roadway";"01-11-01";1-01-01 16:49:58;"Non-Roadway";460910;2008;"B: Evident Injury";"Residential";NA;NA;"Missing";"11-15 mph";"Injury";"/Missing";NA;"Pickup";"No";"Yes";"Daylight";"Urban (>70% Developed)";NA;2;"Straight - Level";"Public Vehicular Area";"Dry";"Two-Way, Not Divided";"None";"Driveway, Public";"Smooth Asphalt";"Piedmont";"Urban";"5 - 15 MPH";"No Control Present";"Clear";"No";"0.0, 0.0"
"2797";836;837;"Yes";"40-49";43;"No";"With Traffic";"C: Possible Injury";"Travel Lane";"Black";"Male";"Winston-Salem";"Forsyth";"No";"01-01-05";2008-09-05;"Parallel Paths - Other Circumstances";6;"Intersection-Related";"01-09-01";1-01-01 06:20:58;"Parallel Paths - Other /";211280;2008;"C: Possible Injury";"Commercial";NA;NA;"No";"11-15 mph";"Injury";"/Missing";NA;"Passenger Car";"No";"Yes";"Daylight";"Urban (>70% Developed)";"6 lanes";2;"Straight - Level";"Local Street";"Dry";"Two-Way, Divided, Positive Median Barrier";"None";"No Special Feature";"Smooth Asphalt";"Piedmont";"Urban";"40 - 45  MPH";"Stop And Go Signal";"Clear";"No";"0.0, 0.0"
"2798";840;841;"No";"10-Jun";9;"No";"Not Applicable";"Injury";"Travel Lane";"Hispanic";"Male";"Charlotte";"Mecklenburg";"No";"01-01-02";2008-11-11;"Bicyclist Failed to Yield - Midblock";17;"Non-Intersection";"01-11-01";1-01-01 17:32:58;"Bicyclist Ride Out - Midblock -";313319;2008;"O: No Injury";"Commercial";"40-49";44;"No";"26-30 mph";"O: No Injury";"White";"Female";"Passenger Car";"No";"No";"Dark - Lighted Roadway";"Urban (>70% Developed)";"5 lanes";2;NA;"Local Street";"Dry";"Two-Way, Divided, Unprotected Median";"None";"No Special Feature";"Smooth Asphalt";"Piedmont";"Urban";"40 - 45  MPH";"Stop And Go Signal";"Clear";"No";"0.0, 0.0"
"2799";845;846;"Yes";"40-49";44;"No";"With Traffic";"B: Evident Injury";"Travel Lane";"White";"Male";"Wilmington";"New Hanover";"No";"01-01-02";2008-10-21;"Motorist Right Turn / Merge";15;"Intersection-Related";"01-10-01";1-01-01 14:59:58;"Motorist Right Turn - Same Direction";211213;2008;"B: Evident Injury";"Commercial";NA;NA;"Missing";NA;"Injury";"/Missing";NA;NA;"No";"Yes";"Daylight";"Urban (>70% Developed)";"5 lanes";2;"Straight - Level";"Local Street";"Dry";"Two-Way, Divided, Positive Median Barrier";"None";"No Special Feature";"Smooth Asphalt";"Coastal";"Urban";NA;"Stop And Go Signal";"Clear";"No";"0.0, 0.0"
"2800";846;847;"Yes";"70+";NA;"No";"Not Applicable";"B: Evident Injury";"Non-Roadway";"White";"Male";"Wilmington";"New Hanover";"No";"01-01-02";2008-10-21;"Non-Roadway";6;"Non-Roadway";"01-10-01";1-01-01 06:50:58;"Non-Roadway";460910;2008;"B: Evident Injury";"Commercial";"40-49";44;"No";"6-10 mph";"O: No Injury";"Black";"Male";"Passenger Car";"No";"No";"Dark - Lighted Roadway";"Urban (>70% Developed)";"2 lanes";2;"Curve - Level";"Private Road, Driveway";"Dry";"Two-Way, Not Divided";"None";"T-Intersection";"Coarse Asphalt";"Coastal";"Urban";NA;"No Control Present";"Clear";"No";"0.0, 0.0"
"2801";267;268;"Yes";"20-24";20;"No";"With Traffic";"A: Disabling Injury";"Travel Lane";"White";"Male";"Asheville";"Buncombe";"No";"01-01-04";2008-04-24;"Bicyclist Left Turn / Merge";13;"Intersection";"01-04-01";1-01-01 13:32:58;"Bicyclist Left Turn - Opposite Direction";111222;2008;"A: Disabling Injury";"Commercial";"50-59";52;"No";"31-35 mph";"O: No Injury";"White";"Male";"Pickup";"No";"No";"Daylight";"Urban (>70% Developed)";"4 lanes";2;"Straight - Grade";"Local Street";"Dry";"Two-Way, Not Divided";"None";"Four-Way Intersection";"Coarse Asphalt";"Mountains";"Urban";"30 - 35  MPH";"Stop And Go Signal";"Clear";"No";"0.0, 0.0"
"2802";296;297;"No";"15-Nov";11;"No";"With Traffic";"O: No Injury";"Travel Lane";"White";"Female";"Raleigh";"Wake";"No";NA;2008-05-05;"Bicyclist Failed to Yield - Sign-Controlled Intersection";18;"Intersection";"01-05-01";1-01-01 18:39:58;"Bicyclist Ride Through - Sign-Controlled Intersection";111144;2008;"O: No Injury";"Residential";"25-29";28;"No";"21-25 mph";"O: No Injury";"White";"Male";"Pickup";"No";"No";"Daylight";"Urban (>70% Developed)";"2 lanes";2;"Straight - Grade";"Local Street";"Dry";"Two-Way, Not Divided";"None";"Four-Way Intersection";"Smooth Asphalt";"Piedmont";"Urban";"20 - 25  MPH";"Stop Sign";"Clear";"No";"0.0, 0.0"
"2803";299;300;"No";"16-19";19;"No";"Not Applicable";"O: No Injury";"Non-Roadway";"White";"Male";"Charlotte";"Mecklenburg";"No";"01-01-05";2008-06-13;"Non-Roadway";16;"Non-Roadway";"01-06-01";1-01-01 16:38:58;"Non-Roadway";460910;2008;"O: No Injury";"Commercial";"70+";NA;"No";"6-10 mph";"O: No Injury";"Black";"Female";"Passenger Car";"No";"No";"Daylight";"Urban (>70% Developed)";"2 lanes";2;"Straight - Level";"Public Vehicular Area";"Dry";"Two-Way, Not Divided";"None";"No Special Feature";"Smooth Asphalt";"Piedmont";"Urban";"5 - 15 MPH";"No Control Present";"Clear";"No";"0.0, 0.0"
"2804";301;302;"Yes";"10-Jun";7;"No";"With Traffic";"C: Possible Injury";"Travel Lane";"Black";"Male";"Kinston";"Lenoir";"No";"01-01-06";2008-06-14;"Bicyclist Failed to Yield - Sign-Controlled Intersection";19;"Intersection";"01-06-01";1-01-01 19:35:58;"Bicyclist Ride Through - Sign-Controlled Intersection";111144;2008;"C: Possible Injury";"Residential";"40-49";48;"No";"31-35 mph";"O: No Injury";"Black";"Male";"Pickup";"No";"No";"Daylight";"Urban (>70% Developed)";"4 lanes";2;"Straight - Level";"NC Route";"Dry";"Two-Way, Divided, Unprotected Median";"None";"Four-Way Intersection";"Coarse Asphalt";"Coastal";"Urban";"30 - 35  MPH";"Stop Sign";"Clear";"No";"0.0, 0.0"
"2805";303;304;"No";"15-Nov";14;"No";"With Traffic";"B: Evident Injury";"Travel Lane";"Hispanic";"Male";"None - Rural Crash";"Durham";"No";"01-01-03";2008-05-07;"Motorist Overtaking Bicyclist";15;"Non-Intersection";"01-05-01";1-01-01 15:16:58;"Motorist Overtaking - Bicyclist Swerved";311235;2008;"B: Evident Injury";"Farms, Woods, Pastures";"50-59";50;"No";"41-45 mph";"O: No Injury";"Black";"Female";"Passenger Car";"No";"No";"Daylight";"Rural (<30% Developed)";"2 lanes";2;"Straight - Level";"State Secondary Route";"Dry";"Two-Way, Not Divided";"None";"No Special Feature";"Coarse Asphalt";"Piedmont";"Rural";"40 - 45  MPH";"Double Yellow Line, No Passing Zone";"Clear";"No";"0.0, 0.0"
"2806";309;310;"Yes";"0-5";4;"No";"Not Applicable";"C: Possible Injury";"Non-Roadway";"Black";"Male";"Burlington";"Alamance";"No";"01-01-04";2008-05-08;"Non-Roadway";15;"Non-Roadway";"01-05-01";1-01-01 15:16:58;"Non-Roadway";460910;2008;"C: Possible Injury";"Residential";"25-29";27;"No";"0-5 mph";"O: No Injury";"White";"Female";"Passenger Car";"No";"No";"Daylight";"Urban (>70% Developed)";NA;2;"Straight - Level";"Public Vehicular Area";"Dry";"Two-Way, Not Divided";"None";"No Special Feature";"Smooth Asphalt";"Piedmont";"Urban";NA;"No Control Present";"Clear";"No";"0.0, 0.0"
"2807";310;311;"Yes";"50-59";51;"No";"With Traffic";"Injury";"Travel Lane";"/Missing";"Male";"Roxboro";"Person";"No";"01-01-04";2008-05-08;"Bicyclist Failed to Yield - Sign-Controlled Intersection";20;"Intersection";"01-05-01";1-01-01 20:31:58;"Bicyclist Ride Through - Sign-Controlled Intersection";111144;2008;"C: Possible Injury";"Residential";"20-24";24;"No";"31-35 mph";"C: Possible Injury";"Black";"Female";"Passenger Car";"No";"No";"Dark - Lighted Roadway";"Urban (>70% Developed)";"2 lanes";2;"Straight - Level";"Local Street";"Dry";"Two-Way, Not Divided";"None";"Four-Way Intersection";"Smooth Asphalt";"Piedmont";"Urban";"30 - 35  MPH";"Stop Sign";"Clear";"No";"0.0, 0.0"
"2808";316;317;"Yes";"60-69";60;"Yes";"With Traffic";"K: Killed";"Travel Lane";"Native American";"Male";"Lumberton";"Robeson";"Yes";"01-01-06";2008-05-10;"Motorist Overtaking Bicyclist";3;"Non-Intersection";"01-05-01";1-01-01 03:08:58;"Motorist Overtaking - Other /";311239;2008;"K: Killed";"Residential";NA;NA;"Missing";"51-55 mph";"Injury";"/Missing";NA;NA;"Yes";"Yes";"Dark - Lighted Roadway";"Urban (>70% Developed)";"2 lanes";2;"Curve - Level";"Local Street";"Dry";"Two-Way, Not Divided";"None";"No Special Feature";"Coarse Asphalt";"Coastal";"Urban";"40 - 45  MPH";"No Control Present";"Clear";"No";"0.0, 0.0"
"2809";317;318;"No";"30-39";37;"No";"With Traffic";"O: No Injury";"Travel Lane";"Black";"Male";"Raleigh";"Wake";"No";"01-01-02";2008-05-13;"Bicyclist Failed to Yield - Sign-Controlled Intersection";18;"Intersection";"01-05-01";1-01-01 18:12:58;"Bicyclist Ride Through - Sign-Controlled Intersection";111144;2008;"O: No Injury";"Residential";"60-69";65;"No";"11-15 mph";"O: No Injury";"Black";"Male";"Light Truck (Mini-Van, Panel)";"No";"No";"Daylight";"Urban (>70% Developed)";"2 lanes";2;"Straight - Grade";"Local Street";"Dry";"Two-Way, Not Divided";"None";"Four-Way Intersection";"Smooth Asphalt";"Piedmont";"Urban";"20 - 25  MPH";"Stop Sign";"Clear";"No";"0.0, 0.0"
"2810";318;319;"Yes";"40-49";43;"No";"With Traffic";"B: Evident Injury";"Travel Lane";"Asian";"Male";"Raleigh";"Wake";"No";"01-01-02";2008-05-13;"Motorist Overtaking Bicyclist";20;"Non-Intersection";"01-05-01";1-01-01 20:44:58;"Motorist Overtaking - Misjudged Space";311232;2008;"B: Evident Injury";"Commercial";"60-69";66;"No";"31-35 mph";"O: No Injury";"White";"Male";"Passenger Car";"No";"No";"Dark - Roadway Not Lighted";"Urban (>70% Developed)";"5 lanes";2;"Straight - Level";"Local Street";"Dry";"Two-Way, Not Divided";"None";"No Special Feature";"Smooth Asphalt";"Piedmont";"Urban";"40 - 45  MPH";"No Control Present";"Clear";"No";"0.0, 0.0"
"2811";320;321;"No";"16-19";18;"No";"With Traffic";"O: No Injury";"Sidewalk / Crosswalk / Driveway Crossing";"White";"Male";"Raleigh";"Wake";"No";"01-01-04";2008-05-01;"Motorist Right Turn / Merge";19;"Intersection";"01-05-01";1-01-01 19:39:58;"Motorist Right Turn - Same Direction";131213;2008;"O: No Injury";"Commercial";NA;NA;"Missing";NA;"Injury";"/Missing";NA;NA;"No";"Yes";"Daylight";"Urban (>70% Developed)";NA;2;NA;"Local Street";"Dry";NA;"None";"No Special Feature";NA;"Piedmont";"Urban";NA;"Missing";"Clear";"No";"0.0, 0.0"
"2812";326;327;"Yes";"20-24";23;"No";"With Traffic";"C: Possible Injury";"Travel Lane";"White";"Male";"Raleigh";"Wake";"Yes";"01-01-06";2008-04-19;"Motorist Left Turn / Merge";2;"Intersection";"01-04-01";1-01-01 02:34:58;"Motorist Left Turn - Opposite Direction";111212;2008;"C: Possible Injury";"Residential";"20-24";23;"Yes";"16-20 mph";"O: No Injury";"White";"Female";"Passenger Car";"No";"No";"Dark - Lighted Roadway";"Urban (>70% Developed)";"5 lanes";2;"Straight - Level";"Local Street";"Dry";"Two-Way, Not Divided";"None";"T-Intersection";"Smooth Asphalt";"Piedmont";"Urban";"30 - 35  MPH";"Stop And Go Signal";"Clear";"No";"0.0, 0.0"
"2813";329;330;"Yes";"16-19";16;"No";"Facing Traffic";"C: Possible Injury";"Travel Lane";"Black";"Male";"Wilmington";"New Hanover";"No";"01-01-02";2008-05-13;"Motorist Failed to Yield - Midblock";16;"Non-Intersection";"01-05-01";1-01-01 16:35:58;"Motorist Drive Out - Other Midblock";312328;2008;"C: Possible Injury";"Commercial";"25-29";27;"No";NA;"O: No Injury";"White";"Female";"Sport Utility";"No";"No";"Daylight";"Urban (>70% Developed)";"6 lanes";2;"Straight - Level";"Local Street";"Dry";"Two-Way, Divided, Unprotected Median";"None";"No Special Feature";"Smooth Asphalt";"Coastal";"Urban";NA;"No Control Present";"Clear";"No";"0.0, 0.0"
"2814";330;331;"Yes";"60-69";69;"No";"With Traffic";"A: Disabling Injury";"Travel Lane";"White";"Male";"None - Rural Crash";"Davidson";"No";"01-01-03";2008-05-14;"Motorist Failed to Yield - Sign-Controlled Intersection";17;"Intersection";"01-05-01";1-01-01 17:34:58;"Motorist Drive Out - Sign-Controlled Intersection";111141;2008;"A: Disabling Injury";"Farms, Woods, Pastures";"40-49";40;"No";"0-5 mph";"O: No Injury";"White";"Female";"Passenger Car";"No";"No";"Daylight";"Rural (<30% Developed)";"2 lanes";2;"Straight - Grade";"State Secondary Route";"Dry";"Two-Way, Not Divided";"None";"Four-Way Intersection";"Smooth Asphalt";"Piedmont";"Rural";"40 - 45  MPH";"Stop Sign";"Cloudy";"No";"0.0, 0.0"
"2815";332;333;"No";"40-49";49;"No";NA;"C: Possible Injury";NA;"Black";"Male";"Raleigh";"Wake";"No";"01-01-05";2008-05-02;"Crossing Paths - Other Circumstances";12;"Non-Intersection";"01-05-01";1-01-01 12:18:58;"Crossing Paths - Midblock - Other /";399380;2008;"C: Possible Injury";"Residential";NA;NA;"Missing";"31-35 mph";"Injury";"/Missing";NA;NA;"No";"Yes";"Daylight";"Urban (>70% Developed)";"2 lanes";3;"Straight - Hillcrest";"Local Street";"Dry";"Two-Way, Not Divided";"None";"No Special Feature";"Smooth Asphalt";"Piedmont";"Urban";"30 - 35  MPH";"Missing";"Clear";"No";"0.0, 0.0"
"2816";348;349;"No";"50-59";57;"No";"With Traffic";"C: Possible Injury";"Bike Lane / Paved Shoulder";"White";"Male";"None - Rural Crash";"Sampson";"No";"01-01-03";2008-05-21;"Motorist Right Turn / Merge";5;"Non-Intersection";"01-05-01";1-01-01 05:29:58;"Motorist Right Turn - Same Direction";321213;2008;"C: Possible Injury";"Farms, Woods, Pastures";NA;NA;"Missing";"51-55 mph";"Injury";"/Missing";NA;NA;"No";"Yes";"Dawn";"Rural (<30% Developed)";"2 lanes";2;"Straight - Level";"NC Route";"Dry";"Two-Way, Not Divided";"None";"No Special Feature";"Coarse Asphalt";"Coastal";"Rural";"50 - 55  MPH";"Double Yellow Line, No Passing Zone";"Clear";"No";"0.0, 0.0"
"2817";352;353;"Yes";"40-49";47;"No";"Not Applicable";"C: Possible Injury";"Non-Roadway";"Black";"Male";"Rocky Mount";"Nash";"No";"01-01-03";2008-05-21;"Non-Roadway";17;"Non-Roadway";"01-05-01";1-01-01 17:07:58;"Non-Roadway";460910;2008;"C: Possible Injury";"Commercial";"0-19";15;"No";"0-5 mph";"O: No Injury";"White";"Male";"Sport Utility";"No";"No";"Daylight";"Urban (>70% Developed)";"2 lanes";2;"Curve - Level";"Public Vehicular Area";"Dry";"Two-Way, Not Divided";"None";"Driveway, Public";"Smooth Asphalt";"Coastal";"Urban";"30 - 35  MPH";"No Control Present";"Cloudy";"No";"0.0, 0.0"
"2818";353;354;"Yes";"60-69";60;"No";"Facing Traffic";"B: Evident Injury";"Travel Lane";"White";"Female";"High Point";"Guilford";"No";"01-01-04";2008-05-22;"Head-On";7;"Intersection-Related";"01-05-01";1-01-01 07:36:58;"Head-On - Bicyclist";212250;2008;"B: Evident Injury";"Residential";"0-19";16;"No";"16-20 mph";"O: No Injury";"White";"Female";"Passenger Car";"No";"No";"Daylight";"Urban (>70% Developed)";"2 lanes";2;"Straight - Grade";"Local Street";"Dry";"Two-Way, Not Divided";"None";"No Special Feature";"Smooth Asphalt";"Piedmont";"Urban";"20 - 25  MPH";"Missing";"Clear";"No";"0.0, 0.0"
"2819";365;366;"No";"16-19";18;"No";"With Traffic";"C: Possible Injury";"Sidewalk / Crosswalk / Driveway Crossing";"White";"Female";"Indian Trail";"Union";"No";NA;2008-05-26;"Motorist Left Turn / Merge";19;"Intersection";"01-05-01";1-01-01 19:05:58;"Motorist Left Turn - Opposite Direction";131212;2008;"C: Possible Injury";"Residential";"30-39";32;"No";"16-20 mph";"O: No Injury";"White";"Male";"Pickup";"No";"No";"Daylight";"Urban (>70% Developed)";"2 lanes";2;"Straight - Grade";"State Secondary Route";"Dry";"Two-Way, Not Divided";"None";"Four-Way Intersection";"Smooth Asphalt";"Piedmont";"Urban";"30 - 35  MPH";"Double Yellow Line, No Passing Zone";"Clear";"No";"0.0, 0.0"
"2820";366;367;"Yes";"40-49";48;"No";"With Traffic";"B: Evident Injury";"Travel Lane";"White";"Male";"Charlotte";"Mecklenburg";"No";"01-01-06";2008-06-07;"Motorist Failed to Yield - Sign-Controlled Intersection";12;"Intersection";"01-06-01";1-01-01 12:09:58;"Motorist Drive Out - Sign-Controlled Intersection";111141;2008;"B: Evident Injury";"Commercial";"40-49";49;"No";"6-10 mph";"O: No Injury";"White";"Female";"Passenger Car";"No";"No";"Daylight";"Urban (>70% Developed)";"2 lanes";2;"Straight - Level";"Local Street";"Dry";"Two-Way, Not Divided";"None";"Four-Way Intersection";"Smooth Asphalt";"Piedmont";"Urban";"30 - 35  MPH";"Stop Sign";"Clear";"No";"0.0, 0.0"
"2821";373;374;"No";"50-59";51;"Yes";"With Traffic";"C: Possible Injury";"Travel Lane";"White";"Male";"Greensboro";"Guilford";"Yes";"01-01-04";2008-05-29;"Bicyclist Left Turn / Merge";15;"Intersection";"01-05-01";1-01-01 15:52:58;"Bicyclist Left Turn - Opposite Direction";111222;2008;"C: Possible Injury";"Institutional";"30-39";37;"No";"21-25 mph";"O: No Injury";"White";"Female";"Pickup";"No";"No";"Daylight";"Urban (>70% Developed)";"3 lanes";2;"Straight - Bottom";"Local Street";"Dry";"Two-Way, Not Divided";"None";"Four-Way Intersection";"Smooth Asphalt";"Piedmont";"Urban";"30 - 35  MPH";"Missing";"Clear";"No";"0.0, 0.0"
"2822";376;377;"Yes";"16-19";16;"No";"Facing Traffic";"B: Evident Injury";"Bike Lane / Paved Shoulder";"Black";"Male";"Winston-Salem";"Forsyth";"No";"01-01-04";2008-05-29;"Motorist Failed to Yield - Midblock";18;"Non-Intersection";"01-05-01";1-01-01 18:02:58;"Motorist Drive Out - Other Midblock";322328;2008;"B: Evident Injury";"Commercial";"30-39";35;"No";"0-5 mph";"O: No Injury";"Black";"Male";"Pickup";"No";"No";"Daylight";"Urban (>70% Developed)";"4 lanes";2;"Curve - Grade";"Local Street";"Dry";"Two-Way, Divided, Positive Median Barrier";"None";"No Special Feature";"Coarse Asphalt";"Piedmont";"Urban";"30 - 35  MPH";"Missing";"Clear";"No";"0.0, 0.0"
"2823";380;381;"No";"50-59";50;"No";"With Traffic";"B: Evident Injury";"Travel Lane";"White";"Male";"Lewisville";"Forsyth";"No";"01-01-06";2008-05-31;"Motorist Failed to Yield - Midblock";9;"Non-Intersection";"01-05-01";1-01-01 09:56:58;"Motorist Drive Out - Residential Driveway";311321;2008;"B: Evident Injury";"Residential";"70+";NA;"No";"0-5 mph";"O: No Injury";"White";"Female";"Passenger Car";"No";"Yes";"Daylight";"Mixed (30% To 70% Developed)";"2 lanes";3;"Curve - Level";"State Secondary Route";"Dry";"Two-Way, Not Divided";"None";"No Special Feature";"Smooth Asphalt";"Piedmont";"Urban";"30 - 35  MPH";"Double Yellow Line, No Passing Zone";"Clear";"No";"0.0, 0.0"