"FID";"OBJECTID";"AmbulanceR";"BikeAge_Gr";"Bike_Age";"Bike_Alc_D";"Bike_Dir";"Bike_Injur";"Bike_Pos";"Bike_Race";"Bike_Sex";"City";"County";"CrashAlcoh";"CrashDay";"Crash_Date";"Crash_Grp";"Crash_Hour";"Crash_Loc";"Crash_Mont";"Crash_Time";"Crash_Type";"Crash_Ty_1";"Crash_Year";"Crsh_Sevri";"Developmen";"DrvrAge_Gr";"Drvr_Age";"Drvr_Alc_D";"Drvr_EstSp";"Drvr_Injur";"Drvr_Race";"Drvr_Sex";"Drvr_VehTy";"ExcsSpdInd";"Hit_Run";"Light_Cond";"Locality";"Num_Lanes";"Num_Units";"Rd_Charact";"Rd_Class";"Rd_Conditi";"Rd_Config";"Rd_Defects";"Rd_Feature";"Rd_Surface";"Region";"Rural_Urba";"Speed_Limi";"Traff_Cntr";"Weather";"Workzone_I";"Location"
"2972";900;901;"No";NA;NA;"Missing";"With Traffic";"Injury";"Travel Lane";"/Missing";NA;"Greensboro";"Guilford";"No";"01-01-02";2011-04-05;"Motorist Right Turn / Merge";9;"Intersection";"01-04-01";1-01-01 09:44:58;"Motorist Right Turn - Same Direction";111213;2011;"C: Possible Injury";"Institutional";NA;NA;"Missing";"0-5 mph";"Injury";"/Missing";NA;NA;"No";"Yes";"Daylight";"Urban (>70% Developed)";"2 lanes";2;"Straight - Level";"Local Street";"Wet";"Two-Way, Divided, Positive Median Barrier";"None";"Four-Way Intersection";"Smooth Asphalt";"Piedmont";"Urban";"20 - 25  MPH";"Other";"Cloudy";"No";"36.06528, -79.8127"
"2973";4;5;"Yes";"20-24";21;"No";"Not Applicable";"A: Disabling Injury";"Travel Lane";"White";"Male";"None - Rural Crash";"Pitt";"No";NA;2012-01-09;"Head-On";18;"Non-Intersection";NA;1-01-01 18:24:58;"Head-On - Motorist";NA;2012;"A: Disabling Injury";"Residential";"30-39";31;"No";"31-35 mph";"O: No Injury";"White";"Female";"Van";"No";"No";"Dark - Roadway Not Lighted";"Mixed (30% To 70% Developed)";"5 lanes";2;"Straight - Level";"US Route";"Wet";"Two-Way, Not Divided";"None";"No Special Feature";"Coarse Asphalt";"Coastal";"Rural";"50 - 55  MPH";"No Control Present";"Cloudy";"No";"35.58072, -77.3013"
"2974";5;6;"Yes";"40-49";44;"Yes";"With Traffic";"C: Possible Injury";"Travel Lane";"Black";"Male";"Green Level";"Alamance";"Yes";"01-01-03";2012-01-04;"Bicyclist Failed to Yield - Sign-Controlled Intersection";18;"Intersection";NA;1-01-01 18:25:58;"Bicyclist Ride Through - Sign-Controlled Intersection";NA;2012;"C: Possible Injury";"Residential";"25-29";25;"No";"41-45 mph";"O: No Injury";"White";"Male";"Passenger Car";"No";"No";"Dark - Lighted Roadway";"Mixed (30% To 70% Developed)";"2 lanes";2;"Straight - Level";"NC Route";"Dry";"Two-Way, Not Divided";"None";"T-Intersection";"Smooth Asphalt";"Piedmont";"Rural";"40 - 45  MPH";"Stop Sign";"Clear";"No";"36.12221, -79.3496"
"2975";8;9;"No";"40-49";41;"No";"Not Applicable";"C: Possible Injury";"Non-Roadway";"White";"Male";"Raleigh";"Wake";"No";"01-01-02";2012-01-10;"Motorist Right Turn / Merge";14;"Non-Intersection";NA;1-01-01 14:04:58;"Motorist Right Turn - Same Direction";NA;2012;"C: Possible Injury";"Commercial";"40-49";41;"No";"6-10 mph";"O: No Injury";"White";"Female";"Passenger Car";"No";"No";"Daylight";"Urban (>70% Developed)";"4 lanes";2;"Straight - Grade";"Local Street";"Dry";"Two-Way, Divided, Unprotected Median";"None";"No Special Feature";"Smooth Asphalt";"Piedmont";"Urban";"30 - 35  MPH";"No Control Present";"Clear";"No";"35.79091, -78.6624"
"2976";18;19;"Yes";"30-39";37;"No";"With Traffic";"B: Evident Injury";"Travel Lane";"White";"Male";"Walkertown";"Forsyth";"No";"01-01-04";2012-01-26;"Motorist Overtaking Bicyclist";6;"Non-Intersection";NA;1-01-01 06:15:58;"Motorist Overtaking - Other /";NA;2012;"B: Evident Injury";"Residential";"40-49";46;"No";"41-45 mph";"O: No Injury";"White";"Male";"Truck/Trailer";"No";"No";"Dark - Roadway Not Lighted";"Mixed (30% To 70% Developed)";"2 lanes";2;"Straight - Level";"NC Route";"Dry";"Two-Way, Not Divided";"None";"No Special Feature";"Smooth Asphalt";"Piedmont";"Rural";"40 - 45  MPH";"Double Yellow Line, No Passing Zone";"Cloudy";"No";"36.17859, -80.1921"
"2977";25;26;"No";"40-49";44;"No";"With Traffic";"C: Possible Injury";"Travel Lane";"Black";"Male";"Durham";"Durham";"No";"01-01-04";2012-02-02;"Motorist Overtaking Bicyclist";13;"Non-Intersection";"01-02-01";1-01-01 13:11:58;"Motorist Overtaking - Other /";NA;2012;"C: Possible Injury";"Residential";NA;NA;"Missing";"31-35 mph";"Injury";"/Missing";NA;"Passenger Car";"No";"Yes";"Daylight";"Urban (>70% Developed)";"2 lanes";2;"Straight - Level";"Local Street";"Dry";"Two-Way, Not Divided";"None";"No Special Feature";"Smooth Asphalt";"Piedmont";"Urban";"30 - 35  MPH";"No Control Present";"Clear";"No";"35.9934, -78.886"
"2978";26;27;"No";"25-29";26;"No";"With Traffic";"C: Possible Injury";"Travel Lane";"White";"Male";"Durham";"Durham";"No";"01-01-04";2012-02-02;"Bicyclist Left Turn / Merge";23;"Intersection";"01-02-01";1-01-01 22:59:58;"Bicyclist Left Turn - Same Direction";NA;2012;"C: Possible Injury";"Residential";"30-39";37;"No";"0-5 mph";"O: No Injury";"White";"Male";"Passenger Car";"No";"No";"Dark - Lighted Roadway";"Urban (>70% Developed)";"2 lanes";2;"Straight - Level";"Local Street";"Dry";"Two-Way, Not Divided";"None";"No Special Feature";"Smooth Asphalt";"Piedmont";"Urban";"20 - 25  MPH";"No Control Present";"Clear";"No";"36.01702, -78.9155"
"2979";35;36;"No";"20-24";21;"No";"Facing Traffic";"C: Possible Injury";"Sidewalk / Crosswalk / Driveway Crossing";"White";"Male";"Charlotte";"Mecklenburg";"No";"01-01-04";2012-02-09;"Motorist Failed to Yield - Sign-Controlled Intersection";12;"Intersection";"01-02-01";1-01-01 12:18:58;"Motorist Drive Out - Sign-Controlled Intersection";NA;2012;"C: Possible Injury";"Commercial";"50-59";59;"No";NA;"O: No Injury";"White";"Female";"Sport Utility";"No";"No";"Daylight";"Urban (>70% Developed)";"2 lanes";2;"Straight - Grade";"Local Street";"Dry";"Two-Way, Divided, Positive Median Barrier";"None";"T-Intersection";"Smooth Asphalt";"Piedmont";"Urban";"20 - 25  MPH";"Stop Sign";"Clear";"No";"35.29854, -80.7368"
"2980";37;38;"No";"40-49";40;"No";"Not Applicable";"B: Evident Injury";"Non-Roadway";"White";"Male";"Cary";"Wake";"No";"01-01-05";2012-01-20;"Non-Roadway";12;"Non-Roadway";NA;1-01-01 12:56:58;"Non-Roadway";NA;2012;"B: Evident Injury";"Commercial";"50-59";56;"No";"0-5 mph";"O: No Injury";"Black";"Male";"Pickup";"No";"No";"Daylight";"Mixed (30% To 70% Developed)";"1 lane";2;"Straight - Level";"Public Vehicular Area";"Dry";"Two-Way, Not Divided";"None";"Driveway, Public";"Smooth Asphalt";"Piedmont";"Urban";"5 - 15 MPH";"Stop Sign";"Cloudy";"No";"35.77211, -78.7824"
"2981";45;46;"Yes";"30-39";30;"No";"With Traffic";"C: Possible Injury";"Travel Lane";"White";"Male";"Southern Pines";"Moore";"No";"01-01-06";2012-02-04;"Motorist Left Turn / Merge";15;"Non-Intersection";"01-02-01";1-01-01 15:11:58;"Motorist Left Turn - Opposite Direction";NA;2012;"C: Possible Injury";"Institutional";"20-24";20;"No";"0-5 mph";"O: No Injury";"Black";"Female";"Passenger Car";"No";"No";"Daylight";"Mixed (30% To 70% Developed)";"3 lanes";2;"Straight - Level";"Local Street";"Wet";"Two-Way, Not Divided";"None";"Related To Intersection";"Coarse Asphalt";"Piedmont";"Urban";"40 - 45  MPH";"No Control Present";"Cloudy";"No";"35.22368, -79.4074"
"2982";48;49;"Yes";"20-24";24;"No";"Not Applicable";"B: Evident Injury";NA;"White";"Female";"Wilmington";"New Hanover";"No";"01-01-03";2012-02-01;"Bicyclist Failed to Yield - Midblock";12;"Non-Intersection";"01-02-01";1-01-01 12:14:58;"Bicyclist Ride Out - Midblock -";NA;2012;"B: Evident Injury";"Commercial";"25-29";28;"No";NA;"O: No Injury";"White";"Male";"Passenger Car";"No";"No";"Daylight";"Mixed (30% To 70% Developed)";"7 lanes";2;"Straight - Level";"NC Route";"Dry";"Two-Way, Divided, Unprotected Median";"None";"No Special Feature";"Smooth Asphalt";"Coastal";"Urban";"40 - 45  MPH";"Flashing Stop And Go Signal";"Clear";"No";"34.24211, -77.8933"
"2983";55;56;"Yes";"50-59";55;"No";"With Traffic";"B: Evident Injury";"Travel Lane";"Black";"Male";"Jacksonville";"Onslow";"No";"01-01-02";2012-02-07;"Bicyclist Failed to Yield - Signalized Intersection";16;"Intersection";"01-02-01";1-01-01 16:08:58;"Bicyclist Failed to Clear - Trapped";NA;2012;"B: Evident Injury";"Residential";"50-59";55;"No";"0-5 mph";"O: No Injury";"White";"Female";"Passenger Car";"No";"No";"Daylight";"Urban (>70% Developed)";"4 lanes";2;"Straight - Level";"Local Street";"Dry";"Two-Way, Divided, Unprotected Median";"None";"No Special Feature";"Smooth Asphalt";"Coastal";"Urban";"30 - 35  MPH";"Stop And Go Signal";"Clear";"No";"34.7964, -77.4378"
"2984";60;61;"Yes";"10-Jun";6;"No";"Not Applicable";"C: Possible Injury";"Non-Roadway";"Black";"Female";"Wilmington";"New Hanover";"No";"01-01-04";2012-02-09;"Bicyclist Failed to Yield - Midblock";17;"Non-Intersection";"01-02-01";1-01-01 16:59:58;"Bicyclist Ride Out - Other Midblock";NA;2012;"C: Possible Injury";"Residential";"30-39";34;"No";"0-5 mph";"O: No Injury";"Black";"Female";"Passenger Car";"No";"No";"Dusk";"Urban (>70% Developed)";"1 lane";2;"Straight - Level";"Local Street";"Dry";"One-Way, Not Divided";"None";"No Special Feature";"Smooth Asphalt";"Coastal";"Urban";"5 - 15 MPH";"No Control Present";"Clear";"No";"34.22362, -77.9282"
"2985";61;62;"Yes";"20-24";20;"No";"Facing Traffic";"C: Possible Injury";"Sidewalk / Crosswalk / Driveway Crossing";"White";"Male";"Smithfield";"Johnston";"No";NA;2012-02-13;"Loss of Control / Turning Error";17;"Non-Intersection";"01-02-01";1-01-01 17:55:58;"Bicyclist Lost Control - Mechanical Problems";NA;2012;"C: Possible Injury";"Commercial";"20-24";23;"No";NA;"O: No Injury";"White";"Male";"Passenger Car";"No";"No";"Daylight";"Urban (>70% Developed)";"5 lanes";2;"Straight - Level";"US Route";"Dry";"Two-Way, Not Divided";"None";"Driveway, Public";"Coarse Asphalt";"Coastal";"Urban";NA;"No Control Present";"Clear";"No";"35.51759, -78.32"
"2986";73;74;"No";"50-59";57;"No";"Facing Traffic";"B: Evident Injury";"Sidewalk / Crosswalk / Driveway Crossing";"White";"Male";"Charlotte";"Mecklenburg";"No";NA;2012-03-05;"Motorist Right Turn / Merge";16;"Intersection";"01-03-01";1-01-01 16:04:58;"Motorist Right Turn - Opposite Direction";NA;2012;"B: Evident Injury";"Commercial";NA;NA;"Missing";"0-5 mph";"Injury";"/Missing";NA;NA;"No";"Yes";"Daylight";"Urban (>70% Developed)";"4 lanes";2;"Straight - Level";"Local Street";"Dry";"Two-Way, Not Divided";"None";"No Special Feature";"Smooth Asphalt";"Piedmont";"Urban";"40 - 45  MPH";"Stop And Go Signal";"Clear";"No";"35.25193, -80.8104"
"2987";77;78;"Yes";"20-24";24;"No";"Facing Traffic";"C: Possible Injury";"Sidewalk / Crosswalk / Driveway Crossing";"White";"Male";"Wilmington";"New Hanover";"No";"01-01-03";2012-02-15;"Crossing Paths - Other Circumstances";13;"Intersection";"01-02-01";1-01-01 12:59:58;"Sign-Controlled Intersection - Other /";NA;2012;"C: Possible Injury";"Residential";"40-49";48;"No";"0-5 mph";"O: No Injury";"Black";"Female";"Passenger Car";"No";"No";"Daylight";"Urban (>70% Developed)";"4 lanes";2;"Straight - Level";"Local Street";"Dry";"One-Way, Not Divided";"None";"No Special Feature";"Smooth Asphalt";"Coastal";"Urban";"20 - 25  MPH";"Stop Sign";"Clear";"No";"34.23201, -77.9271"
"2988";81;82;"Yes";"60-69";62;"No";"With Traffic";"B: Evident Injury";"Travel Lane";"Black";"Male";"Greensboro";"Guilford";"No";"01-01-07";2012-02-19;"Head-On";10;"Intersection-Related";"01-02-01";1-01-01 10:50:58;"Head-On - Bicyclist";NA;2012;"B: Evident Injury";"Commercial";"50-59";52;"No";"11-15 mph";"O: No Injury";"Black";"Male";"Passenger Car";"No";"No";"Daylight";"Urban (>70% Developed)";"5 lanes";2;"Straight - Grade";"Local Street";"Wet";"Two-Way, Divided, Positive Median Barrier";"None";"No Special Feature";"Smooth Asphalt";"Piedmont";"Urban";"30 - 35  MPH";"Stop And Go Signal";"Cloudy";"No";"36.06448, -79.7892"
"2989";86;87;"Yes";"15-Nov";15;"No";"Facing Traffic";"B: Evident Injury";"Travel Lane";"White";"Male";"Charlotte";"Mecklenburg";"No";"01-01-03";2012-03-14;"Motorist Failed to Yield - Sign-Controlled Intersection";18;"Intersection";"01-03-01";1-01-01 18:24:58;"Motorist Drive Out - Sign-Controlled Intersection";NA;2012;"B: Evident Injury";"Residential";"0-19";17;"No";"0-5 mph";"O: No Injury";"White";"Female";"Passenger Car";"No";"No";"Daylight";"Urban (>70% Developed)";"2 lanes";2;"Straight - Level";"Local Street";"Dry";"Two-Way, Not Divided";"None";"T-Intersection";"Smooth Asphalt";"Piedmont";"Urban";"20 - 25  MPH";"Stop Sign";"Clear";"No";"35.14032, -80.8022"
"2990";89;90;"No";"30-39";30;"No";"Facing Traffic";"B: Evident Injury";"Travel Lane";"Black";"Female";"Fayetteville";"Cumberland";"No";"01-01-03";2012-02-29;"Motorist Failed to Yield - Sign-Controlled Intersection";11;"Intersection";"01-02-01";1-01-01 11:33:58;"Motorist Drive Out - Sign-Controlled Intersection";NA;2012;"B: Evident Injury";"Residential";"25-29";27;"No";NA;"O: No Injury";"White";"Female";"Pickup";"No";"No";"Daylight";"Urban (>70% Developed)";"4 lanes";2;"Straight - Level";"Local Street";"Dry";"Two-Way, Not Divided";"None";"No Special Feature";"Coarse Asphalt";"Coastal";"Urban";"30 - 35  MPH";"Stop Sign";"Clear";"No";"35.09361, -78.9542"
"2991";90;91;"Yes";"20-24";21;"No";"With Traffic";"B: Evident Injury";"Travel Lane";"White";"Male";"Raleigh";"Wake";"No";"01-01-03";2012-03-14;"Motorist Left Turn / Merge";16;"Intersection";"01-03-01";1-01-01 16:50:58;"Motorist Left Turn - Opposite Direction";NA;2012;"B: Evident Injury";"Commercial";"20-24";22;"No";"6-10 mph";"O: No Injury";"White";"Male";"Pickup";"No";"No";"Daylight";"Urban (>70% Developed)";"2 lanes";2;"Straight - Hillcrest";NA;"Dry";"Two-Way, Not Divided";"None";"Four-Way Intersection";"Smooth Asphalt";"Piedmont";"Urban";"30 - 35  MPH";"No Control Present";"Clear";"No";"35.77927, -78.6871"
"2992";98;99;"Yes";"60-69";68;"No";"With Traffic";"B: Evident Injury";"Travel Lane";"Black";"Male";"Wilmington";"New Hanover";"No";"01-01-04";2012-03-01;"Loss of Control / Turning Error";13;"Non-Intersection";"01-03-01";1-01-01 13:31:58;"Bicyclist Lost Control - Mechanical Problems";NA;2012;"B: Evident Injury";"Residential";NA;NA;"Missing";NA;"Injury";"/Missing";NA;"Pickup";"No";"No";"Daylight";"Urban (>70% Developed)";"1 lane";2;"Straight - Grade";"Local Street";"Dry";"One-Way, Not Divided";"None";"No Special Feature";"Smooth Asphalt";"Coastal";"Urban";"20 - 25  MPH";"No Control Present";"Clear";"No";"34.23972, -77.9354"
"2993";104;105;"Yes";"40-49";42;"No";"Facing Traffic";"C: Possible Injury";"Sidewalk / Crosswalk / Driveway Crossing";"Black";"Male";"Charlotte";"Mecklenburg";"No";"01-01-02";2012-03-20;"Motorist Failed to Yield - Signalized Intersection";7;"Intersection";"01-03-01";1-01-01 07:16:58;"Motorist Drive Out - Right Turn on Red";NA;2012;"C: Possible Injury";"Commercial";"40-49";42;"No";"0-5 mph";"O: No Injury";"White";"Male";"Single Unit Truck (2-Axle, 6-Tire)";"No";"No";"Daylight";"Urban (>70% Developed)";"2 lanes";2;"Straight - Level";"Local Street";"Dry";"Two-Way, Not Divided";"None";"No Special Feature";"Smooth Asphalt";"Piedmont";"Urban";"30 - 35  MPH";"Stop And Go Signal";"Clear";"No";"35.23389, -80.8492"
"2994";107;108;"Yes";"50-59";51;"No";"With Traffic";"B: Evident Injury";"Travel Lane";"White";"Male";"Raleigh";"Wake";"No";"01-01-03";2012-03-14;"Motorist Left Turn / Merge";18;"Intersection";"01-03-01";1-01-01 18:26:58;"Motorist Left Turn - Opposite Direction";NA;2012;"B: Evident Injury";"Commercial";"50-59";51;"No";"6-10 mph";"O: No Injury";"White";"Male";"Passenger Car";"No";"No";"Daylight";"Urban (>70% Developed)";"2 lanes";2;"Straight - Level";"Local Street";"Dry";"Two-Way, Not Divided";"None";"Related To Intersection";"Coarse Asphalt";"Piedmont";"Urban";"30 - 35  MPH";"Stop Sign";"Clear";"No";"35.81487, -78.7143"
"2995";110;111;"Yes";"15-Nov";14;"No";"With Traffic";"B: Evident Injury";"Travel Lane";"White";"Male";"Albemarle";"Stanly";"No";"01-01-02";2012-03-06;"Motorist Overtaking Bicyclist";23;"Intersection-Related";"01-03-01";1-01-01 23:15:58;"Motorist Overtaking - Other /";NA;2012;"B: Evident Injury";"Commercial";"70";70;"No";"31-35 mph";"C: Possible Injury";"White";"Female";"Passenger Car";"No";"No";"Dark - Lighted Roadway";"Urban (>70% Developed)";"5 lanes";2;"Straight - Level";"Local Street";"Dry";"Two-Way, Divided, Unprotected Median";"None";"Four-Way Intersection";"Coarse Asphalt";"Piedmont";"Urban";"40 - 45  MPH";"Stop And Go Signal";"Clear";"No";"35.35377, -80.1668"
"2996";114;115;"Yes";"50-59";54;"No";"With Traffic";"C: Possible Injury";"Travel Lane";"Black";"Male";"Goldsboro";"Wayne";"No";"01-01-05";2012-03-09;"Motorist Left Turn / Merge";19;"Intersection";"01-03-01";1-01-01 19:19:58;"Motorist Left Turn - Opposite Direction";NA;2012;"C: Possible Injury";"Commercial";"50-59";59;"No";"0-5 mph";"O: No Injury";"Black";"Female";"Passenger Car";"No";"No";"Dark - Roadway Not Lighted";"Urban (>70% Developed)";"2 lanes";2;"Straight - Level";"Local Street";"Dry";"Two-Way, Not Divided";"None";"No Special Feature";"Coarse Asphalt";"Coastal";"Urban";"30 - 35  MPH";"Stop Sign";"Clear";"No";"35.39264, -77.9949"
"2997";119;120;"No";"40-49";43;"No";"With Traffic";"C: Possible Injury";"Travel Lane";"White";"Male";"Lumberton";"Robeson";"No";"01-01-02";2012-03-27;"Bicyclist Failed to Yield - Signalized Intersection";13;"Intersection";"01-03-01";1-01-01 12:59:58;"Bicyclist Failed to Clear - Trapped";NA;2012;"C: Possible Injury";"Commercial";"25-29";25;"No";"31-35 mph";"O: No Injury";"White";"Female";"Passenger Car";"No";"No";"Daylight";"Urban (>70% Developed)";"8 lanes";2;"Straight - Level";"Local Street";"Dry";"Two-Way, Not Divided";"None";"Four-Way Intersection";"Coarse Asphalt";"Coastal";"Urban";"30 - 35  MPH";"Stop And Go Signal";"Clear";"No";"34.61207, -78.9803"
"2998";125;126;"Yes";"10-Jun";8;"No";"Facing Traffic";"K: Killed";"Travel Lane";"Black";"Male";"Dunn";"Harnett";"No";"01-01-07";2012-03-18;"Bicyclist Failed to Yield - Sign-Controlled Intersection";15;"Intersection";"01-03-01";1-01-01 15:20:58;"Bicyclist Ride Through - Sign-Controlled Intersection";NA;2012;"K: Killed";"Residential";"0-19";18;"No";"31-35 mph";"O: No Injury";"Native American";"Female";"Passenger Car";"No";"No";"Daylight";"Urban (>70% Developed)";"2 lanes";2;"Straight - Level";"Local Street";"Dry";"Two-Way, Not Divided";"None";"Four-Way Intersection";"Coarse Asphalt";"Coastal";"Urban";"30 - 35  MPH";"Stop Sign";"Cloudy";"No";"35.30579, -78.6187"
"2999";127;128;"Yes";"30-39";39;"No";"With Traffic";"C: Possible Injury";"Travel Lane";"Hispanic";"Female";"None - Rural Crash";"Hoke";"No";"01-01-07";2012-04-01;"Motorist Overtaking Bicyclist";10;"Non-Intersection";"01-04-01";1-01-01 10:06:58;"Motorist Overtaking - Misjudged Space";NA;2012;"C: Possible Injury";"Farms, Woods, Pastures";"0-19";16;"No";"41-45 mph";"O: No Injury";"Black";"Female";"Sport Utility";"No";"No";"Daylight";"Rural (<30% Developed)";"2 lanes";2;"Curve - Grade";"State Secondary Route";"Dry";"Two-Way, Not Divided";"None";"No Special Feature";"Coarse Asphalt";"Coastal";"Rural";"40 - 45  MPH";"Double Yellow Line, No Passing Zone";"Clear";"No";"34.99111, -79.1668"
"3000";128;129;"Yes";"20-24";23;"No";"Facing Traffic";"A: Disabling Injury";"Travel Lane";"White";"Male";"None - Rural Crash";"Yadkin";"No";"01-01-06";2012-03-03;"Head-On";16;"Non-Intersection";"01-03-01";1-01-01 16:01:58;"Head-On - Bicyclist";NA;2012;"A: Disabling Injury";"Farms, Woods, Pastures";"60-69";63;"No";"31-35 mph";"O: No Injury";"White";"Female";"Passenger Car";"No";"No";"Daylight";"Rural (<30% Developed)";"2 lanes";2;"Straight - Level";"State Secondary Route";"Dry";"Two-Way, Not Divided";"None";"No Special Feature";"Smooth Asphalt";"Mountains";"Rural";"50 - 55  MPH";"Human Control";"Clear";"No";"36.1718, -80.4778"
"3001";307;308;"Yes";"30-39";35;"No";"With Traffic";"C: Possible Injury";"Bike Lane / Paved Shoulder";"White";"Male";"Chapel Hill";"Orange";"Yes";"01-01-05";2012-05-18;"Motorist Right Turn / Merge";16;"Non-Intersection";"01-05-01";1-01-01 16:02:58;"Motorist Right Turn - Same Direction";NA;2012;"C: Possible Injury";"Residential";"20-24";22;"Yes";"16-20 mph";"O: No Injury";"White";"Male";NA;"No";"Yes";"Daylight";"Urban (>70% Developed)";"4 lanes";2;"Straight - Grade";"NC Route";"Dry";"Two-Way, Divided, Unprotected Median";"None";"No Special Feature";"Smooth Asphalt";"Piedmont";"Urban";"30 - 35  MPH";"Double Yellow Line, No Passing Zone";"Cloudy";"No";"35.92287, -79.055"
"3002";315;316;"No";"40-49";45;"No";"With Traffic";"C: Possible Injury";"Travel Lane";"White";"Female";"None - Rural Crash";"Henderson";"No";"01-01-06";2012-05-26;"Motorist Overtaking Bicyclist";13;"Non-Intersection";"01-05-01";1-01-01 13:44:58;"Motorist Overtaking - Misjudged Space";NA;2012;"C: Possible Injury";"Residential";"70";70;"No";"16-20 mph";"O: No Injury";"White";"Female";"Passenger Car";"No";"No";"Daylight";"Rural (<30% Developed)";"2 lanes";2;"Straight - Grade";"State Secondary Route";"Dry";"Two-Way, Not Divided";"None";"No Special Feature";"Coarse Asphalt";"Mountains";"Rural";"30 - 35  MPH";"Double Yellow Line, No Passing Zone";"Clear";"No";"35.39594, -82.3931"
"3003";317;318;"Yes";"15-Nov";13;"No";"With Traffic";"A: Disabling Injury";"Travel Lane";"Black";"Male";"None - Rural Crash";"Dare";"No";NA;2012-05-28;"Bicyclist Failed to Yield - Sign-Controlled Intersection";13;"Intersection";"01-05-01";1-01-01 13:11:58;"Bicyclist Ride Through - Sign-Controlled Intersection";NA;2012;"A: Disabling Injury";"Residential";"40-49";44;"No";"21-25 mph";"O: No Injury";"Black";"Female";"Van";"No";"No";"Daylight";"Mixed (30% To 70% Developed)";"2 lanes";2;"Straight - Level";"State Secondary Route";"Dry";"Two-Way, Not Divided";"None";"T-Intersection";"Coarse Asphalt";"Coastal";"Rural";"20 - 25  MPH";"Double Yellow Line, No Passing Zone";"Cloudy";"No";"35.90847, -75.6807"
"3004";318;319;"Yes";"40-49";46;"No";"With Traffic";"C: Possible Injury";"Travel Lane";"Black";"Male";"Greensboro";"Guilford";"No";"01-01-07";2012-05-27;"Bicyclist Failed to Yield - Signalized Intersection";14;"Intersection";"01-05-01";1-01-01 14:49:58;"Bicyclist Ride Through - Signalized Intersection";NA;2012;"C: Possible Injury";"Commercial";"50-59";57;"No";"31-35 mph";"O: No Injury";"White";"Female";"Passenger Car";"No";"Yes";"Daylight";"Urban (>70% Developed)";"5 lanes";2;"Straight - Level";"Local Street";"Dry";"Two-Way, Divided, Positive Median Barrier";"None";"Four-Way Intersection";"Smooth Asphalt";"Piedmont";"Urban";"30 - 35  MPH";"Stop And Go Signal";"Clear";"No";"36.09728, -79.8175"
"3005";320;321;"Yes";"20-24";21;"No";"With Traffic";"A: Disabling Injury";"Travel Lane";"Black";"Male";"Ahoskie";"Hertford";"No";NA;2012-02-13;"Other / Unusual Circumstances";23;"Non-Intersection";"01-02-01";1-01-01 23:42:58;"Unusual Circumstances";NA;2012;"A: Disabling Injury";"Residential";"25-29";26;"No";"31-35 mph";"O: No Injury";"Black";"Female";"Passenger Car";"No";"No";"Dark - Lighted Roadway";"Urban (>70% Developed)";"2 lanes";2;"Straight - Grade";"Local Street";"Dry";"Two-Way, Not Divided";"None";"No Special Feature";"Coarse Asphalt";"Coastal";"Rural";"20 - 25  MPH";"No Control Present";"Clear";"No";"36.28947, -76.9933"
"3006";326;327;"Yes";"25-29";28;"No";"Facing Traffic";"B: Evident Injury";"Sidewalk / Crosswalk / Driveway Crossing";"White";"Male";"Greenville";"Pitt";"No";NA;2012-05-14;"Motorist Failed to Yield - Sign-Controlled Intersection";17;"Intersection";"01-05-01";1-01-01 17:16:58;"Motorist Drive Out - Sign-Controlled Intersection";NA;2012;"B: Evident Injury";"Institutional";"25-29";26;"No";"0-5 mph";"O: No Injury";"Black";"Female";"Passenger Car";"No";"No";"Daylight";"Mixed (30% To 70% Developed)";"1 lane";2;"Straight - Level";"Local Street";"Dry";"One-Way, Not Divided";"None";"T-Intersection";"Smooth Asphalt";"Coastal";"Urban";NA;"Stop Sign";"Cloudy";"No";"35.61072, -77.4014"
"3007";1002;1003;"Yes";"30-39";32;"Yes";"Facing Traffic";"B: Evident Injury";"Travel Lane";"Hispanic";"Male";"Charlotte";"Mecklenburg";"Yes";NA;2008-12-22;"Crossing Paths - Other Circumstances";5;"Intersection";"01-12-01";1-01-01 05:54:58;"Signalized Intersection - Other /";112158;2008;"B: Evident Injury";"Commercial";"50-59";50;"No";"41-45 mph";"O: No Injury";"Black";"Male";"Passenger Car";"No";"No";"Dusk";"Urban (>70% Developed)";"6 lanes";2;"Straight - Level";"Local Street";"Dry";"Two-Way, Divided, Positive Median Barrier";"None";"No Special Feature";"Smooth Asphalt";"Piedmont";"Urban";"40 - 45  MPH";"Stop And Go Signal";"Clear";"No";"0.0, 0.0"
"3008";1013;1014;"Yes";"40-49";44;"Yes";"With Traffic";"C: Possible Injury";"Travel Lane";"White";"Male";"Eden";"Rockingham";"Yes";"01-01-04";2008-07-03;"Bicyclist Left Turn / Merge";17;"Non-Intersection";"01-07-01";1-01-01 17:09:58;"Bicyclist Left Turn - Same Direction";311221;2008;"C: Possible Injury";"Residential";"25-29";29;"No";"26-30 mph";"O: No Injury";"Black";"Female";"Passenger Car";"No";"No";"Daylight";"Urban (>70% Developed)";"2 lanes";2;"Straight - Level";"Local Street";"Dry";"Two-Way, Not Divided";"None";"No Special Feature";"Smooth Asphalt";"Piedmont";"Urban";"20 - 25  MPH";"No Control Present";"Clear";"No";"0.0, 0.0"