"FID";"OBJECTID";"AmbulanceR";"BikeAge_Gr";"Bike_Age";"Bike_Alc_D";"Bike_Dir";"Bike_Injur";"Bike_Pos";"Bike_Race";"Bike_Sex";"City";"County";"CrashAlcoh";"CrashDay";"Crash_Date";"Crash_Grp";"Crash_Hour";"Crash_Loc";"Crash_Mont";"Crash_Time";"Crash_Type";"Crash_Ty_1";"Crash_Year";"Crsh_Sevri";"Developmen";"DrvrAge_Gr";"Drvr_Age";"Drvr_Alc_D";"Drvr_EstSp";"Drvr_Injur";"Drvr_Race";"Drvr_Sex";"Drvr_VehTy";"ExcsSpdInd";"Hit_Run";"Light_Cond";"Locality";"Num_Lanes";"Num_Units";"Rd_Charact";"Rd_Class";"Rd_Conditi";"Rd_Config";"Rd_Defects";"Rd_Feature";"Rd_Surface";"Region";"Rural_Urba";"Speed_Limi";"Traff_Cntr";"Weather";"Workzone_I";"Location"
"3009";1014;1015;"Yes";"15-Nov";11;"No";"With Traffic";"B: Evident Injury";"Travel Lane";"Black";"Male";"Greensboro";"Guilford";"No";"01-01-05";2008-08-22;"Loss of Control / Turning Error";14;"Intersection";"01-08-01";1-01-01 14:47:58;"Bicyclist Lost Control - Mechanical Problems";111121;2008;"B: Evident Injury";"Residential";"30-39";34;"No";"16-20 mph";"O: No Injury";"Black";"Female";"Passenger Car";"No";"No";"Daylight";"Urban (>70% Developed)";"2 lanes";2;"Straight - Grade";"Local Street";"Dry";"Two-Way, Not Divided";"None";"Related To Intersection";"Smooth Asphalt";"Piedmont";"Urban";"20 - 25  MPH";"Stop Sign";"Clear";"No";"0.0, 0.0"
"3010";1016;1017;"No";"15-Nov";15;"No";"Facing Traffic";"C: Possible Injury";"Sidewalk / Crosswalk / Driveway Crossing";"Black";"Male";"Wilson";"Wilson";"No";"01-01-02";2008-09-23;"Motorist Failed to Yield - Sign-Controlled Intersection";19;"Intersection";"01-09-01";1-01-01 19:50:58;"Motorist Drive Out - Sign-Controlled Intersection";132141;2008;"C: Possible Injury";"Residential";"30-39";37;"No";"0-5 mph";"O: No Injury";"Black";"Female";"Sport Utility";"No";"No";"Dusk";"Urban (>70% Developed)";"2 lanes";2;"Straight - Level";"Local Street";"Dry";"Two-Way, Not Divided";"None";"No Special Feature";"Coarse Asphalt";"Coastal";"Urban";"30 - 35  MPH";"Stop Sign";"Clear";"No";"0.0, 0.0"
"3011";1;2;"Yes";"40-49";49;"No";"With Traffic";"C: Possible Injury";"Travel Lane";"White";"Male";"Cary";"Wake";"No";"01-01-06";2009-01-10;"Motorist Failed to Yield - Sign-Controlled Intersection";12;"Intersection";NA;1-01-01 12:17:58;"Motorist Drive Out - Sign-Controlled Intersection";111141;2009;"C: Possible Injury";"Commercial";"0-19";17;"No";"11-15 mph";"O: No Injury";"White";"Male";"Passenger Car";"No";"No";"Daylight";"Urban (>70% Developed)";"3 lanes";2;"Straight - Level";"State Secondary Route";"Dry";"Two-Way, Not Divided";"None";"Four-Way Intersection";"Smooth Asphalt";"Piedmont";"Urban";"40 - 45  MPH";"Stop Sign";"Clear";"No";"35.78743, -78.87222"
"3012";4;5;"No";"30-39";36;"No";"With Traffic";"B: Evident Injury";"Travel Lane";"Hispanic";"Male";"Durham";"Durham";"No";"01-01-06";2009-01-24;"Motorist Failed to Yield - Sign-Controlled Intersection";7;"Intersection";NA;1-01-01 07:26:58;"Motorist Drive Through - Sign-Controlled Intersection";111143;2009;"B: Evident Injury";"Residential";"40-49";41;"No";"11-15 mph";"O: No Injury";"Black";"Female";"Sport Utility";"No";"No";"Dark - Roadway Not Lighted";"Urban (>70% Developed)";"2 lanes";2;"Straight - Level";"Local Street";"Dry";"Two-Way, Not Divided";"None";"Four-Way Intersection";"Coarse Asphalt";"Piedmont";"Urban";"30 - 35  MPH";"Stop Sign";"Clear";"No";"35.992195, -78.813736"
"3013";12;13;"No";"50-59";53;"No";"With Traffic";"C: Possible Injury";"Travel Lane";"Black";"Male";"None - Rural Crash";"Onslow";"No";"01-01-04";2009-01-08;"Motorist Left Turn / Merge";19;"Intersection";NA;1-01-01 19:14:58;"Motorist Left Turn - Same Direction";111211;2009;"C: Possible Injury";"Farms, Woods, Pastures";"50-59";55;"No";"16-20 mph";"O: No Injury";"White";"Female";"Passenger Car";"No";"No";"Dark - Roadway Not Lighted";"Rural (<30% Developed)";"5 lanes";2;"Straight - Level";"US Route";"Wet";"Two-Way, Not Divided";"None";"T-Intersection";"Coarse Asphalt";"Coastal";"Rural";"40 - 45  MPH";"No Control Present";"Cloudy";"No";"34.75704, -77.480286"
"3014";16;17;"Yes";"40-49";44;"No";"With Traffic";"C: Possible Injury";"Travel Lane";"Black";"Male";"None - Rural Crash";"Martin";"No";"01-01-05";2009-01-09;"Motorist Overtaking Bicyclist";17;"Non-Intersection";NA;1-01-01 17:57:58;"Motorist Overtaking - Bicyclist Swerved";311235;2009;"C: Possible Injury";"Farms, Woods, Pastures";"50-59";58;"No";"41-45 mph";"O: No Injury";"Black";"Female";"Passenger Car";"No";"No";"Dark - Roadway Not Lighted";"Rural (<30% Developed)";"2 lanes";2;"Straight - Level";"NC Route";"Wet";"Two-Way, Not Divided";"None";"No Special Feature";"Coarse Asphalt";"Coastal";"Rural";"50 - 55  MPH";"Double Yellow Line, No Passing Zone";"Cloudy";"No";"36.023735, -77.379196"
"3015";17;18;"No";"20-24";24;"No";"With Traffic";"C: Possible Injury";"Travel Lane";"White";"Male";"Charlotte";"Mecklenburg";"No";NA;2009-01-12;"Motorist Left Turn / Merge";7;"Intersection";NA;1-01-01 07:55:58;"Motorist Left Turn - Opposite Direction";111212;2009;"C: Possible Injury";"Residential";"25-29";29;"No";"0-5 mph";"O: No Injury";"White";"Male";"Passenger Car";"No";"No";"Daylight";"Urban (>70% Developed)";"4 lanes";2;"Straight - Level";"Local Street";"Dry";"Two-Way, Not Divided";"None";"T-Intersection";"Smooth Asphalt";"Piedmont";"Urban";"30 - 35  MPH";"Stop Sign";"Clear";"No";"35.216675, -80.8211"
"3016";28;29;"Yes";"40-49";48;"No";"With Traffic";"B: Evident Injury";"Travel Lane";"Black";"Male";"None - Rural Crash";"Anson";"No";"01-01-05";2009-01-23;"Motorist Overtaking Bicyclist";8;"Non-Intersection";NA;1-01-01 07:59:58;"Motorist Overtaking - Undetected Bicyclist";311231;2009;"B: Evident Injury";"Farms, Woods, Pastures";"60-69";63;"No";"51-55 mph";"O: No Injury";"White";"Male";"Tractor/Semi-Trailer";"No";"No";"Daylight";"Rural (<30% Developed)";"4 lanes";2;"Straight - Level";"US Route";"Dry";"Two-Way, Divided, Unprotected Median";"None";"No Special Feature";"Smooth Asphalt";"Piedmont";"Rural";"50 - 55  MPH";"No Control Present";"Clear";"No";"34.98934, -80.155876"
"3017";31;32;"Yes";"16-19";18;"No";"Not Applicable";"B: Evident Injury";"Non-Roadway";"Black";"Male";"None - Rural Crash";"Cumberland";"No";"01-01-04";2009-02-19;"Crossing Paths - Other Circumstances";17;"Intersection";"01-02-01";1-01-01 17:34:58;"Crossing Paths - Uncontrolled Intersection";163160;2009;"B: Evident Injury";"Residential";"50-59";54;"Missing";"41-45 mph";"O: No Injury";"Black";"Female";"Pickup";"No";"No";"Dark - Roadway Not Lighted";"Urban (>70% Developed)";"2 lanes";2;"Straight - Level";"State Secondary Route";"Dry";"Two-Way, Not Divided";"None";"T-Intersection";"Coarse Asphalt";"Coastal";"Rural";"40 - 45  MPH";"Stop Sign";"Clear";"No";"35.144928, -78.91045"
"3018";32;33;"Yes";"40-49";49;"No";"With Traffic";"B: Evident Injury";"Travel Lane";"Black";"Male";"Charlotte";"Mecklenburg";"No";"01-01-04";2009-01-29;"Motorist Failed to Yield - Sign-Controlled Intersection";10;"Intersection";NA;1-01-01 10:20:58;"Motorist Drive Through - Sign-Controlled Intersection";111143;2009;"B: Evident Injury";"Residential";NA;NA;"Missing";"21-25 mph";"Injury";"/Missing";NA;NA;"No";"Yes";"Daylight";"Urban (>70% Developed)";"2 lanes";2;"Straight - Level";"Local Street";"Dry";"Two-Way, Not Divided";"None";"No Special Feature";"Smooth Asphalt";"Piedmont";"Urban";"20 - 25  MPH";"Stop Sign";"Clear";"No";"35.23086, -80.81706"
"3019";33;34;"Yes";"70+";NA;"No";"With Traffic";"A: Disabling Injury";"Travel Lane";"White";"Male";"None - Rural Crash";"Currituck";"No";"01-01-05";2009-02-06;"Bicyclist Failed to Yield - Midblock";14;"Non-Intersection";"01-02-01";1-01-01 14:29:58;"Bicyclist Ride Out - Midblock -";311319;2009;"A: Disabling Injury";"Residential";"25-29";29;"No";"0-5 mph";"O: No Injury";"White";"Male";"Sport Utility";"No";"No";"Daylight";"Mixed (30% To 70% Developed)";"2 lanes";2;"Curve - Grade";"Public Vehicular Area";"Dry";"Two-Way, Not Divided";"None";"Driveway, Private";"Coarse Asphalt";"Coastal";"Rural";NA;"No Control Present";"Clear";"No";"36.34932, -75.82227"
"3020";34;35;"Yes";"40-49";49;"Yes";"Facing Traffic";"O: No Injury";"Sidewalk / Crosswalk / Driveway Crossing";"Black";"Male";"Raleigh";"Wake";"Yes";"01-01-05";2009-01-09;"Motorist Failed to Yield - Signalized Intersection";20;"Intersection";NA;1-01-01 20:28:58;"Motorist Drive Out - Signalized Intersection";132152;2009;"O: No Injury";"Commercial";"20-24";24;"No";"31-35 mph";"O: No Injury";"White";"Male";"Passenger Car";"No";"No";"Dark - Lighted Roadway";"Urban (>70% Developed)";"2 lanes";2;"Straight - Level";"Local Street";"Dry";"Two-Way, Not Divided";"None";"No Special Feature";"Smooth Asphalt";"Piedmont";"Urban";"30 - 35  MPH";"Stop And Go Signal";"Clear";"No";"35.780838, -78.647606"
"3021";35;36;"Yes";"10-Jun";9;"No";"With Traffic";"B: Evident Injury";"Travel Lane";"White";"Female";"Cary";"Wake";"No";"01-01-04";2009-02-26;"Bicyclist Failed to Yield - Sign-Controlled Intersection";16;"Intersection";"01-02-01";1-01-01 16:57:58;"Bicyclist Ride Through - Sign-Controlled Intersection";111144;2009;"B: Evident Injury";"Residential";"20-24";22;"No";"21-25 mph";"O: No Injury";"Black";"Male";"Passenger Car";"No";"No";"Daylight";"Mixed (30% To 70% Developed)";"1 lane";2;"Straight - Level";"Local Street";"Dry";"Two-Way, Not Divided";"None";"T-Intersection";"Smooth Asphalt";"Piedmont";"Urban";"20 - 25  MPH";"Stop Sign";"Clear";"No";"35.82186, -78.88707"
"3022";36;37;"Yes";"20-24";20;"No";"Not Applicable";"B: Evident Injury";"Non-Roadway";"Black";"Male";"Raleigh";"Wake";"No";"01-01-06";2009-01-24;"Non-Roadway";16;"Non-Roadway";NA;1-01-01 16:45:58;"Non-Roadway";460910;2009;"B: Evident Injury";"Residential";"30-39";35;"No";"16-20 mph";"O: No Injury";"Black";"Male";"Passenger Car";"No";"No";"Daylight";"Urban (>70% Developed)";NA;2;"Straight - Level";"Public Vehicular Area";"Dry";"Two-Way, Not Divided";"None";"No Special Feature";"Smooth Asphalt";"Piedmont";"Urban";"5 - 15 MPH";"No Control Present";"Clear";"No";"35.89806, -78.807625"
"3023";39;40;"No";"20-24";24;"No";"With Traffic";"C: Possible Injury";"Travel Lane";"Black";"Male";"Wallace";"Duplin";"No";"01-01-06";2009-02-07;"Motorist Overtaking Bicyclist";12;"Intersection";"01-02-01";1-01-01 12:39:58;"Motorist Overtaking - Bicyclist Swerved";111235;2009;"C: Possible Injury";"Commercial";"60-69";64;"No";"26-30 mph";"O: No Injury";"Black";"Female";"Passenger Car";"No";"No";"Daylight";"Mixed (30% To 70% Developed)";"2 lanes";2;"Straight - Level";"State Secondary Route";"Dry";"Two-Way, Divided, Unprotected Median";"None";"Four-Way Intersection";"Coarse Asphalt";"Coastal";"Rural";"30 - 35  MPH";"No Control Present";"Clear";"No";"34.73573, -77.99819"
"3024";46;47;"No";"40-49";43;"No";"With Traffic";"C: Possible Injury";"Travel Lane";"Native American";"Male";"None - Rural Crash";"Robeson";"No";"01-01-04";2009-03-05;"Motorist Overtaking Bicyclist";17;"Non-Intersection";"01-03-01";1-01-01 17:42:58;"Motorist Overtaking - Undetected Bicyclist";311231;2009;"C: Possible Injury";"Residential";"25-29";26;"No";"51-55 mph";"O: No Injury";"Black";"Female";"Sport Utility";"No";"No";"Daylight";"Mixed (30% To 70% Developed)";"2 lanes";2;"Straight - Level";"NC Route";"Dry";"Two-Way, Not Divided";"None";"No Special Feature";"Coarse Asphalt";"Coastal";"Rural";"50 - 55  MPH";"No Control Present";"Clear";"No";"34.848984, -79.128204"
"3025";50;51;"Yes";"20-24";24;"No";"Facing Traffic";"C: Possible Injury";"Sidewalk / Crosswalk / Driveway Crossing";"Black";"Male";"Concord";"Cabarrus";"No";"01-01-02";2009-02-17;"Motorist Failed to Yield - Midblock";15;"Non-Intersection";"01-02-01";1-01-01 15:24:58;"Motorist Drive Out - Commercial Driveway / Alley";332322;2009;"C: Possible Injury";"Commercial";"70+";NA;"No";"0-5 mph";"O: No Injury";"White";"Male";"Pickup";"No";"No";"Daylight";"Urban (>70% Developed)";"4 lanes";2;"Straight - Level";"US Route";"Dry";"Two-Way, Divided, Unprotected Median";"None";"T-Intersection";"Coarse Asphalt";"Piedmont";"Urban";"40 - 45  MPH";"No Control Present";"Clear";"No";"35.3951, -80.614944"
"3026";51;52;"Yes";"50-59";58;"No";"With Traffic";"A: Disabling Injury";"Travel Lane";"White";"Male";"Winston-Salem";"Forsyth";"No";"01-01-06";2009-02-21;"Motorist Overtaking Bicyclist";19;"Non-Intersection";"01-02-01";1-01-01 19:38:58;"Motorist Overtaking - Other /";311239;2009;"A: Disabling Injury";"Commercial";"50-59";51;"No";"31-35 mph";"O: No Injury";"White";"Female";"Passenger Car";"No";"No";"Dark - Lighted Roadway";"Urban (>70% Developed)";"4 lanes";2;"Straight - Level";"Local Street";"Dry";"Two-Way, Not Divided";"None";"No Special Feature";"Smooth Asphalt";"Piedmont";"Urban";"30 - 35  MPH";"No Control Present";"Clear";"No";"36.079838, -80.33576"
"3027";54;55;"Yes";"50-59";52;"No";"Facing Traffic";"B: Evident Injury";"Travel Lane";"Black";"Male";"Matthews";"Mecklenburg";"No";NA;2009-02-23;"Motorist Failed to Yield - Sign-Controlled Intersection";15;"Intersection";"01-02-01";1-01-01 15:54:58;"Motorist Drive Out - Sign-Controlled Intersection";112141;2009;"B: Evident Injury";"Commercial";"30-39";34;"No";"0-5 mph";"O: No Injury";"White";"Male";"Passenger Car";"No";"No";"Daylight";"Urban (>70% Developed)";"4 lanes";2;"Straight - Grade";"NC Route";"Dry";"Two-Way, Divided, Unprotected Median";"None";"T-Intersection";"Smooth Asphalt";"Piedmont";"Urban";"20 - 25  MPH";"Stop Sign";"Clear";"No";"35.12397, -80.708176"
"3028";76;77;"Yes";"10-Jun";9;"No";"Not Applicable";"B: Evident Injury";"Multi-use Path";"Black";"Male";"Charlotte";"Mecklenburg";"No";"01-01-02";2009-03-17;"Bicyclist Failed to Yield - Midblock";17;"Non-Intersection";"01-03-01";1-01-01 17:38:58;"Bicyclist Ride Out - Other Midblock";343318;2009;"B: Evident Injury";"Residential";"60-69";69;"No";"16-20 mph";"O: No Injury";"White";"Female";"Van";"No";"No";"Daylight";"Urban (>70% Developed)";"2 lanes";2;"Straight - Level";"Local Street";"Dry";"Two-Way, Not Divided";"None";"No Special Feature";"Smooth Asphalt";"Piedmont";"Urban";"20 - 25  MPH";"No Control Present";"Clear";"No";"35.381763, -80.77205"
"3029";83;84;"Yes";"16-19";19;"No";NA;"B: Evident Injury";NA;"White";"Male";"Andrews";"Cherokee";"No";"01-01-05";2009-03-06;"Other /  - Insufficient Details";19;"Location";"01-03-01";1-01-01 19:17:58;"Location";999980;2009;"B: Evident Injury";"Commercial";"30-39";30;"No";"31-35 mph";"O: No Injury";"White";"Male";"Passenger Car";"No";"No";"Dark - Lighted Roadway";"Mixed (30% To 70% Developed)";"3 lanes";2;"Straight - Level";"US Route";"Dry";"Two-Way, Not Divided";"None";"No Special Feature";"Smooth Asphalt";"Mountains";"Rural";"30 - 35  MPH";"No Control Present";"Clear";"No";"35.200768, -83.83379"
"3030";84;85;"Yes";"40-49";47;"No";"With Traffic";"B: Evident Injury";"Travel Lane";"Black";"Male";"Durham";"Durham";"No";"01-01-06";2009-04-04;"Motorist Overtaking Bicyclist";3;"Intersection";"01-04-01";1-01-01 03:29:58;"Motorist Overtaking - Other /";111239;2009;"B: Evident Injury";"Residential";NA;NA;"Missing";"11-15 mph";"Injury";"/Missing";NA;"Passenger Car";"No";"Yes";"Dark - Lighted Roadway";"Urban (>70% Developed)";"2 lanes";2;"Straight - Level";"Local Street";"Dry";"Two-Way, Not Divided";"None";"No Special Feature";"Concrete";"Piedmont";"Urban";"30 - 35  MPH";"Stop And Go Signal";"Clear";"No";"36.00718, -78.88549"
"3031";86;87;"No";"20-24";24;"No";"With Traffic";"B: Evident Injury";"Travel Lane";"White";"Male";"Greensboro";"Guilford";"No";"01-01-03";2009-03-25;"Motorist Left Turn / Merge";15;"Intersection";"01-03-01";1-01-01 15:20:58;"Motorist Left Turn - Opposite Direction";111212;2009;"B: Evident Injury";"Residential";"60-69";60;"No";"11-15 mph";"O: No Injury";"White";"Male";"Single Unit Truck (2-Axle, 6-Tire)";"No";"No";"Daylight";"Urban (>70% Developed)";"7 lanes";2;"Straight - Level";"Local Street";"Wet";"Two-Way, Not Divided";"None";"T-Intersection";"Smooth Asphalt";"Piedmont";"Urban";"30 - 35  MPH";"Stop And Go Signal";"Rain";"No";"36.053383, -79.84245"
"3032";90;91;"No";"10-Jun";10;"No";"Not Applicable";"C: Possible Injury";"Driveway / Alley";"White";"Male";"None - Rural Crash";"Caldwell";"No";"01-01-05";2009-04-03;"Non-Roadway";18;"Non-Roadway";"01-04-01";1-01-01 18:01:58;"Non-Roadway";450910;2009;"C: Possible Injury";"Residential";"30-39";33;"No";"0-5 mph";"O: No Injury";"White";"Female";"Van";"No";"No";"Daylight";"Rural (<30% Developed)";"1 lane";2;"Straight - Grade";"Private Road, Driveway";"Dry";"One-Way, Not Divided";"None";"Driveway, Public";"Gravel";"Mountains";"Rural";"5 - 15 MPH";"No Control Present";"Clear";"No";"35.827843, -81.58072"
"3033";94;95;"Yes";"15-Nov";12;"No";"Facing Traffic";"C: Possible Injury";"Travel Lane";"White";"Male";"Raleigh";"Wake";"No";"01-01-05";2009-02-27;"Crossing Paths - Other Circumstances";17;"Intersection";"01-02-01";1-01-01 17:40:58;"Sign-Controlled Intersection - Other /";112148;2009;"C: Possible Injury";"Residential";"50-59";56;"No";"21-25 mph";"O: No Injury";"Black";"Female";"Passenger Car";"No";"No";"Dusk";"Urban (>70% Developed)";"2 lanes";2;"Curve - Grade";"Local Street";"Dry";"Two-Way, Not Divided";"Other";"T-Intersection";"Coarse Asphalt";"Piedmont";"Urban";"20 - 25  MPH";"Stop Sign";"Cloudy";"No";"35.807587, -78.550545"
"3034";97;98;"No";"20-24";21;"No";"Facing Traffic";"O: No Injury";"Travel Lane";"Black";"Male";"Washington";"Beaufort";"No";"01-01-04";2009-03-19;"Motorist Overtaking Bicyclist";16;"Non-Intersection";"01-03-01";1-01-01 16:30:58;"Motorist Overtaking - Other /";312239;2009;"O: No Injury";"Residential";"50-59";53;"No";"6-10 mph";"O: No Injury";"Black";"Female";"Passenger Car";"No";"No";"Daylight";"Urban (>70% Developed)";"1 lane";2;"Straight - Level";"Local Street";"Dry";"Two-Way, Not Divided";"None";"No Special Feature";"Coarse Asphalt";"Coastal";"Urban";"30 - 35  MPH";"No Control Present";"Clear";"No";"35.55009, -77.055565"
"3035";98;99;"Yes";"15-Nov";15;"No";"Facing Traffic";"B: Evident Injury";"Travel Lane";"Black";"Male";"Charlotte";"Mecklenburg";"No";"01-01-03";2009-04-01;"Crossing Paths - Other Circumstances";20;"Intersection";"01-04-01";1-01-01 20:26:58;"Sign-Controlled Intersection - Other /";112148;2009;"B: Evident Injury";"Commercial";NA;NA;"Missing";"6-10 mph";"Injury";"/Missing";NA;NA;"No";"Yes";"Dark - Lighted Roadway";"Mixed (30% To 70% Developed)";"2 lanes";2;"Straight - Level";"Local Street";"Dry";"Two-Way, Not Divided";"None";"Four-Way Intersection";"Smooth Asphalt";"Piedmont";"Urban";"30 - 35  MPH";"No Control Present";"Clear";"No";"35.280754, -80.793785"
"3036";100;101;"Yes";"15-Nov";14;"No";"With Traffic";"A: Disabling Injury";"Travel Lane";"Black";"Male";"Charlotte";"Mecklenburg";"No";"01-01-05";2009-04-03;"Bicyclist Failed to Yield - Sign-Controlled Intersection";17;"Intersection";"01-04-01";1-01-01 17:17:58;"Bicyclist Ride Through - Sign-Controlled Intersection";111144;2009;"A: Disabling Injury";"Residential";"25-29";26;"No";"21-25 mph";"O: No Injury";"Black";"Male";"Passenger Car";"No";"No";"Daylight";"Urban (>70% Developed)";"2 lanes";2;"Straight - Bottom";"Local Street";"Dry";"Two-Way, Not Divided";"None";"T-Intersection";"Smooth Asphalt";"Piedmont";"Urban";"20 - 25  MPH";"Stop Sign";"Clear";"No";"35.234154, -80.81914"
"3037";109;110;"Yes";"40-49";44;"No";"Facing Traffic";"B: Evident Injury";"Sidewalk / Crosswalk / Driveway Crossing";"White";"Female";"Wilmington";"New Hanover";"No";NA;2009-04-06;"Bicyclist Failed to Yield - Sign-Controlled Intersection";17;"Intersection";"01-04-01";1-01-01 17:05:58;"Bicyclist Ride Through - Sign-Controlled Intersection";132144;2009;"B: Evident Injury";"Commercial";"40-49";44;"No";NA;"O: No Injury";"White";"Female";"Passenger Car";"No";"No";"Daylight";"Urban (>70% Developed)";"4 lanes";2;"Straight - Level";"Local Street";"Dry";"Two-Way, Not Divided";"None";"Four-Way Intersection";"Smooth Asphalt";"Coastal";"Urban";"30 - 35  MPH";"Stop And Go Signal";"Clear";"No";"34.23898, -77.94661"
"3038";120;121;"No";"10-Jun";7;"No";"With Traffic";"B: Evident Injury";"Travel Lane";"Black";"Male";"Spencer";"Rowan";"No";"01-01-02";2009-04-14;"Bicyclist Failed to Yield - Sign-Controlled Intersection";19;"Intersection";"01-04-01";1-01-01 19:31:58;"Bicyclist Ride Through - Sign-Controlled Intersection";111144;2009;"B: Evident Injury";"Residential";"40-49";46;"No";"16-20 mph";"O: No Injury";"White";"Male";"Passenger Car";"No";"No";"Dusk";"Urban (>70% Developed)";"2 lanes";2;"Straight - Grade";"Local Street";"Dry";"Two-Way, Not Divided";"None";"No Special Feature";"Coarse Asphalt";"Piedmont";"Rural";"20 - 25  MPH";"Stop Sign";"Clear";"No";"35.688663, -80.4397"
"3039";122;123;"Yes";"20-24";21;"No";"With Traffic";"B: Evident Injury";"Travel Lane";"White";"Male";"None - Rural Crash";"Pitt";"No";"01-01-05";2009-04-24;"Backing Vehicle";15;"Non-Intersection";"01-04-01";1-01-01 15:25:58;"Backing Vehicle";311600;2009;"B: Evident Injury";"Farms, Woods, Pastures";"25-29";29;"No";"0-5 mph";"O: No Injury";"White";"Female";"Passenger Car";"No";"No";"Daylight";"Rural (<30% Developed)";"2 lanes";2;"Straight - Level";"State Secondary Route";"Dry";"Two-Way, Not Divided";"None";"Driveway, Private";"Smooth Asphalt";"Coastal";"Rural";"50 - 55  MPH";"No Control Present";"Clear";"No";"35.577713, -77.46039"
"3040";124;125;"No";"30-39";36;"No";"Facing Traffic";"C: Possible Injury";"Travel Lane";"Asian";"Male";"Raleigh";"Wake";"No";NA;2009-03-23;"Motorist Failed to Yield - Sign-Controlled Intersection";7;"Intersection";"01-03-01";1-01-01 07:37:58;"Motorist Drive Out - Sign-Controlled Intersection";112141;2009;"C: Possible Injury";"Residential";"25-29";28;"No";"0-5 mph";"O: No Injury";"White";"Female";"Passenger Car";"No";"No";"Daylight";"Urban (>70% Developed)";"3 lanes";2;"Straight - Level";"Local Street";"Dry";"Two-Way, Not Divided";"None";"Four-Way Intersection";"Smooth Asphalt";"Piedmont";"Urban";"20 - 25  MPH";"Stop Sign";"Clear";"No";"35.79967, -78.68372"
"3041";127;128;"Yes";"40-49";47;"No";"With Traffic";"K: Killed";"Travel Lane";"Black";"Male";"Elizabeth City";"Pasquotank";"No";NA;2009-04-13;"Motorist Overtaking Bicyclist";1;"Non-Intersection";"01-04-01";1-01-01 01:35:58;"Motorist Overtaking - Other /";311239;2009;"K: Killed";"Commercial";"20-24";24;"No";"46-50 mph";"O: No Injury";"Black";"Female";"Passenger Car";"No";"No";"Dark - Lighted Roadway";"Urban (>70% Developed)";"5 lanes";2;"Straight - Level";"NC Route";"Dry";"Two-Way, Divided, Unprotected Median";"None";"No Special Feature";"Smooth Asphalt";"Coastal";"Urban";"50 - 55  MPH";"No Control Present";"Clear";"No";"36.284145, -76.23578"
"3042";131;132;"Yes";"30-39";36;"No";"With Traffic";"C: Possible Injury";"Travel Lane";"White";"Male";"Charlotte";"Mecklenburg";"No";"01-01-04";2009-04-23;"Motorist Overtaking Bicyclist";7;"Non-Intersection";"01-04-01";1-01-01 07:29:58;"Motorist Overtaking - Other /";311239;2009;"C: Possible Injury";"Residential";"25-29";25;"No";"41-45 mph";"O: No Injury";"White";"Male";"Passenger Car";"No";"No";"Daylight";"Mixed (30% To 70% Developed)";"2 lanes";2;"Straight - Level";"Local Street";"Dry";"Two-Way, Not Divided";"None";"No Special Feature";"Coarse Asphalt";"Piedmont";"Urban";"40 - 45  MPH";"No Control Present";"Clear";"No";"35.282616, -80.73358"
"3043";134;135;"Yes";"30-39";36;"No";"With Traffic";"A: Disabling Injury";"Travel Lane";"White";"Male";"None - Rural Crash";"Guilford";"No";"01-01-03";2009-04-29;"Motorist Left Turn / Merge";6;"Intersection";"01-04-01";1-01-01 06:23:58;"Motorist Left Turn - Opposite Direction";111212;2009;"A: Disabling Injury";"Commercial";"30-39";33;"No";"41-45 mph";"O: No Injury";"White";"Male";"Passenger Car";"No";"No";"Dawn";"Mixed (30% To 70% Developed)";"2 lanes";2;"Straight - Level";"NC Route";"Dry";"Two-Way, Not Divided";"None";"Driveway, Public";"Smooth Asphalt";"Piedmont";"Rural";"50 - 55  MPH";"Double Yellow Line, No Passing Zone";"Clear";"No";"35.912296, -79.707794"
"3044";142;143;"No";"20-24";22;"No";"With Traffic";"B: Evident Injury";"Travel Lane";"White";"Male";"Asheville";"Buncombe";"No";"01-01-03";2009-04-22;"Motorist Right Turn / Merge";9;"Intersection";"01-04-01";1-01-01 09:58:58;"Motorist Right Turn - Same Direction";111213;2009;"B: Evident Injury";"Commercial";"40-49";49;"No";"21-25 mph";"Injury";"White";"Male";"Passenger Car";"No";"No";"Daylight";"Urban (>70% Developed)";"4 lanes";2;"Straight - Level";"US Route";"Dry";"Two-Way, Not Divided";"None";"Other";"Coarse Asphalt";"Mountains";"Urban";"30 - 35  MPH";"No Control Present";"Clear";"No";"35.600124, -82.55402"
"3045";143;144;"Yes";"15-Nov";11;"No";"Not Applicable";"B: Evident Injury";"Driveway / Alley";"White";"Female";"Emerald Isle";"Carteret";"No";"01-01-06";2009-04-25;"Bicyclist Failed to Yield - Midblock";8;"Non-Intersection";"01-04-01";1-01-01 08:56:58;"Bicyclist Ride Out - Residential Driveway";353311;2009;"B: Evident Injury";"Commercial";"40-49";46;"No";"11-15 mph";"O: No Injury";"White";"Female";"Passenger Car";"No";"No";"Daylight";"Urban (>70% Developed)";"2 lanes";2;"Straight - Level";"Local Street";"Dry";"Two-Way, Not Divided";"None";"Driveway, Public";"Coarse Asphalt";"Coastal";"Rural";"20 - 25  MPH";"No Control Present";"Clear";"No";"34.665237, -77.0165"
"3046";152;153;"Yes";"60-69";60;"No";"Facing Traffic";"C: Possible Injury";"Bike Lane / Paved Shoulder";"White";"Female";"None - Rural Crash";"New Hanover";"No";"01-01-05";2009-05-08;"Motorist Failed to Yield - Sign-Controlled Intersection";18;"Intersection";"01-05-01";1-01-01 18:49:58;"Motorist Drive Out - Sign-Controlled Intersection";122141;2009;"C: Possible Injury";"Residential";"0-19";19;"No";"0-5 mph";"O: No Injury";"Black";"Female";"Passenger Car";"No";"No";"Daylight";"Urban (>70% Developed)";"2 lanes";2;"Straight - Level";"Public Vehicular Area";"Dry";"Two-Way, Not Divided";"None";"T-Intersection";"Smooth Asphalt";"Coastal";"Rural";"5 - 15 MPH";"Stop Sign";"Clear";"No";"34.15338, -77.90628"