"FID";"OBJECTID";"AmbulanceR";"BikeAge_Gr";"Bike_Age";"Bike_Alc_D";"Bike_Dir";"Bike_Injur";"Bike_Pos";"Bike_Race";"Bike_Sex";"City";"County";"CrashAlcoh";"CrashDay";"Crash_Date";"Crash_Grp";"Crash_Hour";"Crash_Loc";"Crash_Mont";"Crash_Time";"Crash_Type";"Crash_Ty_1";"Crash_Year";"Crsh_Sevri";"Developmen";"DrvrAge_Gr";"Drvr_Age";"Drvr_Alc_D";"Drvr_EstSp";"Drvr_Injur";"Drvr_Race";"Drvr_Sex";"Drvr_VehTy";"ExcsSpdInd";"Hit_Run";"Light_Cond";"Locality";"Num_Lanes";"Num_Units";"Rd_Charact";"Rd_Class";"Rd_Conditi";"Rd_Config";"Rd_Defects";"Rd_Feature";"Rd_Surface";"Region";"Rural_Urba";"Speed_Limi";"Traff_Cntr";"Weather";"Workzone_I";"Location"
"3047";156;157;"Yes";"30-39";30;"No";"Facing Traffic";"O: No Injury";"Travel Lane";"White";"Female";"Statesville";"Iredell";"No";"01-01-04";2009-04-30;"Motorist Overtaking Bicyclist";19;"Non-Intersection";"01-04-01";1-01-01 19:24:58;"Motorist Overtaking - Bicyclist Swerved";312235;2009;"B: Evident Injury";"Commercial";"0-19";16;"No";"31-35 mph";"B: Evident Injury";"Black";"Male";"Passenger Car";"No";"No";"Daylight";"Urban (>70% Developed)";"2 lanes";2;"Straight - Level";"Local Street";"Dry";"Two-Way, Not Divided";"None";"No Special Feature";"Coarse Asphalt";"Piedmont";"Urban";"30 - 35  MPH";"No Control Present";"Clear";"No";"35.775608, -80.86939"
"3048";160;161;"Yes";"10-Jun";7;"No";"With Traffic";"C: Possible Injury";"Travel Lane";"Black";"Male";"Durham";"Durham";"No";"01-01-05";2009-05-01;"Bicyclist Left Turn / Merge";16;"Non-Intersection";"01-05-01";1-01-01 16:14:58;"Bicyclist Left Turn - Same Direction";311221;2009;"C: Possible Injury";"Residential";"40-49";41;"No";"11-15 mph";"O: No Injury";"Black";"Male";"Passenger Car";"No";"No";"Daylight";"Urban (>70% Developed)";"2 lanes";2;"Straight - Grade";"Local Street";"Dry";"Two-Way, Not Divided";"None";"No Special Feature";"Smooth Asphalt";"Piedmont";"Urban";"30 - 35  MPH";"No Control Present";"Clear";"No";"35.99807, -78.86978"
"3049";165;166;"Yes";"15-Nov";12;"No";"With Traffic";"C: Possible Injury";"Travel Lane";"White";"Male";"None - Rural Crash";"Nash";"No";"01-01-05";2009-05-01;"Backing Vehicle";21;"Non-Intersection";"01-05-01";1-01-01 21:09:58;"Backing Vehicle";311600;2009;"C: Possible Injury";"Residential";"30-39";31;"No";"0-5 mph";"O: No Injury";"Hispanic";"Male";"Van";"No";"No";"Dark -  Lighting";"Urban (>70% Developed)";"2 lanes";2;"Straight - Level";"Private Road, Driveway";"Dry";"Two-Way, Not Divided";"None";"Driveway, Private";"Coarse Asphalt";"Coastal";"Rural";"5 - 15 MPH";"No Control Present";"Clear";"No";"35.896248, -77.86056"
"3050";168;169;"Yes";"20-24";20;"No";"Facing Traffic";"C: Possible Injury";"Sidewalk / Crosswalk / Driveway Crossing";"White";"Female";"Raleigh";"Wake";"No";"01-01-04";2009-04-16;"Motorist Failed to Yield - Signalized Intersection";9;"Intersection";"01-04-01";1-01-01 09:51:58;"Motorist Drive Out - Signalized Intersection";132152;2009;"C: Possible Injury";"Commercial";"50-59";51;"No";"0-5 mph";"O: No Injury";"White";"Female";"Sport Utility";"No";"No";"Daylight";"Urban (>70% Developed)";"2 lanes";2;"Straight - Level";"Local Street";"Dry";"One-Way, Not Divided";"None";"Four-Way Intersection";"Coarse Asphalt";"Piedmont";"Urban";"30 - 35  MPH";"Stop And Go Signal";"Clear";"No";"35.778374, -78.64024"
"3051";174;175;"Yes";"40-49";41;"No";"With Traffic";"Injury";"Travel Lane";"White";"Female";"Shelby";"Cleveland";"No";"01-01-06";2009-05-09;"Motorist Failed to Yield - Sign-Controlled Intersection";10;"Intersection";"01-05-01";1-01-01 10:16:58;"Motorist Drive Out - Sign-Controlled Intersection";111141;2009;"O: No Injury";"Residential";"70+";NA;"No";"11-15 mph";"O: No Injury";"White";"Male";"Passenger Car";"No";"No";"Daylight";"Urban (>70% Developed)";"5 lanes";2;"Straight - Level";"Local Street";"Dry";"Two-Way, Not Divided";"None";"Four-Way Intersection";"Coarse Asphalt";"Mountains";"Urban";"30 - 35  MPH";"Stop Sign";"Clear";"No";"35.284695, -81.562065"
"3052";182;183;"No";"16-19";17;"No";"With Traffic";"B: Evident Injury";"Travel Lane";"White";"Male";"Hickory";"Catawba";"No";"01-01-02";2009-05-12;"Motorist Overtaking Bicyclist";21;"Non-Intersection";"01-05-01";1-01-01 21:06:58;"Motorist Overtaking - Misjudged Space";311232;2009;"B: Evident Injury";"Residential";NA;NA;"No";"41-45 mph";"Injury";"/Missing";NA;"Passenger Car";"No";"Yes";"Dark - Lighted Roadway";"Urban (>70% Developed)";"2 lanes";2;"Straight - Level";"Local Street";"Dry";"Two-Way, Not Divided";"None";"No Special Feature";"Coarse Asphalt";"Piedmont";"Urban";"40 - 45  MPH";"No Control Present";"Clear";"No";"35.77979, -81.29472"
"3053";184;185;"No";"30-39";39;"No";"With Traffic";"C: Possible Injury";"Travel Lane";"White";"Male";"Huntersville";"Mecklenburg";"No";"01-01-02";2009-05-12;"Motorist Overtaking Bicyclist";19;"Intersection";"01-05-01";1-01-01 19:55:58;"Motorist Overtaking - Misjudged Space";111232;2009;"C: Possible Injury";"Residential";"30-39";37;"No";NA;"O: No Injury";"White";"Female";NA;"No";"Yes";"Daylight";"Mixed (30% To 70% Developed)";"2 lanes";2;"Straight - Grade";"NC Route";"Dry";"Two-Way, Not Divided";"None";"No Special Feature";"Smooth Asphalt";"Piedmont";"Urban";"40 - 45  MPH";"Double Yellow Line, No Passing Zone";"Clear";"No";"35.39871, -80.83822"
"3054";188;189;"Yes";"16-19";19;"No";"With Traffic";"Injury";"Travel Lane";"/Missing";NA;"Rocky Mount";"Edgecombe";"No";"01-01-02";2009-04-21;"Other / Unusual Circumstances";20;"Non-Intersection";"01-04-01";1-01-01 20:05:58;"Motorist Intentionally Caused";311510;2009;"C: Possible Injury";"Residential";"0-19";19;"No";"31-35 mph";"C: Possible Injury";"Asian";"Male";"Sport Utility";"No";"Yes";"Dark - Lighted Roadway";"Urban (>70% Developed)";"2 lanes";2;"Straight - Level";"Local Street";"Wet";"Two-Way, Not Divided";"None";"No Special Feature";"Coarse Asphalt";"Coastal";"Urban";"30 - 35  MPH";"No Control Present";"Rain";"No";"35.924282, -77.78992"
"3055";193;194;"Yes";"20-24";21;"No";"Not Applicable";"C: Possible Injury";"Sidewalk / Crosswalk / Driveway Crossing";"White";"Male";"Kannapolis";"Rowan";"No";NA;2009-05-18;"Motorist Failed to Yield - Midblock";13;"Non-Intersection";"01-05-01";1-01-01 13:41:58;"Motorist Drive Out - Residential Driveway";333321;2009;"C: Possible Injury";"Commercial";"40-49";43;"No";"0-5 mph";"O: No Injury";"Black";"Male";"Passenger Car";"No";"No";"Daylight";"Urban (>70% Developed)";"2 lanes";2;"Straight - Level";"NC Route";"Dry";NA;"None";"Driveway, Public";"Smooth Asphalt";"Piedmont";"Urban";"30 - 35  MPH";"No Control Present";"Clear";"No";"35.50998, -80.61559"
"3056";202;203;"Yes";"25-29";25;"No";"With Traffic";"B: Evident Injury";"Travel Lane";"Black";"Male";"Fayetteville";"Cumberland";"No";"01-01-07";2009-05-31;"Bicyclist Failed to Yield - Sign-Controlled Intersection";12;"Intersection";"01-05-01";1-01-01 12:31:58;"Bicyclist Ride Out - Sign-Controlled Intersection";111142;2009;"B: Evident Injury";"Residential";"30-39";30;"No";"21-25 mph";"O: No Injury";"White";"Male";"Passenger Car";"No";"No";"Daylight";"Urban (>70% Developed)";"2 lanes";2;"Straight - Level";"Local Street";"Dry";"Two-Way, Not Divided";"None";"Four-Way Intersection";"Concrete";"Coastal";"Urban";"20 - 25  MPH";"Stop Sign";"Clear";"No";"35.097603, -78.95288"
"3057";207;208;"No";"20-24";21;"No";"Not Applicable";"O: No Injury";"Other";"Black";"Male";"Fayetteville";"Cumberland";"No";"01-01-03";2009-05-20;"Bicyclist Failed to Yield - Midblock";21;"Non-Intersection";"01-05-01";1-01-01 21:45:58;"Bicyclist Ride Out - Midblock -";383319;2009;"O: No Injury";"Commercial";"70+";NA;"No";"16-20 mph";"O: No Injury";"Black";"Male";"Passenger Car";"No";"No";"Dark - Lighted Roadway";"Urban (>70% Developed)";"4 lanes";2;"Straight - Level";"Local Street";"Dry";"Two-Way, Not Divided";"None";"No Special Feature";"Concrete";"Coastal";"Urban";"30 - 35  MPH";"No Control Present";"Clear";"No";"35.053764, -78.8665"
"3058";208;209;"Yes";"0-5";5;"No";"With Traffic";"B: Evident Injury";"Travel Lane";"White";"Female";"Oak Island";"Brunswick";"No";"01-01-07";2009-05-17;"Bicyclist Failed to Yield - Midblock";12;"Non-Intersection";"01-05-01";1-01-01 12:09:58;"Bicyclist Ride Out - Other Midblock";311318;2009;"B: Evident Injury";"Residential";"25-29";28;"No";"36-40 mph";"O: No Injury";"White";"Female";"Sport Utility";"No";"No";"Daylight";"Urban (>70% Developed)";"2 lanes";2;"Straight - Level";"Local Street";"Dry";"Two-Way, Not Divided";"None";"No Special Feature";"Smooth Asphalt";"Coastal";"Urban";"30 - 35  MPH";"No Control Present";"Clear";"No";"33.920334, -78.128624"
"3059";211;212;"Yes";"40-49";42;"No";"With Traffic";"B: Evident Injury";"Travel Lane";"Black";"Male";"High Point";"Guilford";"No";"01-01-05";2009-05-15;"Motorist Left Turn / Merge";22;"Intersection";"01-05-01";1-01-01 22:38:58;"Motorist Left Turn - Opposite Direction";111212;2009;"B: Evident Injury";"Commercial";"0-19";18;"No";"31-35 mph";"O: No Injury";"White";"Male";"Passenger Car";"No";"No";"Dark - Lighted Roadway";"Urban (>70% Developed)";"2 lanes";2;"Straight - Level";"Local Street";"Dry";"Two-Way, Not Divided";"None";"No Special Feature";"Coarse Asphalt";"Piedmont";"Urban";"30 - 35  MPH";"Stop Sign";"Cloudy";"No";"35.987892, -80.02494"
"3060";212;213;"Yes";"15-Nov";13;"No";"With Traffic";"B: Evident Injury";"Travel Lane";"Black";"Male";"Chapel Hill";"Orange";"No";"01-01-06";2009-05-16;"Bicyclist Overtaking Motorist";15;"Non-Intersection";"01-05-01";1-01-01 15:12:58;"Bicyclist Overtaking - Passing on Right";311241;2009;"B: Evident Injury";"Commercial";"40-49";44;"No";NA;"O: No Injury";"White";"Female";"Sport Utility";"No";"No";"Daylight";"Urban (>70% Developed)";"4 lanes";2;"Straight - Level";"Local Street";"Dry";"Two-Way, Not Divided";"None";"No Special Feature";"Smooth Asphalt";"Piedmont";"Urban";"20 - 25  MPH";"Stop And Go Signal";"Clear";"No";"35.914276, -79.052704"
"3061";215;216;"No";"30-39";38;"No";"With Traffic";"C: Possible Injury";"Travel Lane";"White";"Male";"None - Rural Crash";"Union";"No";"01-01-02";2009-05-19;"Motorist Right Turn / Merge";15;"Non-Intersection";"01-05-01";1-01-01 15:14:58;"Motorist Right Turn - Same Direction";311213;2009;"C: Possible Injury";"Residential";"0-19";17;"No";"11-15 mph";"O: No Injury";"White";"Female";"Passenger Car";"No";"No";"Daylight";"Urban (>70% Developed)";"2 lanes";2;"Straight - Level";"State Secondary Route";"Dry";"Two-Way, Not Divided";"None";"No Special Feature";"Smooth Asphalt";"Piedmont";"Rural";"40 - 45  MPH";"Double Yellow Line, No Passing Zone";"Clear";"No";"35.056263, -80.73439"
"3062";224;225;"Yes";"16-19";16;"No";"With Traffic";"C: Possible Injury";"Travel Lane";"Black";"Male";"Kenly";"Johnston";"No";"01-01-06";2009-06-06;"Motorist Left Turn / Merge";13;"Intersection";"01-06-01";1-01-01 13:24:58;"Motorist Left Turn - Opposite Direction";111212;2009;"C: Possible Injury";"Residential";"70+";NA;"No";"0-5 mph";"O: No Injury";"White";"Male";"Pickup";"No";"No";"Daylight";"Urban (>70% Developed)";"2 lanes";2;"Straight - Level";"Local Street";"Dry";"Two-Way, Divided, Unprotected Median";"None";"No Special Feature";"Coarse Asphalt";"Coastal";"Rural";"30 - 35  MPH";"Stop Sign";"Cloudy";"No";"35.596935, -78.12538"
"3063";225;226;"Yes";"20-24";20;"No";"Not Applicable";"B: Evident Injury";"Travel Lane";"White";"Male";"Cary";"Wake";"No";"01-01-06";2009-06-06;"Non-Roadway";13;"Non-Roadway";"01-06-01";1-01-01 13:06:58;"Non-Roadway";410910;2009;"B: Evident Injury";"Commercial";"40-49";41;"No";"6-10 mph";"O: No Injury";"White";"Male";"Sport Utility";"No";"No";"Daylight";"Urban (>70% Developed)";NA;2;"Straight - Level";"Public Vehicular Area";"Dry";"Two-Way, Not Divided";"None";"Alley Intersection";"Smooth Asphalt";"Piedmont";"Urban";"5 - 15 MPH";"No Control Present";"Clear";"No";"35.785946, -78.87347"
"3064";227;228;"Yes";"40-49";42;"No";"With Traffic";"B: Evident Injury";"Travel Lane";"White";"Male";"None - Rural Crash";"Guilford";"No";"01-01-07";2009-05-24;"Motorist Overtaking Bicyclist";9;"Non-Intersection";"01-05-01";1-01-01 09:36:58;"Motorist Overtaking - Misjudged Space";311232;2009;"B: Evident Injury";"Farms, Woods, Pastures";"70+";NA;"No";"41-45 mph";"O: No Injury";"White";"Female";"Passenger Car";"No";"No";"Daylight";"Rural (<30% Developed)";"2 lanes";2;"Straight - Level";"NC Route";"Wet";"Two-Way, Not Divided";"None";"No Special Feature";"Smooth Asphalt";"Piedmont";"Rural";"40 - 45  MPH";"Double Yellow Line, No Passing Zone";"Cloudy";"No";"35.923332, -79.93904"
"3065";229;230;"No";"15-Nov";13;"No";"Facing Traffic";"B: Evident Injury";"Sidewalk / Crosswalk / Driveway Crossing";"White";"Male";"Cary";"Wake";"No";NA;2009-06-08;"Motorist Right Turn / Merge";14;"Intersection";"01-06-01";1-01-01 14:17:58;"Motorist Right Turn - Same Direction";132213;2009;"B: Evident Injury";"Commercial";NA;NA;"Missing";"0-5 mph";"Injury";"/Missing";NA;"Light Truck (Mini-Van, Panel)";"No";"Yes";"Daylight";"Urban (>70% Developed)";"5 lanes";2;"Straight - Grade";"NC Route";"Dry";"Two-Way, Divided, Unprotected Median";"None";"Four-Way Intersection";"Smooth Asphalt";"Piedmont";"Urban";"40 - 45  MPH";"Stop And Go Signal";"Clear";"No";"35.798923, -78.79616"
"3066";235;236;"Yes";"16-19";18;"No";"Facing Traffic";"B: Evident Injury";"Travel Lane";"White";"Male";"Southern Pines";"Moore";"No";"01-01-03";2009-05-27;"Bicyclist Failed to Yield - Sign-Controlled Intersection";14;"Intersection";"01-05-01";1-01-01 14:56:58;"Bicyclist Ride Through - Sign-Controlled Intersection";112144;2009;"B: Evident Injury";"Commercial";"70+";NA;"No";"16-20 mph";"O: No Injury";"White";"Female";"Passenger Car";"No";"No";"Daylight";"Urban (>70% Developed)";"4 lanes";2;"Straight - Level";"Local Street";"Dry";"Two-Way, Divided, Positive Median Barrier";"None";"Four-Way Intersection";"Coarse Asphalt";"Piedmont";"Urban";"20 - 25  MPH";"Stop Sign";"Cloudy";"No";"35.174446, -79.3906"
"3067";246;247;"Yes";"20-24";24;"No";"With Traffic";"B: Evident Injury";"Travel Lane";"Black";"Male";"Salisbury";"Rowan";"No";"01-01-04";2009-06-11;"Bicyclist Failed to Yield - Sign-Controlled Intersection";17;"Intersection";"01-06-01";1-01-01 17:24:58;"Bicyclist Ride Through - Sign-Controlled Intersection";111144;2009;"B: Evident Injury";"Residential";"0-19";19;"No";"21-25 mph";"O: No Injury";"White";"Male";"Passenger Car";"No";"No";"Daylight";"Urban (>70% Developed)";"2 lanes";2;"Straight - Level";"Local Street";"Wet";"Two-Way, Not Divided";"None";"Four-Way Intersection";"Coarse Asphalt";"Piedmont";"Urban";"20 - 25  MPH";"Stop Sign";"Cloudy";"No";"35.6646, -80.46022"
"3068";248;249;"Yes";"40-49";44;"Yes";"With Traffic";"B: Evident Injury";"Travel Lane";"White";"Male";"None - Rural Crash";"Brunswick";"Yes";"01-01-04";2009-06-11;"Motorist Overtaking Bicyclist";20;"Non-Intersection";"01-06-01";1-01-01 20:38:58;"Motorist Overtaking - Misjudged Space";311232;2009;"B: Evident Injury";"Farms, Woods, Pastures";NA;NA;"Missing";NA;"Injury";"/Missing";NA;NA;"No";"Yes";"Dark - Roadway Not Lighted";"Rural (<30% Developed)";"2 lanes";2;"Curve - Level";"State Secondary Route";"Dry";"Two-Way, Not Divided";"None";"No Special Feature";"Coarse Asphalt";"Coastal";"Rural";"50 - 55  MPH";"Double Yellow Line, No Passing Zone";"Clear";"No";"34.30124, -78.06965"
"3069";251;252;"Yes";"70+";NA;"No";"Not Applicable";"C: Possible Injury";"Non-Roadway";"White";"Male";"Chapel Hill";"Orange";"No";"01-01-02";2009-06-02;"Non-Roadway";7;"Non-Roadway";"01-06-01";1-01-01 07:24:58;"Non-Roadway";460910;2009;"C: Possible Injury";"Commercial";"25-29";25;"No";"0-5 mph";"O: No Injury";"White";"Female";"Passenger Car";"No";"No";"Daylight";"Urban (>70% Developed)";NA;2;"Straight - Level";"Public Vehicular Area";"Dry";"Two-Way, Not Divided";"None";"No Special Feature";"Smooth Asphalt";"Piedmont";"Urban";NA;"No Control Present";"Clear";"No";"35.904778, -79.0119"
"3070";253;254;"Yes";"40-49";44;"No";NA;"C: Possible Injury";NA;"Black";"Male";"Elizabeth City";"Pasquotank";"No";"01-01-02";2009-06-02;"Other /  - Insufficient Details";5;"Intersection";"01-06-01";1-01-01 05:16:58;"Approach Paths";199970;2009;"C: Possible Injury";"Residential";"30-39";37;"No";"21-25 mph";"O: No Injury";"White";"Male";"Van";"No";"No";"Daylight";"Mixed (30% To 70% Developed)";"4 lanes";2;"Straight - Grade";"Local Street";"Wet";"Two-Way, Divided, Unprotected Median";"None";"No Special Feature";"Smooth Asphalt";"Coastal";"Urban";"30 - 35  MPH";"Stop And Go Signal";"Clear";"No";"36.301373, -76.21926"
"3071";256;257;"Yes";"40-49";44;"No";NA;"B: Evident Injury";"Sidewalk / Crosswalk / Driveway Crossing";"Black";"Male";"Greenville";"Pitt";"No";"01-01-03";2009-06-03;"Parallel Paths - Other Circumstances";16;"Non-Intersection";"01-06-01";1-01-01 16:29:58;"Bicyclist Ride Out - Parallel Path";339225;2009;"B: Evident Injury";"Residential";"30-39";38;"No";"21-25 mph";"O: No Injury";"Hispanic";"Male";"Passenger Car";"No";"No";"Daylight";"Urban (>70% Developed)";"2 lanes";2;"Straight - Level";"Local Street";"Dry";"Two-Way, Not Divided";"None";"Four-Way Intersection";"Coarse Asphalt";"Coastal";"Urban";"20 - 25  MPH";"Stop Sign";"Clear";"No";"35.60956, -77.36746"
"3072";258;259;"Yes";"16-19";17;"No";"Facing Traffic";"C: Possible Injury";"Travel Lane";"White";"Male";"Greensboro";"Guilford";"No";"01-01-04";2009-06-04;"Bicyclist Failed to Yield - Signalized Intersection";15;"Intersection";"01-06-01";1-01-01 15:46:58;"Bicyclist Ride Through - Signalized Intersection";112155;2009;"C: Possible Injury";"Commercial";"30-39";34;"No";"21-25 mph";"O: No Injury";"Black";"Female";"Passenger Car";"No";"No";"Daylight";"Urban (>70% Developed)";NA;2;"Straight - Level";"Local Street";"Wet";"Two-Way, Divided, Unprotected Median";"None";"T-Intersection";"Coarse Asphalt";"Piedmont";"Urban";"30 - 35  MPH";"Stop And Go Signal";"Cloudy";"No";"36.11033, -79.788506"
"3073";267;268;"Yes";"30-39";37;"No";"With Traffic";"C: Possible Injury";"Travel Lane";"Black";"Male";"Lumberton";"Robeson";"No";"01-01-05";2009-06-12;"Motorist Overtaking Bicyclist";22;"Intersection";"01-06-01";1-01-01 22:18:58;"Motorist Overtaking - Other /";111239;2009;"C: Possible Injury";"Residential";"40-49";45;"No";"26-30 mph";"O: No Injury";"Black";"Male";"Passenger Car";"No";"Yes";"Dark - Lighted Roadway";"Urban (>70% Developed)";"4 lanes";2;"Straight - Level";"Local Street";"Dry";"Two-Way, Not Divided";"None";"Four-Way Intersection";"Coarse Asphalt";"Coastal";"Urban";"30 - 35  MPH";"No Control Present";"Clear";"No";"34.616318, -78.999825"
"3074";273;274;"Yes";"10-Jun";7;"No";"Facing Traffic";"C: Possible Injury";"Travel Lane";"Black";"Male";"Durham";"Durham";"No";"01-01-02";2009-06-23;"Bicyclist Failed to Yield - Sign-Controlled Intersection";14;"Intersection";"01-06-01";1-01-01 14:03:58;"Bicyclist Ride Out - Sign-Controlled Intersection";112142;2009;"C: Possible Injury";"Residential";"20-24";22;"No";"26-30 mph";"O: No Injury";"Black";"Male";"Passenger Car";"No";"No";"Daylight";"Urban (>70% Developed)";"2 lanes";2;"Straight - Grade";"Local Street";"Dry";"Two-Way, Not Divided";"None";"Four-Way Intersection";"Smooth Asphalt";"Piedmont";"Urban";"30 - 35  MPH";"Stop Sign";"Clear";"No";"35.975304, -78.8884"
"3075";280;281;"No";"30-39";33;"No";"Facing Traffic";"O: No Injury";"Sidewalk / Crosswalk / Driveway Crossing";"White";"Male";"Salisbury";"Rowan";"No";"01-01-04";2009-06-25;"Motorist Failed to Yield - Midblock";16;"Non-Intersection";"01-06-01";1-01-01 16:46:58;"Motorist Drive Out - Commercial Driveway / Alley";332322;2009;"O: No Injury";"Commercial";"50-59";51;"No";"6-10 mph";"O: No Injury";"White";"Male";"Van";"No";"No";"Daylight";"Mixed (30% To 70% Developed)";"2 lanes";2;"Straight - Level";"Local Street";"Dry";"Two-Way, Not Divided";"None";"No Special Feature";"Coarse Asphalt";"Piedmont";"Urban";"30 - 35  MPH";"No Control Present";"Clear";"No";"35.673916, -80.47812"
"3076";283;284;"No";"10-Jun";6;"No";"Not Applicable";"O: No Injury";"Non-Roadway";"Hispanic";"Male";"Raleigh";"Wake";"No";"01-01-04";2009-05-14;"Non-Roadway";19;"Non-Roadway";"01-05-01";1-01-01 19:26:58;"Non-Roadway";460910;2009;"O: No Injury";"Residential";"40-49";44;"No";NA;"O: No Injury";"White";"Male";"Passenger Car";"No";"No";"Daylight";"Urban (>70% Developed)";NA;2;"Straight - Level";"Public Vehicular Area";"Dry";"Two-Way, Not Divided";"None";"No Special Feature";"Smooth Asphalt";"Piedmont";"Urban";NA;"No Control Present";"Clear";"No";"35.73893, -78.63489"
"3077";284;285;"No";"40-49";49;"Yes";"With Traffic";"O: No Injury";"Sidewalk / Crosswalk / Driveway Crossing";"White";"Male";"Raleigh";"Wake";"Yes";"01-01-03";2009-05-27;"Motorist Failed to Yield - Sign-Controlled Intersection";17;"Intersection";"01-05-01";1-01-01 17:52:58;"Motorist Drive Out - Sign-Controlled Intersection";131141;2009;"O: No Injury";"Residential";"50-59";50;"No";"11-15 mph";"O: No Injury";"White";"Female";"Passenger Car";"No";"No";"Daylight";"Urban (>70% Developed)";"2 lanes";2;"Straight - Level";"Local Street";"Dry";"Two-Way, Not Divided";"None";"T-Intersection";"Coarse Asphalt";"Piedmont";"Urban";"30 - 35  MPH";"Stop Sign";"Cloudy";"No";"35.903255, -78.58375"
"3078";294;295;"Yes";"40-49";48;"No";"Not Applicable";"C: Possible Injury";"Non-Roadway";"Black";"Male";"Clayton";"Johnston";"No";NA;2009-06-15;"Non-Roadway";14;"Non-Roadway";"01-06-01";1-01-01 14:03:58;"Non-Roadway";460910;2009;"C: Possible Injury";"Commercial";"30-39";38;"No";"6-10 mph";"O: No Injury";"Black";"Female";"Passenger Car";"No";"No";"Daylight";"Urban (>70% Developed)";"1 lane";2;"Curve - Level";"Public Vehicular Area";"Dry";"One-Way, Not Divided";"None";"Driveway, Public";"Smooth Asphalt";"Coastal";"Urban";"5 - 15 MPH";"No Control Present";"Cloudy";"No";"35.640934, -78.450226"
"3079";297;298;"Yes";"15-Nov";13;"No";"With Traffic";"B: Evident Injury";"Travel Lane";"White";"Male";"Graham";"Alamance";"No";"01-01-07";2009-06-21;"Bicyclist Failed to Yield - Signalized Intersection";21;"Intersection";"01-06-01";1-01-01 21:40:58;"Bicyclist Ride Through - Signalized Intersection";111155;2009;"B: Evident Injury";"Residential";"25-29";26;"No";"6-10 mph";"O: No Injury";"White";"Male";"Sport Utility";"No";"No";"Dark - Lighted Roadway";"Mixed (30% To 70% Developed)";"4 lanes";2;"Straight - Grade";"NC Route";"Dry";"Two-Way, Not Divided";"None";"T-Intersection";"Smooth Asphalt";"Piedmont";"Urban";"30 - 35  MPH";"Stop And Go Signal";"Clear";"No";"36.067417, -79.38857"
"3080";304;305;"Yes";"50-59";55;"No";"With Traffic";"C: Possible Injury";"Travel Lane";"White";"Male";"None - Rural Crash";"Wake";"No";"01-01-07";2009-06-28;"Motorist Left Turn / Merge";20;"Non-Intersection";"01-06-01";1-01-01 20:37:58;"Motorist Left Turn - Opposite Direction";311212;2009;"C: Possible Injury";"Farms, Woods, Pastures";"20-24";22;"No";"41-45 mph";"O: No Injury";"White";"Male";"Pickup";"No";"No";"Daylight";"Rural (<30% Developed)";"2 lanes";2;"Straight - Level";"State Secondary Route";"Dry";"Two-Way, Not Divided";"None";"No Special Feature";"Coarse Asphalt";"Piedmont";"Rural";"40 - 45  MPH";"Double Yellow Line, No Passing Zone";"Clear";"No";"35.792336, -78.41242"
"3081";310;311;"Yes";"15-Nov";13;"No";"Not Applicable";"O: No Injury";"Non-Roadway";"White";"Male";"Durham";"Durham";"No";"01-01-05";2009-07-03;"Motorist Left Turn / Merge";11;"Non-Intersection";"01-07-01";1-01-01 11:40:58;"Motorist Left Turn - Opposite Direction";363212;2009;"A: Disabling Injury";"Commercial";"60-69";67;"No";"11-15 mph";"O: No Injury";"Black";"Female";"Passenger Car";"No";"No";"Daylight";"Urban (>70% Developed)";"3 lanes";2;"Straight - Hillcrest";"Local Street";"Dry";"Two-Way, Not Divided";"None";"Driveway, Public";"Coarse Asphalt";"Piedmont";"Urban";"30 - 35  MPH";"No Control Present";"Clear";"No";"35.992897, -78.87003"
"3082";311;312;"No";"20-24";24;"No";"With Traffic";"C: Possible Injury";"Travel Lane";"White";"Male";"Wilmington";"New Hanover";"Yes";"01-01-05";2009-06-19;"Motorist Overtaking Bicyclist";21;"Non-Intersection";"01-06-01";1-01-01 21:41:58;"Motorist Overtaking - Undetected Bicyclist";311231;2009;"C: Possible Injury";"Residential";"40-49";45;"Yes";"26-30 mph";"O: No Injury";"Black";"Male";"Light Truck (Mini-Van, Panel)";"No";"No";"Dark - Roadway Not Lighted";"Urban (>70% Developed)";"6 lanes";2;"Straight - Level";"Local Street";"Dry";"Two-Way, Not Divided";"None";"Four-Way Intersection";"Coarse Asphalt";"Coastal";"Urban";"40 - 45  MPH";"Stop And Go Signal";"Clear";"No";"34.226364, -77.91203"
"3083";314;315;"No";"60-69";65;"No";"Facing Traffic";"O: No Injury";NA;"Black";"Male";"Salisbury";"Rowan";"No";"01-01-02";2009-07-07;"Motorist Left Turn / Merge";13;"Intersection";"01-07-01";1-01-01 13:49:58;"Motorist Left Turn - Same Direction";192211;2009;"O: No Injury";"Residential";"50-59";51;"No";"0-5 mph";"O: No Injury";"Black";"Male";"Passenger Car";"No";"No";"Daylight";"Urban (>70% Developed)";"2 lanes";2;"Straight - Level";"Local Street";"Dry";"Two-Way, Not Divided";"None";"Four-Way Intersection";"Smooth Asphalt";"Piedmont";"Urban";"30 - 35  MPH";"Stop Sign";"Clear";"No";"35.671776, -80.475174"