"FID";"OBJECTID";"AmbulanceR";"BikeAge_Gr";"Bike_Age";"Bike_Alc_D";"Bike_Dir";"Bike_Injur";"Bike_Pos";"Bike_Race";"Bike_Sex";"City";"County";"CrashAlcoh";"CrashDay";"Crash_Date";"Crash_Grp";"Crash_Hour";"Crash_Loc";"Crash_Mont";"Crash_Time";"Crash_Type";"Crash_Ty_1";"Crash_Year";"Crsh_Sevri";"Developmen";"DrvrAge_Gr";"Drvr_Age";"Drvr_Alc_D";"Drvr_EstSp";"Drvr_Injur";"Drvr_Race";"Drvr_Sex";"Drvr_VehTy";"ExcsSpdInd";"Hit_Run";"Light_Cond";"Locality";"Num_Lanes";"Num_Units";"Rd_Charact";"Rd_Class";"Rd_Conditi";"Rd_Config";"Rd_Defects";"Rd_Feature";"Rd_Surface";"Region";"Rural_Urba";"Speed_Limi";"Traff_Cntr";"Weather";"Workzone_I";"Location"
"3084";315;316;"No";"20-24";20;"No";"With Traffic";"B: Evident Injury";"Bike Lane / Paved Shoulder";"White";"Male";"None - Rural Crash";"Wilson";"No";"01-01-07";2009-06-28;"Bicyclist Right Turn / Merge";17;"Non-Intersection";"01-06-01";1-01-01 17:37:58;"Bicyclist Right Turn - Same Direction";321223;2009;"B: Evident Injury";"Farms, Woods, Pastures";"50-59";52;"No";"51-55 mph";"B: Evident Injury";"White";"Male";"Motorcycle";"No";"No";"Daylight";"Mixed (30% To 70% Developed)";"4 lanes";2;"Straight - Level";"US Route";"Dry";"Two-Way, Divided, Unprotected Median";"None";"No Special Feature";"Coarse Asphalt";"Coastal";"Rural";"50 - 55  MPH";"No Control Present";"Clear";"No";"35.76409, -78.011024"
"3085";317;318;"Yes";"20-24";21;"No";"With Traffic";"B: Evident Injury";"Travel Lane";"White";"Male";"None - Rural Crash";"Haywood";"No";NA;2009-06-22;"Motorist Overtaking Bicyclist";16;"Non-Intersection";"01-06-01";1-01-01 16:47:58;"Motorist Overtaking - Other /";311239;2009;"B: Evident Injury";"Farms, Woods, Pastures";NA;NA;"Missing";"36-40 mph";"Injury";"/Missing";NA;NA;"No";"Yes";"Daylight";"Rural (<30% Developed)";"3 lanes";2;"Straight - Level";"NC Route";"Dry";"Two-Way, Not Divided";"None";"No Special Feature";"Coarse Asphalt";"Mountains";"Rural";"50 - 55  MPH";"No Control Present";"Clear";"No";"35.584183, -82.94311"
"3086";319;320;"Yes";"20-24";22;"No";"Not Applicable";"C: Possible Injury";NA;"Black";"Male";"Raleigh";"Wake";"No";NA;2009-06-15;"Bicyclist Failed to Yield - Midblock";16;"Non-Intersection";"01-06-01";1-01-01 16:22:58;"Bicyclist Ride Out - Midblock -";393319;2009;"C: Possible Injury";"Residential";NA;NA;"No";"41-45 mph";"Injury";"/Missing";NA;"Sport Utility";"Yes";"Yes";"Daylight";"Urban (>70% Developed)";"2 lanes";2;"Straight - Level";"Local Street";"Dry";"Two-Way, Not Divided";"None";"No Special Feature";"Smooth Asphalt";"Piedmont";"Urban";"30 - 35  MPH";"No Control Present";"Clear";"No";"35.77201, -78.59304"
"3087";329;330;"Yes";"10-Jun";9;"No";"Not Applicable";"C: Possible Injury";NA;"Black";"Female";"Smithfield";"Johnston";"No";"01-01-06";2009-06-20;"Bicyclist Failed to Yield - Midblock";11;"Non-Intersection";"01-06-01";1-01-01 11:10:58;"Bicyclist Ride Out - Midblock -";393319;2009;"C: Possible Injury";"Residential";"70+";NA;"No";"21-25 mph";"O: No Injury";"Black";"Female";"Sport Utility";"No";"No";"Daylight";"Urban (>70% Developed)";"2 lanes";2;"Straight - Level";"Local Street";"Dry";"Two-Way, Not Divided";"None";"No Special Feature";"Smooth Asphalt";"Coastal";"Urban";"20 - 25  MPH";"No Control Present";"Clear";"No";"35.49612, -78.34752"
"3088";330;331;"Yes";"25-29";27;"No";"With Traffic";"B: Evident Injury";"Travel Lane";"White";"Male";"Sylva";"Jackson";"No";"01-01-05";2009-06-26;"Head-On";17;"Non-Intersection";"01-06-01";1-01-01 17:14:58;"Head-On - Bicyclist";311250;2009;"B: Evident Injury";"Commercial";"70+";NA;"No";"6-10 mph";"O: No Injury";"White";"Male";"Pickup";"No";"No";"Daylight";"Urban (>70% Developed)";"2 lanes";2;"Straight - Grade";"Public Vehicular Area";"Dry";"Two-Way, Not Divided";"None";"Driveway, Public";"Smooth Asphalt";"Mountains";"Rural";"5 - 15 MPH";"No Control Present";"Clear";"No";"35.373833, -83.213"
"3089";333;334;"Yes";"15-Nov";12;"No";"Not Applicable";"C: Possible Injury";"Sidewalk / Crosswalk / Driveway Crossing";"Black";"Male";"Edenton";"Chowan";"No";"01-01-02";2009-06-30;"Bicyclist Failed to Yield - Midblock";17;"Non-Intersection";"01-06-01";1-01-01 17:28:58;"Bicyclist Ride Out - Other Midblock";333318;2009;"C: Possible Injury";"Residential";"50-59";51;"No";NA;"O: No Injury";"Black";"Female";"Passenger Car";"No";"No";"Daylight";"Urban (>70% Developed)";"2 lanes";2;"Straight - Level";"Local Street";"Dry";"Two-Way, Not Divided";"None";"No Special Feature";"Coarse Asphalt";"Coastal";"Urban";NA;"No Control Present";"Clear";"No";"36.063725, -76.6032"
"3090";338;339;"Yes";"40-49";43;"No";"With Traffic";"C: Possible Injury";"Travel Lane";"White";"Male";"Wilmington";"New Hanover";"No";"01-01-06";2009-06-27;"Crossing Paths - Other Circumstances";17;"Intersection";"01-06-01";1-01-01 17:05:58;"Crossing Paths - Intersection - Other /";111180;2009;"C: Possible Injury";"Commercial";"25-29";28;"No";"21-25 mph";"O: No Injury";"White";"Male";"Passenger Car";"No";"No";"Daylight";"Urban (>70% Developed)";"5 lanes";2;"Straight - Level";"Local Street";"Dry";"Two-Way, Not Divided";"None";"No Special Feature";"Smooth Asphalt";"Coastal";"Urban";"30 - 35  MPH";"No Control Present";"Cloudy";"No";"34.214256, -77.886604"
"3091";343;344;"No";"25-29";26;"No";"Facing Traffic";"O: No Injury";"Sidewalk / Crosswalk / Driveway Crossing";"White";"Male";"Boone";"Watauga";"No";"01-01-03";2009-07-08;"Motorist Failed to Yield - Midblock";16;"Non-Intersection";"01-07-01";1-01-01 16:48:58;"Motorist Drive Out - Commercial Driveway / Alley";332322;2009;"O: No Injury";"Commercial";"0-19";16;"No";"6-10 mph";"O: No Injury";"White";"Female";"Pickup";"No";"No";"Daylight";"Urban (>70% Developed)";NA;2;"Straight - Level";"Public Vehicular Area";"Dry";"Two-Way, Not Divided";"None";"No Special Feature";"Smooth Asphalt";"Mountains";"Urban";NA;"No Control Present";"Clear";"No";"36.20327, -81.66558"
"3092";347;348;"Yes";"25-29";26;"No";"With Traffic";"C: Possible Injury";"Travel Lane";"White";"Male";"None - Rural Crash";"Wilson";"No";"01-01-06";2009-07-18;"Bicyclist Left Turn / Merge";9;"Non-Intersection";"01-07-01";1-01-01 09:43:58;"Bicyclist Left Turn - Same Direction";311221;2009;"C: Possible Injury";"Farms, Woods, Pastures";"40-49";45;"No";"51-55 mph";"O: No Injury";"White";"Female";"Pickup";"No";"No";"Daylight";"Rural (<30% Developed)";"2 lanes";2;"Straight - Level";"NC Route";"Dry";"Two-Way, Not Divided";"None";"No Special Feature";"Smooth Asphalt";"Coastal";"Rural";"50 - 55  MPH";"Double Yellow Line, No Passing Zone";"Cloudy";"No";"35.731434, -77.84645"
"3093";355;356;"No";"40-49";49;"No";"With Traffic";"C: Possible Injury";"Travel Lane";"Black";"Female";"Raleigh";"Wake";"No";"01-01-07";2009-04-12;"Parallel Paths - Other Circumstances";15;"Intersection";"01-04-01";1-01-01 15:34:58;"Parallel Paths - Other /";111280;2009;"C: Possible Injury";"Residential";"50-59";55;"No";"26-30 mph";"O: No Injury";"Black";"Female";"Passenger Car";"No";"No";"Daylight";"Urban (>70% Developed)";"2 lanes";2;"Straight - Level";"Local Street";"Dry";"Two-Way, Not Divided";"None";"No Special Feature";"Smooth Asphalt";"Piedmont";"Urban";"30 - 35  MPH";"No Control Present";"Clear";"No";"35.772366, -78.58728"
"3094";360;361;"Yes";"30-39";31;"No";NA;"C: Possible Injury";"Multi-use Path";"White";"Female";"Duck";"Dare";"No";"01-01-05";2009-07-10;"Motorist Failed to Yield - Sign-Controlled Intersection";9;"Intersection";"01-07-01";1-01-01 09:55:58;"Motorist Drive Out - Sign-Controlled Intersection";149141;2009;"C: Possible Injury";"Residential";"25-29";29;"No";"0-5 mph";"O: No Injury";"White";"Male";"Passenger Car";"No";"No";"Daylight";"Mixed (30% To 70% Developed)";"2 lanes";2;"Straight - Level";"Local Street";"Dry";"Two-Way, Not Divided";"None";"No Special Feature";"Coarse Asphalt";"Coastal";"Rural";"5 - 15 MPH";"Stop Sign";"Clear";"No";"36.156914, -75.74721"
"3095";367;368;"No";"40-49";45;"No";"With Traffic";"B: Evident Injury";"Sidewalk / Crosswalk / Driveway Crossing";"White";"Male";"Charlotte";"Mecklenburg";"No";"01-01-05";2009-05-01;"Motorist Left Turn / Merge";18;"Intersection";"01-05-01";1-01-01 18:47:58;"Motorist Left Turn - Opposite Direction";131212;2009;"B: Evident Injury";"Residential";"0-19";14;"No";"31-35 mph";"O: No Injury";"Black";"Male";"Passenger Car";"No";"No";"Daylight";"Rural (<30% Developed)";"5 lanes";2;"Straight - Level";"Local Street";"Dry";"Two-Way, Divided, Unprotected Median";"None";"Four-Way Intersection";"Smooth Asphalt";"Piedmont";"Urban";"30 - 35  MPH";"Stop And Go Signal";"Clear";"No";"35.186047, -80.72991"
"3096";369;370;"Yes";"20-24";22;"No";"With Traffic";"A: Disabling Injury";"Travel Lane";"Black";"Male";"Fayetteville";"Cumberland";"No";"01-01-03";2009-07-15;"Loss of Control / Turning Error";19;"Non-Intersection";"01-07-01";1-01-01 19:52:58;"Bicyclist Lost Control - Other /";311129;2009;"A: Disabling Injury";"Residential";NA;NA;"Missing";NA;"Injury";"/Missing";NA;NA;"No";"Yes";"Dusk";"Urban (>70% Developed)";"2 lanes";2;"Straight - Level";"Local Street";"Dry";"Two-Way, Not Divided";"Work Zone";"No Special Feature";"Coarse Asphalt";"Coastal";"Urban";"30 - 35  MPH";"Flashing Signal With Stop Sign";"Clear";"No";"35.05263, -78.89622"
"3097";371;372;"Yes";"40-49";46;"No";"With Traffic";"C: Possible Injury";"Travel Lane";"White";"Female";"Wrightsville Beach";"New Hanover";"No";"01-01-07";2009-05-31;"Bicyclist Overtaking Motorist";11;"Non-Intersection";"01-05-01";1-01-01 11:24:58;"Bicyclist Overtaking - Extended Door";311244;2009;"C: Possible Injury";"Residential";"40-49";43;"No";NA;"O: No Injury";"White";"Male";"Sport Utility";"No";"No";"Daylight";"Urban (>70% Developed)";"4 lanes";2;"Straight - Level";"Local Street";"Dry";"Two-Way, Not Divided";"None";"No Special Feature";"Coarse Asphalt";"Coastal";"Rural";"20 - 25  MPH";"No Control Present";"Clear";"No";"34.19577, -77.805786"
"3098";380;381;"No";"30-39";30;"No";"With Traffic";"B: Evident Injury";"Travel Lane";"White";"Female";"Apex";"Wake";"No";"01-01-07";2009-07-19;"Motorist Left Turn / Merge";12;"Intersection";"01-07-01";1-01-01 12:20:58;"Motorist Left Turn - Opposite Direction";111212;2009;"B: Evident Injury";"Commercial";"60-69";69;"No";"11-15 mph";"O: No Injury";"White";"Female";"Passenger Car";"No";"No";"Daylight";"Urban (>70% Developed)";"2 lanes";2;"Straight - Grade";"Local Street";"Dry";"Two-Way, Not Divided";"None";"Four-Way Intersection";"Smooth Asphalt";"Piedmont";"Urban";"30 - 35  MPH";"No Control Present";"Clear";"No";"35.74037, -78.85881"
"3099";381;382;"Yes";"15-Nov";14;"No";"Facing Traffic";"B: Evident Injury";"Travel Lane";"White";"Male";"Hickory";"Catawba";"No";"01-01-03";2009-07-22;"Bicyclist Failed to Yield - Sign-Controlled Intersection";18;"Intersection";"01-07-01";1-01-01 18:02:58;"Bicyclist Ride Through - Sign-Controlled Intersection";112144;2009;"B: Evident Injury";"Residential";"0-19";19;"No";"31-35 mph";"O: No Injury";"White";"Female";"Passenger Car";"No";"No";"Daylight";"Urban (>70% Developed)";"2 lanes";2;"Straight - Grade";"Local Street";"Wet";"Two-Way, Not Divided";"None";"Related To Intersection";"Smooth Asphalt";"Piedmont";"Urban";"30 - 35  MPH";"Stop Sign";"Cloudy";"No";"35.72828, -81.37019"
"3100";382;383;"No";"16-19";18;"No";"Facing Traffic";"C: Possible Injury";"Travel Lane";"Black";"Male";"Charlotte";"Mecklenburg";"No";NA;2009-07-20;"Motorist Failed to Yield - Sign-Controlled Intersection";18;"Intersection";"01-07-01";1-01-01 18:00:58;"Motorist Drive Out - Sign-Controlled Intersection";112141;2009;"C: Possible Injury";"Residential";NA;NA;"Missing";"11-15 mph";"Injury";"/Missing";NA;"Passenger Car";"No";"Yes";"Daylight";"Urban (>70% Developed)";"2 lanes";2;"Straight - Level";"Local Street";"Dry";"Two-Way, Not Divided";"None";"No Special Feature";"Smooth Asphalt";"Piedmont";"Urban";"30 - 35  MPH";"Stop Sign";"Clear";"No";"35.23966, -80.801094"
"3101";292;293;"No";"40-49";42;"No";"With Traffic";"B: Evident Injury";"Travel Lane";"White";"Male";"None - Rural Crash";"Wake";"No";"01-01-02";2009-06-30;"Bicyclist Right Turn / Merge";18;"Intersection";"01-06-01";1-01-01 18:29:58;"Bicyclist Right Turn - Same Direction";111223;2009;"B: Evident Injury";"Farms, Woods, Pastures";"25-29";27;"No";"41-45 mph";"O: No Injury";"White";"Male";"Passenger Car";"No";"No";"Daylight";"Rural (<30% Developed)";"2 lanes";2;"Straight - Grade";"State Secondary Route";"Dry";"Two-Way, Not Divided";"None";"T-Intersection";"Coarse Asphalt";"Piedmont";"Rural";"40 - 45  MPH";"Double Yellow Line, No Passing Zone";"Clear";"No";"35.654915, -78.925835"
"3102";302;303;"Yes";"16-19";16;"No";"With Traffic";"C: Possible Injury";"Travel Lane";"Black";"Male";"High Point";"Guilford";"No";"01-01-04";2009-06-25;"Parallel Paths - Other Circumstances";23;"Intersection";"01-06-01";1-01-01 23:06:58;"Motorist Turn / Merge - Other /";111219;2009;"C: Possible Injury";"Residential";"50-59";55;"No";"0-5 mph";"O: No Injury";"White";"Female";"Passenger Car";"No";"No";"Dark - Lighted Roadway";"Urban (>70% Developed)";"4 lanes";2;"Straight - Level";"Local Street";"Dry";"Two-Way, Not Divided";"None";"T-Intersection";"Coarse Asphalt";"Piedmont";"Urban";"30 - 35  MPH";"Stop Sign";"Clear";"No";"35.997658, -80.02825"
"3103";316;317;"Yes";"25-29";25;"No";"With Traffic";"A: Disabling Injury";"Travel Lane";"White";"Male";"None - Rural Crash";"Onslow";"No";"01-01-07";2009-06-28;"Motorist Overtaking Bicyclist";21;"Non-Intersection";"01-06-01";1-01-01 21:13:58;"Motorist Overtaking - Other /";311239;2009;"A: Disabling Injury";"Farms, Woods, Pastures";NA;NA;"Missing";"41-45 mph";"Injury";"/Missing";NA;NA;"No";"Yes";"Dark - Roadway Not Lighted";"Rural (<30% Developed)";"3 lanes";2;"Straight - Level";"NC Route";"Dry";"Two-Way, Not Divided";"None";"Driveway, Private";"Coarse Asphalt";"Coastal";"Rural";"40 - 45  MPH";"No Control Present";"Clear";"No";"34.73595, -77.56597"
"3104";323;324;"No";"40-49";48;"No";"With Traffic";"B: Evident Injury";"Travel Lane";"White";"Male";"None - Rural Crash";"Richmond";"No";"01-01-06";2009-07-04;"Motorist Overtaking Bicyclist";19;"Intersection";"01-07-01";1-01-01 19:29:58;"Motorist Overtaking - Other /";111239;2009;"B: Evident Injury";"Residential";"20-24";22;"No";"31-35 mph";"Injury";"White";"Female";"Passenger Car";"No";"Yes";"Daylight";"Urban (>70% Developed)";"2 lanes";2;"Straight - Level";"State Secondary Route";"Dry";"Two-Way, Not Divided";"None";"T-Intersection";"Smooth Asphalt";"Piedmont";"Rural";"30 - 35  MPH";"Double Yellow Line, No Passing Zone";"Clear";"No";"34.921494, -79.76793"
"3105";331;332;"No";"15-Nov";14;"No";"With Traffic";"B: Evident Injury";"Travel Lane";"White";"Male";"Asheville";"Buncombe";"No";NA;2009-06-29;"Bicyclist Failed to Yield - Signalized Intersection";18;"Intersection";"01-06-01";1-01-01 18:16:58;"Bicyclist Ride Through - Signalized Intersection";111155;2009;"B: Evident Injury";"Commercial";"25-29";26;"No";"41-45 mph";"O: No Injury";"White";"Male";"Passenger Car";"No";"No";"Daylight";"Urban (>70% Developed)";"8 lanes";2;"Straight - Level";"US Route";"Dry";"Two-Way, Divided, Positive Median Barrier";"None";"Four-Way Intersection";"Concrete";"Mountains";"Urban";"40 - 45  MPH";"Stop And Go Signal";"Clear";"No";"35.58661, -82.59188"
"3106";339;340;"No";"20-24";23;"Yes";NA;"K: Killed";"Bike Lane / Paved Shoulder";"Black";"Male";"Fayetteville";"Cumberland";"Yes";"01-01-05";2009-07-03;"Crossing Paths - Other Circumstances";21;"Intersection-Related";"01-07-01";1-01-01 21:55:58;"Sign-Controlled Intersection - Other /";229148;2009;"K: Killed";"Commercial";"0-19";16;"No";"46-50 mph";"C: Possible Injury";"Black";"Female";"Passenger Car";"No";"No";"Dark - Lighted Roadway";"Urban (>70% Developed)";"4 lanes";3;"Straight - Level";"Local Street";"Dry";"Two-Way, Divided, Unprotected Median";"None";"Four-Way Intersection";"Coarse Asphalt";"Coastal";"Urban";"50 - 55  MPH";"Stop And Go Signal";"Clear";"No";"35.058243, -78.992836"
"3107";341;342;"Yes";"30-39";36;"No";"Facing Traffic";"C: Possible Injury";"Travel Lane";"Black";"Male";"None - Rural Crash";"New Hanover";"No";"01-01-02";2009-07-07;"Motorist Failed to Yield - Sign-Controlled Intersection";15;"Intersection";"01-07-01";1-01-01 15:44:58;"Motorist Drive Out - Sign-Controlled Intersection";112141;2009;"C: Possible Injury";"Residential";"40-49";48;"No";"0-5 mph";"O: No Injury";"White";"Female";"Passenger Car";"No";"No";"Daylight";"Urban (>70% Developed)";"4 lanes";2;"Straight - Level";"US Route";"Dry";"Two-Way, Divided, Unprotected Median";"None";"T-Intersection";"Coarse Asphalt";"Coastal";"Rural";"50 - 55  MPH";"Stop Sign";"Cloudy";"No";"34.094852, -77.89784"
"3108";351;352;"Yes";"10-Jun";8;"No";"With Traffic";"B: Evident Injury";"Sidewalk / Crosswalk / Driveway Crossing";"Black";"Male";"Greensboro";"Guilford";"No";"01-01-04";2009-07-09;"Bicyclist Failed to Yield - Sign-Controlled Intersection";14;"Intersection";"01-07-01";1-01-01 14:31:58;"Bicyclist Ride Through - Sign-Controlled Intersection";131144;2009;"B: Evident Injury";"Residential";"40-49";47;"No";"21-25 mph";"O: No Injury";"Black";"Male";"Pickup";"No";"No";"Daylight";"Urban (>70% Developed)";"2 lanes";2;"Straight - Hillcrest";"Local Street";"Dry";"Two-Way, Not Divided";"None";"T-Intersection";"Smooth Asphalt";"Piedmont";"Urban";"20 - 25  MPH";"Stop Sign";"Clear";"No";"36.063557, -79.78272"
"3109";354;355;"Yes";"16-19";19;"No";"With Traffic";"C: Possible Injury";"Travel Lane";"White";"Female";"None - Rural Crash";"New Hanover";"No";"01-01-06";2009-07-04;"Motorist Overtaking Bicyclist";20;"Non-Intersection";"01-07-01";1-01-01 20:49:58;"Motorist Overtaking - Undetected Bicyclist";311231;2009;"C: Possible Injury";"Commercial";"20-24";21;"No";"41-45 mph";"O: No Injury";"White";"Female";"Passenger Car";"No";"No";"Dusk";"Mixed (30% To 70% Developed)";"5 lanes";2;"Straight - Level";"NC Route";"Dry";"Two-Way, Divided, Unprotected Median";"None";"No Special Feature";"Smooth Asphalt";"Coastal";"Rural";"40 - 45  MPH";"No Control Present";"Clear";"No";"34.16604, -77.89144"
"3110";364;365;"Yes";"15-Nov";14;"No";"With Traffic";"B: Evident Injury";"Travel Lane";"Black";"Male";"None - Rural Crash";"Pitt";"No";"01-01-03";2009-07-15;"Motorist Overtaking Bicyclist";14;"Non-Intersection";"01-07-01";1-01-01 14:32:58;"Motorist Overtaking - Bicyclist Swerved";311235;2009;"B: Evident Injury";"Farms, Woods, Pastures";"40-49";49;"No";"46-50 mph";"O: No Injury";"White";"Female";"Sport Utility";"No";"No";"Daylight";"Rural (<30% Developed)";"2 lanes";2;"Straight - Level";"State Secondary Route";"Dry";"Two-Way, Not Divided";"None";"No Special Feature";"Coarse Asphalt";"Coastal";"Rural";"50 - 55  MPH";"No Control Present";"Clear";"No";"35.52624, -77.31117"
"3111";366;367;"Yes";"40-49";40;"No";"With Traffic";"B: Evident Injury";"Travel Lane";"Black";"Male";"Winston-Salem";"Forsyth";"Yes";"01-01-05";2009-07-10;"Motorist Left Turn / Merge";0;"Intersection";"01-07-01";1-01-01 00:47:58;"Motorist Left Turn - Opposite Direction";111212;2009;"B: Evident Injury";"Commercial";"0-19";19;"Yes";"0-5 mph";"O: No Injury";"Black";"Male";"Passenger Car";"No";"No";"Dark - Lighted Roadway";"Urban (>70% Developed)";"2 lanes";2;"Straight - Grade";"Local Street";"Dry";"Two-Way, Not Divided";"None";"Four-Way Intersection";"Coarse Asphalt";"Piedmont";"Urban";"30 - 35  MPH";"Stop And Go Signal";"Clear";"No";"36.09642, -80.25642"
"3112";368;369;"Yes";"60-69";60;"No";"Not Applicable";"B: Evident Injury";"Travel Lane";"White";"Female";"Beaufort";"Carteret";"No";"01-01-05";2009-07-24;"Non-Roadway";11;"Non-Roadway";"01-07-01";1-01-01 11:29:58;"Non-Roadway";410910;2009;"B: Evident Injury";"Commercial";"50-59";57;"No";"11-15 mph";"O: No Injury";"White";"Male";"Pickup";"No";"No";"Daylight";"Urban (>70% Developed)";"2 lanes";2;"Straight - Level";"Public Vehicular Area";"Dry";"Two-Way, Not Divided";"None";"Driveway, Public";"Coarse Asphalt";"Coastal";"Rural";"30 - 35  MPH";"No Control Present";"Cloudy";"No";"34.72436, -76.64756"
"3113";373;374;"Yes";"30-39";32;"No";"With Traffic";"B: Evident Injury";"Travel Lane";"White";"Female";"Charlotte";"Mecklenburg";"No";"01-01-03";2009-07-15;"Motorist Failed to Yield - Sign-Controlled Intersection";19;"Intersection";"01-07-01";1-01-01 19:22:58;"Motorist Drive Out - Sign-Controlled Intersection";111141;2009;"B: Evident Injury";"Residential";"50-59";54;"No";"6-10 mph";"O: No Injury";"White";"Male";"Sport Utility";"No";"No";"Daylight";"Urban (>70% Developed)";"2 lanes";2;"Straight - Level";"Local Street";"Dry";"Two-Way, Not Divided";"None";"No Special Feature";"Smooth Asphalt";"Piedmont";"Urban";"30 - 35  MPH";"Stop Sign";"Clear";"No";"35.03165, -80.79256"
"3114";376;377;"No";"25-29";26;"No";"Not Applicable";"O: No Injury";"Non-Roadway";"White";"Male";"Durham";"Durham";"No";NA;2009-07-27;"Non-Roadway";8;"Non-Roadway";"01-07-01";1-01-01 07:59:58;"Non-Roadway";460910;2009;"O: No Injury";"Residential";"20-24";24;"No";"0-5 mph";"O: No Injury";"White";"Male";"Passenger Car";"No";"No";"Daylight";"Urban (>70% Developed)";"2 lanes";2;"Straight - Grade";"Public Vehicular Area";"Dry";"Two-Way, Not Divided";"None";"No Special Feature";"Smooth Asphalt";"Piedmont";"Urban";"5 - 15 MPH";"No Control Present";"Clear";"No";"35.918606, -78.91196"
"3115";383;384;"No";"50-59";59;"No";NA;"O: No Injury";"Driveway / Alley";"/Missing";"Male";"Rocky Mount";"Nash";"No";NA;2009-07-13;"Motorist Overtaking Bicyclist";18;"Non-Intersection";"01-07-01";1-01-01 18:48:58;"Motorist Overtaking - Other /";359239;2009;"O: No Injury";"Commercial";NA;NA;"Missing";NA;"Injury";"/Missing";NA;"Passenger Car";"No";"Yes";"Daylight";"Urban (>70% Developed)";"2 lanes";2;"Straight - Level";"Local Street";"Dry";"Two-Way, Not Divided";"None";"Alley Intersection";"Coarse Asphalt";"Coastal";"Urban";"5 - 15 MPH";"No Control Present";"Clear";"No";"35.9433, -77.79573"
"3116";387;388;"No";"40-49";44;"Yes";"Facing Traffic";"C: Possible Injury";"Sidewalk / Crosswalk / Driveway Crossing";"White";"Male";"Charlotte";"Mecklenburg";"Yes";"01-01-05";2009-07-24;"Motorist Right Turn / Merge";20;"Intersection";"01-07-01";1-01-01 20:50:58;"Motorist Right Turn - Opposite Direction";132214;2009;"C: Possible Injury";"Commercial";"60-69";68;"No";"11-15 mph";"O: No Injury";"White";"Male";"Passenger Car";"No";"No";"Dusk";"Urban (>70% Developed)";"2 lanes";2;"Straight - Grade";"Local Street";"Dry";"One-Way, Not Divided";"None";"No Special Feature";"Smooth Asphalt";"Piedmont";"Urban";"30 - 35  MPH";"No Control Present";"Clear";"No";"35.214737, -80.83207"
"3117";393;394;"No";"40-49";45;"No";"With Traffic";"B: Evident Injury";"Travel Lane";"/Missing";"Male";"Charlotte";"Mecklenburg";"No";"01-01-02";2009-07-28;"Motorist Overtaking Bicyclist";16;"Non-Intersection";"01-07-01";1-01-01 16:15:58;"Motorist Overtaking - Other /";311239;2009;"B: Evident Injury";"Commercial";NA;NA;"Missing";"31-35 mph";"Injury";"/Missing";NA;NA;"No";"Yes";"Dawn";"Urban (>70% Developed)";"4 lanes";2;"Straight - Level";"Local Street";"Dry";"Two-Way, Divided, Unprotected Median";"None";"No Special Feature";"Smooth Asphalt";"Piedmont";"Urban";"30 - 35  MPH";"No Control Present";"Clear";"No";"35.251175, -80.81205"
"3118";397;398;"Yes";"20-24";20;"No";"Facing Traffic";"B: Evident Injury";"Sidewalk / Crosswalk / Driveway Crossing";"White";"Male";"Apex";"Wake";"No";NA;2009-07-27;"Motorist Right Turn / Merge";20;"Intersection";"01-07-01";1-01-01 20:43:58;"Motorist Right Turn - Opposite Direction";132214;2009;"B: Evident Injury";"Commercial";"60-69";65;"No";"31-35 mph";"O: No Injury";"White";"Female";"Sport Utility";"No";"No";"Dark - Lighted Roadway";"Urban (>70% Developed)";"5 lanes";2;"Straight - Level";"NC Route";"Dry";"Two-Way, Not Divided";"None";"Four-Way Intersection";"Smooth Asphalt";"Piedmont";"Urban";"40 - 45  MPH";"Stop And Go Signal";"Clear";"No";"35.735813, -78.86255"
"3119";407;408;"Yes";"50-59";54;"No";"With Traffic";"C: Possible Injury";"Travel Lane";"White";"Male";"Charlotte";"Mecklenburg";"No";"01-01-06";2009-08-01;"Motorist Overtaking Bicyclist";10;"Non-Intersection";"01-08-01";1-01-01 10:22:58;"Motorist Overtaking - Undetected Bicyclist";311231;2009;"C: Possible Injury";"Commercial";"70+";NA;"No";"41-45 mph";"O: No Injury";"White";"Male";"Passenger Car";"No";"No";"Daylight";"Urban (>70% Developed)";"4 lanes";2;"Straight - Grade";"Local Street";"Dry";"Two-Way, Divided, Unprotected Median";"None";"No Special Feature";"Smooth Asphalt";"Piedmont";"Urban";"40 - 45  MPH";"No Control Present";"Cloudy";"No";"35.093422, -80.77647"
"3120";409;410;"Yes";"20-24";22;"Yes";"With Traffic";"A: Disabling Injury";"Travel Lane";"White";"Male";"Durham";"Durham";"Yes";"01-01-06";2009-08-08;"Motorist Left Turn / Merge";23;"Intersection";"01-08-01";1-01-01 23:50:58;"Motorist Left Turn - Opposite Direction";111212;2009;"A: Disabling Injury";"Residential";"25-29";26;"No";"31-35 mph";"O: No Injury";"Black";"Female";"Passenger Car";"No";"Yes";"Dark - Roadway Not Lighted";"Urban (>70% Developed)";"2 lanes";2;"Straight - Grade";"Local Street";"Dry";"Two-Way, Not Divided";"None";"Four-Way Intersection";"Smooth Asphalt";"Piedmont";"Urban";"30 - 35  MPH";"Stop And Go Signal";"Clear";"No";"35.94335, -78.98319"