"FID";"OBJECTID";"AmbulanceR";"BikeAge_Gr";"Bike_Age";"Bike_Alc_D";"Bike_Dir";"Bike_Injur";"Bike_Pos";"Bike_Race";"Bike_Sex";"City";"County";"CrashAlcoh";"CrashDay";"Crash_Date";"Crash_Grp";"Crash_Hour";"Crash_Loc";"Crash_Mont";"Crash_Time";"Crash_Type";"Crash_Ty_1";"Crash_Year";"Crsh_Sevri";"Developmen";"DrvrAge_Gr";"Drvr_Age";"Drvr_Alc_D";"Drvr_EstSp";"Drvr_Injur";"Drvr_Race";"Drvr_Sex";"Drvr_VehTy";"ExcsSpdInd";"Hit_Run";"Light_Cond";"Locality";"Num_Lanes";"Num_Units";"Rd_Charact";"Rd_Class";"Rd_Conditi";"Rd_Config";"Rd_Defects";"Rd_Feature";"Rd_Surface";"Region";"Rural_Urba";"Speed_Limi";"Traff_Cntr";"Weather";"Workzone_I";"Location"
"3121";425;426;"Yes";"40-49";42;"No";"With Traffic";"C: Possible Injury";"Travel Lane";"White";"Female";"None - Rural Crash";"Wake";"No";"01-01-04";2009-08-06;"Motorist Overtaking Bicyclist";18;"Non-Intersection";"01-08-01";1-01-01 18:52:58;"Motorist Overtaking - Other /";311239;2009;"C: Possible Injury";"Farms, Woods, Pastures";"50-59";50;"No";"31-35 mph";"O: No Injury";"White";"Male";"Pickup";"No";"No";"Daylight";"Mixed (30% To 70% Developed)";"2 lanes";2;"Straight - Hillcrest";"State Secondary Route";"Dry";"Two-Way, Not Divided";"None";"No Special Feature";"Coarse Asphalt";"Piedmont";"Rural";"40 - 45  MPH";"Double Yellow Line, No Passing Zone";"Clear";"No";"36.013577, -78.56324"
"3122";436;437;"No";"10-Jun";9;"No";"Facing Traffic";"Injury";"Travel Lane";"Black";"Male";"Asheville";"Buncombe";"No";"01-01-05";2009-06-05;"Crossing Paths - Other Circumstances";17;"Intersection";"01-06-01";1-01-01 17:03:58;"Crossing Paths - Intersection - Other /";112180;2009;"C: Possible Injury";"Residential";"40-49";42;"No";"16-20 mph";"O: No Injury";"Black";"Female";"Passenger Car";"No";"No";"Daylight";"Urban (>70% Developed)";"2 lanes";2;"Straight - Grade";"Local Street";"Dry";"Two-Way, Not Divided";"None";"Four-Way Intersection";"Smooth Asphalt";"Mountains";"Urban";"20 - 25  MPH";"Other";"Clear";"No";"35.56743, -82.57855"
"3123";446;447;"Yes";"20-24";21;"No";"With Traffic";"B: Evident Injury";"Travel Lane";"White";"Female";"Chapel Hill";"Orange";"Yes";"01-01-04";2009-08-06;"Motorist Failed to Yield - Signalized Intersection";16;"Intersection";"01-08-01";1-01-01 16:14:58;"Motorist Drive Through - Signalized Intersection";111154;2009;"B: Evident Injury";"Institutional";"20-24";22;"Yes";"11-15 mph";"O: No Injury";"White";"Male";"Passenger Car";"No";"No";"Daylight";"Urban (>70% Developed)";NA;2;"Straight - Grade";"Local Street";"Dry";"One-Way, Not Divided";"None";"No Special Feature";"Coarse Asphalt";"Piedmont";"Urban";"20 - 25  MPH";"Stop And Go Signal";"Clear";"No";"35.910667, -79.05426"
"3124";451;452;"No";"30-39";31;"No";"With Traffic";"C: Possible Injury";"Sidewalk / Crosswalk / Driveway Crossing";"White";"Male";"Raleigh";"Wake";"No";"01-01-02";2009-08-11;"Motorist Failed to Yield - Sign-Controlled Intersection";16;"Intersection";"01-08-01";1-01-01 16:44:58;"Motorist Drive Out - Sign-Controlled Intersection";131141;2009;"C: Possible Injury";"Commercial";"25-29";26;"No";"0-5 mph";"O: No Injury";"White";"Male";"Passenger Car";"No";"No";"Daylight";"Urban (>70% Developed)";NA;2;"Straight - Grade";"Public Vehicular Area";"Dry";"Two-Way, Not Divided";"None";"No Special Feature";"Smooth Asphalt";"Piedmont";"Urban";"5 - 15 MPH";"Stop Sign";"Clear";"No";"35.84283, -78.64345"
"3125";454;455;"Yes";"15-Nov";15;"No";"With Traffic";"C: Possible Injury";"Bike Lane / Paved Shoulder";"White";"Male";"None - Rural Crash";"Pitt";"No";"01-01-05";2009-07-17;"Motorist Overtaking Bicyclist";15;"Non-Intersection";"01-07-01";1-01-01 15:29:58;"Motorist Overtaking - Bicyclist Swerved";321235;2009;"C: Possible Injury";"Farms, Woods, Pastures";"30-39";39;"No";"51-55 mph";"O: No Injury";"Black";"Male";"Passenger Car";"No";"No";"Daylight";"Rural (<30% Developed)";"2 lanes";2;"Straight - Grade";"NC Route";"Wet";"Two-Way, Not Divided";"None";"No Special Feature";"Coarse Asphalt";"Coastal";"Rural";"50 - 55  MPH";"Double Yellow Line, No Passing Zone";"Rain";"No";"35.425457, -77.260925"
"3126";462;463;"Yes";"20-24";22;"No";"With Traffic";"B: Evident Injury";"Travel Lane";"White";"Male";"Rockingham";"Richmond";"No";"01-01-07";2009-08-23;"Bicyclist Failed to Yield - Sign-Controlled Intersection";18;"Intersection";"01-08-01";1-01-01 18:09:58;"Bicyclist Ride Through - Sign-Controlled Intersection";111144;2009;"B: Evident Injury";"Residential";"25-29";29;"No";"21-25 mph";"O: No Injury";"White";"Male";"Van";"No";"No";"Daylight";"Urban (>70% Developed)";"2 lanes";2;"Straight - Hillcrest";"Local Street";"Dry";"Two-Way, Not Divided";"None";"Four-Way Intersection";"Smooth Asphalt";"Piedmont";"Urban";"30 - 35  MPH";"Stop Sign";"Clear";"No";"34.944496, -79.78071"
"3127";474;475;"Yes";"10-Jun";7;"No";"Not Applicable";"B: Evident Injury";"Non-Roadway";"White";"Male";"Wilmington";"New Hanover";"No";NA;2009-08-24;"Bicyclist Failed to Yield - Midblock";17;"Non-Intersection";"01-08-01";1-01-01 17:37:58;"Bicyclist Ride Out - Other Midblock";363318;2009;"B: Evident Injury";"Residential";"60-69";60;"No";"6-10 mph";"O: No Injury";"White";"Male";"Passenger Car";"No";"No";"Daylight";"Urban (>70% Developed)";"2 lanes";2;"Straight - Level";"Local Street";"Dry";"Two-Way, Not Divided";"None";"Driveway, Public";"Smooth Asphalt";"Coastal";"Urban";"20 - 25  MPH";"No Control Present";"Clear";"No";"34.192734, -77.908806"
"3128";478;479;"Yes";"50-59";52;"No";"With Traffic";"A: Disabling Injury";"Travel Lane";"White";"Male";"None - Rural Crash";"Richmond";"No";"01-01-03";2009-09-02;"Motorist Overtaking Bicyclist";20;"Non-Intersection";"01-09-01";1-01-01 20:14:58;"Motorist Overtaking - Other /";311239;2009;"A: Disabling Injury";"Farms, Woods, Pastures";NA;NA;"No";"51-55 mph";"Injury";"/Missing";NA;"Pickup";"No";"Yes";"Dark - Roadway Not Lighted";"Rural (<30% Developed)";"2 lanes";2;"Straight - Grade";"NC Route";"Dry";"Two-Way, Not Divided";"None";"No Special Feature";"Smooth Asphalt";"Piedmont";"Rural";"50 - 55  MPH";"No Control Present";"Clear";"No";"34.846863, -79.69628"
"3129";481;482;"No";"16-19";17;"No";"With Traffic";"C: Possible Injury";"Travel Lane";"White";"Male";"None - Rural Crash";"Person";"No";"01-01-03";2009-08-05;"Motorist Overtaking Bicyclist";19;"Non-Intersection";"01-08-01";1-01-01 19:45:58;"Motorist Overtaking - Bicyclist Swerved";311235;2009;"C: Possible Injury";"Farms, Woods, Pastures";"30-39";32;"No";"51-55 mph";"O: No Injury";"Black";"Male";"Van";"No";"No";"Daylight";"Rural (<30% Developed)";"2 lanes";2;"Straight - Level";"NC Route";"Dry";"Two-Way, Not Divided";"None";"No Special Feature";"Smooth Asphalt";"Piedmont";"Rural";"50 - 55  MPH";"Double Yellow Line, No Passing Zone";"Cloudy";"No";"36.434635, -79.05561"
"3130";175;176;"No";"10-Jun";6;"No";"Facing Traffic";"B: Evident Injury";"Travel Lane";"White";"Male";"Statesville";"Iredell";"No";"01-01-06";2010-04-17;"Motorist Failed to Yield - Sign-Controlled Intersection";14;"Intersection";"01-04-01";1-01-01 14:14:58;"Motorist Drive Out - Sign-Controlled Intersection";0;2010;"B: Evident Injury";"Residential";"25-29";27;"No";"0-5 mph";"O: No Injury";"White";"Female";"Passenger Car";"No";"No";"Daylight";"Urban (>70% Developed)";"2 lanes";2;"Curve - Level";"Local Street";"Dry";"Two-Way, Not Divided";"None";"T-Intersection";"Smooth Asphalt";"Piedmont";"Urban";"30 - 35  MPH";"Stop Sign";"Clear";"No";"35.796837, -80.88267"
"3131";190;191;"Yes";"50-59";56;"No";"With Traffic";"B: Evident Injury";"Travel Lane";"Black";"Male";"None - Rural Crash";"Hertford";"No";"01-01-07";2010-04-25;"Bicyclist Left Turn / Merge";18;"Non-Intersection";"01-04-01";1-01-01 18:04:58;"Bicyclist Left Turn - Same Direction";0;2010;"B: Evident Injury";"Farms, Woods, Pastures";"25-29";26;"No";"36-40 mph";"O: No Injury";"Black";"Male";"Passenger Car";"No";"No";"Daylight";"Rural (<30% Developed)";"2 lanes";2;"Straight - Level";"State Secondary Route";NA;"Two-Way, Not Divided";"None";"No Special Feature";"Smooth Asphalt";"Coastal";"Rural";"50 - 55  MPH";"No Control Present";"Clear";"No";"36.443092, -77.12053"
"3132";204;205;"Yes";"15-Nov";13;"No";"Facing Traffic";"B: Evident Injury";"Sidewalk / Crosswalk / Driveway Crossing";"White";"Female";"Fayetteville";"Cumberland";"No";"01-01-04";2010-05-06;"Motorist Failed to Yield - Sign-Controlled Intersection";16;"Intersection";"01-05-01";1-01-01 16:03:58;"Motorist Drive Out - Sign-Controlled Intersection";0;2010;"B: Evident Injury";"Residential";"50-59";59;"No";"0-5 mph";"O: No Injury";"Black";"Male";"Pickup";"No";"No";"Daylight";"Urban (>70% Developed)";"3 lanes";2;"Straight - Grade";"Local Street";"Dry";"Two-Way, Divided, Unprotected Median";"None";"Four-Way Intersection";"Coarse Asphalt";"Coastal";"Urban";"30 - 35  MPH";"Stop Sign";"Clear";"No";"35.02864, -78.94467"
"3133";208;209;"Yes";"10-Jun";9;"No";"Not Applicable";"B: Evident Injury";"Travel Lane";"Black";"Male";"Kinston";"Lenoir";"No";"01-01-05";2010-05-07;"Bicyclist Failed to Yield - Midblock";17;"Non-Intersection";"01-05-01";1-01-01 17:57:58;"Bicyclist Ride Out - Other Midblock";0;2010;"B: Evident Injury";"Residential";"70+";NA;"No";"31-35 mph";"O: No Injury";"White";"Female";"Van";"No";"No";"Daylight";"Urban (>70% Developed)";"4 lanes";2;"Straight - Level";"NC Route";"Dry";"Two-Way, Not Divided";"None";"No Special Feature";"Smooth Asphalt";"Coastal";"Urban";"30 - 35  MPH";"No Control Present";"Clear";"No";"35.264606, -77.572395"
"3134";234;235;"Yes";"20-24";20;"No";"With Traffic";"C: Possible Injury";"Travel Lane";"White";"Male";"Davidson";"Mecklenburg";"No";"01-01-04";2010-05-06;"Motorist Overtaking Bicyclist";13;"Non-Intersection";"01-05-01";1-01-01 13:56:58;"Motorist Overtaking - Bicyclist Swerved";0;2010;"C: Possible Injury";"Residential";"30-39";39;"No";"21-25 mph";"O: No Injury";"White";"Female";"Light Truck (Mini-Van, Panel)";"No";"No";"Daylight";"Urban (>70% Developed)";"2 lanes";2;"Curve - Level";"Local Street";"Dry";"Two-Way, Divided, Unprotected Median";"None";"No Special Feature";"Smooth Asphalt";"Piedmont";"Urban";"30 - 35  MPH";"Double Yellow Line, No Passing Zone";"Clear";"No";"35.504475, -80.85331"
"3135";249;250;"Yes";"10-Jun";9;"No";"Not Applicable";"B: Evident Injury";"Driveway / Alley";"White";"Male";"Asheville";"Buncombe";"No";NA;2010-05-03;"Bicyclist Failed to Yield - Midblock";16;"Non-Intersection";"01-05-01";1-01-01 16:31:58;"Bicyclist Ride Out - Residential Driveway";0;2010;"B: Evident Injury";"Residential";"40-49";45;"No";"16-20 mph";"O: No Injury";"White";"Male";"Pickup";"No";"No";"Daylight";"Urban (>70% Developed)";"2 lanes";2;"Straight - Level";"Local Street";"Dry";"Two-Way, Not Divided";"None";"T-Intersection";"Smooth Asphalt";"Mountains";"Urban";"30 - 35  MPH";"Stop Sign";"Clear";"No";"35.474148, -82.51645"
"3136";250;251;"No";"40-49";40;"No";"Facing Traffic";"B: Evident Injury";"Sidewalk / Crosswalk / Driveway Crossing";"White";"Male";"Greensboro";"Guilford";"No";"01-01-05";2010-05-07;"Motorist Failed to Yield - Midblock";22;"Non-Intersection";"01-05-01";1-01-01 22:12:58;"Motorist Drive Out - Commercial Driveway / Alley";0;2010;"B: Evident Injury";"Commercial";"25-29";25;"No";"0-5 mph";"O: No Injury";"White";"Female";"Passenger Car";"No";"No";"Dark - Lighted Roadway";"Urban (>70% Developed)";NA;2;"Straight - Level";"Public Vehicular Area";"Dry";"One-Way, Not Divided";"None";"Driveway, Public";"Smooth Asphalt";"Piedmont";"Urban";"5 - 15 MPH";"No Control Present";"Clear";"No";"36.039913, -79.84802"
"3137";255;256;"Yes";"10-Jun";6;"No";"Facing Traffic";"A: Disabling Injury";"Travel Lane";"Black";"Male";"Asheville";"Buncombe";"No";"01-01-06";2010-05-01;"Loss of Control / Turning Error";13;"Intersection";"01-05-01";1-01-01 13:46:58;"Bicyclist Lost Control - Mechanical Problems";0;2010;"A: Disabling Injury";"Residential";"20-24";23;"No";"11-15 mph";"O: No Injury";"Black";"Male";"Passenger Car";"No";"No";"Daylight";"Urban (>70% Developed)";"2 lanes";2;"Straight - Hillcrest";"Local Street";"Dry";"Two-Way, Not Divided";"None";"T-Intersection";"Smooth Asphalt";"Mountains";"Urban";"20 - 25  MPH";"Other";"Clear";"No";"35.577477, -82.55465"
"3138";257;258;"Yes";"40-49";46;"Yes";"With Traffic";"B: Evident Injury";"Travel Lane";"Black";"Female";"Charlotte";"Mecklenburg";"Yes";NA;2010-04-26;"Loss of Control / Turning Error";12;"Non-Intersection";"01-04-01";1-01-01 12:44:58;"Bicyclist Lost Control - Other /";0;2010;"B: Evident Injury";"Residential";"40-49";48;"No";"21-25 mph";"O: No Injury";"Black";"Male";"Pickup";"No";"No";"Daylight";"Urban (>70% Developed)";"2 lanes";2;"Straight - Grade";"Local Street";"Dry";"Two-Way, Divided, Positive Median Barrier";"None";"No Special Feature";"Smooth Asphalt";"Piedmont";"Urban";"20 - 25  MPH";"No Control Present";"Clear";"No";"35.28069, -80.857376"
"3139";258;259;"No";"50-59";50;"No";NA;"C: Possible Injury";"Travel Lane";"White";"Male";"Charlotte";"Mecklenburg";"No";"01-01-06";2010-05-01;"Other /  - Insufficient Details";16;"Non-Intersection";"01-05-01";1-01-01 16:31:58;"Approach Paths";0;2010;"C: Possible Injury";"Residential";"30-39";39;"No";"0-5 mph";"O: No Injury";"Asian";"Male";"Sport Utility";"No";"No";"Daylight";"Urban (>70% Developed)";"2 lanes";2;"Straight - Level";"Local Street";"Dry";"Two-Way, Not Divided";"None";"No Special Feature";"Smooth Asphalt";"Piedmont";"Urban";"30 - 35  MPH";"Stop Sign";"Clear";"No";"35.13449, -80.84012"
"3140";259;260;"Yes";"50-59";54;"No";"With Traffic";"C: Possible Injury";"Travel Lane";"White";"Male";"Wilson";"Wilson";"No";"01-01-06";2010-05-01;"Bicyclist Left Turn / Merge";16;"Non-Intersection";"01-05-01";1-01-01 16:41:58;"Bicyclist Left Turn - Same Direction";0;2010;"C: Possible Injury";"Commercial";"60-69";66;"No";"21-25 mph";"O: No Injury";"White";"Male";"Pickup";"No";"No";"Daylight";"Urban (>70% Developed)";"2 lanes";2;"Straight - Level";"Local Street";"Dry";"Two-Way, Not Divided";"None";"No Special Feature";"Smooth Asphalt";"Coastal";"Urban";"30 - 35  MPH";"No Control Present";"Clear";"No";"35.697323, -77.89301"
"3141";262;263;"Yes";"15-Nov";13;"No";"Not Applicable";"C: Possible Injury";"Non-Roadway";"Black";"Male";"None - Rural Crash";"Hertford";"No";"01-01-06";2010-05-15;"Bicyclist Failed to Yield - Midblock";15;"Non-Intersection";"01-05-01";1-01-01 14:59:58;"Bicyclist Ride Out - Commercial Driveway / Alley";0;2010;"C: Possible Injury";"Commercial";"40-49";45;"No";"21-25 mph";"O: No Injury";"White";"Male";"Pickup";"No";"No";"Daylight";"Rural (<30% Developed)";"3 lanes";2;"Straight - Level";"US Route";"Dry";"Two-Way, Not Divided";"None";"Driveway, Public";"Coarse Asphalt";"Coastal";"Rural";"40 - 45  MPH";"Double Yellow Line, No Passing Zone";"Clear";"No";"36.44174, -77.11827"
"3142";268;269;"No";"30-39";30;"No";"With Traffic";"O: No Injury";"Travel Lane";"Hispanic";"Male";"Cary";"Wake";"No";"01-01-02";2010-05-25;"Motorist Failed to Yield - Sign-Controlled Intersection";18;"Intersection";"01-05-01";1-01-01 18:32:58;"Motorist Drive Out - Sign-Controlled Intersection";0;2010;"O: No Injury";"Commercial";"30-39";39;"No";"0-5 mph";"O: No Injury";"Black";"Male";"Sport Utility";"No";"No";"Daylight";"Urban (>70% Developed)";"4 lanes";2;"Straight - Level";"Local Street";"Dry";"Two-Way, Divided, Unprotected Median";"None";"No Special Feature";"Smooth Asphalt";"Piedmont";"Urban";"40 - 45  MPH";"Stop Sign";"Clear";"No";"35.73193, -78.78992"
"3143";272;273;"Yes";"30-39";34;"No";"With Traffic";"B: Evident Injury";"Travel Lane";"Black";"Male";"Greensboro";"Guilford";"No";"01-01-04";2010-05-13;"Motorist Overtaking Bicyclist";20;"Non-Intersection";"01-05-01";1-01-01 20:39:58;"Motorist Overtaking - Other /";0;2010;"B: Evident Injury";"Residential";NA;NA;"Missing";"31-35 mph";"Injury";"/Missing";NA;"Passenger Car";"No";"Yes";"Dark - Roadway Not Lighted";"Urban (>70% Developed)";"2 lanes";2;"Straight - Grade";"Local Street";"Dry";"Two-Way, Not Divided";"None";"No Special Feature";"Smooth Asphalt";"Piedmont";"Urban";"30 - 35  MPH";"No Control Present";"Clear";"No";"36.06679, -79.75159"
"3144";289;290;"Yes";"16-19";19;"No";"With Traffic";"B: Evident Injury";"Travel Lane";"White";"Male";"Southern Pines";"Moore";"No";"01-01-03";2010-05-19;"Motorist Overtaking Bicyclist";20;"Non-Intersection";"01-05-01";1-01-01 20:20:58;"Motorist Overtaking - Undetected Bicyclist";0;2010;"B: Evident Injury";"Residential";"30-39";31;"No";"41-45 mph";"O: No Injury";"White";"Male";"Passenger Car";"No";"No";"Daylight";"Urban (>70% Developed)";"4 lanes";2;"Straight - Level";"NC Route";"Dry";"Two-Way, Divided, Unprotected Median";"None";"No Special Feature";"Coarse Asphalt";"Piedmont";"Urban";"40 - 45  MPH";"No Control Present";"Clear";"No";"35.196346, -79.40039"
"3145";299;300;"Yes";"25-29";26;"No";"With Traffic";"B: Evident Injury";"Travel Lane";"Black";"Male";"Charlotte";"Mecklenburg";"No";"01-01-04";2010-05-20;"Motorist Left Turn / Merge";21;"Intersection";"01-05-01";1-01-01 20:59:58;"Motorist Left Turn - Opposite Direction";0;2010;"B: Evident Injury";"Residential";NA;NA;"Missing";"11-15 mph";"Injury";"/Missing";NA;NA;"No";"Yes";"Dark - Lighted Roadway";"Urban (>70% Developed)";"4 lanes";2;"Straight - Level";"Local Street";"Dry";"Two-Way, Not Divided";"None";"Four-Way Intersection";"Smooth Asphalt";"Piedmont";"Urban";"30 - 35  MPH";"Stop And Go Signal";"Clear";"No";"35.228058, -80.77526"
"3146";301;302;"No";"15-Nov";12;"No";"Not Applicable";"C: Possible Injury";"Driveway / Alley";"White";"Female";"Raleigh";"Wake";"No";"01-01-02";2010-05-04;"Bicyclist Failed to Yield - Midblock";19;"Non-Intersection";"01-05-01";1-01-01 19:16:58;"Bicyclist Ride Out - Commercial Driveway / Alley";0;2010;"C: Possible Injury";"Residential";"30-39";31;"No";"16-20 mph";"O: No Injury";"White";"Male";"Passenger Car";"No";"No";"Daylight";"Urban (>70% Developed)";"2 lanes";2;"Straight - Level";"Local Street";"Dry";"Two-Way, Not Divided";"None";"No Special Feature";"Smooth Asphalt";"Piedmont";"Urban";"20 - 25  MPH";"No Control Present";"Clear";"No";"35.79392, -78.64559"
"3147";302;303;"No";"20-24";22;"No";"With Traffic";"B: Evident Injury";"Bike Lane / Paved Shoulder";"White";"Female";"Raleigh";"Wake";"No";"01-01-03";2010-05-05;"Bicyclist Left Turn / Merge";17;"Non-Intersection";"01-05-01";1-01-01 17:51:58;"Bicyclist Left Turn - Same Direction";0;2010;"B: Evident Injury";"Residential";"50-59";51;"No";"31-35 mph";"O: No Injury";"White";"Female";"Passenger Car";"No";"No";"Daylight";"Mixed (30% To 70% Developed)";"3 lanes";2;"Straight - Level";"Local Street";"Dry";"Two-Way, Not Divided";"None";"No Special Feature";"Coarse Asphalt";"Piedmont";"Urban";"40 - 45  MPH";"No Control Present";"Clear";"No";"35.786533, -78.73064"
"3148";304;305;"Yes";"25-29";27;"No";"With Traffic";"B: Evident Injury";"Sidewalk / Crosswalk / Driveway Crossing";"White";"Male";"Durham";"Durham";"No";"01-01-02";2010-06-08;"Motorist Left Turn / Merge";9;"Intersection";"01-06-01";1-01-01 09:53:58;"Motorist Left Turn - Opposite Direction";0;2010;"B: Evident Injury";"Commercial";"50-59";58;"No";"6-10 mph";"O: No Injury";"Black";"Female";"Sport Utility";"No";"No";"Daylight";"Urban (>70% Developed)";"3 lanes";2;"Straight - Level";"Local Street";"Dry";"Two-Way, Not Divided";"None";"No Special Feature";"Smooth Asphalt";"Piedmont";"Urban";"20 - 25  MPH";"No Control Present";"Clear";"No";"36.010593, -78.926865"
"3149";311;312;"No";"50-59";53;"No";NA;"C: Possible Injury";"Travel Lane";"Black";"Female";"Elizabeth City";"Pasquotank";"No";"01-01-04";2010-05-20;"Crossing Paths - Other Circumstances";11;"Non-Intersection";"01-05-01";1-01-01 11:19:58;"Crossing Paths - Midblock - Other /";0;2010;"C: Possible Injury";"Commercial";"40-49";45;"No";"0-5 mph";"O: No Injury";"White";"Male";"Passenger Car";"No";"No";"Daylight";"Urban (>70% Developed)";"5 lanes";2;"Straight - Level";"Local Street";"Dry";"Two-Way, Not Divided";"None";"Driveway, Private";"Smooth Asphalt";"Coastal";"Urban";"30 - 35  MPH";"No Control Present";"Clear";"No";"36.294598, -76.24048"
"3150";313;314;"Yes";"50-59";54;"No";"With Traffic";"C: Possible Injury";"Travel Lane";"White";"Male";"Wilmington";"New Hanover";"No";"01-01-04";2010-05-20;"Motorist Right Turn / Merge";18;"Intersection";"01-05-01";1-01-01 18:03:58;"Motorist Right Turn - Same Direction";0;2010;"C: Possible Injury";"Commercial";"50-59";50;"No";"21-25 mph";"O: No Injury";"White";"Male";"Passenger Car";"No";"No";"Daylight";"Urban (>70% Developed)";"6 lanes";2;"Straight - Level";"Local Street";"Dry";"Two-Way, Divided, Unprotected Median";"None";"Four-Way Intersection";"Coarse Asphalt";"Coastal";"Urban";"40 - 45  MPH";"Stop And Go Signal";"Clear";"No";"34.20969, -77.88114"
"3151";317;318;"Yes";"16-19";16;"No";"With Traffic";"C: Possible Injury";"Travel Lane";"White";"Male";"None - Rural Crash";"Iredell";"No";"01-01-06";2010-06-12;"Bicyclist Left Turn / Merge";11;"Intersection";"01-06-01";1-01-01 11:16:58;"Bicyclist Left Turn - Same Direction";0;2010;"C: Possible Injury";"Residential";"20-24";22;"No";"31-35 mph";"O: No Injury";"Black";"Female";"Sport Utility";"No";"No";"Daylight";"Rural (<30% Developed)";"2 lanes";2;"Straight - Grade";"US Route";"Dry";"Two-Way, Not Divided";"None";"T-Intersection";"Smooth Asphalt";"Piedmont";"Rural";"40 - 45  MPH";"Double Yellow Line, No Passing Zone";"Clear";"No";"35.732246, -80.89734"
"3152";327;328;"No";"20-24";20;"No";"With Traffic";"B: Evident Injury";"Bike Lane / Paved Shoulder";"White";"Male";"Boone";"Watauga";"No";"01-01-02";2010-06-15;"Motorist Right Turn / Merge";10;"Non-Intersection";"01-06-01";1-01-01 10:12:58;"Motorist Right Turn - Same Direction";0;2010;"B: Evident Injury";"Institutional";"20-24";20;"No";"31-35 mph";"O: No Injury";"White";"Female";"Sport Utility";"No";"No";"Daylight";"Urban (>70% Developed)";"6 lanes";2;"Straight - Level";"Local Street";"Dry";"Two-Way, Not Divided";"None";"No Special Feature";"Smooth Asphalt";"Mountains";"Urban";"20 - 25  MPH";"No Control Present";"Clear";"No";"36.212444, -81.68078"
"3153";337;338;"Yes";"40-49";47;"No";"With Traffic";"B: Evident Injury";"Travel Lane";"White";"Male";"Asheville";"Buncombe";"No";"01-01-05";2010-05-28;"Motorist Right Turn / Merge";12;"Intersection";"01-05-01";1-01-01 12:57:58;"Motorist Right Turn - Same Direction";0;2010;"B: Evident Injury";"Commercial";"25-29";26;"No";"6-10 mph";"O: No Injury";"White";"Female";"Pickup";"No";"No";"Daylight";"Urban (>70% Developed)";"4 lanes";2;"Straight - Level";"Local Street";"Dry";"Two-Way, Divided, Unprotected Median";"None";"No Special Feature";"Smooth Asphalt";"Mountains";"Urban";"20 - 25  MPH";"Other";"Clear";"No";"35.5934, -82.560074"
"3154";345;346;"Yes";"70+";NA;"No";"With Traffic";"B: Evident Injury";"Travel Lane";"White";"Male";"None - Rural Crash";"Onslow";"No";"01-01-06";2010-06-19;"Bicyclist Overtaking Motorist";10;"Non-Intersection";"01-06-01";1-01-01 10:01:58;"Bicyclist Overtaking - Other /";0;2010;"B: Evident Injury";"Residential";"50-59";57;"No";"16-20 mph";"O: No Injury";"White";"Male";"Pickup";"No";"Yes";"Daylight";"Mixed (30% To 70% Developed)";"2 lanes";2;"Straight - Level";"State Secondary Route";"Dry";"Two-Way, Not Divided";"None";"No Special Feature";"Coarse Asphalt";"Coastal";"Rural";"50 - 55  MPH";"No Control Present";"Clear";"No";"34.80998, -77.23525"
"3155";347;348;"Yes";"20-24";21;"No";"With Traffic";"C: Possible Injury";"Travel Lane";"White";"Male";"Asheboro";"Randolph";"No";"01-01-02";2010-06-01;"Bicyclist Failed to Yield - Signalized Intersection";15;"Intersection";"01-06-01";1-01-01 15:21:58;"Bicyclist Ride Through - Signalized Intersection";0;2010;"C: Possible Injury";"Commercial";"50-59";58;"No";"11-15 mph";"O: No Injury";"White";"Female";"Light Truck (Mini-Van, Panel)";"No";"No";"Daylight";"Urban (>70% Developed)";"5 lanes";2;"Straight - Grade";"US Route";"Dry";"Two-Way, Not Divided";"None";"Four-Way Intersection";"Smooth Asphalt";"Piedmont";"Urban";"40 - 45  MPH";"Stop And Go Signal";"Clear";"No";"35.691265, -79.80189"
"3156";353;354;"No";"20-24";23;"No";"Not Applicable";"C: Possible Injury";"Non-Roadway";"White";"Male";"Wilmington";"New Hanover";"No";"01-01-07";2010-05-30;"Parallel Paths - Other Circumstances";0;"Non-Intersection";"01-05-01";1-01-01 00:08:58;"Parallel Paths - Other /";0;2010;"C: Possible Injury";"Residential";NA;NA;"Missing";NA;"Injury";"/Missing";NA;NA;"No";"Yes";"Dark - Roadway Not Lighted";"Urban (>70% Developed)";"2 lanes";2;"Straight - Level";"Local Street";"Dry";"Two-Way, Not Divided";"None";"No Special Feature";"Coarse Asphalt";"Coastal";"Urban";"40 - 45  MPH";"No Control Present";"Clear";"No";"34.226807, -77.88625"
"3157";370;371;"Yes";"16-19";18;"No";"With Traffic";"C: Possible Injury";"Sidewalk / Crosswalk / Driveway Crossing";"Black";"Male";"Durham";"Durham";"No";"01-01-03";2010-06-23;"Crossing Paths - Other Circumstances";17;"Intersection";"01-06-01";1-01-01 17:36:58;"Crossing Paths - Intersection - Other /";0;2010;"C: Possible Injury";"Residential";"25-29";25;"No";"11-15 mph";"O: No Injury";"White";"Male";"Passenger Car";"No";"No";"Daylight";"Urban (>70% Developed)";"4 lanes";2;"Straight - Level";"Local Street";"Wet";"One-Way, Not Divided";"None";"No Special Feature";"Smooth Asphalt";"Piedmont";"Urban";"20 - 25  MPH";"No Control Present";"Cloudy";"No";"36.012184, -78.90566"