"FID";"OBJECTID";"AmbulanceR";"BikeAge_Gr";"Bike_Age";"Bike_Alc_D";"Bike_Dir";"Bike_Injur";"Bike_Pos";"Bike_Race";"Bike_Sex";"City";"County";"CrashAlcoh";"CrashDay";"Crash_Date";"Crash_Grp";"Crash_Hour";"Crash_Loc";"Crash_Mont";"Crash_Time";"Crash_Type";"Crash_Ty_1";"Crash_Year";"Crsh_Sevri";"Developmen";"DrvrAge_Gr";"Drvr_Age";"Drvr_Alc_D";"Drvr_EstSp";"Drvr_Injur";"Drvr_Race";"Drvr_Sex";"Drvr_VehTy";"ExcsSpdInd";"Hit_Run";"Light_Cond";"Locality";"Num_Lanes";"Num_Units";"Rd_Charact";"Rd_Class";"Rd_Conditi";"Rd_Config";"Rd_Defects";"Rd_Feature";"Rd_Surface";"Region";"Rural_Urba";"Speed_Limi";"Traff_Cntr";"Weather";"Workzone_I";"Location"
"3158";372;373;"Yes";"70+";NA;"No";"With Traffic";"O: No Injury";"Travel Lane";"White";"Male";"None - Rural Crash";"Buncombe";"No";"01-01-06";2010-06-26;"Motorist Overtaking Bicyclist";12;"Non-Intersection";"01-06-01";1-01-01 12:10:58;"Motorist Overtaking - Other /";0;2010;"O: No Injury";"Farms, Woods, Pastures";"40-49";43;"No";"16-20 mph";"Injury";"White";"Male";"Passenger Car";"No";"Yes";"Daylight";"Rural (<30% Developed)";"2 lanes";2;"Curve - Grade";"State Secondary Route";"Dry";"Two-Way, Not Divided";"None";"No Special Feature";"Smooth Asphalt";"Mountains";"Rural";"40 - 45  MPH";"Double Yellow Line, No Passing Zone";"Clear";"No";"35.758488, -82.56606"
"3159";374;375;"Yes";"50-59";52;"No";"With Traffic";"O: No Injury";"Bike Lane / Paved Shoulder";"White";"Male";"None - Rural Crash";"Robeson";"No";"01-01-07";2010-06-06;"Parallel Paths - Other Circumstances";14;"Non-Intersection";"01-06-01";1-01-01 14:50:58;"Parallel Paths - Other /";0;2010;"C: Possible Injury";"Farms, Woods, Pastures";"0-19";16;"No";"51-55 mph";"O: No Injury";"White";"Male";"Passenger Car";"No";"No";"Daylight";"Rural (<30% Developed)";"2 lanes";3;"Straight - Level";"NC Route";"Dry";"Two-Way, Not Divided";"None";"No Special Feature";"Coarse Asphalt";"Coastal";"Rural";"50 - 55  MPH";"No Control Present";"Clear";"No";"34.884247, -79.07946"
"3160";377;378;"Yes";"20-24";23;"No";"With Traffic";"B: Evident Injury";"Travel Lane";"White";"Male";"Norwood";"Stanly";"No";"01-01-02";2010-06-08;"Bicyclist Right Turn / Merge";12;"Non-Intersection";"01-06-01";1-01-01 11:59:58;"Bicyclist Right Turn - Same Direction";0;2010;"B: Evident Injury";"Commercial";"60-69";66;"No";"26-30 mph";"O: No Injury";"White";"Male";"Pickup";"No";"No";"Daylight";"Rural (<30% Developed)";"2 lanes";2;"Straight - Grade";"Local Street";"Dry";"Two-Way, Not Divided";"None";"No Special Feature";"Smooth Asphalt";"Piedmont";"Rural";"40 - 45  MPH";"No Control Present";"Clear";"No";"35.245155, -80.12565"
"3161";382;383;"Yes";"20-24";24;"No";"With Traffic";"C: Possible Injury";"Travel Lane";"White";"Female";"Durham";"Durham";"No";"01-01-02";2010-06-29;"Crossing Paths - Other Circumstances";21;"Intersection";"01-06-01";1-01-01 21:48:58;"Sign-Controlled Intersection - Other /";0;2010;"C: Possible Injury";"Commercial";"30-39";35;"No";"0-5 mph";"O: No Injury";"White";"Female";"Passenger Car";"No";"No";"Dark - Lighted Roadway";"Urban (>70% Developed)";"2 lanes";2;"Straight - Level";"Local Street";"Dry";"Two-Way, Not Divided";"None";"No Special Feature";"Smooth Asphalt";"Piedmont";"Urban";"20 - 25  MPH";"Stop Sign";"Clear";"No";"36.009945, -78.920876"
"3162";386;387;"Yes";"10-Jun";7;"No";"With Traffic";"O: No Injury";"Travel Lane";"Black";"Female";"Hickory";"Catawba";"No";"01-01-04";2010-06-10;"Bicyclist Failed to Yield - Sign-Controlled Intersection";20;"Intersection";"01-06-01";1-01-01 20:49:58;"Bicyclist Ride Through - Sign-Controlled Intersection";0;2010;"O: No Injury";"Residential";"20-24";24;"No";"26-30 mph";"O: No Injury";"White";"Male";"Passenger Car";"No";"No";"Dusk";"Urban (>70% Developed)";"2 lanes";2;"Curve - Grade";"Local Street";"Dry";"Two-Way, Divided, Unprotected Median";"None";"T-Intersection";"Smooth Asphalt";"Piedmont";"Urban";"30 - 35  MPH";"Stop Sign";"Clear";"No";"35.726254, -81.35355"
"3163";391;392;"No";"15-Nov";14;"No";"With Traffic";"O: No Injury";"Travel Lane";"Black";"Male";"Hickory";"Catawba";"No";"01-01-07";2010-06-20;"Bicyclist Overtaking Motorist";19;"Non-Intersection";"01-06-01";1-01-01 19:26:58;"Bicyclist Overtaking - Other /";0;2010;"O: No Injury";"Residential";"60-69";64;"No";NA;"O: No Injury";"White";"Male";"Van";"No";"No";"Dusk";"Mixed (30% To 70% Developed)";"2 lanes";2;"Straight - Bottom";"Local Street";"Dry";"Two-Way, Not Divided";"None";"No Special Feature";"Coarse Asphalt";"Piedmont";"Urban";"30 - 35  MPH";"No Control Present";"Clear";"No";"35.72821, -81.337776"
"3164";397;398;"Yes";"15-Nov";13;"No";"With Traffic";"B: Evident Injury";"Travel Lane";"White";"Male";"None - Rural Crash";"Harnett";"No";"01-01-05";2010-07-02;"Bicyclist Left Turn / Merge";10;"Non-Intersection";"01-07-01";1-01-01 10:22:58;"Bicyclist Left Turn - Same Direction";0;2010;"B: Evident Injury";"Residential";"40-49";48;"No";"36-40 mph";"O: No Injury";"Black";"Female";"Passenger Car";"No";"No";"Daylight";"Mixed (30% To 70% Developed)";"2 lanes";2;"Straight - Level";"State Secondary Route";"Dry";"Two-Way, Not Divided";"None";"T-Intersection";"Coarse Asphalt";"Coastal";"Rural";"40 - 45  MPH";"Double Yellow Line, No Passing Zone";"Clear";"No";"35.312313, -79.04311"
"3165";412;413;"Yes";"40-49";41;"No";"With Traffic";"A: Disabling Injury";"Travel Lane";"White";"Male";"Winston-Salem";"Forsyth";"No";"01-01-07";2010-06-20;"Motorist Left Turn / Merge";19;"Intersection";"01-06-01";1-01-01 19:18:58;"Motorist Left Turn - Opposite Direction";0;2010;"A: Disabling Injury";"Commercial";"40-49";41;"No";"6-10 mph";"O: No Injury";"White";"Female";"Passenger Car";"No";"No";"Daylight";"Urban (>70% Developed)";"2 lanes";2;"Straight - Grade";"Local Street";"Dry";"Two-Way, Not Divided";"None";"Four-Way Intersection";"Coarse Asphalt";"Piedmont";"Urban";"30 - 35  MPH";"Stop And Go Signal";"Clear";"No";"36.09353, -80.37629"
"3166";417;418;"No";"15-Nov";11;"No";"Facing Traffic";"C: Possible Injury";"Sidewalk / Crosswalk / Driveway Crossing";"Black";"Male";"Greensboro";"Guilford";"No";"01-01-03";2010-06-30;"Motorist Failed to Yield - Midblock";19;"Non-Intersection";"01-06-01";1-01-01 19:07:58;"Motorist Drive Out - Commercial Driveway / Alley";0;2010;"C: Possible Injury";"Commercial";"40-49";40;"No";"0-5 mph";"O: No Injury";"White";"Female";"Passenger Car";"No";"No";"Daylight";"Urban (>70% Developed)";"1 lane";2;"Straight - Level";"Public Vehicular Area";"Dry";"One-Way, Not Divided";"None";"No Special Feature";"Smooth Asphalt";"Piedmont";"Urban";"30 - 35  MPH";"No Control Present";"Clear";"No";"36.048954, -79.835236"
"3167";423;424;"No";"30-39";32;"No";"Facing Traffic";"O: No Injury";"Sidewalk / Crosswalk / Driveway Crossing";"White";"Male";"Hickory";"Catawba";"No";"01-01-05";2010-07-02;"Motorist Failed to Yield - Midblock";13;"Non-Intersection";"01-07-01";1-01-01 13:42:58;"Motorist Drive Out - Commercial Driveway / Alley";0;2010;"O: No Injury";"Commercial";"40-49";49;"No";"0-5 mph";"O: No Injury";"White";"Female";"Sport Utility";"No";"No";"Daylight";"Urban (>70% Developed)";"1 lane";2;"Straight - Level";"Public Vehicular Area";"Dry";"One-Way, Not Divided";"None";"No Special Feature";"Smooth Asphalt";"Piedmont";"Urban";NA;"No Control Present";"Clear";"No";"35.720085, -81.316124"
"3168";426;427;"No";"25-29";29;"No";NA;"Injury";NA;"Black";"Female";"Kinston";"Lenoir";"No";"01-01-04";2010-07-15;"Other /  - Insufficient Details";6;"Non-Intersection";"01-07-01";1-01-01 06:23:58;"Approach Paths";0;2010;"Injury";"Commercial";NA;NA;"Missing";"31-35 mph";"Injury";"/Missing";NA;"Passenger Car";"No";"Yes";"Dark -  Lighting";"Urban (>70% Developed)";"2 lanes";2;"Straight - Level";"Local Street";"Dry";"Two-Way, Not Divided";"None";"No Special Feature";"Smooth Asphalt";"Coastal";"Urban";"30 - 35  MPH";"No Control Present";"Clear";"No";"35.27724, -77.579735"
"3169";438;439;"Yes";"16-19";17;"No";"With Traffic";"B: Evident Injury";"Travel Lane";"White";"Male";"None - Rural Crash";"Clay";"No";"01-01-04";2010-07-01;"Bicyclist Failed to Yield - Sign-Controlled Intersection";15;"Intersection";"01-07-01";1-01-01 15:56:58;"Bicyclist Ride Through - Sign-Controlled Intersection";0;2010;"B: Evident Injury";"Residential";"0-19";17;"No";"26-30 mph";"O: No Injury";"White";"Female";"Passenger Car";"No";"No";"Daylight";"Rural (<30% Developed)";"2 lanes";2;"Straight - Grade";"State Secondary Route";"Dry";"Two-Way, Not Divided";"None";"Y-Intersection";"Coarse Asphalt";"Mountains";"Rural";"30 - 35  MPH";"Stop Sign";"Clear";"No";"34.990314, -83.91248"
"3170";441;442;"Yes";"50-59";55;"No";"With Traffic";"B: Evident Injury";"Travel Lane";"White";"Female";"Wilmington";"New Hanover";"No";"01-01-04";2010-07-08;"Bicyclist Failed to Yield - Signalized Intersection";14;"Intersection";"01-07-01";1-01-01 14:26:58;"Bicyclist Ride Through - Signalized Intersection";0;2010;"B: Evident Injury";"Commercial";"50-59";50;"No";"31-35 mph";"O: No Injury";"White";"Female";"Van";"No";"No";"Daylight";"Urban (>70% Developed)";"9 or more lanes";2;"Straight - Level";"Local Street";"Dry";"Two-Way, Divided, Positive Median Barrier";"None";"No Special Feature";"Smooth Asphalt";"Coastal";"Urban";"40 - 45  MPH";"Stop And Go Signal";"Clear";"No";"34.238728, -77.82838"
"3171";443;444;"No";"10-Jun";10;"No";"Not Applicable";"Injury";"Travel Lane";"/Missing";"Male";"Durham";"Durham";"No";"01-01-06";2010-07-03;"Bicyclist Failed to Yield - Midblock";16;"Non-Intersection";"01-07-01";1-01-01 16:16:58;"Bicyclist Ride Out - Other Midblock";0;2010;"Injury";"Residential";NA;NA;"Missing";"6-10 mph";"Injury";"/Missing";NA;NA;"No";"Yes";"Daylight";"Urban (>70% Developed)";"2 lanes";2;"Straight - Level";"Local Street";"Dry";"Two-Way, Divided, Unprotected Median";"None";"No Special Feature";"Smooth Asphalt";"Piedmont";"Urban";"5 - 15 MPH";"No Control Present";"Clear";"No";"35.9368, -78.89965"
"3172";451;452;"Yes";"30-39";30;"No";"Facing Traffic";"C: Possible Injury";"Sidewalk / Crosswalk / Driveway Crossing";"Black";"Female";"Raleigh";"Wake";"No";NA;2010-06-28;"Crossing Paths - Other Circumstances";17;"Intersection";"01-06-01";1-01-01 17:15:58;"Crossing Paths - Intersection - Other /";0;2010;"C: Possible Injury";"Commercial";"30-39";33;"No";"0-5 mph";"O: No Injury";"White";"Female";"Passenger Car";"No";"No";"Daylight";"Urban (>70% Developed)";"5 lanes";2;"Straight - Level";"Local Street";"Dry";"Two-Way, Divided, Unprotected Median";"None";"Four-Way Intersection";"Smooth Asphalt";"Piedmont";"Urban";"40 - 45  MPH";"Stop And Go Signal";"Clear";"No";"35.850018, -78.58075"
"3173";454;455;"Yes";"20-24";21;"No";"With Traffic";"B: Evident Injury";"Travel Lane";"Other";"Female";"Raleigh";"Wake";"No";NA;2010-06-21;"Motorist Overtaking Bicyclist";21;"Intersection";"01-06-01";1-01-01 20:59:58;"Motorist Overtaking - Misjudged Space";0;2010;"B: Evident Injury";"Residential";"20-24";22;"No";"41-45 mph";"O: No Injury";"White";"Female";"Passenger Car";"No";"No";"Dark - Lighted Roadway";"Urban (>70% Developed)";"2 lanes";2;"Straight - Level";"Local Street";"Dry";"Two-Way, Not Divided";"None";"No Special Feature";"Smooth Asphalt";"Piedmont";"Urban";"40 - 45  MPH";"No Control Present";"Clear";"No";"35.759876, -78.728325"
"3174";460;461;"No";"30-39";32;"No";"With Traffic";"C: Possible Injury";"Travel Lane";"White";"Male";"Raleigh";"Wake";"No";"01-01-06";2010-05-29;"Motorist Overtaking Bicyclist";0;"Non-Intersection";"01-05-01";1-01-01 00:06:58;"Motorist Overtaking - Other /";0;2010;"C: Possible Injury";"Commercial";"30-39";31;"No";"21-25 mph";"O: No Injury";"Other";"Male";"Sport Utility";"No";"No";"Dark - Roadway Not Lighted";"Urban (>70% Developed)";"5 lanes";3;"Straight - Grade";"Local Street";"Water (Standing, Moving)";"Two-Way, Divided, Unprotected Median";"None";"No Special Feature";"Coarse Asphalt";"Piedmont";"Urban";"30 - 35  MPH";"No Control Present";"Rain";"No";"35.795258, -78.70678"
"3175";467;468;"Yes";"60-69";62;"No";"With Traffic";"C: Possible Injury";"Travel Lane";"Black";"Male";"None - Rural Crash";"Lenoir";"No";"01-01-04";2010-07-22;"Motorist Overtaking Bicyclist";6;"Non-Intersection";"01-07-01";1-01-01 06:14:58;"Motorist Overtaking - Misjudged Space";0;2010;"C: Possible Injury";"Farms, Woods, Pastures";NA;NA;"No";NA;"Injury";"/Missing";NA;NA;"No";"Yes";"Daylight";"Rural (<30% Developed)";"2 lanes";2;"Straight - Level";"NC Route";"Dry";"Two-Way, Divided, Unprotected Median";"None";"No Special Feature";"Smooth Asphalt";"Coastal";"Rural";NA;"No Control Present";"Clear";"No";"35.3008, -77.53417"
"3176";470;471;"No";"25-29";25;"No";"Facing Traffic";"O: No Injury";"Travel Lane";"White";"Male";"None - Rural Crash";"Johnston";"No";"01-01-04";2010-07-29;"Loss of Control / Turning Error";21;"Non-Intersection";"01-07-01";1-01-01 21:03:58;"Motorist Lost Control - Other /";0;2010;"O: No Injury";"Residential";NA;NA;"Missing";"41-45 mph";"Injury";"/Missing";NA;"Passenger Car";"No";"Yes";"Dark - Roadway Not Lighted";"Rural (<30% Developed)";"2 lanes";2;"Straight - Level";"State Secondary Route";"Dry";"Two-Way, Not Divided";"None";"No Special Feature";"Coarse Asphalt";"Coastal";"Rural";"50 - 55  MPH";"No Control Present";"Clear";"No";"35.288177, -78.45321"
"3177";472;473;"Yes";"10-Jun";7;"No";"Facing Traffic";"B: Evident Injury";"Travel Lane";"White";"Male";"None - Rural Crash";"Johnston";"No";"01-01-04";2010-07-29;"Bicyclist Right Turn / Merge";18;"Non-Intersection";"01-07-01";1-01-01 18:21:58;"Bicyclist Right Turn - Same Direction";0;2010;"B: Evident Injury";"Residential";"30-39";37;"No";"31-35 mph";"O: No Injury";"Black";"Male";"Pickup";"No";"No";"Daylight";"Rural (<30% Developed)";"2 lanes";2;"Straight - Level";"State Secondary Route";"Dry";"Two-Way, Not Divided";"None";"Driveway, Private";"Coarse Asphalt";"Coastal";"Rural";"50 - 55  MPH";"No Control Present";"Clear";"No";"35.43395, -78.52864"
"3178";474;475;"No";"40-49";40;"No";"With Traffic";"C: Possible Injury";"Travel Lane";"White";"Male";"Wilson";"Wilson";"No";"01-01-04";2010-06-17;"Loss of Control / Turning Error";18;"Intersection-Related";"01-06-01";1-01-01 17:59:58;"Motorist Turning Error - Left Turn";0;2010;"C: Possible Injury";"Residential";NA;NA;"Missing";NA;"Injury";"/Missing";NA;NA;"No";"Yes";"Daylight";"Urban (>70% Developed)";"2 lanes";2;"Straight - Level";"Local Street";"Dry";"Two-Way, Not Divided";"None";"No Special Feature";"Coarse Asphalt";"Coastal";"Urban";"30 - 35  MPH";"No Control Present";"Clear";"No";"35.73018, -77.89736"
"3179";482;483;"Yes";"15-Nov";12;"No";"With Traffic";"B: Evident Injury";"Travel Lane";"Native American";"Male";"None - Rural Crash";"Hoke";"No";"01-01-06";2010-07-31;"Bicyclist Failed to Yield - Sign-Controlled Intersection";18;"Intersection";"01-07-01";1-01-01 18:16:58;"Bicyclist Ride Through - Sign-Controlled Intersection";0;2010;"B: Evident Injury";"Farms, Woods, Pastures";"25-29";25;"No";"31-35 mph";"O: No Injury";"White";"Female";"Sport Utility";"No";"No";"Daylight";"Rural (<30% Developed)";"2 lanes";2;"Straight - Level";"State Secondary Route";"Dry";"Two-Way, Not Divided";"None";"No Special Feature";"Smooth Asphalt";"Coastal";"Rural";"40 - 45  MPH";"No Control Present";"Cloudy";"No";"34.98725, -79.16547"
"3180";483;484;"No";"50-59";52;"Yes";"With Traffic";"O: No Injury";"Travel Lane";"White";"Male";"None - Rural Crash";"Currituck";"Yes";NA;2010-08-02;"Bicyclist Left Turn / Merge";20;"Non-Intersection";"01-08-01";1-01-01 20:44:58;"Bicyclist Left Turn - Same Direction";0;2010;"O: No Injury";"Residential";"30-39";30;"No";"41-45 mph";"O: No Injury";"Black";"Female";"Passenger Car";"No";"No";"Dark - Roadway Not Lighted";"Rural (<30% Developed)";"2 lanes";2;"Straight - Level";"State Secondary Route";"Dry";"Two-Way, Not Divided";"None";"No Special Feature";"Smooth Asphalt";"Coastal";"Rural";"50 - 55  MPH";"Double Yellow Line, No Passing Zone";"Clear";"No";"36.254223, -75.881905"
"3181";488;489;"Yes";"16-19";18;"No";"Facing Traffic";"C: Possible Injury";"Sidewalk / Crosswalk / Driveway Crossing";"Black";"Male";"Charlotte";"Mecklenburg";"No";"01-01-07";2010-07-25;"Motorist Failed to Yield - Midblock";21;"Non-Intersection";"01-07-01";1-01-01 21:39:58;"Motorist Drive Out - Commercial Driveway / Alley";0;2010;"C: Possible Injury";"Commercial";"25-29";28;"No";"0-5 mph";"O: No Injury";"Asian";"Male";"Passenger Car";"No";"No";"Dark -  Lighting";"Urban (>70% Developed)";NA;2;"Straight - Level";"Local Street";"Wet";"Two-Way, Not Divided";"None";"No Special Feature";"Smooth Asphalt";"Piedmont";"Urban";"5 - 15 MPH";"No Control Present";"Rain";"No";"35.203293, -80.743355"
"3182";489;490;"No";"30-39";39;"No";"With Traffic";"B: Evident Injury";"Travel Lane";"White";"Male";"None - Rural Crash";"Wake";"No";"01-01-02";2010-08-03;"Motorist Right Turn / Merge";18;"Intersection-Related";"01-08-01";1-01-01 18:24:58;"Motorist Right Turn - Same Direction";0;2010;"B: Evident Injury";"Farms, Woods, Pastures";"50-59";58;"No";"41-45 mph";"O: No Injury";"Black";"Female";"Passenger Car";"No";"No";"Daylight";"Mixed (30% To 70% Developed)";"2 lanes";2;"Straight - Hillcrest";"State Secondary Route";"Dry";"Two-Way, Not Divided";"None";"T-Intersection";"Smooth Asphalt";"Piedmont";"Rural";"40 - 45  MPH";"Stop Sign";"Clear";"No";"35.775204, -78.919136"
"3183";501;502;"Yes";"40-49";46;"No";"With Traffic";"B: Evident Injury";"Travel Lane";"White";"Male";"None - Rural Crash";"Davidson";"No";"01-01-06";2010-08-07;"Motorist Failed to Yield - Midblock";11;"Non-Intersection";"01-08-01";1-01-01 11:25:58;"Motorist Drive Out - Other Midblock";0;2010;"B: Evident Injury";"Farms, Woods, Pastures";"0-19";19;"No";"0-5 mph";"O: No Injury";"White";"Female";"Passenger Car";"No";"No";"Daylight";"Rural (<30% Developed)";"2 lanes";2;"Straight - Grade";"State Secondary Route";"Dry";"Two-Way, Not Divided";"None";"Driveway, Private";"Smooth Asphalt";"Piedmont";"Rural";"40 - 45  MPH";"Double Yellow Line, No Passing Zone";"Clear";"No";"35.97599, -80.2505"
"3184";508;509;"Yes";"30-39";36;"No";"Facing Traffic";"B: Evident Injury";"Sidewalk / Crosswalk / Driveway Crossing";"Black";"Male";"Raleigh";"Wake";"No";"01-01-03";2010-07-21;"Motorist Failed to Yield - Sign-Controlled Intersection";9;"Intersection";"01-07-01";1-01-01 09:18:58;"Motorist Drive Out - Sign-Controlled Intersection";0;2010;"B: Evident Injury";"Residential";"60-69";62;"No";"0-5 mph";"O: No Injury";"White";"Female";"Passenger Car";"No";"No";"Daylight";"Urban (>70% Developed)";"2 lanes";2;"Straight - Grade";"Local Street";"Dry";"Two-Way, Not Divided";"None";"T-Intersection";"Smooth Asphalt";"Piedmont";"Urban";"30 - 35  MPH";"Stop Sign";"Clear";"No";"35.87336, -78.689766"
"3185";517;518;"Yes";"40-49";46;"No";"With Traffic";"B: Evident Injury";"Travel Lane";"White";"Male";"None - Rural Crash";"Davidson";"No";"01-01-02";2010-08-10;"Backing Vehicle";16;"Non-Intersection";"01-08-01";1-01-01 16:47:58;"Backing Vehicle";0;2010;"B: Evident Injury";"Residential";"0-19";17;"No";"6-10 mph";"O: No Injury";"White";"Male";"Pickup";"No";"No";"Daylight";"Rural (<30% Developed)";"2 lanes";2;"Straight - Level";"State Secondary Route";"Dry";"Two-Way, Not Divided";"None";"No Special Feature";"Smooth Asphalt";"Piedmont";"Rural";"40 - 45  MPH";"Double Yellow Line, No Passing Zone";"Clear";"No";"35.945763, -80.25821"
"3186";530;531;"No";"40-49";42;"No";"With Traffic";"B: Evident Injury";"Travel Lane";"White";"Male";"Raleigh";"Wake";"No";"01-01-03";2010-07-28;"Motorist Left Turn / Merge";17;"Intersection";"01-07-01";1-01-01 17:34:58;"Motorist Left Turn - Opposite Direction";0;2010;"B: Evident Injury";"Commercial";"40-49";47;"No";"31-35 mph";"O: No Injury";"Black";"Female";"Passenger Car";"No";"No";"Daylight";"Urban (>70% Developed)";"2 lanes";2;"Straight - Level";"Local Street";"Dry";"Two-Way, Not Divided";"None";"No Special Feature";"Smooth Asphalt";"Piedmont";"Urban";"30 - 35  MPH";"Stop And Go Signal";"Clear";"No";"35.78894, -78.68632"
"3187";537;538;"No";"16-19";19;"No";"Facing Traffic";"O: No Injury";"Sidewalk / Crosswalk / Driveway Crossing";"Black";"Male";"Charlotte";"Mecklenburg";"No";"01-01-03";2010-08-04;"Motorist Failed to Yield - Sign-Controlled Intersection";15;"Intersection";"01-08-01";1-01-01 15:17:58;"Motorist Drive Out - Sign-Controlled Intersection";0;2010;"O: No Injury";"Commercial";NA;NA;"Missing";"6-10 mph";"Injury";"/Missing";NA;NA;"No";"Yes";"Daylight";"Urban (>70% Developed)";"2 lanes";2;"Straight - Level";"Local Street";"Dry";"Two-Way, Divided, Unprotected Median";"None";"Four-Way Intersection";"Concrete";"Piedmont";"Urban";"5 - 15 MPH";"Stop Sign";"Clear";"No";"35.3423, -80.76881"
"3188";538;539;"No";"25-29";25;"No";"With Traffic";"B: Evident Injury";"Bike Lane / Paved Shoulder";"White";"Male";"Charlotte";"Mecklenburg";"No";"01-01-04";2010-08-05;"Motorist Left Turn / Merge";23;"Non-Intersection";"01-08-01";1-01-01 23:55:58;"Motorist Left Turn - Same Direction";0;2010;"B: Evident Injury";"Commercial";"20-24";22;"No";"21-25 mph";"O: No Injury";"White";"Female";"Passenger Car";"No";"No";"Dark - Lighted Roadway";"Urban (>70% Developed)";"3 lanes";2;"Straight - Level";"Local Street";"Dry";"One-Way, Not Divided";"None";"No Special Feature";"Smooth Asphalt";"Piedmont";"Urban";"30 - 35  MPH";"Other";"Clear";"No";"35.228203, -80.83928"
"3189";539;540;"Yes";"15-Nov";12;"No";"Not Applicable";"B: Evident Injury";"Driveway / Alley";"White";"Male";"None - Rural Crash";"Guilford";"No";NA;2010-08-16;"Bicyclist Failed to Yield - Midblock";14;"Non-Intersection";"01-08-01";1-01-01 14:03:58;"Bicyclist Ride Out - Residential Driveway";0;2010;"B: Evident Injury";"Residential";"40-49";40;"No";"31-35 mph";"O: No Injury";"Black";"Male";"Passenger Car";"No";"No";"Daylight";"Mixed (30% To 70% Developed)";"2 lanes";2;"Straight - Level";"State Secondary Route";"Dry";"Two-Way, Not Divided";"None";"Driveway, Private";"Smooth Asphalt";"Piedmont";"Rural";"30 - 35  MPH";"No Control Present";"Clear";"No";"36.20027, -79.659294"
"3190";540;541;"Yes";"15-Nov";15;"No";"With Traffic";"B: Evident Injury";"Sidewalk / Crosswalk / Driveway Crossing";"Black";"Male";"Apex";"Wake";"No";"01-01-05";2010-08-06;"Loss of Control / Turning Error";14;"Intersection-Related";"01-08-01";1-01-01 14:56:58;"Motorist Lost Control - Other /";0;2010;"B: Evident Injury";"Residential";"30-39";35;"No";"16-20 mph";"O: No Injury";"White";"Male";"Passenger Car";"No";"No";"Daylight";"Urban (>70% Developed)";"2 lanes";2;"Straight - Level";"Local Street";"Dry";"Two-Way, Not Divided";"None";"No Special Feature";"Smooth Asphalt";"Piedmont";"Urban";"20 - 25  MPH";"No Control Present";"Clear";"No";"35.72504, -78.85729"
"3191";546;547;"Yes";"30-39";37;"No";"With Traffic";"B: Evident Injury";"Sidewalk / Crosswalk / Driveway Crossing";"White";"Female";"Greensboro";"Guilford";"No";"01-01-06";2010-08-07;"Motorist Left Turn / Merge";10;"Intersection";"01-08-01";1-01-01 10:01:58;"Motorist Left Turn - Opposite Direction";0;2010;"B: Evident Injury";"Residential";"20-24";23;"No";"11-15 mph";"O: No Injury";"White";"Male";"Pickup";"No";"No";"Daylight";"Urban (>70% Developed)";"5 lanes";2;"Straight - Grade";"Local Street";"Dry";"Two-Way, Not Divided";"None";"No Special Feature";"Smooth Asphalt";"Piedmont";"Urban";"30 - 35  MPH";"Stop And Go Signal";"Clear";"No";"36.038662, -79.90676"
"3192";549;550;"Yes";"16-19";17;"No";"With Traffic";"A: Disabling Injury";"Travel Lane";"White";"Male";"None - Rural Crash";"Carteret";"No";NA;2010-08-16;"Motorist Overtaking Bicyclist";1;"Non-Intersection";"01-08-01";1-01-01 00:59:58;"Motorist Overtaking - Undetected Bicyclist";0;2010;"A: Disabling Injury";"Farms, Woods, Pastures";"25-29";28;"No";"51-55 mph";"O: No Injury";"White";"Male";"Passenger Car";"No";"No";"Dark - Roadway Not Lighted";"Rural (<30% Developed)";"4 lanes";2;"Curve - Level";"US Route";"Dry";"Two-Way, Divided, Unprotected Median";"None";"No Special Feature";"Coarse Asphalt";"Coastal";"Rural";"50 - 55  MPH";"No Control Present";"Clear";"No";"34.85339, -76.8917"
"3193";550;551;"Yes";"40-49";46;"No";"With Traffic";"B: Evident Injury";"Travel Lane";"White";"Male";"Pineville";"Mecklenburg";"No";"01-01-06";2010-07-17;"Motorist Left Turn / Merge";11;"Non-Intersection";"01-07-01";1-01-01 11:51:58;"Motorist Left Turn - Opposite Direction";0;2010;"B: Evident Injury";"Commercial";"40-49";48;"No";"0-5 mph";"O: No Injury";"White";"Female";"Passenger Car";"No";"No";"Daylight";"Urban (>70% Developed)";"2 lanes";2;"Curve - Level";"Local Street";"Dry";"Two-Way, Not Divided";"None";"Driveway, Public";"Smooth Asphalt";"Piedmont";"Rural";"30 - 35  MPH";"No Control Present";"Clear";"No";"35.094666, -80.867096"
"3194";551;552;"No";"25-29";29;"No";"Facing Traffic";"O: No Injury";"Travel Lane";"Hispanic";"Male";"Charlotte";"Mecklenburg";"No";"01-01-03";2010-08-04;"Motorist Failed to Yield - Sign-Controlled Intersection";16;"Intersection";"01-08-01";1-01-01 16:50:58;"Motorist Drive Out - Sign-Controlled Intersection";0;2010;"O: No Injury";"Residential";"40-49";49;"No";"6-10 mph";"O: No Injury";"Black";"Female";"Van";"No";"No";"Daylight";"Urban (>70% Developed)";"2 lanes";2;"Straight - Level";"Local Street";"Dry";"Two-Way, Not Divided";"None";"T-Intersection";"Smooth Asphalt";"Piedmont";"Urban";"30 - 35  MPH";"Stop Sign";"Clear";"No";"35.233776, -80.7746"