"FID";"OBJECTID";"AmbulanceR";"BikeAge_Gr";"Bike_Age";"Bike_Alc_D";"Bike_Dir";"Bike_Injur";"Bike_Pos";"Bike_Race";"Bike_Sex";"City";"County";"CrashAlcoh";"CrashDay";"Crash_Date";"Crash_Grp";"Crash_Hour";"Crash_Loc";"Crash_Mont";"Crash_Time";"Crash_Type";"Crash_Ty_1";"Crash_Year";"Crsh_Sevri";"Developmen";"DrvrAge_Gr";"Drvr_Age";"Drvr_Alc_D";"Drvr_EstSp";"Drvr_Injur";"Drvr_Race";"Drvr_Sex";"Drvr_VehTy";"ExcsSpdInd";"Hit_Run";"Light_Cond";"Locality";"Num_Lanes";"Num_Units";"Rd_Charact";"Rd_Class";"Rd_Conditi";"Rd_Config";"Rd_Defects";"Rd_Feature";"Rd_Surface";"Region";"Rural_Urba";"Speed_Limi";"Traff_Cntr";"Weather";"Workzone_I";"Location"
"3195";556;557;"No";"16-19";18;"No";"With Traffic";"B: Evident Injury";"Travel Lane";"Black";"Male";"Asheville";"Buncombe";"No";"01-01-04";2010-07-29;"Bicyclist Failed to Yield - Sign-Controlled Intersection";19;"Intersection";"01-07-01";1-01-01 19:38:58;"Bicyclist Ride Through - Sign-Controlled Intersection";0;2010;"B: Evident Injury";"Residential";"30-39";33;"No";"21-25 mph";"O: No Injury";"White";"Female";"Sport Utility";"No";"No";"Daylight";"Urban (>70% Developed)";"2 lanes";2;"Straight - Hillcrest";"Local Street";"Dry";"Two-Way, Not Divided";"None";"T-Intersection";"Coarse Asphalt";"Mountains";"Urban";"20 - 25  MPH";"Stop Sign";"Clear";"No";"35.570244, -82.57835"
"3196";558;559;"No";"16-19";17;"No";"With Traffic";"O: No Injury";"Travel Lane";"White";"Male";"None - Rural Crash";"Orange";"No";NA;2010-08-02;"Bicyclist Left Turn / Merge";17;"Non-Intersection";"01-08-01";1-01-01 17:44:58;"Bicyclist Left Turn - Same Direction";0;2010;"O: No Injury";"Residential";"25-29";26;"No";"36-40 mph";"O: No Injury";"Black";"Female";"Van";"No";"No";"Daylight";"Rural (<30% Developed)";"2 lanes";2;"Curve - Level";"State Secondary Route";"Dry";"Two-Way, Not Divided";"None";"No Special Feature";"Coarse Asphalt";"Piedmont";"Rural";"40 - 45  MPH";"Double Yellow Line, No Passing Zone";"Clear";"No";"36.092537, -79.214294"
"3197";559;560;"Yes";"25-29";28;"No";"With Traffic";"B: Evident Injury";"Travel Lane";"/Missing";"Male";"Charlotte";"Mecklenburg";"No";"01-01-06";2010-08-07;"Motorist Left Turn / Merge";13;"Intersection";"01-08-01";1-01-01 13:23:58;"Motorist Left Turn - Opposite Direction";0;2010;"B: Evident Injury";"Commercial";"40-49";43;"No";"6-10 mph";"O: No Injury";"Other";"Male";"Sport Utility";"No";"No";"Daylight";"Urban (>70% Developed)";"5 lanes";2;"Straight - Level";"Local Street";"Dry";"Two-Way, Not Divided";"None";"No Special Feature";"Concrete";"Piedmont";"Urban";"30 - 35  MPH";"Stop And Go Signal";"Clear";"No";"35.223656, -80.85386"
"3198";561;562;"Yes";"20-24";21;"No";"Facing Traffic";"B: Evident Injury";"Sidewalk / Crosswalk / Driveway Crossing";"Black";"Male";"Goldsboro";"Wayne";"No";"01-01-05";2010-07-30;"Parallel Paths - Other Circumstances";14;"Non-Intersection";"01-07-01";1-01-01 14:27:58;"Bicyclist Ride Out - Parallel Path";0;2010;"B: Evident Injury";"Commercial";"20-24";22;"No";"21-25 mph";"O: No Injury";"Black";"Female";"Passenger Car";"No";"No";"Daylight";"Urban (>70% Developed)";"2 lanes";2;"Straight - Level";"Local Street";"Dry";"Two-Way, Not Divided";"None";"No Special Feature";"Coarse Asphalt";"Coastal";"Urban";"30 - 35  MPH";"No Control Present";"Clear";"No";"35.387268, -77.99101"
"3199";573;574;"Yes";"40-49";48;"No";"With Traffic";"B: Evident Injury";"Travel Lane";"Black";"Male";"Charlotte";"Mecklenburg";"No";"01-01-06";2010-08-14;"Motorist Overtaking Bicyclist";21;"Non-Intersection";"01-08-01";1-01-01 21:29:58;"Motorist Overtaking - Misjudged Space";0;2010;"B: Evident Injury";"Commercial";NA;NA;"Missing";"51-55 mph";"Injury";"/Missing";NA;NA;"No";"Yes";"Dark - Roadway Not Lighted";"Urban (>70% Developed)";"4 lanes";2;"Straight - Level";"Local Street";"Wet";"Two-Way, Not Divided";"None";"Bridge";"Smooth Asphalt";"Piedmont";"Urban";"30 - 35  MPH";"Stop And Go Signal";"Rain";"No";"35.236317, -80.83078"
"3200";582;583;"Yes";"40-49";41;"No";"With Traffic";"B: Evident Injury";"Travel Lane";"Black";"Male";"High Point";"Guilford";"No";"01-01-03";2010-08-18;"Motorist Failed to Yield - Sign-Controlled Intersection";15;"Intersection";"01-08-01";1-01-01 15:09:58;"Motorist Drive Through - Sign-Controlled Intersection";0;2010;"B: Evident Injury";"Residential";"30-39";30;"No";"6-10 mph";"O: No Injury";"Black";"Male";"Passenger Car";"No";"No";"Daylight";"Urban (>70% Developed)";"2 lanes";2;"Straight - Grade";"Local Street";"Dry";"Two-Way, Not Divided";"None";"Four-Way Intersection";"Smooth Asphalt";"Piedmont";"Urban";"30 - 35  MPH";"Stop Sign";"Cloudy";"No";"35.942566, -80.00902"
"3201";852;853;"Yes";"60-69";60;"No";"With Traffic";"B: Evident Injury";"Travel Lane";"Black";"Male";"Woodland";"Northampton";"No";NA;2008-10-27;"Motorist Failed to Yield - Sign-Controlled Intersection";8;"Intersection";"01-10-01";1-01-01 08:29:58;"Motorist Drive Out - Sign-Controlled Intersection";111141;2008;"B: Evident Injury";"Residential";"40-49";42;"No";"0-5 mph";"O: No Injury";"Black";"Male";"Passenger Car";"No";"No";"Daylight";"Urban (>70% Developed)";"2 lanes";2;"Straight - Level";"US Route";"Dry";"Two-Way, Not Divided";"None";"T-Intersection";"Smooth Asphalt";"Coastal";"Rural";"20 - 25  MPH";"Stop And Go Signal";"Clear";"No";"0.0, 0.0"
"3202";854;855;"Yes";"40-49";44;"No";"Facing Traffic";"C: Possible Injury";"Travel Lane";"Black";"Male";"Fayetteville";"Cumberland";"No";"01-01-04";2008-10-30;"Crossing Paths - Other Circumstances";17;"Intersection";"01-10-01";1-01-01 17:05:58;"Signalized Intersection - Other /";112158;2008;"C: Possible Injury";"Commercial";"20-24";20;"No";"6-10 mph";"O: No Injury";"Black";"Female";"Passenger Car";"No";"No";"Daylight";"Urban (>70% Developed)";"6 lanes";2;"Straight - Level";"Local Street";"Dry";"Two-Way, Divided, Unprotected Median";"None";"T-Intersection";"Coarse Asphalt";"Coastal";"Urban";"20 - 25  MPH";"Stop And Go Signal";"Clear";"No";"0.0, 0.0"
"3203";855;856;"Yes";"25-29";29;"Yes";"With Traffic";"C: Possible Injury";"Travel Lane";"White";"Male";"Beaufort";"Carteret";"Yes";"01-01-06";2008-11-15;"Motorist Overtaking Bicyclist";22;"Non-Intersection";"01-11-01";1-01-01 22:29:58;"Motorist Overtaking - Misjudged Space";311232;2008;"C: Possible Injury";"Institutional";NA;NA;"Missing";"31-35 mph";"Injury";"/Missing";NA;"Pickup";"No";"Yes";"Dark - Lighted Roadway";"Urban (>70% Developed)";"2 lanes";2;"Straight - Level";"NC Route";"Wet";"Two-Way, Divided, Unprotected Median";"None";"No Special Feature";"Smooth Asphalt";"Coastal";"Rural";"30 - 35  MPH";"No Control Present";"Rain";"No";"0.0, 0.0"
"3204";858;859;"No";"10-Jun";8;"No";"Not Applicable";"Injury";"Non-Roadway";"Hispanic";"Male";"Andrews";"Cherokee";"No";NA;2008-10-27;"Bicyclist Failed to Yield - Midblock";16;"Non-Intersection";"01-10-01";1-01-01 16:21:58;"Bicyclist Ride Out - Commercial Driveway / Alley";363312;2008;"O: No Injury";"Residential";"25-29";28;"No";"26-30 mph";"O: No Injury";"White";"Female";"Light Truck (Mini-Van, Panel)";"No";"No";"Daylight";"Urban (>70% Developed)";"2 lanes";2;"Straight - Level";"Local Street";"Dry";"Two-Way, Not Divided";"None";"No Special Feature";"Smooth Asphalt";"Mountains";"Rural";"30 - 35  MPH";"Missing";"Clear";"No";"0.0, 0.0"
"3205";859;860;"Yes";"15-Nov";14;"No";"With Traffic";"C: Possible Injury";"Travel Lane";"White";"Male";"Waynesville";"Haywood";"No";"01-01-04";2008-10-02;"Motorist Left Turn / Merge";20;"Non-Intersection";"01-10-01";1-01-01 20:09:58;"Motorist Left Turn - Opposite Direction";311212;2008;"C: Possible Injury";"Commercial";"40-49";46;"No";"21-25 mph";"O: No Injury";"White";"Male";"Passenger Car";"No";"No";"Dark - Lighted Roadway";"Urban (>70% Developed)";"2 lanes";2;"Straight - Level";"Local Street";"Dry";"One-Way, Not Divided";"Other";"Driveway, Public";"Smooth Asphalt";"Mountains";"Urban";"30 - 35  MPH";"No Control Present";"Clear";"No";"0.0, 0.0"
"3206";860;861;"Yes";"50-59";56;"No";"With Traffic";"B: Evident Injury";"Bike Lane / Paved Shoulder";"White";"Male";"Greensboro";"Guilford";"No";NA;2008-10-13;"Motorist Left Turn / Merge";17;"Intersection";"01-10-01";1-01-01 17:32:58;"Motorist Left Turn - Opposite Direction";121212;2008;"B: Evident Injury";"Residential";"40-49";46;"No";"6-10 mph";"O: No Injury";"Other";"Male";"Passenger Car";"No";"No";"Daylight";"Urban (>70% Developed)";"4 lanes";2;"Straight - Level";"Local Street";"Dry";"Two-Way, Not Divided";"None";"Four-Way Intersection";"Smooth Asphalt";"Piedmont";"Urban";"30 - 35  MPH";"No Control Present";"Clear";"No";"0.0, 0.0"
"3207";866;867;"Yes";"60-69";64;"Yes";"Facing Traffic";"B: Evident Injury";"Travel Lane";"Black";"Male";"None - Rural Crash";"Hoke";"Yes";"01-01-04";2008-11-20;"Head-On";20;"Non-Intersection";"01-11-01";1-01-01 20:24:58;"Head-On - Bicyclist";312250;2008;"B: Evident Injury";"Farms, Woods, Pastures";NA;NA;"No";"51-55 mph";"Injury";"/Missing";NA;NA;"No";"Yes";"Dark - Roadway Not Lighted";"Rural (<30% Developed)";"2 lanes";2;"Straight - Grade";"NC Route";"Dry";"Two-Way, Not Divided";"None";"No Special Feature";"Smooth Asphalt";"Coastal";"Rural";"50 - 55  MPH";"No Control Present";"Clear";"No";"0.0, 0.0"
"3208";868;869;"No";"50-59";58;"No";"With Traffic";"B: Evident Injury";"Travel Lane";"White";"Male";"None - Rural Crash";"Richmond";"No";"01-01-03";2008-10-29;"Parallel Paths - Other Circumstances";14;"Non-Intersection";"01-10-01";1-01-01 13:59:58;"Parallel Paths - Other /";311280;2008;"B: Evident Injury";"Farms, Woods, Pastures";NA;NA;"Missing";"36-40 mph";"Injury";"/Missing";NA;NA;"No";"Yes";"Dawn";"Rural (<30% Developed)";"2 lanes";2;"Straight - Level";"NC Route";"Dry";"Two-Way, Not Divided";"None";"Underpass";"Smooth Asphalt";"Piedmont";"Rural";"50 - 55  MPH";"Double Yellow Line, No Passing Zone";"Clear";"No";"0.0, 0.0"
"3209";874;875;"Yes";"50-59";56;"No";"With Traffic";"C: Possible Injury";"Travel Lane";"White";"Male";"None - Rural Crash";"Rockingham";"No";"01-01-05";2008-11-07;"Motorist Overtaking Bicyclist";17;"Non-Intersection";"01-11-01";1-01-01 17:09:58;"Motorist Overtaking - Misjudged Space";311232;2008;"C: Possible Injury";"Farms, Woods, Pastures";"25-29";26;"No";"51-55 mph";"O: No Injury";"White";"Female";"Passenger Car";"No";"No";"Daylight";"Rural (<30% Developed)";"2 lanes";2;"Straight - Level";"State Secondary Route";"Dry";"Two-Way, Not Divided";"None";"No Special Feature";"Smooth Asphalt";"Piedmont";"Rural";"50 - 55  MPH";"Double Yellow Line, No Passing Zone";"Clear";"No";"0.0, 0.0"
"3210";875;876;"Yes";"15-Nov";15;"No";"With Traffic";"B: Evident Injury";"Travel Lane";"White";"Male";"Thomasville";"Davidson";"No";NA;2008-11-10;"Bicyclist Left Turn / Merge";18;"Non-Intersection";"01-11-01";1-01-01 18:08:58;"Bicyclist Left Turn - Same Direction";311221;2008;"B: Evident Injury";"Residential";"70+";NA;"No";"31-35 mph";"O: No Injury";"White";"Female";"Passenger Car";"No";"No";"Dark - Lighted Roadway";"Urban (>70% Developed)";"2 lanes";2;"Straight - Level";"Local Street";"Dry";"Two-Way, Divided, Unprotected Median";"None";"No Special Feature";"Coarse Asphalt";"Piedmont";"Urban";"40 - 45  MPH";"School Zone Signs";"Clear";"No";"0.0, 0.0"
"3211";880;881;"Yes";"20-24";22;"No";"With Traffic";"C: Possible Injury";"Travel Lane";"White";"Male";"Durham";"Durham";"No";"01-01-04";2008-11-06;"Motorist Left Turn / Merge";7;"Non-Intersection";"01-11-01";1-01-01 07:57:58;"Motorist Left Turn - Opposite Direction";311212;2008;"C: Possible Injury";"Commercial";"50-59";50;"No";"11-15 mph";"O: No Injury";"White";"Female";"Passenger Car";"No";"No";"Daylight";"Urban (>70% Developed)";"4 lanes";2;"Straight - Level";"Local Street";"Dry";"Two-Way, Not Divided";"None";"No Special Feature";"Coarse Asphalt";"Piedmont";"Urban";"30 - 35  MPH";"No Control Present";"Clear";"No";"0.0, 0.0"
"3212";883;884;"No";"20-24";22;"No";"Facing Traffic";"C: Possible Injury";"Travel Lane";"/Missing";"Male";"Williamston";"Martin";"No";NA;2008-09-15;"Head-On";7;"Intersection";"01-09-01";1-01-01 07:29:58;"Head-On - Bicyclist";112250;2008;"C: Possible Injury";"Commercial";"40-49";40;"No";"16-20 mph";"O: No Injury";"White";"Female";"Passenger Car";"No";"No";"Daylight";"Mixed (30% To 70% Developed)";"6 lanes";2;"Straight - Level";"US Route";"Dry";"Two-Way, Divided, Unprotected Median";"None";"Four-Way Intersection";"Smooth Asphalt";"Coastal";"Urban";"40 - 45  MPH";"Yield Sign";"Clear";"No";"0.0, 0.0"
"3213";885;886;"Yes";"30-39";34;"No";"With Traffic";"C: Possible Injury";"Travel Lane";"White";"Female";"None - Rural Crash";"Brunswick";"No";"01-01-07";2008-11-09;"Motorist Overtaking Bicyclist";13;"Non-Intersection";"01-11-01";1-01-01 13:39:58;"Motorist Overtaking - Other /";311239;2008;"C: Possible Injury";"Farms, Woods, Pastures";"70+";NA;"No";"31-35 mph";"O: No Injury";"Black";"Male";"Pickup";"No";"No";"Daylight";"Rural (<30% Developed)";"2 lanes";2;"Straight - Level";"State Secondary Route";"Dry";"Two-Way, Not Divided";"None";"No Special Feature";"Coarse Asphalt";"Coastal";"Rural";"50 - 55  MPH";"Double Yellow Line, No Passing Zone";"Clear";"No";"0.0, 0.0"
"3214";888;889;"Yes";"50-59";50;"No";"Facing Traffic";"C: Possible Injury";"Sidewalk / Crosswalk / Driveway Crossing";"White";"Male";"Raleigh";"Wake";"No";"01-01-03";2008-10-22;"Motorist Failed to Yield - Midblock";7;"Non-Intersection";"01-10-01";1-01-01 07:48:58;"Motorist Drive Out - Other Midblock";332328;2008;"C: Possible Injury";"Commercial";"50-59";53;"No";"0-5 mph";"O: No Injury";"Black";"Male";"Sport Utility";"No";"No";"Daylight";"Urban (>70% Developed)";NA;2;"Straight - Level";"Public Vehicular Area";"Dry";"Two-Way, Not Divided";"None";"No Special Feature";"Smooth Asphalt";"Piedmont";"Urban";NA;"Stop Sign";"Clear";"No";"0.0, 0.0"
"3215";892;893;"Yes";"30-39";35;"No";"With Traffic";"K: Killed";"Bike Lane / Paved Shoulder";"Black";"Male";"None - Rural Crash";"Lenoir";"No";"01-01-04";2008-11-13;"Motorist Overtaking Bicyclist";6;"Non-Intersection";"01-11-01";1-01-01 06:14:58;"Motorist Overtaking - Other /";321239;2008;"K: Killed";"Farms, Woods, Pastures";"25-29";29;"No";"36-40 mph";"O: No Injury";"White";"Male";"Single Unit Truck (2-Axle, 6-Tire)";"No";"No";"Dark - Roadway Not Lighted";"Mixed (30% To 70% Developed)";"4 lanes";2;"Straight - Level";"NC Route";"Wet";"Two-Way, Divided, Unprotected Median";"None";"No Special Feature";"Smooth Asphalt";"Coastal";"Rural";"60 - 75 MPH";"No Control Present";"Cloudy";"No";"0.0, 0.0"
"3216";900;901;"Yes";"50-59";54;"Yes";"Facing Traffic";"B: Evident Injury";"Travel Lane";"Black";"Male";"Chadbourn";"Columbus";"Yes";"01-01-04";2008-10-23;"Head-On";16;"Intersection";"01-10-01";1-01-01 16:30:58;"Head-On - Bicyclist";112250;2008;"B: Evident Injury";"Residential";"30-39";33;"No";"26-30 mph";"O: No Injury";"White";"Male";"Pickup";"No";"No";"Daylight";"Mixed (30% To 70% Developed)";"3 lanes";2;"Straight - Level";"Local Street";"Dry";"Two-Way, Not Divided";"None";"Four-Way Intersection";"Smooth Asphalt";"Coastal";"Rural";"30 - 35  MPH";"Stop Sign";"Clear";"No";"0.0, 0.0"
"3217";901;902;"Yes";"20-24";22;"No";"With Traffic";"B: Evident Injury";"Travel Lane";"Black";"Male";"Durham";"Durham";"No";"01-01-02";2008-09-30;"Bicyclist Failed to Yield - Sign-Controlled Intersection";16;"Intersection";"01-09-01";1-01-01 16:06:58;"Bicyclist Ride Out - Sign-Controlled Intersection";111142;2008;"B: Evident Injury";"Residential";NA;NA;"Missing";"11-15 mph";"Injury";"/Missing";NA;NA;"No";"Yes";"Daylight";"Urban (>70% Developed)";"2 lanes";2;"Straight - Level";"Local Street";"Dry";"Two-Way, Not Divided";"None";"Four-Way Intersection";"Smooth Asphalt";"Piedmont";"Urban";"20 - 25  MPH";"Stop Sign";"Clear";"No";"0.0, 0.0"
"3218";906;907;"Yes";"16-19";18;"No";"With Traffic";"B: Evident Injury";"Sidewalk / Crosswalk / Driveway Crossing";"White";"Male";"Chapel Hill";"Orange";"No";"01-01-04";2008-11-13;"Bicyclist Failed to Yield - Signalized Intersection";18;"Intersection";"01-11-01";1-01-01 18:30:58;"Bicyclist Ride Through - Signalized Intersection";131155;2008;"B: Evident Injury";"Commercial";"20-24";23;"No";"6-10 mph";"O: No Injury";"White";"Female";"Light Truck (Mini-Van, Panel)";"No";"No";"Dark - Lighted Roadway";"Urban (>70% Developed)";"4 lanes";2;"Straight - Bottom";"Local Street";"Wet";"Two-Way, Not Divided";"None";"Four-Way Intersection";"Smooth Asphalt";"Piedmont";"Urban";"20 - 25  MPH";"Stop And Go Signal";"Cloudy";"No";"0.0, 0.0"
"3219";912;913;"Yes";"16-19";18;"No";"Facing Traffic";"C: Possible Injury";"Travel Lane";"Black";"Male";"Greensboro";"Guilford";"No";"01-01-03";2008-10-22;"Bicyclist Failed to Yield - Signalized Intersection";15;"Intersection";"01-10-01";1-01-01 15:27:58;"Bicyclist Ride Through - Signalized Intersection";112155;2008;"C: Possible Injury";"Commercial";"0-19";19;"No";NA;"O: No Injury";"Black";"Female";"Passenger Car";"No";"No";"Daylight";"Urban (>70% Developed)";"2 lanes";2;"Straight - Hillcrest";"Local Street";"Dry";"Two-Way, Divided, Unprotected Median";"None";"No Special Feature";"Smooth Asphalt";"Piedmont";"Urban";"5 - 15 MPH";"Stop And Go Signal";"Clear";"No";"0.0, 0.0"
"3220";913;914;"No";"30-39";32;"No";"With Traffic";"B: Evident Injury";"Travel Lane";"White";"Male";"Mount Holly";"Gaston";"No";"01-01-02";2008-11-25;"Motorist Overtaking Bicyclist";7;"Non-Intersection";"01-11-01";1-01-01 07:54:58;"Motorist Overtaking - Other /";311239;2008;"B: Evident Injury";"Residential";"30-39";37;"No";"21-25 mph";"O: No Injury";"White";"Male";"Pickup";"No";"No";"Daylight";"Urban (>70% Developed)";"2 lanes";2;"Straight - Level";"Local Street";"Wet";"Two-Way, Not Divided";"None";"No Special Feature";"Smooth Asphalt";"Piedmont";"Urban";"30 - 35  MPH";"Double Yellow Line, No Passing Zone";"Clear";"No";"0.0, 0.0"
"3221";915;916;"No";"40-49";40;"No";"With Traffic";"C: Possible Injury";"Travel Lane";"White";"Male";"New Bern";"Craven";"No";"01-01-04";2008-11-20;"Motorist Right Turn / Merge";7;"Intersection";"01-11-01";1-01-01 07:26:58;"Motorist Right Turn - Same Direction";111213;2008;"C: Possible Injury";"Residential";"30-39";32;"No";"31-35 mph";"O: No Injury";"Black";"Female";"Passenger Car";"No";"No";"Daylight";"Urban (>70% Developed)";"4 lanes";2;"Straight - Level";"NC Route";"Dry";"Two-Way, Divided, Unprotected Median";"None";"T-Intersection";"Smooth Asphalt";"Coastal";"Urban";"30 - 35  MPH";"Missing";"Clear";"No";"0.0, 0.0"
"3222";916;917;"Yes";"40-49";46;"Yes";"Facing Traffic";"B: Evident Injury";"Travel Lane";"Hispanic";"Male";"Smithfield";"Johnston";"Yes";"01-01-05";2008-11-14;"Bicyclist Failed to Yield - Sign-Controlled Intersection";23;"Intersection";"01-11-01";1-01-01 23:44:58;"Bicyclist Ride Through - Sign-Controlled Intersection";112144;2008;"B: Evident Injury";"Residential";"20-24";22;"No";"21-25 mph";"O: No Injury";"Black";"Male";"Passenger Car";"No";"No";"Dark - Lighted Roadway";"Urban (>70% Developed)";"2 lanes";2;"Straight - Level";"Local Street";"Wet";"Two-Way, Not Divided";"None";"Four-Way Intersection";"Coarse Asphalt";"Coastal";"Urban";"20 - 25  MPH";"Stop Sign";"Cloudy";"No";"0.0, 0.0"
"3223";919;920;"Yes";"16-19";17;"No";"With Traffic";"C: Possible Injury";"Sidewalk / Crosswalk / Driveway Crossing";"White";"Male";"Lumberton";"Robeson";"No";"01-01-05";2008-11-21;"Motorist Failed to Yield - Sign-Controlled Intersection";15;"Intersection";"01-11-01";1-01-01 15:26:58;"Motorist Drive Out - Sign-Controlled Intersection";131141;2008;"C: Possible Injury";"Commercial";"50-59";51;"No";"31-35 mph";"O: No Injury";"Black";"Male";"Pickup";"No";"No";"Daylight";"Urban (>70% Developed)";"4 lanes";2;"Straight - Level";"Local Street";"Dry";"Two-Way, Not Divided";"None";"No Special Feature";"Coarse Asphalt";"Coastal";"Urban";"30 - 35  MPH";"Stop Sign";"Clear";"No";"0.0, 0.0"
"3224";926;927;"Yes";"15-Nov";15;"No";"Facing Traffic";"C: Possible Injury";"Sidewalk / Crosswalk / Driveway Crossing";"Black";"Male";"Durham";"Durham";"No";"01-01-07";2008-12-14;"Motorist Failed to Yield - Midblock";17;"Non-Intersection";"01-12-01";1-01-01 17:44:58;"Motorist Drive Out - Residential Driveway";332321;2008;"C: Possible Injury";"Residential";NA;NA;"Missing";NA;"Injury";"/Missing";NA;"Passenger Car";"No";"Yes";"Dark - Lighted Roadway";"Urban (>70% Developed)";"4 lanes";2;"Straight - Level";"Public Vehicular Area";"Dry";"Two-Way, Not Divided";"None";"T-Intersection";"Smooth Asphalt";"Piedmont";"Urban";NA;"No Control Present";"Clear";"No";"0.0, 0.0"
"3225";927;928;"Yes";"50-59";57;"No";"Facing Traffic";"C: Possible Injury";"Travel Lane";"White";"Male";"None - Rural Crash";"Bertie";"No";"01-01-06";2008-12-20;"Bicyclist Right Turn / Merge";10;"Non-Intersection";"01-12-01";1-01-01 10:08:58;"Bicyclist Right Turn - Same Direction";312223;2008;"C: Possible Injury";"Farms, Woods, Pastures";"70+";NA;"No";"51-55 mph";"O: No Injury";"White";"Male";"Passenger Car";"No";"No";"Daylight";"Rural (<30% Developed)";"2 lanes";2;"Straight - Level";"State Secondary Route";"Wet";"Two-Way, Not Divided";"None";"No Special Feature";"Coarse Asphalt";"Coastal";"Rural";"50 - 55  MPH";"Double Yellow Line, No Passing Zone";"Cloudy";"No";"0.0, 0.0"
"3226";930;931;"Yes";"40-49";40;"No";"With Traffic";"B: Evident Injury";"Travel Lane";"White";"Male";"Charlotte";"Mecklenburg";"No";"01-01-02";2008-10-14;"Motorist Overtaking Bicyclist";18;"Non-Intersection";"01-10-01";1-01-01 17:59:58;"Motorist Overtaking - Undetected Bicyclist";311231;2008;"B: Evident Injury";"Farms, Woods, Pastures";"50-59";55;"No";"51-55 mph";"O: No Injury";"White";"Female";"Passenger Car";"No";"No";"Daylight";"Rural (<30% Developed)";"4 lanes";2;"Straight - Level";"Local Street";"Dry";"Two-Way, Divided, Unprotected Median";"None";"No Special Feature";"Coarse Asphalt";"Piedmont";"Urban";"50 - 55  MPH";"No Control Present";"Clear";"No";"0.0, 0.0"
"3227";939;940;"No";"25-29";27;"No";"With Traffic";"O: No Injury";"Travel Lane";"White";"Male";"Raleigh";"Wake";"No";NA;2008-09-15;"Motorist Overtaking Bicyclist";0;"Non-Intersection";"01-09-01";1-01-01 00:14:58;"Motorist Overtaking - Misjudged Space";311232;2008;"O: No Injury";"Residential";NA;NA;"Missing";"11-15 mph";"Injury";"/Missing";NA;NA;"No";"Yes";"Dark - Lighted Roadway";"Mixed (30% To 70% Developed)";"2 lanes";2;"Straight - Grade";"Local Street";"Dry";"Two-Way, Not Divided";"None";"No Special Feature";"Smooth Asphalt";"Piedmont";"Urban";"20 - 25  MPH";"Missing";"Clear";"No";"0.0, 0.0"
"3228";941;942;"Yes";"50-59";55;"No";"With Traffic";"B: Evident Injury";"Travel Lane";"Black";"Male";"Raleigh";"Wake";"No";"01-01-02";2008-10-21;"Bicyclist Failed to Yield - Sign-Controlled Intersection";23;"Intersection";"01-10-01";1-01-01 23:06:58;"Bicyclist Ride Through - Sign-Controlled Intersection";111144;2008;"B: Evident Injury";"Residential";"30-39";37;"No";"41-45 mph";"O: No Injury";"Black";"Female";"Passenger Car";"No";"No";"Dark - Lighted Roadway";"Mixed (30% To 70% Developed)";"3 lanes";2;"Straight - Level";"Local Street";"Dry";"Two-Way, Not Divided";"None";"T-Intersection";"Coarse Asphalt";"Piedmont";"Urban";"40 - 45  MPH";"Stop Sign";"Clear";"No";"0.0, 0.0"
"3229";946;947;"No";"40-49";48;"No";"Facing Traffic";"C: Possible Injury";"Sidewalk / Crosswalk / Driveway Crossing";"White";"Female";"Raleigh";"Wake";"No";"01-01-03";2008-12-03;"Motorist Failed to Yield - Midblock";8;"Non-Intersection";"01-12-01";1-01-01 08:12:58;"Motorist Drive Out - Commercial Driveway / Alley";332322;2008;"C: Possible Injury";"Commercial";"25-29";27;"No";"0-5 mph";"O: No Injury";"White";"Male";"Pickup";"No";"No";"Daylight";"Urban (>70% Developed)";"7 lanes";2;"Straight - Level";"Local Street";"Dry";"Two-Way, Not Divided";"None";"No Special Feature";"Smooth Asphalt";"Piedmont";"Urban";"30 - 35  MPH";"Missing";"Clear";"No";"0.0, 0.0"
"3230";953;954;"Yes";"30-39";38;"Yes";"With Traffic";"O: No Injury";"Travel Lane";"Black";"Male";"None - Rural Crash";"Camden";"Yes";NA;2008-12-08;"Motorist Overtaking Bicyclist";17;"Non-Intersection";"01-12-01";1-01-01 17:29:58;"Motorist Overtaking - Undetected Bicyclist";311231;2008;"O: No Injury";"Farms, Woods, Pastures";"60-69";64;"No";"51-55 mph";"O: No Injury";"White";"Male";"Passenger Car";"No";"No";"Dark - Roadway Not Lighted";"Rural (<30% Developed)";"2 lanes";2;"Straight - Level";"NC Route";"Dry";"Two-Way, Not Divided";"None";"No Special Feature";"Coarse Asphalt";"Coastal";"Rural";"50 - 55  MPH";"No Control Present";"Clear";"No";"0.0, 0.0"
"3231";965;966;"Yes";"30-39";30;"No";"With Traffic";"B: Evident Injury";"Travel Lane";"White";"Male";"Asheville";"Buncombe";"No";NA;2008-12-15;"Motorist Failed to Yield - Midblock";17;"Non-Intersection";"01-12-01";1-01-01 17:47:58;"Motorist Drive Out - Commercial Driveway / Alley";311322;2008;"B: Evident Injury";"Commercial";"70+";NA;"No";"0-5 mph";"O: No Injury";"White";"Female";"Passenger Car";"No";"No";"Dark - Roadway Not Lighted";"Urban (>70% Developed)";"3 lanes";2;"Straight - Grade";"Local Street";"Wet";"Two-Way, Not Divided";"None";"No Special Feature";"Smooth Asphalt";"Mountains";"Urban";"30 - 35  MPH";"Double Yellow Line, No Passing Zone";"Clear";"No";"0.0, 0.0"