"FID";"OBJECTID";"AmbulanceR";"BikeAge_Gr";"Bike_Age";"Bike_Alc_D";"Bike_Dir";"Bike_Injur";"Bike_Pos";"Bike_Race";"Bike_Sex";"City";"County";"CrashAlcoh";"CrashDay";"Crash_Date";"Crash_Grp";"Crash_Hour";"Crash_Loc";"Crash_Mont";"Crash_Time";"Crash_Type";"Crash_Ty_1";"Crash_Year";"Crsh_Sevri";"Developmen";"DrvrAge_Gr";"Drvr_Age";"Drvr_Alc_D";"Drvr_EstSp";"Drvr_Injur";"Drvr_Race";"Drvr_Sex";"Drvr_VehTy";"ExcsSpdInd";"Hit_Run";"Light_Cond";"Locality";"Num_Lanes";"Num_Units";"Rd_Charact";"Rd_Class";"Rd_Conditi";"Rd_Config";"Rd_Defects";"Rd_Feature";"Rd_Surface";"Region";"Rural_Urba";"Speed_Limi";"Traff_Cntr";"Weather";"Workzone_I";"Location"
"3379";755;756;"Yes";"40-49";40;"No";"With Traffic";"B: Evident Injury";"Travel Lane";"White";"Male";"None - Rural Crash";"Pender";"No";"01-01-04";2009-12-17;"Motorist Overtaking Bicyclist";17;"Non-Intersection";"01-12-01";1-01-01 17:51:58;"Motorist Overtaking - Other /";311239;2009;"B: Evident Injury";"Farms, Woods, Pastures";NA;NA;"Missing";"51-55 mph";"Injury";"/Missing";NA;NA;"No";"Yes";"Dark - Roadway Not Lighted";"Rural (<30% Developed)";"2 lanes";2;"Straight - Level";"State Secondary Route";"Dry";"Two-Way, Not Divided";"None";"No Special Feature";"Smooth Asphalt";"Coastal";"Rural";"50 - 55  MPH";"No Control Present";"Clear";"No";"34.695683, -78.01032"
"3380";765;766;"No";"50-59";55;"No";"Facing Traffic";"O: No Injury";"Travel Lane";"White";"Male";"Atlantic Beach";"Carteret";"No";"01-01-02";2009-12-29;"Parallel Paths - Other Circumstances";8;"Non-Intersection";"01-12-01";1-01-01 08:43:58;"Parallel Paths - Other /";312280;2009;"O: No Injury";"Commercial";"60-69";60;"No";"0-5 mph";"O: No Injury";"White";"Male";"Single Unit Truck (2-Axle, 6-Tire)";"No";"No";"Daylight";"Urban (>70% Developed)";"6 lanes";2;"Straight - Level";"NC Route";"Dry";"Two-Way, Divided, Unprotected Median";"None";"Driveway, Public";"Smooth Asphalt";"Coastal";"Rural";"30 - 35  MPH";"No Control Present";"Clear";"No";"34.701153, -76.73853"
"3381";766;767;"Yes";"60-69";60;"No";"With Traffic";"C: Possible Injury";"Travel Lane";"White";"Male";"Pineville";"Mecklenburg";"No";"01-01-02";2009-12-29;"Motorist Failed to Yield - Sign-Controlled Intersection";16;"Intersection";"01-12-01";1-01-01 16:07:58;"Motorist Drive Out - Sign-Controlled Intersection";111141;2009;"C: Possible Injury";"Commercial";"70+";NA;"No";"6-10 mph";"O: No Injury";"White";"Female";"Passenger Car";"No";"No";"Daylight";"Urban (>70% Developed)";"1 lane";2;"Curve - Level";"Public Vehicular Area";"Dry";"Two-Way, Not Divided";"None";"Traffic Circle/Roundabout";"Smooth Asphalt";"Piedmont";"Rural";"30 - 35  MPH";"Yield Sign";"Clear";"No";"35.0705, -80.880806"
"3382";777;778;"Yes";"16-19";17;"No";"With Traffic";"B: Evident Injury";"Travel Lane";"Black";"Male";"Charlotte";"Mecklenburg";"No";"01-01-02";2009-11-24;"Motorist Overtaking Bicyclist";16;"Non-Intersection";"01-11-01";1-01-01 16:24:58;"Motorist Overtaking - Other /";311239;2009;"B: Evident Injury";"Residential";NA;NA;"Missing";"26-30 mph";"Injury";"/Missing";NA;NA;"No";"Yes";"Daylight";"Urban (>70% Developed)";"2 lanes";2;"Straight - Level";"Local Street";"Dry";"Two-Way, Not Divided";"None";"No Special Feature";"Smooth Asphalt";"Piedmont";"Urban";"20 - 25  MPH";"No Control Present";"Cloudy";"No";"35.282585, -80.82256"
"3383";783;784;"No";"60-69";62;"No";"Not Applicable";"B: Evident Injury";NA;"Black";"Male";"Charlotte";"Mecklenburg";"Yes";NA;2009-09-28;"Bicyclist Failed to Yield - Midblock";20;"Non-Intersection";"01-09-01";1-01-01 20:50:58;"Bicyclist Ride Out - Midblock -";393319;2009;"B: Evident Injury";"Residential";"60-69";65;"Yes";"31-35 mph";"O: No Injury";"Black";"Male";"Passenger Car";"No";"No";"Dark - Lighted Roadway";"Rural (<30% Developed)";"2 lanes";2;"Straight - Level";"Local Street";"Dry";"Two-Way, Not Divided";"None";"No Special Feature";"Coarse Asphalt";"Piedmont";"Urban";"30 - 35  MPH";"No Control Present";"Clear";"No";"35.245888, -80.897484"
"3384";803;804;"No";"40-49";44;"No";"With Traffic";"B: Evident Injury";"Travel Lane";"White";"Male";"Charlotte";"Mecklenburg";"No";"01-01-06";2009-05-30;"Motorist Right Turn / Merge";13;"Intersection";"01-05-01";1-01-01 13:35:58;"Motorist Right Turn - Same Direction";111213;2009;"B: Evident Injury";"Commercial";"20-24";21;"No";"21-25 mph";"O: No Injury";"White";"Female";"Sport Utility";"No";"No";"Daylight";"Urban (>70% Developed)";"2 lanes";2;"Straight - Level";"Local Street";"Dry";"Two-Way, Not Divided";"None";"T-Intersection";"Smooth Asphalt";"Piedmont";"Urban";"30 - 35  MPH";"No Control Present";"Clear";"No";"35.20066, -80.843"
"3385";807;808;"No";"30-39";35;"Yes";"With Traffic";"B: Evident Injury";"Sidewalk / Crosswalk / Driveway Crossing";"Hispanic";"Male";"Charlotte";"Mecklenburg";"Yes";"01-01-07";2009-03-22;"Motorist Overtaking Bicyclist";20;"Intersection";"01-03-01";1-01-01 20:44:58;"Motorist Overtaking - Bicyclist Swerved";131235;2009;"B: Evident Injury";"Commercial";"30-39";30;"No";"6-10 mph";"O: No Injury";"Black";"Male";"Passenger Car";"No";"No";"Dark - Lighted Roadway";"Urban (>70% Developed)";"3 lanes";2;"Straight - Level";"Local Street";"Dry";"Two-Way, Divided, Unprotected Median";"None";"No Special Feature";"Smooth Asphalt";"Piedmont";"Urban";"30 - 35  MPH";"Stop Sign";"Clear";"No";"35.246716, -80.7524"
"3386";808;809;"Yes";"30-39";35;"No";"With Traffic";"B: Evident Injury";"Travel Lane";"White";"Male";"Charlotte";"Mecklenburg";"No";"01-01-06";2009-03-07;"Motorist Left Turn / Merge";10;"Intersection";"01-03-01";1-01-01 10:29:58;"Motorist Left Turn - Opposite Direction";111212;2009;"B: Evident Injury";"Residential";NA;NA;"Missing";"0-5 mph";"Injury";"/Missing";NA;NA;"No";"Yes";"Daylight";"Urban (>70% Developed)";"4 lanes";2;"Straight - Level";"Local Street";"Dry";"Two-Way, Divided, Unprotected Median";"Road Surface Condition";"No Special Feature";"Smooth Asphalt";"Piedmont";"Urban";"30 - 35  MPH";"Stop Sign";"Clear";"No";"35.21063, -80.83439"
"3387";5;6;"Yes";"15-Nov";12;"No";"Facing Traffic";"C: Possible Injury";"Sidewalk / Crosswalk / Driveway Crossing";"White";"Male";"Cary";"Wake";"No";"01-01-06";2010-01-16;"Bicyclist Failed to Yield - Signalized Intersection";18;"Intersection";NA;1-01-01 18:36:58;"Bicyclist Ride Out - Signalized  Intersection";0;2010;"C: Possible Injury";"Commercial";"40-49";43;"No";"21-25 mph";"O: No Injury";"Asian";"Male";"Passenger Car";"No";"No";"Dark - Lighted Roadway";"Urban (>70% Developed)";"3 lanes";2;"Straight - Level";"State Secondary Route";"Dry";"Two-Way, Not Divided";"None";"Four-Way Intersection";"Smooth Asphalt";"Piedmont";"Urban";"30 - 35  MPH";"Stop And Go Signal";"Clear";"No";"35.791798, -78.78332"
"3388";8;9;"No";"60-69";63;"No";"With Traffic";"C: Possible Injury";"Travel Lane";"White";"Female";"Durham";"Durham";"No";NA;2010-01-18;"Bicyclist Left Turn / Merge";13;"Intersection-Related";NA;1-01-01 13:37:58;"Bicyclist Left Turn - Same Direction";0;2010;"C: Possible Injury";"Commercial";"60-69";64;"No";"11-15 mph";"O: No Injury";"Black";"Male";"Sport Utility";"No";"No";"Daylight";"Urban (>70% Developed)";"2 lanes";2;"Straight - Level";"Local Street";"Dry";"Two-Way, Not Divided";"None";"No Special Feature";"Smooth Asphalt";"Piedmont";"Urban";"30 - 35  MPH";"Stop Sign";"Clear";"No";"35.95755, -78.87871"
"3389";14;15;"Yes";"50-59";50;"Yes";"With Traffic";"B: Evident Injury";"Travel Lane";"White";"Male";"None - Rural Crash";"Brunswick";"Yes";NA;2010-01-11;"Parallel Paths - Other Circumstances";18;"Non-Intersection";NA;1-01-01 18:16:58;"Bicyclist Ride Out - Parallel Path";0;2010;"B: Evident Injury";"Farms, Woods, Pastures";"40-49";40;"No";"41-45 mph";"O: No Injury";"White";"Male";"Single Unit Truck (2-Axle, 6-Tire)";"No";"No";"Dark - Roadway Not Lighted";"Rural (<30% Developed)";"2 lanes";2;"Curve - Level";"State Secondary Route";"Dry";"Two-Way, Not Divided";"None";"No Special Feature";"Smooth Asphalt";"Coastal";"Rural";"50 - 55  MPH";"Double Yellow Line, No Passing Zone";"Clear";"No";"34.23165, -78.05655"
"3390";17;18;"Yes";"25-29";26;"No";"With Traffic";"C: Possible Injury";"Travel Lane";"White";"Male";"Chapel Hill";"Orange";"No";"01-01-04";2010-01-14;"Motorist Right Turn / Merge";11;"Intersection";NA;1-01-01 11:12:58;"Motorist Right Turn - Same Direction";0;2010;"C: Possible Injury";"Residential";"50-59";59;"No";"16-20 mph";"O: No Injury";"Black";"Male";"Pickup";"No";"No";"Daylight";"Urban (>70% Developed)";"2 lanes";2;"Straight - Level";"Local Street";"Dry";"Two-Way, Not Divided";"None";"No Special Feature";"Smooth Asphalt";"Piedmont";"Urban";"20 - 25  MPH";"Other";"Clear";"No";"35.90739, -79.06315"
"3391";25;26;"No";"10-Jun";6;"No";"With Traffic";"B: Evident Injury";"Travel Lane";"Black";"Male";"Charlotte";"Mecklenburg";"No";"01-01-02";2010-01-19;"Bicyclist Failed to Yield - Sign-Controlled Intersection";17;"Intersection";NA;1-01-01 17:23:58;"Bicyclist Ride Through - Sign-Controlled Intersection";0;2010;"B: Evident Injury";"Commercial";"20-24";23;"No";"6-10 mph";"O: No Injury";"Black";"Female";"Passenger Car";"No";"No";"Dusk";"Urban (>70% Developed)";NA;2;"Straight - Grade";"Public Vehicular Area";"Dry";"Two-Way, Not Divided";"None";"Four-Way Intersection";"Smooth Asphalt";"Piedmont";"Urban";NA;"Stop Sign";"Cloudy";"No";"35.215828, -80.721855"
"3392";30;31;"Yes";"25-29";26;"No";"With Traffic";"B: Evident Injury";"Travel Lane";"White";"Male";"Wilmington";"New Hanover";"No";"01-01-03";2010-01-27;"Motorist Left Turn / Merge";20;"Intersection";NA;1-01-01 20:40:58;"Motorist Left Turn - Opposite Direction";0;2010;"B: Evident Injury";"Commercial";"20-24";21;"No";"6-10 mph";"O: No Injury";"White";"Female";"Passenger Car";"No";"No";"Dark - Lighted Roadway";"Urban (>70% Developed)";"4 lanes";2;"Straight - Level";"Local Street";"Dry";"Two-Way, Not Divided";NA;"No Special Feature";"Coarse Asphalt";"Coastal";"Urban";"20 - 25  MPH";"No Control Present";"Clear";"No";"34.234184, -77.94852"
"3393";31;32;"No";"20-24";23;"No";"With Traffic";"C: Possible Injury";"Sidewalk / Crosswalk / Driveway Crossing";"White";"Male";"Greensboro";"Guilford";"No";NA;2010-01-25;"Motorist Left Turn / Merge";11;"Intersection";NA;1-01-01 11:33:58;"Motorist Left Turn - Opposite Direction";0;2010;"C: Possible Injury";"Commercial";NA;NA;"Missing";"6-10 mph";"Injury";"/Missing";NA;NA;"No";"Yes";"Daylight";"Urban (>70% Developed)";"3 lanes";2;"Straight - Level";"Local Street";"Dry";"Two-Way, Not Divided";"None";"No Special Feature";"Coarse Asphalt";"Piedmont";"Urban";"30 - 35  MPH";"Stop And Go Signal";"Clear";"No";"36.063858, -79.82378"
"3394";33;34;"Yes";"15-Nov";15;"No";"With Traffic";"B: Evident Injury";"Travel Lane";"Black";"Male";"Hickory";"Catawba";"No";NA;2010-01-25;"Bicyclist Failed to Yield - Signalized Intersection";11;"Intersection";NA;1-01-01 11:04:58;"Bicyclist Ride Out - Signalized  Intersection";0;2010;"B: Evident Injury";"Residential";"50-59";57;"No";"6-10 mph";"O: No Injury";"White";"Male";"Van";"No";"No";"Daylight";"Mixed (30% To 70% Developed)";"4 lanes";2;"Straight - Grade";"Local Street";"Dry";"Two-Way, Divided, Unprotected Median";"None";"Four-Way Intersection";"Smooth Asphalt";"Piedmont";"Urban";"30 - 35  MPH";"Stop And Go Signal";"Clear";"No";"35.73597, -81.35213"
"3395";36;37;"No";"20-24";24;"No";"With Traffic";"Injury";"Travel Lane";"White";"Male";"Greenville";"Pitt";"No";"01-01-02";2010-01-26;"Motorist Overtaking Bicyclist";13;"Non-Intersection";NA;1-01-01 13:09:58;"Motorist Overtaking - Misjudged Space";0;2010;"O: No Injury";"Institutional";"50-59";56;"No";"26-30 mph";"O: No Injury";"White";"Female";"Passenger Car";"No";"No";"Daylight";"Mixed (30% To 70% Developed)";"2 lanes";2;"Straight - Level";"Local Street";"Dry";"Two-Way, Divided, Unprotected Median";"None";"No Special Feature";"Concrete";"Coastal";"Urban";"30 - 35  MPH";"Stop And Go Signal";"Clear";"No";"35.607727, -77.36305"
"3396";39;40;"No";"60-69";61;"No";"With Traffic";"B: Evident Injury";"Other";"Hispanic";"Male";"Charlotte";"Mecklenburg";"No";"01-01-04";2010-02-11;"Motorist Overtaking Bicyclist";17;"Non-Intersection";"01-02-01";1-01-01 17:43:58;"Motorist Overtaking - Bicyclist Swerved";0;2010;"B: Evident Injury";"Residential";"40-49";45;"No";"21-25 mph";"C: Possible Injury";"Black";"Male";"Sport Utility";"No";"No";"Daylight";"Urban (>70% Developed)";"2 lanes";2;"Straight - Level";"Local Street";"Dry";"Two-Way, Not Divided";"None";"No Special Feature";"Smooth Asphalt";"Piedmont";"Urban";"40 - 45  MPH";"No Control Present";"Clear";"No";"35.175068, -80.71852"
"3397";42;43;"Yes";"40-49";42;"No";"With Traffic";"C: Possible Injury";"Travel Lane";"Black";"Male";"Charlotte";"Mecklenburg";"No";"01-01-07";2010-01-31;"Loss of Control / Turning Error";21;"Non-Intersection";NA;1-01-01 21:19:58;"Motorist Lost Control - Surface Conditions";0;2010;"C: Possible Injury";"Commercial";"30-39";34;"No";"16-20 mph";"O: No Injury";"Black";"Female";"Passenger Car";"No";"No";"Dark - Roadway Not Lighted";"Urban (>70% Developed)";"2 lanes";2;"Straight - Level";"Local Street";"Ice";"Two-Way, Not Divided";"Road Surface Condition";"No Special Feature";"Smooth Asphalt";"Piedmont";"Urban";"40 - 45  MPH";"No Control Present";"Clear";"No";"35.313454, -80.78617"
"3398";45;46;"No";"20-24";21;"No";"With Traffic";"O: No Injury";"Travel Lane";"Hispanic";"Male";"Zebulon";"Wake";"No";NA;2010-02-08;"Bicyclist Left Turn / Merge";16;"Non-Intersection";"01-02-01";1-01-01 15:59:58;"Bicyclist Left Turn - Same Direction";0;2010;"O: No Injury";"Residential";"70+";NA;"No";"31-35 mph";"O: No Injury";"Black";"Female";"Passenger Car";"No";"No";"Daylight";"Urban (>70% Developed)";"2 lanes";2;"Straight - Level";"Local Street";"Dry";"Two-Way, Not Divided";"None";"No Special Feature";"Smooth Asphalt";"Piedmont";"Rural";"30 - 35  MPH";"No Control Present";"Clear";"No";"35.815792, -78.31502"
"3399";48;49;"Yes";"16-19";16;"No";"Facing Traffic";"A: Disabling Injury";"Travel Lane";"White";"Male";"None - Rural Crash";"Pitt";"No";"01-01-03";2010-01-20;"Bicyclist Right Turn / Merge";15;"Non-Intersection";NA;1-01-01 15:17:58;"Bicyclist Right Turn - Same Direction";0;2010;"A: Disabling Injury";"Farms, Woods, Pastures";"40-49";48;"No";NA;"O: No Injury";"Black";"Female";"Sport Utility";"No";"No";"Daylight";"Urban (>70% Developed)";"2 lanes";2;"Straight - Level";"State Secondary Route";"Dry";"Two-Way, Not Divided";"None";"No Special Feature";"Coarse Asphalt";"Coastal";"Rural";NA;"Double Yellow Line, No Passing Zone";"Clear";"No";"35.60398, -77.468414"
"3400";55;56;"No";"60-69";63;"No";"With Traffic";"O: No Injury";"Travel Lane";"White";"Male";"Boone";"Watauga";"No";"01-01-07";2010-02-21;"Bicyclist Left Turn / Merge";12;"Non-Intersection";"01-02-01";1-01-01 12:05:58;"Bicyclist Left Turn - Same Direction";0;2010;"O: No Injury";"Commercial";NA;NA;"Missing";NA;"Injury";"/Missing";NA;NA;"No";"Yes";"Dark - Roadway Not Lighted";"Urban (>70% Developed)";"2 lanes";2;"Straight - Level";"Local Street";"Wet";"Two-Way, Not Divided";NA;"No Special Feature";"Smooth Asphalt";"Mountains";"Urban";"20 - 25  MPH";"No Control Present";"Clear";"No";"36.199165, -81.6703"
"3401";135;136;"Yes";"15-Nov";14;"No";"Facing Traffic";"B: Evident Injury";"Sidewalk / Crosswalk / Driveway Crossing";"Black";"Male";"Raleigh";"Wake";"No";"01-01-02";2012-04-03;"Bicyclist Failed to Yield - Signalized Intersection";15;"Intersection";"01-04-01";1-01-01 15:13:58;"Bicyclist Ride Through - Signalized Intersection";NA;2012;"B: Evident Injury";"Residential";NA;NA;"Missing";"16-20 mph";"Injury";"/Missing";NA;"Passenger Car";"No";"Yes";"Daylight";"Urban (>70% Developed)";"2 lanes";2;"Straight - Level";"Local Street";"Dry";"Two-Way, Not Divided";"None";"Related To Intersection";"Smooth Asphalt";"Piedmont";"Urban";"30 - 35  MPH";"Stop And Go Signal";"Clear";"No";"35.78403, -78.6132"
"3402";143;144;"Yes";"20-24";22;"No";"Not Applicable";"B: Evident Injury";"Travel Lane";"Black";"Male";"Wilmington";"New Hanover";"No";NA;2012-03-19;"Bicyclist Failed to Yield - Midblock";10;"Non-Intersection";"01-03-01";1-01-01 10:51:58;"Bicyclist Ride Out - Other Midblock";NA;2012;"B: Evident Injury";"Commercial";"60-69";62;"No";"31-35 mph";"O: No Injury";"Black";"Male";"Passenger Car";"No";"No";"Daylight";"Urban (>70% Developed)";"4 lanes";2;"Straight - Level";"Local Street";"Dry";"Two-Way, Divided, Unprotected Median";"None";"No Special Feature";"Smooth Asphalt";"Coastal";"Urban";"30 - 35  MPH";"No Control Present";"Clear";"No";"34.22687, -77.9157"
"3403";144;145;"Yes";"60-69";61;"Yes";"Not Applicable";"B: Evident Injury";"Non-Roadway";"Black";"Male";"Raleigh";"Wake";"Yes";"01-01-06";2012-04-07;"Non-Roadway";19;"Non-Roadway";"01-04-01";1-01-01 19:01:58;"Non-Roadway";NA;2012;"B: Evident Injury";"Commercial";"30-39";36;"No";"0-5 mph";"O: No Injury";"White";"Male";"Pickup";"No";"No";"Daylight";"Urban (>70% Developed)";NA;2;"Straight - Grade";"Public Vehicular Area";"Dry";"Two-Way, Not Divided";"None";"No Special Feature";"Smooth Asphalt";"Piedmont";"Urban";"30 - 35  MPH";"No Control Present";"Clear";"No";"35.78855, -78.6466"
"3404";145;146;"Yes";"30-39";37;"No";"Not Applicable";"B: Evident Injury";"Non-Roadway";"White";"Male";"Greensboro";"Guilford";"No";"01-01-05";2012-03-23;"Crossing Paths - Other Circumstances";7;"Intersection-Related";"01-03-01";1-01-01 07:51:58;"Crossing Paths - Uncontrolled Intersection";NA;2012;"B: Evident Injury";"Commercial";"30-39";32;"No";"0-5 mph";"O: No Injury";"White";"Female";"Passenger Car";"No";"No";"Daylight";"Urban (>70% Developed)";"4 lanes";2;"Straight - Grade";"Local Street";"Dry";"Two-Way, Not Divided";"None";"Four-Way Intersection";"Smooth Asphalt";"Piedmont";"Urban";"30 - 35  MPH";"Stop And Go Signal";"Clear";"No";"36.0767, -79.8936"
"3405";146;147;"Yes";"16-19";19;"No";"With Traffic";"B: Evident Injury";"Travel Lane";"White";"Male";"None - Rural Crash";"Buncombe";"No";"01-01-06";2012-03-31;"Bicyclist Left Turn / Merge";17;"Non-Intersection";"01-03-01";1-01-01 17:54:58;"Bicyclist Left Turn - Same Direction";NA;2012;"B: Evident Injury";"Farms, Woods, Pastures";"30-39";36;"No";"26-30 mph";"O: No Injury";"White";"Female";"Passenger Car";"No";"No";"Daylight";"Rural (<30% Developed)";"2 lanes";2;"Straight - Level";"State Secondary Route";"Dry";"Two-Way, Not Divided";"None";"No Special Feature";"Coarse Asphalt";"Mountains";"Rural";"30 - 35  MPH";"Double Yellow Line, No Passing Zone";"Clear";"No";"35.51917, -82.4039"
"3406";150;151;"No";"15-Nov";14;"No";"Not Applicable";"C: Possible Injury";"Non-Roadway";"White";"Male";"None - Rural Crash";"Avery";"No";"01-01-03";2012-04-04;"Bicyclist Failed to Yield - Midblock";18;"Non-Intersection";"01-04-01";1-01-01 18:58:58;"Bicyclist Ride Out - Commercial Driveway / Alley";NA;2012;"C: Possible Injury";"Residential";"50-59";57;"No";"31-35 mph";"O: No Injury";"White";"Female";"Passenger Car";"No";"No";"Daylight";"Mixed (30% To 70% Developed)";"2 lanes";2;"Straight - Level";"NC Route";"Dry";"Two-Way, Not Divided";"None";"No Special Feature";"Smooth Asphalt";"Mountains";"Rural";"30 - 35  MPH";"Double Yellow Line, No Passing Zone";"Clear";"No";"36.16939, -81.8551"
"3407";151;152;"Yes";"60-69";64;"No";"With Traffic";"B: Evident Injury";"Sidewalk / Crosswalk / Driveway Crossing";"White";"Male";"Wilmington";"New Hanover";"No";"01-01-02";2012-04-10;"Motorist Right Turn / Merge";12;"Non-Intersection";"01-04-01";1-01-01 12:48:58;"Motorist Right Turn - Same Direction";NA;2012;"B: Evident Injury";"Institutional";"20-24";21;"No";"0-5 mph";"O: No Injury";"White";"Female";"Passenger Car";"No";"No";"Daylight";"Urban (>70% Developed)";"2 lanes";2;"Straight - Grade";"Local Street";"Dry";"Two-Way, Not Divided";"None";"No Special Feature";"Smooth Asphalt";"Coastal";"Urban";"5 - 15 MPH";"No Control Present";"Clear";"No";"34.22908, -77.8732"
"3408";153;154;"Yes";"30-39";34;"No";"With Traffic";"B: Evident Injury";"Travel Lane";"Other";"Male";"None - Rural Crash";"Orange";"No";NA;2012-03-26;"Motorist Right Turn / Merge";19;"Intersection";"01-03-01";1-01-01 19:33:58;"Motorist Right Turn - Same Direction";NA;2012;"B: Evident Injury";"Residential";"40-49";41;"No";"31-35 mph";"O: No Injury";"Black";"Female";"Passenger Car";"No";"No";"Daylight";"Mixed (30% To 70% Developed)";"2 lanes";2;"Straight - Grade";"State Secondary Route";"Dry";"Two-Way, Not Divided";"None";"T-Intersection";"Smooth Asphalt";"Piedmont";"Rural";"40 - 45  MPH";"Stop Sign";"Clear";"No";"35.98131, -78.998"
"3409";154;155;"Yes";"10-Jun";6;"No";"Not Applicable";"B: Evident Injury";"Driveway / Alley";"Black";"Male";"Clinton";"Sampson";"Yes";"01-01-03";2012-04-11;"Bicyclist Failed to Yield - Midblock";14;"Non-Intersection";"01-04-01";1-01-01 14:38:58;"Bicyclist Ride Out - Residential Driveway";NA;2012;"B: Evident Injury";"Residential";"60-69";63;"Yes";"21-25 mph";"O: No Injury";"Black";"Male";"Pickup";"No";"No";"Daylight";"Urban (>70% Developed)";"2 lanes";2;"Straight - Grade";"Local Street";"Dry";"Two-Way, Not Divided";"None";"No Special Feature";"Smooth Asphalt";"Coastal";"Urban";"30 - 35  MPH";"No Control Present";"Clear";"No";"34.99031, -78.3239"
"3410";155;156;"Yes";"16-19";16;"No";"Facing Traffic";"A: Disabling Injury";"Bike Lane / Paved Shoulder";"Black";"Male";"None - Rural Crash";"Wake";"No";"01-01-06";2012-04-07;"Loss of Control / Turning Error";15;"Non-Intersection";"01-04-01";1-01-01 15:56:58;"Motorist Lost Control - Other /";NA;2012;"A: Disabling Injury";"Residential";"20-24";21;"No";"41-45 mph";"O: No Injury";"Black";"Female";"Passenger Car";"No";"No";"Daylight";"Urban (>70% Developed)";"2 lanes";2;"Curve - Level";"State Secondary Route";"Dry";"Two-Way, Not Divided";"None";"Driveway, Private";"Smooth Asphalt";"Piedmont";"Rural";"40 - 45  MPH";"Double Yellow Line, No Passing Zone";"Clear";"No";"35.73879, -78.549"
"3411";157;158;"Yes";"20-24";20;"No";"Not Applicable";"B: Evident Injury";"Driveway / Alley";"White";"Male";"Raleigh";"Wake";"No";"01-01-04";2012-03-22;"Bicyclist Failed to Yield - Midblock";10;"Non-Intersection";"01-03-01";1-01-01 10:09:58;"Bicyclist Ride Out - Residential Driveway";NA;2012;"B: Evident Injury";"Residential";"20-24";23;"No";"16-20 mph";"O: No Injury";"White";"Male";"Sport Utility";"No";"No";"Daylight";"Urban (>70% Developed)";"2 lanes";2;"Straight - Level";"Local Street";"Dry";"Two-Way, Not Divided";"None";"T-Intersection";"Smooth Asphalt";"Piedmont";"Urban";"20 - 25  MPH";"No Control Present";"Clear";"No";"35.80977, -78.6775"
"3412";165;166;"Yes";"40-49";46;"No";"With Traffic";"B: Evident Injury";"Travel Lane";"White";"Male";"None - Rural Crash";"Davidson";"No";"01-01-06";2012-04-14;"Motorist Right Turn / Merge";9;"Non-Intersection";"01-04-01";1-01-01 09:26:58;"Motorist Right Turn - Same Direction";NA;2012;"B: Evident Injury";"Residential";"60-69";65;"No";"51-55 mph";"O: No Injury";"White";"Male";"Pickup";"No";"No";"Daylight";"Mixed (30% To 70% Developed)";"2 lanes";2;"Straight - Level";"State Secondary Route";"Dry";"Two-Way, Not Divided";"None";"No Special Feature";"Smooth Asphalt";"Piedmont";"Rural";"50 - 55  MPH";"No Control Present";"Clear";"No";"35.72748, -80.0684"
"3413";168;169;"Yes";"20-24";21;"No";"Facing Traffic";"C: Possible Injury";"Sidewalk / Crosswalk / Driveway Crossing";"White";"Male";"Siler City";"Chatham";"No";"01-01-04";2012-03-29;"Motorist Failed to Yield - Midblock";10;"Non-Intersection";"01-03-01";1-01-01 10:44:58;"Motorist Drive Out - Commercial Driveway / Alley";NA;2012;"C: Possible Injury";"Commercial";"30-39";34;"No";"0-5 mph";"O: No Injury";"White";"Male";"Sport Utility";"No";"No";"Daylight";"Urban (>70% Developed)";NA;2;"Straight - Level";"Public Vehicular Area";"Dry";"Two-Way, Not Divided";"None";"Driveway, Public";"Smooth Asphalt";"Piedmont";"Urban";NA;"No Control Present";"Clear";"No";"35.73307, -79.4423"
"3414";172;173;"Yes";"40-49";40;"No";"Facing Traffic";"B: Evident Injury";"Travel Lane";"Black";"Male";"Wilmington";"New Hanover";"No";"01-01-07";2012-03-25;"Motorist Failed to Yield - Midblock";13;"Non-Intersection";"01-03-01";1-01-01 13:40:58;"Motorist Drive Out - Commercial Driveway / Alley";NA;2012;"B: Evident Injury";"Residential";NA;NA;"Missing";"21-25 mph";"Injury";"/Missing";NA;NA;"No";"Yes";"Daylight";"Urban (>70% Developed)";"3 lanes";2;"Straight - Level";"Local Street";"Dry";"Two-Way, Not Divided";"None";"Driveway, Private";"Smooth Asphalt";"Coastal";"Urban";"30 - 35  MPH";"No Control Present";"Cloudy";"No";"34.23188, -77.8806"
"3415";175;176;"Yes";"25-29";27;"No";"With Traffic";"C: Possible Injury";"Travel Lane";"White";"Male";"Durham";"Durham";"No";"01-01-05";2012-04-13;"Bicyclist Failed to Yield - Signalized Intersection";9;"Intersection";"01-04-01";1-01-01 09:28:58;"Bicyclist Ride Through - Signalized Intersection";NA;2012;"C: Possible Injury";"Commercial";"25-29";26;"No";"31-35 mph";"O: No Injury";"White";"Female";"Passenger Car";"No";"No";"Daylight";"Urban (>70% Developed)";"2 lanes";2;"Straight - Level";"US Route";"Dry";"Two-Way, Not Divided";"None";"Four-Way Intersection";"Smooth Asphalt";"Piedmont";"Urban";"30 - 35  MPH";"Stop And Go Signal";"Clear";"No";"35.98717, -78.9264"