"FID";"OBJECTID";"AmbulanceR";"BikeAge_Gr";"Bike_Age";"Bike_Alc_D";"Bike_Dir";"Bike_Injur";"Bike_Pos";"Bike_Race";"Bike_Sex";"City";"County";"CrashAlcoh";"CrashDay";"Crash_Date";"Crash_Grp";"Crash_Hour";"Crash_Loc";"Crash_Mont";"Crash_Time";"Crash_Type";"Crash_Ty_1";"Crash_Year";"Crsh_Sevri";"Developmen";"DrvrAge_Gr";"Drvr_Age";"Drvr_Alc_D";"Drvr_EstSp";"Drvr_Injur";"Drvr_Race";"Drvr_Sex";"Drvr_VehTy";"ExcsSpdInd";"Hit_Run";"Light_Cond";"Locality";"Num_Lanes";"Num_Units";"Rd_Charact";"Rd_Class";"Rd_Conditi";"Rd_Config";"Rd_Defects";"Rd_Feature";"Rd_Surface";"Region";"Rural_Urba";"Speed_Limi";"Traff_Cntr";"Weather";"Workzone_I";"Location"
"3416";185;186;"No";"40-49";48;"No";"Facing Traffic";"C: Possible Injury";"Sidewalk / Crosswalk / Driveway Crossing";"White";"Male";"Wilmington";"New Hanover";"No";"01-01-02";2012-03-27;"Motorist Failed to Yield - Midblock";15;"Non-Intersection";"01-03-01";1-01-01 15:37:58;"Motorist Drive Out - Commercial Driveway / Alley";NA;2012;"C: Possible Injury";"Commercial";"40-49";46;"No";"0-5 mph";"O: No Injury";"White";"Female";"Passenger Car";"No";"No";"Daylight";"Urban (>70% Developed)";NA;2;"Straight - Grade";"Public Vehicular Area";"Dry";"Two-Way, Not Divided";"None";"Driveway, Public";"Concrete";"Coastal";"Urban";"5 - 15 MPH";"No Control Present";"Clear";"No";"34.24417, -77.881"
"3417";188;189;"Yes";"40-49";45;"No";"With Traffic";"B: Evident Injury";"Travel Lane";"Black";"Male";"Fayetteville";"Cumberland";"No";"01-01-06";2012-04-07;"Bicyclist Failed to Yield - Sign-Controlled Intersection";21;"Intersection";"01-04-01";1-01-01 21:20:58;"Bicyclist Ride Out - Sign-Controlled Intersection";NA;2012;"B: Evident Injury";"Commercial";"20-24";22;"No";"36-40 mph";"O: No Injury";"Black";"Female";"Passenger Car";"No";"No";"Dark - Lighted Roadway";"Urban (>70% Developed)";"6 lanes";2;"Straight - Level";"Local Street";"Dry";"Two-Way, Divided, Unprotected Median";"None";"No Special Feature";"Smooth Asphalt";"Coastal";"Urban";"30 - 35  MPH";"Stop Sign";"Clear";"No";"35.08169, -78.9024"
"3418";192;193;"Yes";"15-Nov";15;"No";"With Traffic";"B: Evident Injury";"Travel Lane";"Hispanic";"Male";"None - Rural Crash";"Robeson";"No";"01-01-02";2012-04-17;"Motorist Overtaking Bicyclist";23;"Non-Intersection";"01-04-01";1-01-01 23:04:58;"Motorist Overtaking - Other /";NA;2012;"B: Evident Injury";"Residential";"0-19";19;"No";"41-45 mph";"O: No Injury";"Native American";"Female";"Passenger Car";"No";"No";"Dark - Roadway Not Lighted";"Mixed (30% To 70% Developed)";"2 lanes";2;"Straight - Level";"US Route";"Dry";"Two-Way, Not Divided";"None";"No Special Feature";"Smooth Asphalt";"Coastal";"Rural";"50 - 55  MPH";"Double Yellow Line, No Passing Zone";"Cloudy";"No";"34.70936, -79.0062"
"3419";194;195;"No";"40-49";49;"No";"Facing Traffic";"C: Possible Injury";"Travel Lane";"White";"Male";"Sanford";"Lee";"No";"01-01-02";2012-04-10;"Motorist Failed to Yield - Signalized Intersection";15;"Intersection";"01-04-01";1-01-01 15:45:58;"Motorist Drive Out - Right Turn on Red";NA;2012;"C: Possible Injury";"Commercial";"60-69";60;"No";"6-10 mph";"O: No Injury";"Black";"Female";"Sport Utility";"No";"No";"Daylight";"Urban (>70% Developed)";"6 lanes";2;"Straight - Grade";"Local Street";"Dry";"Two-Way, Not Divided";"None";"Four-Way Intersection";"Smooth Asphalt";"Piedmont";"Urban";"40 - 45  MPH";"Stop And Go Signal";"Clear";"No";"35.46008, -79.1162"
"3420";197;198;"Yes";"40-49";44;"No";"With Traffic";"B: Evident Injury";"Travel Lane";"White";"Male";"Wilmington";"New Hanover";"No";"01-01-02";2012-04-10;"Motorist Left Turn / Merge";17;"Intersection";"01-04-01";1-01-01 17:35:58;"Motorist Left Turn - Opposite Direction";NA;2012;"B: Evident Injury";"Residential";"20-24";22;"No";"6-10 mph";"O: No Injury";"White";"Male";"Passenger Car";"No";"No";"Daylight";"Urban (>70% Developed)";"3 lanes";2;"Curve - Grade";"Local Street";"Dry";"Two-Way, Not Divided";"None";"T-Intersection";"Smooth Asphalt";"Coastal";"Urban";"40 - 45  MPH";"Stop And Go Signal";"Clear";"No";"34.19515, -77.8708"
"3421";203;204;"Yes";"40-49";47;"No";"With Traffic";"A: Disabling Injury";"Travel Lane";"White";"Male";"Lincolnton";"Lincoln";"No";"01-01-05";2012-04-13;"Bicyclist Failed to Yield - Signalized Intersection";15;"Intersection";"01-04-01";1-01-01 15:44:58;"Bicyclist Ride Through - Signalized Intersection";NA;2012;"A: Disabling Injury";"Commercial";"50-59";56;"No";"21-25 mph";"O: No Injury";"White";"Male";"Pickup";"No";"No";"Daylight";"Urban (>70% Developed)";"2 lanes";2;"Straight - Level";"Local Street";"Dry";"Two-Way, Not Divided";"None";"Four-Way Intersection";"Coarse Asphalt";"Piedmont";"Urban";"20 - 25  MPH";"Stop And Go Signal";"Clear";"No";"35.47, -81.2563"
"3422";209;210;"Yes";"25-29";26;"No";"With Traffic";"B: Evident Injury";"Bike Lane / Paved Shoulder";"White";"Female";"Vass";"Moore";"No";"01-01-05";2012-04-27;"Motorist Overtaking Bicyclist";11;"Non-Intersection";"01-04-01";1-01-01 11:57:58;"Motorist Overtaking - Other /";NA;2012;"B: Evident Injury";"Commercial";"50-59";53;"No";"56-60 mph";"O: No Injury";"White";"Male";"Passenger Car";"No";"No";"Daylight";"Rural (<30% Developed)";"4 lanes";2;"Straight - Level";"US Route";"Dry";"Two-Way, Divided, Positive Median Barrier";"None";"No Special Feature";"Smooth Asphalt";"Piedmont";"Rural";"60 - 75 MPH";"No Control Present";"Clear";"No";"35.24705, -79.2792"
"3423";213;214;"Yes";"40-49";42;"No";"With Traffic";"B: Evident Injury";"Travel Lane";"White";"Male";"None - Rural Crash";"Henderson";"No";"01-01-03";2012-04-25;"Head-On";20;"Non-Intersection";"01-04-01";1-01-01 20:00:58;"Head-On - Motorist";NA;2012;"B: Evident Injury";"Farms, Woods, Pastures";"20-24";24;"No";"36-40 mph";"O: No Injury";"Hispanic";"Male";"Passenger Car";"No";"No";"Dusk";"Rural (<30% Developed)";"2 lanes";2;"Curve - Level";"State Secondary Route";"Wet";"Two-Way, Not Divided";"None";"Bridge";"Concrete";"Mountains";"Rural";"40 - 45  MPH";"Double Yellow Line, No Passing Zone";"Rain";"No";"35.40588, -82.5157"
"3424";215;216;"No";"40-49";49;"No";"Not Applicable";"B: Evident Injury";"Travel Lane";"Black";"Male";"Raleigh";"Wake";"No";NA;2012-04-16;"Bicyclist Failed to Yield - Midblock";4;"Non-Intersection";"01-04-01";1-01-01 04:23:58;"Bicyclist Ride Out - Midblock -";NA;2012;"B: Evident Injury";"Residential";"25-29";28;"No";"31-35 mph";"O: No Injury";"Hispanic";"Female";"Passenger Car";"No";"No";"Daylight";"Urban (>70% Developed)";"3 lanes";2;"Straight - Level";"Local Street";"Dry";"One-Way, Not Divided";"None";"No Special Feature";"Smooth Asphalt";"Piedmont";"Urban";"30 - 35  MPH";"No Control Present";"Clear";"No";"35.78005, -78.627"
"3425";217;218;"Yes";"16-19";18;"No";"Facing Traffic";"B: Evident Injury";"Travel Lane";"Black";"Female";"Charlotte";"Mecklenburg";"No";"01-01-03";2012-03-28;"Motorist Failed to Yield - Sign-Controlled Intersection";14;"Intersection";"01-03-01";1-01-01 14:49:58;"Motorist Drive Out - Sign-Controlled Intersection";NA;2012;"B: Evident Injury";"Residential";"40-49";42;"No";"0-5 mph";"O: No Injury";"Hispanic";"Male";"Pickup";"No";"No";"Daylight";"Rural (<30% Developed)";"2 lanes";2;"Straight - Level";"Local Street";"Dry";"Two-Way, Not Divided";"None";"T-Intersection";"Smooth Asphalt";"Piedmont";"Urban";"40 - 45  MPH";"Stop Sign";"Clear";"No";"35.28219, -80.734"
"3426";226;227;"Yes";"10-Jun";10;"No";"With Traffic";"B: Evident Injury";"Travel Lane";"Hispanic";"Male";"Siler City";"Chatham";"No";NA;2012-04-16;"Bicyclist Failed to Yield - Sign-Controlled Intersection";16;"Intersection";"01-04-01";1-01-01 16:35:58;"Bicyclist Ride Through - Sign-Controlled Intersection";NA;2012;"B: Evident Injury";"Residential";"0-19";17;"No";"21-25 mph";"O: No Injury";"Black";"Male";"Sport Utility";"No";"No";"Daylight";"Urban (>70% Developed)";"2 lanes";2;"Straight - Grade";"Local Street";"Dry";"Two-Way, Not Divided";"None";"T-Intersection";"Smooth Asphalt";"Piedmont";"Urban";"30 - 35  MPH";"Stop Sign";"Clear";"No";"35.72874, -79.4516"
"3427";229;230;"Yes";"25-29";25;"No";NA;"C: Possible Injury";"Travel Lane";"Black";"Male";"Wilson";"Wilson";"No";"01-01-02";2012-03-13;"Crossing Paths - Other Circumstances";11;"Intersection";"01-03-01";1-01-01 10:59:58;"Signalized Intersection - Other /";NA;2012;"C: Possible Injury";"Residential";NA;NA;"No";"0-5 mph";"Injury";"/Missing";NA;NA;"No";"Yes";"Dark -  Lighting";"Urban (>70% Developed)";"2 lanes";2;"Straight - Level";"Local Street";"Dry";"Two-Way, Not Divided";"None";"Related To Intersection";"Coarse Asphalt";"Coastal";"Urban";"30 - 35  MPH";"Stop And Go Signal";"Clear";"No";"35.72762, -77.9152"
"3428";237;238;"Yes";"50-59";52;"Yes";"Facing Traffic";"B: Evident Injury";"Travel Lane";"White";"Male";"None - Rural Crash";"New Hanover";"Yes";"01-01-04";2012-05-03;"Head-On";20;"Non-Intersection";"01-05-01";1-01-01 20:10:58;"Head-On - Bicyclist";NA;2012;"B: Evident Injury";"Residential";"25-29";26;"No";"46-50 mph";"O: No Injury";"White";"Male";"Pickup";"No";"No";"Dark - Roadway Not Lighted";"Mixed (30% To 70% Developed)";"4 lanes";2;"Straight - Level";"US Route";"Dry";"Two-Way, Divided, Unprotected Median";"None";"No Special Feature";"Smooth Asphalt";"Coastal";"Rural";"50 - 55  MPH";"No Control Present";"Clear";"No";"34.08462, -77.8957"
"3429";238;239;"Yes";"15-Nov";15;"No";"With Traffic";"B: Evident Injury";"Travel Lane";"White";"Male";"None - Rural Crash";"Iredell";"No";"01-01-03";2012-05-02;"Bicyclist Failed to Yield - Sign-Controlled Intersection";16;"Intersection";"01-05-01";1-01-01 16:43:58;"Bicyclist Ride Out - Sign-Controlled Intersection";NA;2012;"B: Evident Injury";"Commercial";"70";70;"No";"26-30 mph";"O: No Injury";"White";"Male";"Pickup";"No";"No";"Daylight";"Urban (>70% Developed)";"2 lanes";2;"Straight - Level";"NC Route";"Dry";"Two-Way, Not Divided";"None";"T-Intersection";"Smooth Asphalt";"Piedmont";"Rural";"30 - 35  MPH";"Double Yellow Line, No Passing Zone";"Clear";"No";"35.85786, -81.0414"
"3430";245;246;"Yes";"50-59";50;"No";"With Traffic";"B: Evident Injury";"Bike Lane / Paved Shoulder";"White";"Male";"None - Rural Crash";"Wilson";"Yes";NA;2012-05-07;"Loss of Control / Turning Error";11;"Non-Intersection";"01-05-01";1-01-01 11:09:58;"Motorist Lost Control - Other /";NA;2012;"B: Evident Injury";"Farms, Woods, Pastures";"30-39";33;"Yes";"51-55 mph";"O: No Injury";"Hispanic";"Male";"Pickup";"No";"Yes";"Daylight";"Rural (<30% Developed)";"4 lanes";2;"Straight - Grade";"US Route";"Dry";"Two-Way, Divided, Unprotected Median";"None";"No Special Feature";"Coarse Asphalt";"Coastal";"Rural";"50 - 55  MPH";"No Control Present";"Cloudy";"No";"35.77935, -77.8576"
"3431";249;250;"No";"40-49";47;"No";"Facing Traffic";"C: Possible Injury";"Sidewalk / Crosswalk / Driveway Crossing";"Black";"Male";"Charlotte";"Mecklenburg";"No";NA;2012-05-07;"Crossing Paths - Other Circumstances";16;"Intersection-Related";"01-05-01";1-01-01 16:27:58;"Crossing Paths - Uncontrolled Intersection";NA;2012;"C: Possible Injury";"Residential";"50-59";55;"No";"0-5 mph";"O: No Injury";"Black";"Female";"Passenger Car";"No";"No";"Daylight";"Rural (<30% Developed)";"1 lane";2;"Straight - Level";"Local Street";"Dry";"Two-Way, Not Divided";"None";"No Special Feature";"Smooth Asphalt";"Piedmont";"Urban";"20 - 25  MPH";"No Control Present";"Clear";"No";"35.20236, -80.7302"
"3432";250;251;"No";"50-59";51;"No";"With Traffic";"B: Evident Injury";"Travel Lane";"White";"Male";"None - Rural Crash";"Gaston";"No";"01-01-04";2012-05-03;"Motorist Overtaking Bicyclist";19;"Non-Intersection";"01-05-01";1-01-01 19:44:58;"Motorist Overtaking - Misjudged Space";NA;2012;"B: Evident Injury";"Commercial";"30-39";33;"No";"51-55 mph";"O: No Injury";"White";"Male";"Pickup";"No";"No";"Daylight";"Mixed (30% To 70% Developed)";"4 lanes";2;"Straight - Grade";"NC Route";"Dry";"Two-Way, Divided, Unprotected Median";"None";"No Special Feature";"Smooth Asphalt";"Piedmont";"Rural";"50 - 55  MPH";"No Control Present";"Clear";"No";"35.40177, -81.3357"
"3433";257;258;"Yes";"40-49";49;"Yes";"Facing Traffic";"C: Possible Injury";"Travel Lane";"Black";"Male";"Knightdale";"Wake";"Yes";"01-01-03";2012-05-02;"Motorist Failed to Yield - Signalized Intersection";16;"Intersection";"01-05-01";1-01-01 16:22:58;"Motorist Drive Out - Right Turn on Red";NA;2012;"C: Possible Injury";"Commercial";"50-59";57;"No";"0-5 mph";"O: No Injury";"White";"Female";"Passenger Car";"No";"No";"Daylight";"Mixed (30% To 70% Developed)";"2 lanes";2;"Straight - Level";"Local Street";"Dry";"Two-Way, Divided, Unprotected Median";"None";"Four-Way Intersection";"Coarse Asphalt";"Piedmont";"Urban";"20 - 25  MPH";"Stop And Go Signal";"Clear";"No";"35.79827, -78.492"
"3434";265;266;"Yes";"50-59";59;"No";"Facing Traffic";"C: Possible Injury";"Sidewalk / Crosswalk / Driveway Crossing";"Black";"Male";"Kinston";"Lenoir";"No";"01-01-02";2012-05-08;"Motorist Failed to Yield - Midblock";14;"Non-Intersection";"01-05-01";1-01-01 14:19:58;"Motorist Drive Out - Commercial Driveway / Alley";NA;2012;"C: Possible Injury";"Commercial";"40-49";46;"No";"0-5 mph";"O: No Injury";"White";"Female";"Passenger Car";"No";"No";"Daylight";"Urban (>70% Developed)";"4 lanes";2;"Straight - Level";"Local Street";"Dry";"Two-Way, Not Divided";"None";"Four-Way Intersection";"Smooth Asphalt";"Coastal";"Urban";"30 - 35  MPH";"Stop Sign";"Clear";"No";"35.2842, -77.589"
"3435";269;270;"Yes";"20-24";23;"No";"Facing Traffic";"C: Possible Injury";"Sidewalk / Crosswalk / Driveway Crossing";"White";"Male";"Fayetteville";"Cumberland";"No";"01-01-04";2012-05-03;"Motorist Failed to Yield - Midblock";10;"Non-Intersection";"01-05-01";1-01-01 10:26:58;"Motorist Drive Out - Commercial Driveway / Alley";NA;2012;"C: Possible Injury";"Commercial";"30-39";32;"No";"0-5 mph";"O: No Injury";"Black";"Female";"Passenger Car";"No";"No";"Daylight";"Urban (>70% Developed)";NA;2;"Straight - Level";"Public Vehicular Area";"Dry";"Two-Way, Not Divided";"None";"No Special Feature";"Coarse Asphalt";"Coastal";"Urban";"5 - 15 MPH";"No Control Present";"Clear";"No";"35.05775, -78.8787"
"3436";271;272;"Yes";"10-Jun";10;"No";"Facing Traffic";"C: Possible Injury";"Travel Lane";"Black";"Male";"Williamston";"Martin";"No";"01-01-05";2012-04-13;"Bicyclist Failed to Yield - Sign-Controlled Intersection";13;"Intersection";"01-04-01";1-01-01 13:34:58;"Bicyclist Ride Through - Sign-Controlled Intersection";NA;2012;"C: Possible Injury";"Residential";"25-29";27;"No";"21-25 mph";"O: No Injury";"White";"Female";"Passenger Car";"No";"No";"Daylight";"Mixed (30% To 70% Developed)";"4 lanes";2;"Straight - Level";"Local Street";"Dry";"Two-Way, Not Divided";"None";"No Special Feature";"Smooth Asphalt";"Coastal";"Urban";"20 - 25  MPH";"Stop Sign";"Clear";"No";"35.85217, -77.0531"
"3437";273;274;"Yes";"20-24";22;"No";"With Traffic";"B: Evident Injury";"Travel Lane";"White";"Male";"Raleigh";"Wake";"No";"01-01-02";2012-04-24;"Motorist Right Turn / Merge";10;"Intersection";"01-04-01";1-01-01 10:15:58;"Motorist Right Turn - Same Direction";NA;2012;"B: Evident Injury";"Institutional";NA;NA;"Missing";"11-15 mph";"Injury";"/Missing";NA;NA;"No";"Yes";"Daylight";"Urban (>70% Developed)";"4 lanes";2;"Straight - Level";"Local Street";"Dry";"Two-Way, Divided, Unprotected Median";"None";"T-Intersection";"Coarse Asphalt";"Piedmont";"Urban";"20 - 25  MPH";"Stop Sign";"Clear";"No";"35.77476, -78.6798"
"3438";277;278;"Yes";"30-39";33;"No";"With Traffic";"C: Possible Injury";NA;"Hispanic";"Male";"None - Rural Crash";"Rowan";"No";NA;2012-05-14;"Motorist Overtaking Bicyclist";20;"Non-Intersection";"01-05-01";1-01-01 20:23:58;"Motorist Overtaking - Misjudged Space";NA;2012;"C: Possible Injury";"Commercial";"40-49";43;"No";"31-35 mph";"O: No Injury";"White";"Female";"Passenger Car";"No";"No";"Dusk";"Urban (>70% Developed)";"2 lanes";2;"Straight - Hillcrest";"State Secondary Route";"Dry";"Two-Way, Not Divided";"None";"No Special Feature";"Smooth Asphalt";"Piedmont";"Rural";"40 - 45  MPH";"Double Yellow Line, No Passing Zone";"Cloudy";"No";"35.56983, -80.4264"
"3439";278;279;"No";"40-49";49;"No";"With Traffic";"C: Possible Injury";"Bike Lane / Paved Shoulder";"White";"Male";"None - Rural Crash";"Davidson";"No";"01-01-02";2012-05-15;"Motorist Overtaking Bicyclist";6;"Non-Intersection";"01-05-01";1-01-01 06:00:58;"Motorist Overtaking - Misjudged Space";NA;2012;"C: Possible Injury";"Residential";"50-59";58;"No";"41-45 mph";"O: No Injury";"White";"Female";"Passenger Car";"No";"No";"Daylight";"Mixed (30% To 70% Developed)";"2 lanes";2;"Straight - Level";"NC Route";"Wet";"Two-Way, Not Divided";"None";"No Special Feature";"Smooth Asphalt";"Piedmont";"Rural";"50 - 55  MPH";"Double Yellow Line, No Passing Zone";"Cloudy";"No";"35.84377, -80.3332"
"3440";281;282;"Yes";"20-24";22;"No";"With Traffic";"B: Evident Injury";"Travel Lane";"Hispanic";"Male";"None - Rural Crash";"Johnston";"No";"01-01-05";2012-05-11;"Motorist Overtaking Bicyclist";16;"Non-Intersection";"01-05-01";1-01-01 16:39:58;"Motorist Overtaking - Bicyclist Swerved";NA;2012;"B: Evident Injury";"Residential";"0-19";19;"No";"41-45 mph";"O: No Injury";"White";"Female";"Sport Utility";"No";"No";"Daylight";"Rural (<30% Developed)";"2 lanes";2;"Straight - Level";"State Secondary Route";"Dry";"Two-Way, Not Divided";"None";"Driveway, Public";"Coarse Asphalt";"Coastal";"Rural";"50 - 55  MPH";"Double Yellow Line, No Passing Zone";"Clear";"No";"35.40848, -78.5917"
"3441";282;283;"No";"16-19";18;"No";"With Traffic";"B: Evident Injury";"Bike Lane / Paved Shoulder";"White";"Female";"Macclesfield";"Edgecombe";"No";"01-01-03";2012-03-14;"Motorist Overtaking Bicyclist";16;"Non-Intersection";"01-03-01";1-01-01 16:56:58;"Motorist Overtaking - Misjudged Space";NA;2012;"B: Evident Injury";"Residential";NA;NA;"No";"26-30 mph";"Injury";"/Missing";NA;"Passenger Car";"No";"Yes";"Daylight";"Urban (>70% Developed)";"2 lanes";2;"Straight - Level";"Local Street";"Dry";"Two-Way, Not Divided";"None";"No Special Feature";"Coarse Asphalt";"Coastal";"Rural";"30 - 35  MPH";"Double Yellow Line, No Passing Zone";"Clear";"No";"35.75139, -77.6721"
"3442";284;285;"Yes";"15-Nov";11;"No";"Not Applicable";"B: Evident Injury";"Driveway / Alley";"Black";"Male";"Eden";"Rockingham";"No";"01-01-07";2012-05-06;"Bicyclist Failed to Yield - Midblock";17;"Non-Intersection";"01-05-01";1-01-01 17:04:58;"Bicyclist Ride Out - Residential Driveway";NA;2012;"B: Evident Injury";"Residential";"0-19";17;"No";"21-25 mph";"O: No Injury";"White";"Male";"Passenger Car";"No";"No";"Daylight";"Urban (>70% Developed)";"2 lanes";2;"Straight - Level";"Local Street";"Dry";"Two-Way, Not Divided";"None";"No Special Feature";"Coarse Asphalt";"Piedmont";"Urban";"20 - 25  MPH";"No Control Present";"Clear";"No";"36.48974, -79.7825"
"3443";290;291;"Yes";"20-24";21;"No";NA;"C: Possible Injury";NA;"Black";"Male";"Greensboro";"Guilford";"No";"01-01-03";2012-05-16;"Bicyclist Failed to Yield - Midblock";16;"Non-Intersection";"01-05-01";1-01-01 16:48:58;"Bicyclist Ride Out - Other Midblock";NA;2012;"C: Possible Injury";"Commercial";"30-39";33;"No";"0-5 mph";"O: No Injury";"Black";"Male";"Passenger Car";"No";"No";"Daylight";"Mixed (30% To 70% Developed)";"6 lanes";2;"Straight - Level";"Local Street";"Dry";"Two-Way, Divided, Unprotected Median";"None";"Four-Way Intersection";"Smooth Asphalt";"Piedmont";"Urban";"30 - 35  MPH";"Stop And Go Signal";"Clear";"No";"36.05351, -79.8324"
"3444";291;292;"Yes";"10-Jun";9;"No";"Not Applicable";"C: Possible Injury";"Sidewalk / Crosswalk / Driveway Crossing";"Black";"Female";"Asheville";"Buncombe";"No";"01-01-02";2012-04-24;"Bicyclist Failed to Yield - Midblock";16;"Non-Intersection";"01-04-01";1-01-01 16:20:58;"Bicyclist Ride Out - Other Midblock";NA;2012;"C: Possible Injury";"Residential";"25-29";27;"No";"11-15 mph";"O: No Injury";"White";"Male";"Passenger Car";"No";"No";"Daylight";"Urban (>70% Developed)";"2 lanes";2;"Straight - Level";"Local Street";"Dry";"Two-Way, Not Divided";"None";"No Special Feature";"Coarse Asphalt";"Mountains";"Urban";"20 - 25  MPH";"No Control Present";"Clear";"No";"35.59503, -82.5708"
"3445";301;302;"No";"30-39";39;"Yes";"Facing Traffic";"B: Evident Injury";"Sidewalk / Crosswalk / Driveway Crossing";"Hispanic";"Male";"Whiteville";"Columbus";"Yes";NA;2012-05-14;"Motorist Failed to Yield - Midblock";15;"Non-Intersection";"01-05-01";1-01-01 15:57:58;"Motorist Drive Out - Commercial Driveway / Alley";NA;2012;"B: Evident Injury";"Commercial";"40-49";41;"No";NA;"O: No Injury";"White";"Male";"Pickup";"No";"No";"Daylight";"Urban (>70% Developed)";"5 lanes";2;"Straight - Level";"Public Vehicular Area";"Dry";"Two-Way, Not Divided";"None";"Driveway, Public";"Smooth Asphalt";"Coastal";"Urban";"5 - 15 MPH";"No Control Present";"Cloudy";"No";"34.33579, -78.7084"
"3446";405;406;"Yes";"20-24";21;"No";"Facing Traffic";"C: Possible Injury";"Travel Lane";"White";"Male";"Wilmington";"New Hanover";"No";"01-01-07";2011-05-22;"Motorist Failed to Yield - Sign-Controlled Intersection";17;"Intersection";"01-05-01";1-01-01 17:31:58;"Motorist Drive Out - Sign-Controlled Intersection";112141;2011;"C: Possible Injury";"Commercial";"20-24";20;"No";"0-5 mph";"O: No Injury";"White";"Male";"Passenger Car";"No";"No";"Daylight";"Urban (>70% Developed)";NA;2;"Straight - Grade";"Local Street";"Dry";"Two-Way, Not Divided";"None";"Related To Intersection";"Coarse Asphalt";"Coastal";"Urban";"30 - 35  MPH";"Stop Sign";"Clear";"No";"34.21879, -77.8137"
"3447";406;407;"Yes";"15-Nov";15;"No";"Facing Traffic";"B: Evident Injury";"Travel Lane";"White";"Male";"Carolina Beach";"New Hanover";"No";"01-01-06";2011-06-18;"Motorist Left Turn / Merge";14;"Non-Intersection";"01-06-01";1-01-01 14:19:58;"Motorist Left Turn - Opposite Direction";312212;2011;"B: Evident Injury";"Residential";"50-59";58;"No";"0-5 mph";"O: No Injury";"White";"Male";"Sport Utility";"No";"No";"Daylight";"Urban (>70% Developed)";"2 lanes";2;"Straight - Level";"US Route";"Dry";"Two-Way, Divided, Unprotected Median";"None";"No Special Feature";"Coarse Asphalt";"Coastal";"Urban";"30 - 35  MPH";"No Control Present";"Clear";"No";"34.0143, -77.9002"
"3448";414;415;"Yes";"25-29";25;"No";"With Traffic";"C: Possible Injury";"Travel Lane";"Black";"Male";"Raleigh";"Wake";"No";"01-01-05";2011-07-15;"Bicyclist Failed to Yield - Signalized Intersection";0;"Intersection";"01-07-01";1-01-01 00:36:58;"Bicyclist Failed to Clear - Trapped";111156;2011;"C: Possible Injury";"Commercial";"25-29";28;"No";"0-5 mph";"O: No Injury";"Black";"Female";"Sport Utility";"No";"No";"Dark - Lighted Roadway";"Mixed (30% To 70% Developed)";"9 or more lanes";2;"Straight - Level";"Local Street";"Dry";"Two-Way, Divided, Unprotected Median";"None";"Four-Way Intersection";"Smooth Asphalt";"Piedmont";"Urban";"40 - 45  MPH";"Stop And Go Signal";"Clear";"No";"35.83955, -78.6422"
"3449";416;417;"Yes";"15-Nov";15;"No";"With Traffic";"B: Evident Injury";"Travel Lane";"Black";"Male";"Fayetteville";"Cumberland";"No";"01-01-06";2011-04-09;"Head-On";13;"Non-Intersection";"01-04-01";1-01-01 13:26:58;"Head-On - Bicyclist";311250;2011;"B: Evident Injury";"Residential";"30-39";38;"No";"21-25 mph";"O: No Injury";"Black";"Female";"Passenger Car";"No";"No";"Daylight";"Urban (>70% Developed)";"2 lanes";2;"Curve - Grade";"Local Street";"Dry";"Two-Way, Not Divided";"None";"No Special Feature";"Coarse Asphalt";"Coastal";"Urban";"20 - 25  MPH";"No Control Present";"Clear";"No";"35.06244, -79.0"
"3450";425;426;"Yes";"40-49";47;"Yes";"With Traffic";"C: Possible Injury";"Travel Lane";"White";"Male";"None - Rural Crash";"Jones";"Yes";NA;2011-07-11;"Motorist Overtaking Bicyclist";16;"Non-Intersection";"01-07-01";1-01-01 16:55:58;"Motorist Overtaking - Other /";311239;2011;"C: Possible Injury";"Farms, Woods, Pastures";"30-39";34;"No";"46-50 mph";"O: No Injury";"Other";"Male";"Sport Utility";"No";"No";"Daylight";"Rural (<30% Developed)";"2 lanes";2;"Straight - Level";"US Route";"Dry";"Two-Way, Not Divided";"None";"No Special Feature";"Coarse Asphalt";"Coastal";"Rural";"50 - 55  MPH";"Double Yellow Line, No Passing Zone";"Clear";"No";"34.94962, -77.2424"
"3451";428;429;"Yes";"50-59";50;"No";NA;"C: Possible Injury";"Travel Lane";"Black";"Male";"Wilson";"Wilson";"No";"01-01-07";2011-05-15;"Other /  - Insufficient Details";0;"Intersection-Related";"01-05-01";0-12-31 23:59:58;"Approach Paths";219970;2011;"C: Possible Injury";"Residential";NA;NA;"Missing";"31-35 mph";"Injury";"/Missing";NA;NA;"No";"Yes";"Dark - Lighted Roadway";"Mixed (30% To 70% Developed)";"2 lanes";2;"Straight - Level";"Local Street";NA;"Two-Way, Not Divided";"None";"Y-Intersection";"Coarse Asphalt";"Coastal";"Urban";"30 - 35  MPH";"Stop And Go Signal";"Cloudy";"No";"35.723, -77.9044"
"3452";429;430;"Yes";"16-19";17;"No";"With Traffic";"C: Possible Injury";"Travel Lane";"White";"Male";"None - Rural Crash";"Carteret";"No";"01-01-04";2011-07-21;"Bicyclist Left Turn / Merge";11;"Non-Intersection";"01-07-01";1-01-01 11:29:58;"Bicyclist Left Turn - Same Direction";311221;2011;"C: Possible Injury";"Farms, Woods, Pastures";"25-29";25;"No";"26-30 mph";"O: No Injury";"White";"Female";"Passenger Car";"No";"No";"Daylight";"Mixed (30% To 70% Developed)";"5 lanes";2;"Straight - Level";"NC Route";"Dry";"Two-Way, Not Divided";"None";"No Special Feature";"Smooth Asphalt";"Coastal";"Rural";"30 - 35  MPH";"No Control Present";"Clear";"No";"34.68857, -77.0703"