"FID";"OBJECTID";"AmbulanceR";"BikeAge_Gr";"Bike_Age";"Bike_Alc_D";"Bike_Dir";"Bike_Injur";"Bike_Pos";"Bike_Race";"Bike_Sex";"City";"County";"CrashAlcoh";"CrashDay";"Crash_Date";"Crash_Grp";"Crash_Hour";"Crash_Loc";"Crash_Mont";"Crash_Time";"Crash_Type";"Crash_Ty_1";"Crash_Year";"Crsh_Sevri";"Developmen";"DrvrAge_Gr";"Drvr_Age";"Drvr_Alc_D";"Drvr_EstSp";"Drvr_Injur";"Drvr_Race";"Drvr_Sex";"Drvr_VehTy";"ExcsSpdInd";"Hit_Run";"Light_Cond";"Locality";"Num_Lanes";"Num_Units";"Rd_Charact";"Rd_Class";"Rd_Conditi";"Rd_Config";"Rd_Defects";"Rd_Feature";"Rd_Surface";"Region";"Rural_Urba";"Speed_Limi";"Traff_Cntr";"Weather";"Workzone_I";"Location"
"3453";438;439;"No";"10-Jun";10;"No";"With Traffic";"Injury";"Travel Lane";"/Missing";NA;"Cramerton";"Gaston";"No";"01-01-02";2011-07-05;"Motorist Overtaking Bicyclist";11;"Non-Intersection";"01-07-01";1-01-01 11:19:58;"Motorist Overtaking - Other /";311239;2011;"Injury";"Residential";NA;NA;"Missing";"31-35 mph";"Injury";"/Missing";NA;NA;"No";"Yes";"Daylight";"Mixed (30% To 70% Developed)";"2 lanes";2;"Straight - Grade";"Local Street";"Dry";"Two-Way, Divided, Unprotected Median";"None";"No Special Feature";"Smooth Asphalt";"Piedmont";"Rural";"30 - 35  MPH";"No Control Present";"Cloudy";"No";"35.24774, -81.0818"
"3454";439;440;"Yes";"50-59";55;"No";"With Traffic";"A: Disabling Injury";"Travel Lane";"Black";"Male";"None - Rural Crash";"Edgecombe";"No";"01-01-07";2011-07-24;"Motorist Overtaking Bicyclist";6;"Non-Intersection";"01-07-01";1-01-01 06:10:58;"Motorist Overtaking - Other /";311239;2011;"A: Disabling Injury";"Farms, Woods, Pastures";"70+";NA;"No";"51-55 mph";"O: No Injury";"White";"Male";"Pickup";"No";"No";"Dawn";"Mixed (30% To 70% Developed)";"2 lanes";2;"Straight - Level";"NC Route";"Dry";"Two-Way, Not Divided";"None";"No Special Feature";"Coarse Asphalt";"Coastal";"Rural";"50 - 55  MPH";"No Control Present";"Cloudy";"No";"35.96194, -77.6586"
"3455";441;442;"Yes";"50-59";50;"No";"With Traffic";"B: Evident Injury";"Travel Lane";"White";"Female";"None - Rural Crash";"Currituck";"No";"01-01-06";2011-07-23;"Motorist Overtaking Bicyclist";5;"Non-Intersection";"01-07-01";1-01-01 05:40:58;"Motorist Overtaking - Undetected Bicyclist";311231;2011;"B: Evident Injury";"Farms, Woods, Pastures";"40-49";46;"No";"51-55 mph";"O: No Injury";"White";"Male";"Single Unit Truck (2-Axle, 6-Tire)";"No";"No";"Dark - Roadway Not Lighted";"Rural (<30% Developed)";"2 lanes";2;"Straight - Level";"US Route";"Dry";"Two-Way, Not Divided";"None";"No Special Feature";"Coarse Asphalt";"Coastal";"Rural";"50 - 55  MPH";"No Control Present";"Clear";"No";"36.30074, -76.2022"
"3456";445;446;"Yes";"10-Jun";10;"No";"Not Applicable";"B: Evident Injury";"Travel Lane";"Black";"Female";"Charlotte";"Mecklenburg";"No";"01-01-04";2011-07-07;"Crossing Paths - Other Circumstances";13;"Intersection";"01-07-01";1-01-01 13:58:58;"Crossing Paths - Intersection - Other /";113180;2011;"B: Evident Injury";"Residential";"40-49";45;"No";"0-5 mph";"O: No Injury";"White";"Male";"Passenger Car";"No";"No";"Daylight";"Urban (>70% Developed)";"2 lanes";2;"Straight - Hillcrest";"Local Street";"Dry";"Two-Way, Not Divided";"None";"Four-Way Intersection";"Smooth Asphalt";"Piedmont";"Urban";"5 - 15 MPH";"Stop Sign";"Clear";"No";"35.08204, -80.8326"
"3457";449;450;"Yes";"70+";NA;"No";"With Traffic";"K: Killed";"Travel Lane";"White";"Male";"Carrboro";"Orange";"No";"01-01-06";2011-07-09;"Motorist Overtaking Bicyclist";10;"Non-Intersection";"01-07-01";1-01-01 10:11:58;"Motorist Overtaking - Bicyclist Swerved";311235;2011;"K: Killed";"Commercial";"70+";NA;"No";"11-15 mph";"O: No Injury";"White";"Male";"Passenger Car";"No";"No";"Daylight";"Urban (>70% Developed)";NA;2;"Straight - Level";"State Secondary Route";"Dry";"Two-Way, Not Divided";"None";"No Special Feature";"Smooth Asphalt";"Piedmont";"Urban";"20 - 25  MPH";"No Control Present";"Clear";"No";"35.91006, -79.0745"
"3458";457;458;"Yes";"50-59";57;"No";"With Traffic";"K: Killed";"Travel Lane";"White";"Male";"None - Rural Crash";"Onslow";"No";"01-01-03";2011-07-27;"Motorist Overtaking Bicyclist";16;"Non-Intersection";"01-07-01";1-01-01 16:51:58;"Motorist Overtaking - Bicyclist Swerved";311235;2011;"K: Killed";"Residential";"50-59";52;"No";"51-55 mph";"O: No Injury";"White";"Male";"Motorcycle";"No";"No";"Daylight";"Urban (>70% Developed)";"2 lanes";2;"Straight - Level";"State Secondary Route";"Dry";"Two-Way, Not Divided";"None";"No Special Feature";"Smooth Asphalt";"Coastal";"Rural";"50 - 55  MPH";"No Control Present";"Clear";"No";"34.75514, -77.5517"
"3459";459;460;"No";"30-39";30;"No";"With Traffic";"C: Possible Injury";"Bike Lane / Paved Shoulder";"White";"Male";"Durham";"Durham";"No";"01-01-04";2011-07-28;"Motorist Right Turn / Merge";18;"Intersection";"01-07-01";1-01-01 18:16:58;"Motorist Right Turn - Same Direction";121213;2011;"C: Possible Injury";"Residential";NA;NA;"Missing";"21-25 mph";"Injury";"/Missing";NA;"Sport Utility";"No";"Yes";"Daylight";"Urban (>70% Developed)";"6 lanes";2;"Straight - Level";"Local Street";"Dry";"Two-Way, Divided, Unprotected Median";"None";"Four-Way Intersection";"Smooth Asphalt";"Piedmont";"Urban";"40 - 45  MPH";"Stop And Go Signal";"Clear";"No";"35.94793, -78.9238"
"3460";465;466;"Yes";"16-19";18;"No";"With Traffic";"B: Evident Injury";"Travel Lane";"White";"Male";"None - Rural Crash";"New Hanover";"No";"01-01-06";2011-07-30;"Backing Vehicle";17;"Non-Intersection";"01-07-01";1-01-01 17:39:58;"Backing Vehicle";311600;2011;"B: Evident Injury";"Residential";"70+";NA;"No";"0-5 mph";"O: No Injury";"White";"Female";"Passenger Car";"No";"No";"Daylight";"Urban (>70% Developed)";"2 lanes";2;"Curve - Level";"State Secondary Route";"Dry";"Two-Way, Not Divided";"None";"Driveway, Private";"Coarse Asphalt";"Coastal";"Rural";"30 - 35  MPH";"No Control Present";"Clear";"No";"34.25867, -77.8604"
"3461";466;467;"No";"16-19";17;"No";"Not Applicable";"O: No Injury";"Travel Lane";"Black";"Male";"None - Rural Crash";"Cumberland";"No";"01-01-03";2011-07-27;"Bicyclist Failed to Yield - Midblock";16;"Non-Intersection";"01-07-01";1-01-01 16:56:58;"Bicyclist Ride Out - Other Midblock";313318;2011;"O: No Injury";"Farms, Woods, Pastures";"60-69";62;"No";"36-40 mph";"O: No Injury";"White";"Male";"Sport Utility";"No";"No";"Daylight";"Mixed (30% To 70% Developed)";"4 lanes";2;"Straight - Level";"State Secondary Route";"Dry";"Two-Way, Divided, Unprotected Median";"None";"No Special Feature";"Smooth Asphalt";"Coastal";"Rural";"40 - 45  MPH";"No Control Present";"Clear";"No";"34.99952, -78.8978"
"3462";470;471;"Yes";"10-Jun";10;"No";"Not Applicable";"B: Evident Injury";"Non-Roadway";"Black";"Male";"Charlotte";"Mecklenburg";"No";"01-01-06";2011-07-16;"Non-Roadway";20;"Non-Roadway";"01-07-01";1-01-01 20:12:58;"Non-Roadway";460910;2011;"B: Evident Injury";"Residential";"40-49";40;"No";"6-10 mph";"O: No Injury";"Hispanic";"Male";"Pickup";"No";"No";"Daylight";"Urban (>70% Developed)";NA;2;"Straight - Level";"Public Vehicular Area";"Dry";"Two-Way, Not Divided";"None";"No Special Feature";"Smooth Asphalt";"Piedmont";"Urban";"5 - 15 MPH";"No Control Present";"Clear";"No";"35.27299, -80.7721"
"3463";476;477;"No";"40-49";40;"No";"With Traffic";"C: Possible Injury";"Travel Lane";"Black";"Male";"Fayetteville";"Cumberland";"No";"01-01-03";2011-07-06;"Motorist Failed to Yield - Sign-Controlled Intersection";6;"Intersection-Related";"01-07-01";1-01-01 06:39:58;"Motorist Drive Out - Sign-Controlled Intersection";211141;2011;"C: Possible Injury";"Residential";"20-24";22;"No";"6-10 mph";"O: No Injury";"Black";"Male";"Passenger Car";"No";"No";"Daylight";"Urban (>70% Developed)";"2 lanes";2;"Straight - Level";"Local Street";"Dry";"Two-Way, Not Divided";"None";"No Special Feature";"Coarse Asphalt";"Coastal";"Urban";"30 - 35  MPH";"Stop Sign";"Cloudy";"No";"35.02066, -78.9401"
"3464";481;482;"Yes";"60-69";61;"No";"With Traffic";"B: Evident Injury";"Bike Lane / Paved Shoulder";"White";"Male";"Concord";"Cabarrus";"No";"01-01-04";2011-07-21;"Motorist Failed to Yield - Sign-Controlled Intersection";18;"Intersection";"01-07-01";1-01-01 18:34:58;"Motorist Drive Out - Sign-Controlled Intersection";121141;2011;"B: Evident Injury";"Residential";"60-69";68;"No";"0-5 mph";"O: No Injury";"White";"Female";"Passenger Car";"No";"No";"Daylight";"Urban (>70% Developed)";"2 lanes";2;"Straight - Level";"Local Street";"Dry";"Two-Way, Not Divided";"None";"T-Intersection";"Smooth Asphalt";"Piedmont";"Urban";"30 - 35  MPH";"Stop Sign";"Clear";"No";"35.39624, -80.5678"
"3465";482;483;"Yes";"20-24";22;"No";"Facing Traffic";"B: Evident Injury";"Sidewalk / Crosswalk / Driveway Crossing";"Black";"Male";"Charlotte";"Mecklenburg";"No";"01-01-05";2011-07-22;"Motorist Failed to Yield - Sign-Controlled Intersection";17;"Intersection";"01-07-01";1-01-01 17:20:58;"Motorist Drive Out - Sign-Controlled Intersection";132141;2011;"B: Evident Injury";"Residential";"60-69";64;"No";"0-5 mph";"O: No Injury";"Black";"Male";"Van";"No";"No";"Daylight";"Urban (>70% Developed)";"2 lanes";2;"Straight - Level";"Local Street";"Dry";"Two-Way, Not Divided";"Obstruction In Roadway";"T-Intersection";"Smooth Asphalt";"Piedmont";"Urban";"20 - 25  MPH";"No Control Present";"Clear";"No";"35.27883, -80.7759"
"3466";502;503;"Yes";"50-59";50;"No";"With Traffic";"C: Possible Injury";"Travel Lane";"White";"Male";"Carolina Beach";"New Hanover";"No";"01-01-07";2011-07-24;"Motorist Failed to Yield - Midblock";9;"Non-Intersection";"01-07-01";1-01-01 09:03:58;"Motorist Drive Out - Other Midblock";311328;2011;"C: Possible Injury";"Residential";"30-39";36;"No";"6-10 mph";"O: No Injury";"White";"Male";"Passenger Car";"No";"No";"Daylight";"Urban (>70% Developed)";NA;2;"Straight - Level";"Public Vehicular Area";"Dry";"Two-Way, Not Divided";"None";"Driveway, Public";"Smooth Asphalt";"Coastal";"Urban";"30 - 35  MPH";"No Control Present";"Clear";"No";"34.01814, -77.8987"
"3467";511;512;"Yes";"40-49";45;"No";"With Traffic";"B: Evident Injury";"Travel Lane";"White";"Female";"None - Rural Crash";"Union";"No";"01-01-04";2011-08-11;"Motorist Failed to Yield - Sign-Controlled Intersection";12;"Intersection";"01-08-01";1-01-01 12:32:58;"Motorist Drive Out - Sign-Controlled Intersection";111141;2011;"B: Evident Injury";"Farms, Woods, Pastures";"30-39";34;"No";"0-5 mph";"O: No Injury";"White";"Male";"Pickup";"No";"No";"Daylight";"Rural (<30% Developed)";"2 lanes";2;"Straight - Level";"State Secondary Route";"Dry";"Two-Way, Not Divided";"None";"Four-Way Intersection";"Coarse Asphalt";"Piedmont";"Rural";"40 - 45  MPH";"Stop Sign";"Clear";"No";"34.9572, -80.6026"
"3468";512;513;"Yes";"10-Jun";7;"No";"Not Applicable";"B: Evident Injury";"Non-Roadway";"Black";"Male";"None - Rural Crash";"Pasquotank";"No";"01-01-03";2011-08-10;"Bicyclist Failed to Yield - Midblock";15;"Non-Intersection";"01-08-01";1-01-01 15:35:58;"Bicyclist Ride Out - Commercial Driveway / Alley";363312;2011;"B: Evident Injury";"Farms, Woods, Pastures";"70+";NA;"No";"31-35 mph";"O: No Injury";"White";"Male";"Sport Utility";"No";"No";"Daylight";"Rural (<30% Developed)";"2 lanes";2;"Straight - Level";"State Secondary Route";"Dry";"Two-Way, Not Divided";"None";"Driveway, Private";"Coarse Asphalt";"Coastal";"Rural";"50 - 55  MPH";"No Control Present";"Clear";"No";"36.41223, -76.3349"
"3469";515;516;"Yes";"15-Nov";12;"No";"With Traffic";"B: Evident Injury";"Travel Lane";"Hispanic";"Female";"None - Rural Crash";"Hertford";"No";"01-01-07";2011-08-07;"Bicyclist Failed to Yield - Sign-Controlled Intersection";11;"Intersection";"01-08-01";1-01-01 11:55:58;"Bicyclist Ride Through - Sign-Controlled Intersection";111144;2011;"B: Evident Injury";"Farms, Woods, Pastures";"20-24";20;"No";"51-55 mph";"O: No Injury";"Black";"Female";"Passenger Car";"No";"No";"Daylight";"Rural (<30% Developed)";"2 lanes";2;"Straight - Level";"State Secondary Route";"Dry";"Two-Way, Not Divided";"None";"Four-Way Intersection";"Coarse Asphalt";"Coastal";"Rural";"50 - 55  MPH";"Stop Sign";"Clear";"No";"36.25546, -76.9878"
"3470";525;526;"Yes";"16-19";17;"No";"With Traffic";"C: Possible Injury";"Travel Lane";"White";"Male";"Hendersonville";"Henderson";"No";"01-01-03";2011-07-20;"Bicyclist Left Turn / Merge";11;"Non-Intersection";"01-07-01";1-01-01 11:52:58;"Bicyclist Left Turn - Opposite Direction";311222;2011;"C: Possible Injury";"Commercial";"50-59";52;"No";"6-10 mph";"O: No Injury";"White";"Male";"Pickup";"No";"No";"Daylight";"Urban (>70% Developed)";"5 lanes";2;"Straight - Level";"Local Street";"Dry";"Two-Way, Divided, Unprotected Median";"None";"No Special Feature";"Coarse Asphalt";"Mountains";"Urban";"30 - 35  MPH";"Stop And Go Signal";"Clear";"No";"35.30681, -82.455"
"3471";528;529;"No";"40-49";46;"No";"Not Applicable";"O: No Injury";"Travel Lane";"Black";"Male";"Fayetteville";"Cumberland";"No";"01-01-06";2011-08-06;"Motorist Left Turn / Merge";13;"Non-Intersection";"01-08-01";1-01-01 13:44:58;"Motorist Left Turn - Opposite Direction";313212;2011;"O: No Injury";"Commercial";"50-59";57;"No";"16-20 mph";"O: No Injury";"Black";"Male";"Pickup";"No";"No";"Daylight";"Urban (>70% Developed)";"6 lanes";2;"Straight - Level";"Local Street";"Dry";"Two-Way, Divided, Unprotected Median";"None";"No Special Feature";"Coarse Asphalt";"Coastal";"Urban";"40 - 45  MPH";"No Control Present";"Clear";"No";"35.09897, -78.9144"
"3472";533;534;"No";"15-Nov";15;"No";"Facing Traffic";"C: Possible Injury";"Travel Lane";"Black";"Male";"Winston-Salem";"Forsyth";"No";"01-01-04";2011-08-04;"Motorist Failed to Yield - Sign-Controlled Intersection";12;"Intersection";"01-08-01";1-01-01 12:53:58;"Motorist Drive Out - Sign-Controlled Intersection";112141;2011;"C: Possible Injury";"Residential";"50-59";50;"No";"0-5 mph";"O: No Injury";"Black";"Female";"Passenger Car";"No";"No";"Daylight";"Urban (>70% Developed)";"2 lanes";2;"Straight - Level";"Local Street";"Dry";"Two-Way, Divided, Unprotected Median";"None";"No Special Feature";"Smooth Asphalt";"Piedmont";"Urban";"30 - 35  MPH";"Stop Sign";"Clear";"No";"36.07864, -80.278"
"3473";534;535;"No";"16-19";18;"No";"With Traffic";"C: Possible Injury";"Travel Lane";"Black";"Male";"Charlotte";"Mecklenburg";"No";"01-01-03";2011-08-10;"Loss of Control / Turning Error";16;"Intersection";"01-08-01";1-01-01 16:12:58;"Bicyclist Lost Control - Oversteering, Improper Braking, Speed";111122;2011;"C: Possible Injury";"Residential";"50-59";56;"No";"26-30 mph";"O: No Injury";"White";"Female";"Passenger Car";"No";"No";"Daylight";"Urban (>70% Developed)";"2 lanes";2;"Straight - Grade";"Local Street";"Dry";"Two-Way, Divided, Unprotected Median";"None";"T-Intersection";"Smooth Asphalt";"Piedmont";"Urban";"30 - 35  MPH";"Stop Sign";"Clear";"No";"35.2335, -80.8232"
"3474";535;536;"No";"15-Nov";12;"No";"With Traffic";"C: Possible Injury";"Travel Lane";"Hispanic";"Male";"Charlotte";"Mecklenburg";"No";"01-01-03";2011-08-10;"Loss of Control / Turning Error";19;"Intersection";"01-08-01";1-01-01 19:36:58;"Motorist Turning Error - Left Turn";111111;2011;"C: Possible Injury";"Residential";"50-59";53;"No";"6-10 mph";"O: No Injury";"White";"Male";"Passenger Car";"No";"No";"Daylight";"Rural (<30% Developed)";"2 lanes";2;"Straight - Level";"Local Street";"Dry";"Two-Way, Not Divided";"None";"No Special Feature";"Smooth Asphalt";"Piedmont";"Urban";"20 - 25  MPH";"No Control Present";"Clear";"No";"35.2427, -80.7168"
"3475";540;541;"No";"25-29";27;"No";"Facing Traffic";"O: No Injury";"Bike Lane / Paved Shoulder";"White";"Male";"Raleigh";"Wake";"No";"01-01-05";2011-08-19;"Motorist Failed to Yield - Sign-Controlled Intersection";17;"Intersection";"01-08-01";1-01-01 17:35:58;"Motorist Drive Out - Sign-Controlled Intersection";122141;2011;"O: No Injury";"Commercial";"50-59";59;"No";"0-5 mph";"O: No Injury";"White";"Female";"Passenger Car";"No";"Yes";"Daylight";"Urban (>70% Developed)";"2 lanes";2;"Straight - Level";"Local Street";"Dry";"Two-Way, Not Divided";"None";"Four-Way Intersection";"Coarse Asphalt";"Piedmont";"Urban";"30 - 35  MPH";"Stop Sign";"Clear";"No";"35.78922, -78.6938"
"3476";542;543;"No";"50-59";54;"No";"Not Applicable";"B: Evident Injury";"Travel Lane";"Hispanic";"Male";"Charlotte";"Mecklenburg";"No";NA;2011-08-15;"Bicyclist Failed to Yield - Midblock";15;"Non-Intersection";"01-08-01";1-01-01 15:14:58;"Multiple Threat - Midblock";313357;2011;"B: Evident Injury";"Commercial";"40-49";40;"No";"26-30 mph";"O: No Injury";"White";"Male";"Pickup";"No";"No";"Daylight";"Urban (>70% Developed)";"4 lanes";2;"Straight - Level";"Local Street";"Dry";"Two-Way, Not Divided";"None";"No Special Feature";"Smooth Asphalt";"Piedmont";"Urban";"30 - 35  MPH";"Double Yellow Line, No Passing Zone";"Cloudy";"No";"35.13783, -80.8793"
"3477";549;550;"Yes";"16-19";18;"No";"Not Applicable";"C: Possible Injury";NA;"Black";"Male";"Greenville";"Pitt";"No";"01-01-05";2011-08-12;"Bicyclist Failed to Yield - Midblock";12;"Non-Intersection";"01-08-01";1-01-01 12:41:58;"Bicyclist Ride Out - Other Midblock";393318;2011;"C: Possible Injury";"Institutional";"40-49";49;"No";"6-10 mph";"O: No Injury";"White";"Female";"Van";"No";"No";"Daylight";"Mixed (30% To 70% Developed)";"1 lane";2;"Straight - Level";"Local Street";"Dry";"One-Way, Not Divided";"None";"No Special Feature";"Smooth Asphalt";"Coastal";"Urban";"5 - 15 MPH";"No Control Present";"Clear";"No";"35.6072, -77.3634"
"3478";550;551;"No";"10-Jun";9;"No";"Facing Traffic";"O: No Injury";"Travel Lane";"White";"Male";"Mooresville";"Iredell";"No";"01-01-05";2011-08-12;"Crossing Paths - Other Circumstances";15;"Intersection";"01-08-01";1-01-01 15:39:58;"Signalized Intersection - Other /";112158;2011;"O: No Injury";"Commercial";"60-69";61;"No";"0-5 mph";"O: No Injury";"White";"Male";"Passenger Car";"No";"No";"Daylight";"Urban (>70% Developed)";"3 lanes";2;"Straight - Level";"Local Street";"Dry";"Two-Way, Not Divided";"None";"Four-Way Intersection";"Smooth Asphalt";"Piedmont";"Urban";"30 - 35  MPH";"Stop And Go Signal";"Clear";"No";"35.59534, -80.8164"
"3479";554;555;"Yes";"50-59";52;"No";"With Traffic";"C: Possible Injury";"Travel Lane";"Black";"Male";"None - Rural Crash";"Stokes";"No";"01-01-05";2011-08-26;"Motorist Overtaking Bicyclist";20;"Non-Intersection";"01-08-01";1-01-01 20:35:58;"Motorist Overtaking - Misjudged Space";311232;2011;"C: Possible Injury";"Farms, Woods, Pastures";NA;NA;"Missing";"41-45 mph";"Injury";"/Missing";NA;"Passenger Car";"No";"Yes";"Dark - Roadway Not Lighted";"Rural (<30% Developed)";"2 lanes";2;"Straight - Level";"US Route";"Dry";"Two-Way, Not Divided";"None";"No Special Feature";"Coarse Asphalt";"Piedmont";"Rural";"40 - 45  MPH";"Double Yellow Line, No Passing Zone";"Cloudy";"No";"36.31817, -80.1212"
"3480";558;559;"No";"30-39";30;"No";"With Traffic";"B: Evident Injury";"Travel Lane";"White";"Male";"Charlotte";"Mecklenburg";"No";"01-01-02";2011-08-16;"Motorist Failed to Yield - Signalized Intersection";8;"Intersection";"01-08-01";1-01-01 08:56:58;"Motorist Drive Through - Signalized Intersection";111154;2011;"B: Evident Injury";"Commercial";"20-24";22;"No";"26-30 mph";"B: Evident Injury";"Black";"Female";"Motorcycle";"No";"No";"Dawn";"Urban (>70% Developed)";"7 lanes";2;"Straight - Level";"Local Street";"Dry";"Two-Way, Not Divided";"None";"No Special Feature";"Smooth Asphalt";"Piedmont";"Urban";"30 - 35  MPH";"Stop And Go Signal";"Clear";"No";"35.22565, -80.8453"
"3481";567;568;"Yes";"20-24";20;"No";"Facing Traffic";"B: Evident Injury";"Sidewalk / Crosswalk / Driveway Crossing";"White";"Female";"None - Rural Crash";"Dare";"No";"01-01-06";2011-08-20;"Motorist Failed to Yield - Midblock";11;"Non-Intersection";"01-08-01";1-01-01 11:37:58;"Motorist Drive Out - Commercial Driveway / Alley";332322;2011;"B: Evident Injury";"Commercial";"25-29";29;"No";NA;"O: No Injury";"White";"Female";"Passenger Car";"No";"No";"Daylight";"Urban (>70% Developed)";"3 lanes";2;"Straight - Level";"NC Route";"Dry";"Two-Way, Divided, Unprotected Median";"Obstruction In Roadway";"T-Intersection";"Coarse Asphalt";"Coastal";"Rural";NA;"No Control Present";"Clear";"No";"36.16869, -75.7553"
"3482";573;574;"No";"50-59";53;"No";"With Traffic";"C: Possible Injury";"Travel Lane";"Black";"Male";"Winston-Salem";"Forsyth";"No";"01-01-02";2011-08-23;"Motorist Overtaking Bicyclist";15;"Non-Intersection";"01-08-01";1-01-01 15:09:58;"Motorist Overtaking - Misjudged Space";311232;2011;"C: Possible Injury";"Residential";NA;NA;"No";"31-35 mph";"Injury";"/Missing";NA;"Van";"No";"Yes";"Daylight";"Urban (>70% Developed)";"2 lanes";2;"Straight - Level";"Local Street";"Dry";"Two-Way, Not Divided";"None";"No Special Feature";"Smooth Asphalt";"Piedmont";"Urban";"30 - 35  MPH";"No Control Present";"Clear";"No";"36.10981, -80.2141"
"3483";576;577;"Yes";"16-19";19;"No";"With Traffic";"B: Evident Injury";"Travel Lane";"White";"Female";"Boone";"Watauga";"No";"01-01-06";2011-08-20;"Motorist Failed to Yield - Sign-Controlled Intersection";13;"Intersection";"01-08-01";1-01-01 13:10:58;"Motorist Drive Out - Sign-Controlled Intersection";111141;2011;"B: Evident Injury";"Commercial";NA;NA;"Missing";"0-5 mph";"Injury";"/Missing";NA;NA;"No";"Yes";"Daylight";"Urban (>70% Developed)";"4 lanes";2;"Straight - Level";"US Route";"Wet";"Two-Way, Not Divided";"None";"T-Intersection";"Coarse Asphalt";"Mountains";"Urban";"30 - 35  MPH";"Stop Sign";"Rain";"No";"36.19982, -81.6598"
"3484";577;578;"No";"20-24";21;"No";"With Traffic";"B: Evident Injury";"Travel Lane";"White";"Female";"Chapel Hill";"Orange";"No";"01-01-05";2011-08-26;"Motorist Right Turn / Merge";12;"Intersection";"01-08-01";1-01-01 12:22:58;"Motorist Right Turn - Same Direction";111213;2011;"B: Evident Injury";"Residential";"50-59";52;"No";"16-20 mph";"O: No Injury";"White";"Female";"Pickup";"No";"No";"Daylight";"Urban (>70% Developed)";"3 lanes";2;"Straight - Level";"Local Street";"Dry";"Two-Way, Not Divided";"None";"T-Intersection";"Smooth Asphalt";"Piedmont";"Urban";"20 - 25  MPH";"No Control Present";"Clear";"No";"35.90886, -79.0593"
"3485";578;579;"Yes";"10-Jun";9;"No";"With Traffic";"B: Evident Injury";"Travel Lane";"White";"Male";"Sunset Beach";"Brunswick";"No";"01-01-04";2011-08-18;"Bicyclist Failed to Yield - Sign-Controlled Intersection";19;"Intersection";"01-08-01";1-01-01 18:59:58;"Bicyclist Ride Through - Sign-Controlled Intersection";111144;2011;"B: Evident Injury";"Residential";"50-59";54;"No";"6-10 mph";"O: No Injury";"White";"Male";"Sport Utility";"No";"No";"Daylight";"Urban (>70% Developed)";"2 lanes";2;"Straight - Level";"Local Street";"Dry";"Two-Way, Not Divided";"None";"T-Intersection";"Coarse Asphalt";"Coastal";"Rural";"20 - 25  MPH";"Stop Sign";"Clear";"No";"33.87114, -78.4983"
"3486";581;582;"No";"30-39";31;"No";"Facing Traffic";"O: No Injury";"Sidewalk / Crosswalk / Driveway Crossing";"White";"Male";"Fayetteville";"Cumberland";"No";"01-01-04";2011-09-01;"Motorist Failed to Yield - Midblock";15;"Non-Intersection";"01-09-01";1-01-01 15:32:58;"Motorist Drive Out - Commercial Driveway / Alley";332322;2011;"O: No Injury";"Commercial";"60-69";66;"No";"6-10 mph";"O: No Injury";"Black";"Female";"Passenger Car";"No";"No";"Daylight";"Urban (>70% Developed)";NA;2;"Straight - Level";"Public Vehicular Area";"Dry";"Two-Way, Not Divided";"None";"No Special Feature";"Coarse Asphalt";"Coastal";"Urban";"30 - 35  MPH";"No Control Present";"Clear";"No";"35.05625, -78.8952"
"3487";587;588;"No";"15-Nov";12;"No";"With Traffic";"B: Evident Injury";"Travel Lane";"Black";"Male";"Durham";"Durham";"No";"01-01-07";2011-09-04;"Motorist Overtaking Bicyclist";17;"Non-Intersection";"01-09-01";1-01-01 17:29:58;"Motorist Overtaking - Bicyclist Swerved";311235;2011;"B: Evident Injury";"Residential";"0-19";18;"No";"36-40 mph";"O: No Injury";"Black";"Female";"Passenger Car";"No";"No";"Daylight";"Mixed (30% To 70% Developed)";"2 lanes";2;"Curve - Level";"Local Street";"Dry";"Two-Way, Not Divided";"None";"No Special Feature";"Smooth Asphalt";"Piedmont";"Urban";"20 - 25  MPH";"No Control Present";"Clear";"No";"35.95927, -78.8973"
"3488";607;608;"No";"16-19";17;"No";"Not Applicable";"O: No Injury";"Non-Roadway";"White";"Female";"Emerald Isle";"Carteret";"No";"01-01-06";2011-09-03;"Bicyclist Failed to Yield - Midblock";12;"Non-Intersection";"01-09-01";1-01-01 12:15:58;"Bicyclist Ride Out - Other Midblock";363318;2011;"O: No Injury";"Commercial";"30-39";30;"No";"6-10 mph";"O: No Injury";"White";"Female";"Van";"No";"No";"Daylight";"Urban (>70% Developed)";"2 lanes";2;"Straight - Level";"Local Street";"Dry";"Two-Way, Not Divided";"None";"No Special Feature";"Smooth Asphalt";"Coastal";"Rural";"20 - 25  MPH";"No Control Present";"Clear";"No";"34.66063, -77.0506"
"3489";622;623;"Yes";"20-24";20;"Yes";"With Traffic";"K: Killed";"Travel Lane";"Black";"Male";"None - Rural Crash";"Pitt";"Yes";"01-01-04";2011-09-15;"Motorist Overtaking Bicyclist";3;"Non-Intersection";"01-09-01";1-01-01 03:08:58;"Motorist Overtaking - Undetected Bicyclist";311231;2011;"K: Killed";"Farms, Woods, Pastures";"50-59";59;"No";"51-55 mph";"C: Possible Injury";"Black";"Male";"Passenger Car";"No";"No";"Dark - Roadway Not Lighted";"Rural (<30% Developed)";"4 lanes";2;"Straight - Level";"NC Route";"Dry";"Two-Way, Divided, Unprotected Median";"None";"No Special Feature";"Coarse Asphalt";"Coastal";"Rural";"50 - 55  MPH";"No Control Present";"Clear";"No";"35.74123, -77.3593"