"FID";"OBJECTID";"AmbulanceR";"BikeAge_Gr";"Bike_Age";"Bike_Alc_D";"Bike_Dir";"Bike_Injur";"Bike_Pos";"Bike_Race";"Bike_Sex";"City";"County";"CrashAlcoh";"CrashDay";"Crash_Date";"Crash_Grp";"Crash_Hour";"Crash_Loc";"Crash_Mont";"Crash_Time";"Crash_Type";"Crash_Ty_1";"Crash_Year";"Crsh_Sevri";"Developmen";"DrvrAge_Gr";"Drvr_Age";"Drvr_Alc_D";"Drvr_EstSp";"Drvr_Injur";"Drvr_Race";"Drvr_Sex";"Drvr_VehTy";"ExcsSpdInd";"Hit_Run";"Light_Cond";"Locality";"Num_Lanes";"Num_Units";"Rd_Charact";"Rd_Class";"Rd_Conditi";"Rd_Config";"Rd_Defects";"Rd_Feature";"Rd_Surface";"Region";"Rural_Urba";"Speed_Limi";"Traff_Cntr";"Weather";"Workzone_I";"Location"
"3563";156;157;"No";"30-39";34;"No";"Facing Traffic";"C: Possible Injury";"Sidewalk / Crosswalk / Driveway Crossing";"White";"Male";"Raleigh";"Wake";"No";"01-01-03";2010-03-31;"Motorist Failed to Yield - Signalized Intersection";13;"Intersection";"01-03-01";1-01-01 13:30:58;"Motorist Drive Out - Signalized Intersection";0;2010;"C: Possible Injury";"Commercial";"70+";NA;"No";"0-5 mph";"O: No Injury";"White";"Female";"Passenger Car";"No";"No";"Daylight";"Urban (>70% Developed)";"4 lanes";2;"Straight - Level";"Local Street";"Dry";"Two-Way, Divided, Unprotected Median";"None";"Driveway, Public";"Smooth Asphalt";"Piedmont";"Urban";"30 - 35  MPH";"Stop And Go Signal";"Clear";"No";"35.875168, -78.62335"
"3564";158;159;"Yes";"25-29";25;"No";"With Traffic";"B: Evident Injury";"Travel Lane";"White";"Male";"Cary";"Wake";"No";"01-01-02";2010-04-20;"Motorist Left Turn / Merge";21;"Intersection";"01-04-01";1-01-01 21:39:58;"Motorist Left Turn - Opposite Direction";0;2010;"B: Evident Injury";"Commercial";"20-24";23;"No";"11-15 mph";"O: No Injury";"White";"Male";"Passenger Car";"No";"No";"Dark - Roadway Not Lighted";"Urban (>70% Developed)";"5 lanes";2;"Straight - Level";"State Secondary Route";"Dry";"Two-Way, Not Divided";"None";"T-Intersection";"Smooth Asphalt";"Piedmont";"Urban";"30 - 35  MPH";"No Control Present";"Cloudy";"No";"35.755566, -78.73931"
"3565";159;160;"Yes";"60-69";62;"No";"With Traffic";"C: Possible Injury";"Travel Lane";"Black";"Male";"Dudley";"Wayne";"No";"01-01-05";2010-04-09;"Motorist Overtaking Bicyclist";19;"Non-Intersection";"01-04-01";1-01-01 19:33:58;"Motorist Overtaking - Misjudged Space";0;2010;"C: Possible Injury";"Residential";"60-69";63;"No";"41-45 mph";"O: No Injury";"White";"Female";"Passenger Car";"No";"No";"Dusk";"Mixed (30% To 70% Developed)";"2 lanes";2;"Straight - Level";"State Secondary Route";"Dry";"Two-Way, Not Divided";"None";"No Special Feature";"Coarse Asphalt";"Coastal";"Rural";"40 - 45  MPH";"Double Yellow Line, No Passing Zone";"Clear";"No";"35.251686, -78.13718"
"3566";161;162;"Yes";"50-59";54;"No";"With Traffic";"B: Evident Injury";"Bike Lane / Paved Shoulder";"White";"Male";"Charlotte";"Mecklenburg";"No";"01-01-03";2010-04-07;"Motorist Right Turn / Merge";17;"Non-Intersection";"01-04-01";1-01-01 17:58:58;"Motorist Right Turn - Same Direction";0;2010;"B: Evident Injury";"Commercial";"25-29";27;"No";"0-5 mph";"O: No Injury";"White";"Male";"Passenger Car";"No";"No";"Daylight";"Urban (>70% Developed)";"3 lanes";2;"Straight - Level";"Local Street";"Dry";"Two-Way, Not Divided";"None";"Driveway, Private";"Smooth Asphalt";"Piedmont";"Urban";"30 - 35  MPH";"No Control Present";"Clear";"No";"35.200203, -80.84237"
"3567";164;165;"No";"10-Jun";8;"No";"Not Applicable";"B: Evident Injury";"Driveway / Alley";"Hispanic";"Male";"None - Rural Crash";"Johnston";"No";"01-01-04";2010-04-22;"Bicyclist Failed to Yield - Midblock";18;"Non-Intersection";"01-04-01";1-01-01 18:34:58;"Bicyclist Ride Out - Residential Driveway";0;2010;"B: Evident Injury";"Residential";"25-29";26;"No";"21-25 mph";"O: No Injury";"Hispanic";"Female";"Sport Utility";"No";"No";"Daylight";"Urban (>70% Developed)";"2 lanes";2;"Straight - Grade";"State Secondary Route";"Dry";"Two-Way, Not Divided";"None";"Driveway, Private";"Coarse Asphalt";"Coastal";"Rural";"30 - 35  MPH";"No Control Present";"Clear";"No";"35.72358, -78.21224"
"3568";167;168;"Yes";"30-39";35;"Yes";"With Traffic";"B: Evident Injury";"Travel Lane";"Hispanic";"Male";"Conover";"Catawba";"Yes";"01-01-06";2010-04-24;"Bicyclist Overtaking Motorist";20;"Non-Intersection";"01-04-01";1-01-01 20:08:58;"Bicyclist Overtaking - Parked Vehicle";0;2010;"B: Evident Injury";"Residential";NA;NA;"Missing";"0-5 mph";"Injury";"/Missing";NA;"Sport Utility";"No";"No";"Dark - Roadway Not Lighted";"Urban (>70% Developed)";"2 lanes";2;"Straight - Level";"Local Street";"Wet";"Two-Way, Not Divided";"None";"No Special Feature";"Smooth Asphalt";"Piedmont";"Urban";"30 - 35  MPH";"No Control Present";"Rain";"No";"35.70791, -81.22636"
"3569";170;171;"Yes";"10-Jun";7;"No";"Not Applicable";"A: Disabling Injury";"Driveway / Alley";"White";"Female";"Kannapolis";"Cabarrus";"No";"01-01-05";2010-04-09;"Bicyclist Failed to Yield - Midblock";14;"Non-Intersection";"01-04-01";1-01-01 14:43:58;"Bicyclist Ride Out - Residential Driveway";0;2010;"A: Disabling Injury";"Residential";"60-69";63;"No";"31-35 mph";"O: No Injury";"White";"Female";"Passenger Car";"No";"No";"Daylight";"Urban (>70% Developed)";"2 lanes";2;"Straight - Grade";"Local Street";"Dry";"Two-Way, Not Divided";"None";"No Special Feature";"Coarse Asphalt";"Piedmont";"Urban";"30 - 35  MPH";"No Control Present";"Clear";"No";"35.511814, -80.594536"
"3570";504;505;"Yes";"15-Nov";15;"No";"With Traffic";"B: Evident Injury";"Travel Lane";"Black";"Male";"Wilmington";"New Hanover";"No";"01-01-07";2008-07-13;"Bicyclist Failed to Yield - Signalized Intersection";16;"Intersection";"01-07-01";1-01-01 16:15:58;"Bicyclist Ride Through - Signalized Intersection";111155;2008;"B: Evident Injury";"Residential";"30-39";39;"No";"31-35 mph";"O: No Injury";"White";"Female";"Van";"No";"No";"Daylight";"Urban (>70% Developed)";"5 lanes";2;"Straight - Level";"Local Street";"Dry";"One-Way, Not Divided";"None";"Four-Way Intersection";"Smooth Asphalt";"Coastal";"Urban";"30 - 35  MPH";"Stop And Go Signal";"Clear";"No";"0.0, 0.0"
"3571";509;510;"No";"15-Nov";15;"No";"Facing Traffic";"B: Evident Injury";"Other";"Black";"Male";"New Bern";"Craven";"No";"01-01-04";2008-06-19;"Motorist Failed to Yield - Sign-Controlled Intersection";13;"Intersection";"01-06-01";1-01-01 12:59:58;"Motorist Drive Out - Sign-Controlled Intersection";182141;2008;"B: Evident Injury";"Residential";NA;NA;"Missing";"0-5 mph";"Injury";"/Missing";NA;NA;"No";"Yes";"Daylight";"Urban (>70% Developed)";"5 lanes";2;"Straight - Level";"NC Route";"Dry";"Two-Way, Divided, Unprotected Median";"None";"T-Intersection";"Smooth Asphalt";"Coastal";"Urban";"20 - 25  MPH";"Stop Sign";"Clear";"No";"0.0, 0.0"
"3572";517;518;"Yes";"20-24";23;"No";"With Traffic";"A: Disabling Injury";"Travel Lane";"Black";"Male";"Cary";"Wake";"No";"01-01-03";2008-08-13;"Motorist Overtaking Bicyclist";19;"Intersection-Related";"01-08-01";1-01-01 19:29:58;"Motorist Overtaking - Other /";211239;2008;"A: Disabling Injury";"Residential";NA;NA;"Missing";"0-5 mph";"Injury";"/Missing";NA;"Passenger Car";"No";"Yes";"Daylight";"Urban (>70% Developed)";"2 lanes";2;"Straight - Level";"State Secondary Route";"Wet";"Two-Way, Not Divided";"None";"Related To Intersection";"Smooth Asphalt";"Piedmont";"Urban";"30 - 35  MPH";"Stop And Go Signal";"Cloudy";"No";"0.0, 0.0"
"3573";522;523;"Yes";"15-Nov";14;"No";"Not Applicable";"B: Evident Injury";NA;"White";"Male";"Atlantic Beach";"Carteret";"No";"01-01-04";2008-07-17;"Bicyclist Failed to Yield - Midblock";20;"Non-Intersection";"01-07-01";1-01-01 20:57:58;"Bicyclist Ride Out - Midblock -";393319;2008;"B: Evident Injury";"Commercial";"40-49";48;"No";"21-25 mph";"O: No Injury";"White";"Male";"Passenger Car";"No";"No";"Dark - Lighted Roadway";"Urban (>70% Developed)";"5 lanes";2;"Straight - Level";"NC Route";"Dry";"Two-Way, Divided, Unprotected Median";"None";"No Special Feature";"Smooth Asphalt";"Coastal";"Rural";"30 - 35  MPH";"No Control Present";"Clear";"No";"0.0, 0.0"
"3574";528;529;"Yes";"30-39";38;"No";"With Traffic";"C: Possible Injury";"Sidewalk / Crosswalk / Driveway Crossing";"Black";"Male";"Charlotte";"Mecklenburg";"No";"01-01-05";2008-08-15;"Motorist Failed to Yield - Sign-Controlled Intersection";21;"Intersection";"01-08-01";1-01-01 21:38:58;"Motorist Drive Out - Sign-Controlled Intersection";131141;2008;"C: Possible Injury";"Commercial";"20-24";24;"No";"0-5 mph";"O: No Injury";"Black";"Female";"Passenger Car";"No";"No";"Dark - Lighted Roadway";"Urban (>70% Developed)";"2 lanes";2;"Straight - Level";"Local Street";"Dry";"Two-Way, Not Divided";"None";"T-Intersection";"Smooth Asphalt";"Piedmont";"Urban";"20 - 25  MPH";"Stop Sign";"Cloudy";"No";"0.0, 0.0"
"3575";530;531;"Yes";"40-49";44;"Yes";"With Traffic";"A: Disabling Injury";"Travel Lane";"Native American";"Male";"None - Rural Crash";"Robeson";"Yes";"01-01-02";2008-08-12;"Bicyclist Left Turn / Merge";15;"Non-Intersection";"01-08-01";1-01-01 15:39:58;"Bicyclist Left Turn - Same Direction";311221;2008;"A: Disabling Injury";"Farms, Woods, Pastures";"50-59";56;"No";"51-55 mph";"O: No Injury";"Native American";"Female";"Van";"No";"No";"Dusk";"Rural (<30% Developed)";"2 lanes";2;"Straight - Level";"State Secondary Route";"Dry";"Two-Way, Not Divided";"None";"No Special Feature";"Smooth Asphalt";"Coastal";"Rural";"50 - 55  MPH";"No Control Present";"Cloudy";"No";"0.0, 0.0"
"3576";535;536;"No";"50-59";55;"No";"With Traffic";"B: Evident Injury";"Travel Lane";"White";"Female";"Kill Devil Hills";"Dare";"No";"01-01-05";2008-07-18;"Motorist Left Turn / Merge";5;"Intersection";"01-07-01";1-01-01 05:29:58;"Motorist Left Turn - Opposite Direction";111212;2008;"B: Evident Injury";"Residential";"20-24";22;"No";"6-10 mph";"O: No Injury";"White";"Male";"Pickup";"No";"No";"Daylight";"Mixed (30% To 70% Developed)";"2 lanes";2;"Straight - Level";"Local Street";"Dry";"Two-Way, Not Divided";"None";"T-Intersection";"Coarse Asphalt";"Coastal";"Urban";"30 - 35  MPH";"Stop Sign";"Cloudy";"No";"0.0, 0.0"
"3577";539;540;"Yes";"60-69";69;"No";"With Traffic";"B: Evident Injury";"Travel Lane";"White";"Male";"Winston-Salem";"Forsyth";"No";NA;2008-07-21;"Motorist Failed to Yield - Sign-Controlled Intersection";10;"Intersection";"01-07-01";1-01-01 10:15:58;"Motorist Drive Out - Sign-Controlled Intersection";111141;2008;"B: Evident Injury";"Commercial";"25-29";28;"No";"0-5 mph";"O: No Injury";"White";"Female";"Passenger Car";"No";"No";"Daylight";"Urban (>70% Developed)";"4 lanes";2;"Straight - Level";"Local Street";"Dry";"Two-Way, Not Divided";"None";"T-Intersection";"Smooth Asphalt";"Piedmont";"Urban";"30 - 35  MPH";"Stop Sign";"Clear";"No";"0.0, 0.0"
"3578";540;541;"Yes";"60-69";63;"No";"Facing Traffic";"C: Possible Injury";"Sidewalk / Crosswalk / Driveway Crossing";"White";"Male";"Chapel Hill";"Orange";"No";NA;2008-07-21;"Motorist Failed to Yield - Signalized Intersection";13;"Intersection";"01-07-01";1-01-01 13:55:58;"Motorist Drive Out - Right Turn on Red";132151;2008;"C: Possible Injury";"Residential";"60-69";62;"No";"0-5 mph";"O: No Injury";"Black";"Male";"Passenger Car";"No";"No";"Daylight";"Urban (>70% Developed)";"2 lanes";2;"Straight - Level";"Local Street";"Dry";"Two-Way, Not Divided";"None";"Related To Intersection";"Smooth Asphalt";"Piedmont";"Urban";"30 - 35  MPH";"Stop And Go Signal";"Clear";"No";"0.0, 0.0"
"3579";541;542;"Yes";"16-19";16;"No";"Not Applicable";"B: Evident Injury";"Driveway / Alley";"White";"Male";"None - Rural Crash";"Catawba";"No";"01-01-02";2008-07-22;"Bicyclist Failed to Yield - Midblock";15;"Non-Intersection";"01-07-01";1-01-01 15:50:58;"Bicyclist Ride Out - Residential Driveway";353311;2008;"B: Evident Injury";"Residential";"30-39";30;"No";"16-20 mph";"O: No Injury";"White";"Female";"Passenger Car";"No";"No";"Daylight";"Urban (>70% Developed)";"2 lanes";2;"Straight - Level";"State Secondary Route";"Dry";"Two-Way, Not Divided";"None";"Driveway, Private";"Coarse Asphalt";"Piedmont";"Rural";"20 - 25  MPH";"Missing";"Clear";"No";"0.0, 0.0"
"3580";550;551;"No";"20-24";24;"No";"Facing Traffic";"C: Possible Injury";"Sidewalk / Crosswalk / Driveway Crossing";"Black";"Female";"Greensboro";"Guilford";"No";"01-01-02";2008-07-08;"Motorist Failed to Yield - Signalized Intersection";7;"Intersection";"01-07-01";1-01-01 07:27:58;"Motorist Drive Out - Right Turn on Red";132151;2008;"C: Possible Injury";"Commercial";"50-59";56;"No";"6-10 mph";"O: No Injury";"White";"Male";"Passenger Car";"No";"No";"Daylight";"Urban (>70% Developed)";"2 lanes";2;"Straight - Grade";"Local Street";"Dry";"Two-Way, Not Divided";"None";"T-Intersection";"Smooth Asphalt";"Piedmont";"Urban";"20 - 25  MPH";"Stop And Go Signal";"Clear";"No";"0.0, 0.0"
"3581";554;555;"Yes";"16-19";19;"No";"With Traffic";"O: No Injury";"Travel Lane";"Black";"Male";"Raleigh";"Wake";"No";"01-01-02";2008-07-08;"Crossing Paths - Other Circumstances";5;"Intersection";"01-07-01";1-01-01 05:47:58;"Signalized Intersection - Other /";111158;2008;"B: Evident Injury";"Residential";"30-39";35;"No";NA;"B: Evident Injury";"Black";"Male";"Pedalcycle";"No";"No";"Dawn";"Urban (>70% Developed)";"9 or more lanes";2;"Straight - Grade";"Local Street";"Dry";"Two-Way, Not Divided";"None";"Four-Way Intersection";"Smooth Asphalt";"Piedmont";"Urban";NA;"Stop And Go Signal";"Cloudy";"No";"0.0, 0.0"
"3582";560;561;"Yes";"30-39";37;"Yes";"With Traffic";"A: Disabling Injury";"Sidewalk / Crosswalk / Driveway Crossing";"Hispanic";"Male";"Winston-Salem";"Forsyth";"Yes";NA;2008-07-28;"Motorist Failed to Yield - Signalized Intersection";11;"Intersection";"01-07-01";1-01-01 11:15:58;"Motorist Drive Through - Signalized Intersection";131154;2008;"A: Disabling Injury";"Commercial";"40-49";42;"No";"31-35 mph";"O: No Injury";"Black";"Female";"Sport Utility";"No";"No";"Daylight";"Urban (>70% Developed)";"3 lanes";2;"Straight - Level";"Local Street";"Dry";"Two-Way, Not Divided";"None";"No Special Feature";"Smooth Asphalt";"Piedmont";"Urban";"30 - 35  MPH";"Stop And Go Signal";"Clear";"No";"0.0, 0.0"
"3583";566;567;"No";"15-Nov";15;"No";"Facing Traffic";"O: No Injury";"Sidewalk / Crosswalk / Driveway Crossing";"White";"Male";"Charlotte";"Mecklenburg";"No";"01-01-06";2008-08-23;"Motorist Failed to Yield - Sign-Controlled Intersection";17;"Intersection";"01-08-01";1-01-01 17:29:58;"Motorist Drive Out - Sign-Controlled Intersection";132141;2008;"O: No Injury";"Residential";"0-19";18;"No";"21-25 mph";"O: No Injury";"White";"Male";"Sport Utility";"No";"No";"Daylight";"Urban (>70% Developed)";"2 lanes";2;"Straight - Level";"Local Street";"Dry";"Two-Way, Not Divided";"None";"T-Intersection";"Smooth Asphalt";"Piedmont";"Urban";"20 - 25  MPH";"Stop Sign";"Clear";"No";"0.0, 0.0"
"3584";569;570;"Yes";"30-39";33;"No";"Facing Traffic";"B: Evident Injury";"Sidewalk / Crosswalk / Driveway Crossing";"Black";"Male";"Morehead City";"Carteret";"No";NA;2008-07-28;"Motorist Failed to Yield - Sign-Controlled Intersection";8;"Intersection";"01-07-01";1-01-01 08:55:58;"Motorist Drive Out - Sign-Controlled Intersection";132141;2008;"B: Evident Injury";"Commercial";"50-59";52;"No";"6-10 mph";"O: No Injury";"White";"Female";"Passenger Car";"No";"No";"Daylight";"Urban (>70% Developed)";"4 lanes";2;"Straight - Level";"Local Street";"Dry";"Two-Way, Not Divided";"None";"T-Intersection";"Smooth Asphalt";"Coastal";"Urban";"30 - 35  MPH";"Stop Sign";"Clear";"No";"0.0, 0.0"
"3585";572;573;"Yes";"30-39";37;"No";"With Traffic";"B: Evident Injury";"Travel Lane";"White";"Male";"None - Rural Crash";"Wake";"Yes";NA;2008-08-18;"Motorist Overtaking Bicyclist";6;"Non-Intersection";"01-08-01";1-01-01 06:54:58;"Motorist Overtaking - Other /";311239;2008;"B: Evident Injury";"Residential";"50-59";50;"Yes";"41-45 mph";"O: No Injury";"White";"Male";"Pickup";"No";"No";"Daylight";"Rural (<30% Developed)";"2 lanes";3;"Straight - Level";"State Secondary Route";"Dry";"Two-Way, Not Divided";"None";"No Special Feature";"Coarse Asphalt";"Piedmont";"Rural";"40 - 45  MPH";"Double Yellow Line, No Passing Zone";"Clear";"No";"0.0, 0.0"
"3586";573;574;"Yes";"20-24";22;"Yes";"With Traffic";"B: Evident Injury";"Travel Lane";"Hispanic";"Male";"None - Rural Crash";"Robeson";"Yes";"01-01-03";2008-07-30;"Motorist Overtaking Bicyclist";18;"Non-Intersection";"01-07-01";1-01-01 18:52:58;"Motorist Overtaking - Other /";311239;2008;"B: Evident Injury";"Residential";"50-59";59;"No";"46-50 mph";"O: No Injury";"Black";"Female";"Passenger Car";"No";"No";"Daylight";"Rural (<30% Developed)";"2 lanes";2;"Straight - Level";"State Secondary Route";"Wet";"Two-Way, Not Divided";"None";"No Special Feature";"Smooth Asphalt";"Coastal";"Rural";"50 - 55  MPH";"Double Yellow Line, No Passing Zone";"Cloudy";"No";"0.0, 0.0"
"3587";578;579;"Yes";"10-Jun";7;"No";"With Traffic";"C: Possible Injury";"Travel Lane";"Black";"Male";"Southern Pines";"Moore";"No";"01-01-05";2008-07-25;"Bicyclist Failed to Yield - Sign-Controlled Intersection";15;"Intersection";"01-07-01";1-01-01 15:42:58;"Bicyclist Ride Through - Sign-Controlled Intersection";111144;2008;"C: Possible Injury";"Residential";"60-69";68;"No";"31-35 mph";"O: No Injury";"Black";"Male";"Passenger Car";"No";"No";"Daylight";"Urban (>70% Developed)";"2 lanes";2;"Straight - Grade";"Local Street";"Dry";"Two-Way, Not Divided";"None";"Four-Way Intersection";"Smooth Asphalt";"Piedmont";"Urban";"30 - 35  MPH";"Stop Sign";"Clear";"No";"0.0, 0.0"
"3588";579;580;"Yes";"30-39";33;"No";"With Traffic";"C: Possible Injury";"Bike Lane / Paved Shoulder";"Black";"Male";"Goldsboro";"Wayne";"No";"01-01-05";2008-08-01;"Motorist Failed to Yield - Midblock";17;"Non-Intersection";"01-08-01";1-01-01 17:55:58;"Motorist Drive Out - Commercial Driveway / Alley";321322;2008;"C: Possible Injury";"Commercial";"50-59";53;"No";"11-15 mph";"O: No Injury";"White";"Male";"Passenger Car";"No";"No";"Daylight";"Urban (>70% Developed)";"4 lanes";2;"Straight - Level";"US Route";"Dry";"Two-Way, Divided, Unprotected Median";"None";"Driveway, Public";"Coarse Asphalt";"Coastal";"Urban";"40 - 45  MPH";"Missing";"Clear";"No";"0.0, 0.0"
"3589";581;582;"Yes";"15-Nov";14;"No";"Facing Traffic";"B: Evident Injury";"Sidewalk / Crosswalk / Driveway Crossing";"White";"Male";"Southern Pines";"Moore";"No";"01-01-05";2008-08-01;"Motorist Failed to Yield - Sign-Controlled Intersection";15;"Intersection";"01-08-01";1-01-01 15:18:58;"Motorist Drive Out - Sign-Controlled Intersection";132141;2008;"B: Evident Injury";"Residential";NA;NA;"Missing";"16-20 mph";"Injury";"/Missing";NA;NA;"No";"Yes";"Daylight";"Mixed (30% To 70% Developed)";"2 lanes";2;"Curve - Level";"Local Street";"Dry";"Two-Way, Not Divided";"None";"Traffic Circle/Roundabout";"Coarse Asphalt";"Piedmont";"Urban";"30 - 35  MPH";"Yield Sign";"Clear";"No";"0.0, 0.0"
"3590";589;590;"Yes";"15-Nov";15;"No";NA;"C: Possible Injury";NA;"Black";"Male";"Greensboro";"Guilford";"No";"01-01-03";2008-07-23;"Crossing Paths - Other Circumstances";17;"Intersection";"01-07-01";1-01-01 17:04:58;"Crossing Paths - Uncontrolled Intersection";199160;2008;"C: Possible Injury";"Residential";NA;NA;"Missing";NA;"Injury";"/Missing";NA;NA;"No";"Yes";"Daylight";"Urban (>70% Developed)";"4 lanes";2;"Straight - Level";"Local Street";"Dry";"Two-Way, Not Divided";"None";"No Special Feature";"Concrete";"Piedmont";"Urban";NA;"No Control Present";"Clear";"No";"0.0, 0.0"
"3591";597;598;"No";"30-39";31;"No";NA;"O: No Injury";"Travel Lane";"Black";"Male";"Fayetteville";"Cumberland";"No";"01-01-02";2008-08-05;"Other /  - Insufficient Details";17;"Non-Intersection";"01-08-01";1-01-01 17:50:58;"Approach Paths";3190970;2008;"O: No Injury";"Residential";"40-49";42;"No";"6-10 mph";"O: No Injury";"White";"Male";"Police";"No";"No";"Daylight";"Urban (>70% Developed)";"2 lanes";2;"Straight - Level";"Local Street";"Dry";"Two-Way, Not Divided";"None";"No Special Feature";"Coarse Asphalt";"Coastal";"Urban";"5 - 15 MPH";"Missing";"Clear";"No";"0.0, 0.0"
"3592";598;599;"Yes";"10-Jun";10;"No";"Facing Traffic";"B: Evident Injury";"Travel Lane";"Black";"Male";"Charlotte";"Mecklenburg";"No";"01-01-06";2008-08-30;"Motorist Failed to Yield - Midblock";16;"Non-Intersection";"01-08-01";1-01-01 16:29:58;"Motorist Drive Out - Residential Driveway";312321;2008;"B: Evident Injury";"Residential";"30-39";30;"No";NA;"O: No Injury";"Black";"Female";"Passenger Car";"No";"No";"Daylight";"Urban (>70% Developed)";"4 lanes";2;"Straight - Level";"Local Street";"Dry";"Two-Way, Divided, Unprotected Median";"None";"No Special Feature";"Smooth Asphalt";"Piedmont";"Urban";NA;"No Control Present";"Clear";"No";"0.0, 0.0"
"3593";616;617;"No";"40-49";43;"No";"With Traffic";"B: Evident Injury";"Travel Lane";"White";"Female";"Wilmington";"New Hanover";"No";"01-01-02";2008-08-12;"Bicyclist Failed to Yield - Signalized Intersection";18;"Intersection";"01-08-01";1-01-01 18:58:58;"Bicyclist Failed to Clear - Multiple Threat";111157;2008;"B: Evident Injury";"Commercial";"20-24";23;"No";"11-15 mph";"O: No Injury";"White";"Male";"Pickup";"No";"No";"Daylight";"Urban (>70% Developed)";"5 lanes";2;"Straight - Level";"Local Street";"Dry";"Two-Way, Divided, Unprotected Median";"None";"Four-Way Intersection";"Smooth Asphalt";"Coastal";"Urban";"40 - 45  MPH";"Stop And Go Signal";"Clear";"No";"0.0, 0.0"
"3594";617;618;"Yes";"40-49";45;"No";"With Traffic";"B: Evident Injury";"Travel Lane";"White";"Male";"None - Rural Crash";"Wayne";"No";"01-01-03";2008-08-13;"Motorist Overtaking Bicyclist";21;"Non-Intersection";"01-08-01";1-01-01 21:34:58;"Motorist Overtaking - Other /";311239;2008;"B: Evident Injury";"Farms, Woods, Pastures";"0-19";18;"No";"46-50 mph";"O: No Injury";"White";"Female";"Passenger Car";"No";"No";"Dark - Roadway Not Lighted";"Rural (<30% Developed)";"4 lanes";2;"Straight - Level";"US Route";"Wet";"Two-Way, Divided, Unprotected Median";"None";"No Special Feature";"Smooth Asphalt";"Coastal";"Rural";"50 - 55  MPH";"No Control Present";"Cloudy";"No";"0.0, 0.0"
"3595";618;619;"Yes";"15-Nov";12;"No";"Facing Traffic";"C: Possible Injury";"Sidewalk / Crosswalk / Driveway Crossing";"Black";"Male";"Charlotte";"Mecklenburg";"No";"01-01-05";2008-09-05;"Motorist Failed to Yield - Midblock";19;"Non-Intersection";"01-09-01";1-01-01 19:04:58;"Motorist Drive Out - Commercial Driveway / Alley";332322;2008;"C: Possible Injury";"Commercial";"25-29";28;"No";"6-10 mph";"O: No Injury";"Hispanic";"Male";"Passenger Car";"No";"No";"Daylight";"Urban (>70% Developed)";"4 lanes";2;"Straight - Grade";"Local Street";"Dry";"Two-Way, Divided, Unprotected Median";"None";"No Special Feature";"Smooth Asphalt";"Piedmont";"Urban";"40 - 45  MPH";"No Control Present";"Clear";"No";"0.0, 0.0"
"3596";620;621;"Yes";"10-Jun";10;"No";"With Traffic";"B: Evident Injury";"Travel Lane";"White";"Male";"None - Rural Crash";"Columbus";"No";"01-01-04";2008-08-14;"Bicyclist Left Turn / Merge";20;"Non-Intersection";"01-08-01";1-01-01 20:01:58;"Bicyclist Left Turn - Same Direction";311221;2008;"B: Evident Injury";"Farms, Woods, Pastures";"40-49";40;"No";"26-30 mph";"O: No Injury";"Black";"Female";"Passenger Car";"No";"No";"Dark - Roadway Not Lighted";"Rural (<30% Developed)";"2 lanes";2;"Straight - Level";"State Secondary Route";"Dry";"Two-Way, Not Divided";"None";"Driveway, Private";"Smooth Asphalt";"Coastal";"Rural";"50 - 55  MPH";"Double Yellow Line, No Passing Zone";"Clear";"No";"0.0, 0.0"
"3597";625;626;"Yes";"30-39";33;"No";"Facing Traffic";"C: Possible Injury";"Sidewalk / Crosswalk / Driveway Crossing";"Other";"Male";"Fayetteville";"Cumberland";"No";"01-01-03";2008-09-03;"Motorist Failed to Yield - Midblock";9;"Non-Intersection";"01-09-01";1-01-01 09:56:58;"Motorist Drive Out - Commercial Driveway / Alley";332322;2008;"C: Possible Injury";"Commercial";"30-39";38;"No";"0-5 mph";"O: No Injury";"Other";"Female";"Light Truck (Mini-Van, Panel)";"No";"No";"Daylight";"Mixed (30% To 70% Developed)";NA;2;"Straight - Level";"Public Vehicular Area";"Dry";"Two-Way, Not Divided";"None";"Driveway, Public";"Concrete";"Coastal";"Urban";"5 - 15 MPH";"No Control Present";"Clear";"No";"0.0, 0.0"
"3598";627;628;"No";"20-24";22;"No";"With Traffic";"O: No Injury";"Travel Lane";"White";"Male";"Raleigh";"Wake";"No";"01-01-04";2008-07-10;"Backing Vehicle";21;"Non-Intersection";"01-07-01";1-01-01 21:18:58;"Backing Vehicle";311600;2008;"O: No Injury";"Commercial";NA;NA;"Missing";"0-5 mph";"Injury";"/Missing";NA;"Sport Utility";"No";"No";"Dark - Lighted Roadway";"Urban (>70% Developed)";"3 lanes";2;"Straight - Level";"Local Street";"Dry";"Two-Way, Not Divided";"None";"Four-Way Intersection";"Smooth Asphalt";"Piedmont";"Urban";"5 - 15 MPH";"No Control Present";"Clear";"No";"0.0, 0.0"
"3599";650;651;"Yes";"20-24";23;"No";"With Traffic";"O: No Injury";"Travel Lane";"White";"Female";"Carrboro";"Orange";"No";"01-01-05";2008-08-22;"Motorist Failed to Yield - Midblock";20;"Non-Intersection";"01-08-01";1-01-01 20:05:58;"Motorist Drive Out - Commercial Driveway / Alley";311322;2008;"O: No Injury";"Residential";"50-59";57;"No";"6-10 mph";"O: No Injury";"White";"Male";"Passenger Car";"No";"No";"Dusk";"Urban (>70% Developed)";"2 lanes";2;"Straight - Level";"Local Street";"Dry";"Two-Way, Not Divided";"None";"No Special Feature";"Coarse Asphalt";"Piedmont";"Urban";"30 - 35  MPH";"Missing";"Clear";"No";"0.0, 0.0"