"FID";"OBJECTID";"AmbulanceR";"BikeAge_Gr";"Bike_Age";"Bike_Alc_D";"Bike_Dir";"Bike_Injur";"Bike_Pos";"Bike_Race";"Bike_Sex";"City";"County";"CrashAlcoh";"CrashDay";"Crash_Date";"Crash_Grp";"Crash_Hour";"Crash_Loc";"Crash_Mont";"Crash_Time";"Crash_Type";"Crash_Ty_1";"Crash_Year";"Crsh_Sevri";"Developmen";"DrvrAge_Gr";"Drvr_Age";"Drvr_Alc_D";"Drvr_EstSp";"Drvr_Injur";"Drvr_Race";"Drvr_Sex";"Drvr_VehTy";"ExcsSpdInd";"Hit_Run";"Light_Cond";"Locality";"Num_Lanes";"Num_Units";"Rd_Charact";"Rd_Class";"Rd_Conditi";"Rd_Config";"Rd_Defects";"Rd_Feature";"Rd_Surface";"Region";"Rural_Urba";"Speed_Limi";"Traff_Cntr";"Weather";"Workzone_I";"Location"
"3600";656;657;"Yes";"16-19";19;"No";"Not Applicable";"C: Possible Injury";"Non-Roadway";"White";"Female";"Hendersonville";"Henderson";"No";"01-01-05";2008-08-08;"Loss of Control / Turning Error";20;"Non-Intersection";"01-08-01";1-01-01 20:10:58;"Bicyclist Lost Control - Mechanical Problems";363121;2008;"C: Possible Injury";"Residential";"25-29";29;"No";"0-5 mph";"O: No Injury";"Hispanic";"Male";"Passenger Car";"No";"No";"Dusk";"Urban (>70% Developed)";"2 lanes";2;"Straight - Hillcrest";"Local Street";"Dry";"Two-Way, Not Divided";"None";"No Special Feature";"Smooth Asphalt";"Mountains";"Urban";"30 - 35  MPH";"Missing";"Clear";"No";"0.0, 0.0"
"3601";588;589;"Yes";"50-59";55;"No";"Facing Traffic";"B: Evident Injury";"Travel Lane";"White";"Male";"Nags Head";"Dare";"No";"01-01-06";2010-06-12;"Bicyclist Failed to Yield - Signalized Intersection";21;"Intersection";"01-06-01";1-01-01 21:26:58;"Bicyclist Ride Through - Signalized Intersection";0;2010;"B: Evident Injury";"Commercial";"30-39";31;"No";"6-10 mph";"O: No Injury";"White";"Male";"Sport Utility";"No";"No";"Dark - Lighted Roadway";"Mixed (30% To 70% Developed)";"5 lanes";2;"Straight - Level";"US Route";"Dry";"Two-Way, Divided, Unprotected Median";"None";"Four-Way Intersection";"Coarse Asphalt";"Coastal";"Rural";"50 - 55  MPH";"Stop And Go Signal";"Clear";"No";"35.98032, -75.64229"
"3602";591;592;"Yes";"40-49";42;"No";"With Traffic";"C: Possible Injury";"Travel Lane";"White";"Male";"None - Rural Crash";"Warren";"No";"01-01-07";2010-08-08;"Motorist Overtaking Bicyclist";13;"Non-Intersection";"01-08-01";1-01-01 13:27:58;"Motorist Overtaking - Misjudged Space";0;2010;"C: Possible Injury";"Farms, Woods, Pastures";"70+";NA;"No";"16-20 mph";"O: No Injury";"White";"Male";"Passenger Car";"No";"No";"Daylight";"Rural (<30% Developed)";"2 lanes";2;"Straight - Level";"NC Route";"Dry";"Two-Way, Not Divided";"None";"No Special Feature";"Smooth Asphalt";"Piedmont";"Rural";"50 - 55  MPH";"Double Yellow Line, No Passing Zone";"Clear";"No";"36.534992, -77.9383"
"3603";592;593;"No";"16-19";16;"No";"With Traffic";"O: No Injury";"Travel Lane";"White";"Male";"None - Rural Crash";"Dare";"No";"01-01-05";2010-08-27;"Bicyclist Left Turn / Merge";11;"Intersection-Related";"01-08-01";1-01-01 11:49:58;"Bicyclist Left Turn - Opposite Direction";0;2010;"O: No Injury";"Residential";"60-69";60;"No";"26-30 mph";"O: No Injury";"White";"Male";"Passenger Car";"No";"No";"Daylight";"Rural (<30% Developed)";"2 lanes";2;"Curve - Level";"NC Route";"Dry";"Two-Way, Not Divided";"None";"T-Intersection";"Smooth Asphalt";"Coastal";"Rural";"30 - 35  MPH";"Double Yellow Line, No Passing Zone";"Cloudy";"No";"35.216343, -75.67117"
"3604";594;595;"No";"50-59";51;"No";"Facing Traffic";"O: No Injury";"Travel Lane";"White";"Male";"Lumberton";"Robeson";"No";"01-01-06";2010-08-28;"Crossing Paths - Other Circumstances";19;"Intersection";"01-08-01";1-01-01 19:00:58;"Signalized Intersection - Other /";0;2010;"O: No Injury";"Commercial";"50-59";52;"No";"0-5 mph";"O: No Injury";"White";"Male";"Passenger Car";"No";"No";"Daylight";"Urban (>70% Developed)";"7 lanes";2;"Straight - Level";"Local Street";"Dry";"Two-Way, Not Divided";"None";"No Special Feature";"Coarse Asphalt";"Coastal";"Urban";"40 - 45  MPH";"Stop And Go Signal";"Clear";"No";"34.66019, -78.99999"
"3605";598;599;"Yes";"16-19";17;"No";"Facing Traffic";"B: Evident Injury";"Bike Lane / Paved Shoulder";"Other";"Male";"Charlotte";"Mecklenburg";"No";"01-01-05";2010-08-20;"Motorist Left Turn / Merge";18;"Intersection";"01-08-01";1-01-01 18:46:58;"Motorist Left Turn - Opposite Direction";0;2010;"B: Evident Injury";"Commercial";"50-59";55;"No";"6-10 mph";"O: No Injury";"Black";"Female";"Passenger Car";"No";"No";"Daylight";"Urban (>70% Developed)";"2 lanes";2;"Straight - Level";"Local Street";"Dry";"One-Way, Not Divided";"None";"Four-Way Intersection";"Smooth Asphalt";"Piedmont";"Urban";"30 - 35  MPH";"Stop And Go Signal";"Clear";"No";"35.201958, -80.84483"
"3606";599;600;"No";"15-Nov";14;"No";"With Traffic";"C: Possible Injury";"Travel Lane";"White";"Male";"None - Rural Crash";"Henderson";"No";"01-01-02";2010-08-10;"Bicyclist Left Turn / Merge";14;"Intersection";"01-08-01";1-01-01 14:01:58;"Bicyclist Left Turn - Same Direction";0;2010;"C: Possible Injury";"Residential";"70+";NA;"No";"16-20 mph";"O: No Injury";"White";"Male";"Sport Utility";"No";"No";"Daylight";"Urban (>70% Developed)";"2 lanes";2;"Straight - Bottom";"State Secondary Route";"Dry";"Two-Way, Not Divided";"None";"T-Intersection";"Coarse Asphalt";"Mountains";"Rural";"30 - 35  MPH";"Double Yellow Line, No Passing Zone";"Clear";"No";"35.297092, -82.4799"
"3607";601;602;"No";"25-29";25;"Yes";"With Traffic";"O: No Injury";"Bike Lane / Paved Shoulder";"White";"Male";"Greenville";"Pitt";"Yes";"01-01-02";2010-08-17;"Bicyclist Overtaking Motorist";3;"Non-Intersection";"01-08-01";1-01-01 02:59:58;"Bicyclist Overtaking - Parked Vehicle";0;2010;"O: No Injury";"Residential";NA;NA;"Missing";NA;"Injury";"/Missing";NA;"Police";"No";"No";"Dark - Lighted Roadway";"Urban (>70% Developed)";"2 lanes";2;"Straight - Level";"Local Street";"Dry";"Two-Way, Divided, Unprotected Median";"None";"No Special Feature";"Smooth Asphalt";"Coastal";"Urban";"20 - 25  MPH";"No Control Present";"Clear";"No";"35.607113, -77.361725"
"3608";603;604;"Yes";"40-49";41;"No";"With Traffic";"B: Evident Injury";"Travel Lane";"White";"Male";"Davidson";"Mecklenburg";"No";"01-01-04";2010-08-19;"Bicyclist Right Turn / Merge";16;"Intersection";"01-08-01";1-01-01 16:52:58;"Bicyclist Right Turn - Same Direction";0;2010;"B: Evident Injury";"Farms, Woods, Pastures";"30-39";34;"No";"16-20 mph";"O: No Injury";"Black";"Male";"Single Unit Truck (2-Axle, 6-Tire)";"No";"No";"Daylight";"Rural (<30% Developed)";"2 lanes";2;"Straight - Grade";"Local Street";"Dry";"Two-Way, Not Divided";"None";"No Special Feature";"Smooth Asphalt";"Piedmont";"Urban";"40 - 45  MPH";"No Control Present";"Clear";"No";"35.473053, -80.79339"
"3609";604;605;"Yes";"15-Nov";14;"No";"With Traffic";"B: Evident Injury";"Travel Lane";"Black";"Male";"Hickory";"Catawba";"No";"01-01-07";2010-08-22;"Bicyclist Failed to Yield - Signalized Intersection";12;"Intersection";"01-08-01";1-01-01 12:40:58;"Bicyclist Ride Through - Signalized Intersection";0;2010;"B: Evident Injury";"Residential";"30-39";38;"No";"21-25 mph";"O: No Injury";"White";"Male";"Passenger Car";"No";"No";"Daylight";"Urban (>70% Developed)";"2 lanes";2;"Straight - Grade";"Local Street";"Dry";"Two-Way, Not Divided";"None";"Four-Way Intersection";"Smooth Asphalt";"Piedmont";"Urban";"20 - 25  MPH";"Stop Sign";"Clear";"No";"35.720005, -81.3386"
"3610";607;608;"Yes";"16-19";18;"No";"With Traffic";"C: Possible Injury";"Travel Lane";"Black";"Male";"Southern Pines";"Moore";"No";"01-01-05";2010-08-13;"Motorist Overtaking Bicyclist";12;"Non-Intersection";"01-08-01";1-01-01 12:45:58;"Motorist Overtaking - Misjudged Space";0;2010;"C: Possible Injury";"Commercial";"20-24";20;"No";"16-20 mph";"O: No Injury";"Black";"Female";"Passenger Car";"No";"No";"Daylight";"Urban (>70% Developed)";"2 lanes";2;"Straight - Level";"Local Street";"Dry";"Two-Way, Not Divided";"None";"No Special Feature";"Smooth Asphalt";"Piedmont";"Urban";"30 - 35  MPH";"No Control Present";"Clear";"No";"35.16853, -79.40715"
"3611";610;611;"No";"70+";NA;"No";"With Traffic";"B: Evident Injury";"Travel Lane";"White";"Male";"Charlotte";"Mecklenburg";"No";"01-01-03";2010-08-25;"Motorist Right Turn / Merge";9;"Intersection";"01-08-01";1-01-01 09:18:58;"Motorist Right Turn - Same Direction";0;2010;"B: Evident Injury";"Commercial";"40-49";46;"No";NA;"O: No Injury";"White";"Male";"Passenger Car";"No";"No";"Daylight";"Urban (>70% Developed)";"6 lanes";2;"Straight - Level";"Local Street";"Dry";"Two-Way, Not Divided";"None";"T-Intersection";"Smooth Asphalt";"Piedmont";"Urban";"20 - 25  MPH";"Stop Sign";"Cloudy";"No";"35.17393, -80.803505"
"3612";615;616;"Yes";"25-29";29;"No";"With Traffic";"B: Evident Injury";"Bike Lane / Paved Shoulder";"White";"Male";"Grimesland";"Pitt";"No";"01-01-03";2010-09-01;"Parallel Paths - Other Circumstances";8;"Non-Intersection";"01-09-01";1-01-01 08:01:58;"Bicyclist Ride Out - Parallel Path";0;2010;"B: Evident Injury";"Residential";"30-39";36;"No";"56-60 mph";"O: No Injury";"White";"Male";"Passenger Car";"No";"No";"Daylight";"Mixed (30% To 70% Developed)";"2 lanes";2;"Straight - Level";"NC Route";"Dry";"Two-Way, Not Divided";"None";"No Special Feature";"Smooth Asphalt";"Coastal";"Rural";"30 - 35  MPH";"Double Yellow Line, No Passing Zone";"Clear";"No";"35.56752, -77.199814"
"3613";622;623;"No";"10-Jun";8;"No";"Not Applicable";"C: Possible Injury";"Travel Lane";"White";"Male";"Cary";"Wake";"No";"01-01-04";2010-09-02;"Non-Roadway";18;"Non-Roadway";"01-09-01";1-01-01 18:29:58;"Non-Roadway";0;2010;"C: Possible Injury";"Residential";"30-39";31;"No";"0-5 mph";"O: No Injury";"White";"Male";"Motorcycle";"No";"No";"Daylight";"Urban (>70% Developed)";"2 lanes";2;"Straight - Level";"Local Street";"Dry";"Two-Way, Not Divided";"None";"Driveway, Public";"Smooth Asphalt";"Piedmont";"Urban";"20 - 25  MPH";"No Control Present";"Clear";"No";"35.701717, -78.79691"
"3614";623;624;"Yes";"50-59";55;"No";"With Traffic";"Injury";"Travel Lane";"White";"Male";"Weldon";"Halifax";"No";"01-01-06";2010-09-04;"Motorist Overtaking Bicyclist";7;"Non-Intersection";"01-09-01";1-01-01 07:44:58;"Motorist Overtaking - Other /";0;2010;"Injury";"Farms, Woods, Pastures";"70+";NA;"No";"41-45 mph";"Injury";"Black";"Male";"Passenger Car";"No";"Yes";"Daylight";"Mixed (30% To 70% Developed)";"2 lanes";5;"Straight - Level";NA;"Dry";"Two-Way, Divided, Unprotected Median";"None";"No Special Feature";"Concrete";"Coastal";"Rural";"40 - 45  MPH";"No Control Present";"Clear";"No";"36.41299, -77.60735"
"3615";630;631;"No";"30-39";39;"No";"Facing Traffic";"C: Possible Injury";"Sidewalk / Crosswalk / Driveway Crossing";"Black";"Male";"Fayetteville";"Cumberland";"No";"01-01-03";2010-09-01;"Motorist Failed to Yield - Sign-Controlled Intersection";9;"Intersection";"01-09-01";1-01-01 09:58:58;"Motorist Drive Out - Sign-Controlled Intersection";0;2010;"C: Possible Injury";"Commercial";"25-29";27;"No";NA;"O: No Injury";"Hispanic";"Female";"Pickup";"No";"No";"Daylight";"Urban (>70% Developed)";"2 lanes";2;"Straight - Level";"Local Street";"Dry";"Two-Way, Not Divided";"None";"No Special Feature";"Coarse Asphalt";"Coastal";"Urban";NA;"Stop Sign";"Clear";"No";"35.048595, -78.93781"
"3616";632;633;"Yes";NA;NA;"Yes";"With Traffic";"B: Evident Injury";"Travel Lane";"Hispanic";"Male";"Williamston";"Martin";"Yes";"01-01-02";2010-08-31;"Motorist Overtaking Bicyclist";22;"Non-Intersection";"01-08-01";1-01-01 22:35:58;"Motorist Overtaking - Other /";0;2010;"B: Evident Injury";"Commercial";"40-49";40;"No";"51-55 mph";"O: No Injury";"White";"Male";"Truck/Trailer";"No";"No";"Dark - Lighted Roadway";"Mixed (30% To 70% Developed)";"4 lanes";2;"Straight - Level";"US Route";"Dry";"Two-Way, Divided, Positive Median Barrier";"None";"No Special Feature";"Smooth Asphalt";"Coastal";"Urban";"40 - 45  MPH";"No Control Present";"Clear";"No";"35.85214, -77.04666"
"3617";654;655;"No";"50-59";53;"No";"With Traffic";"C: Possible Injury";"Travel Lane";"White";"Male";"Chapel Hill";"Orange";"No";"01-01-03";2010-09-08;"Bicyclist Overtaking Motorist";17;"Non-Intersection";"01-09-01";1-01-01 17:38:58;"Bicyclist Overtaking - Extended Door";0;2010;"C: Possible Injury";"Commercial";"40-49";42;"No";NA;"O: No Injury";"White";"Female";"Passenger Car";"No";"No";"Daylight";"Urban (>70% Developed)";"4 lanes";2;"Straight - Level";"Local Street";"Dry";"Two-Way, Not Divided";"None";"No Special Feature";"Smooth Asphalt";"Piedmont";"Urban";"20 - 25  MPH";"Double Yellow Line, No Passing Zone";"Cloudy";"No";"35.911987, -79.05895"
"3618";664;665;"Yes";"40-49";44;"No";"Facing Traffic";"B: Evident Injury";"Travel Lane";"Hispanic";"Male";"Leland";"Brunswick";"No";"01-01-06";2010-08-28;"Head-On";20;"Non-Intersection";"01-08-01";1-01-01 20:37:58;"Head-On - Bicyclist";0;2010;"B: Evident Injury";"Residential";NA;NA;"Missing";"41-45 mph";"Injury";"/Missing";NA;NA;"No";"Yes";"Dark - Roadway Not Lighted";"Urban (>70% Developed)";"2 lanes";2;"Straight - Level";"Local Street";"Dry";"Two-Way, Not Divided";"None";"No Special Feature";"Smooth Asphalt";"Coastal";"Rural";"40 - 45  MPH";"No Control Present";"Clear";"No";"34.23629, -78.01352"
"3619";153;154;"Yes";"30-39";36;"No";"With Traffic";"B: Evident Injury";"Travel Lane";"White";"Female";"Southern Pines";"Moore";"No";NA;2010-04-12;"Motorist Overtaking Bicyclist";19;"Non-Intersection";"01-04-01";1-01-01 19:24:58;"Motorist Overtaking - Other /";0;2010;"B: Evident Injury";"Residential";NA;NA;"No";NA;"Injury";"/Missing";NA;NA;"No";"Yes";"Daylight";"Urban (>70% Developed)";"2 lanes";2;"Straight - Level";"Local Street";"Dry";"Two-Way, Not Divided";"None";"No Special Feature";"Coarse Asphalt";"Piedmont";"Urban";"30 - 35  MPH";"No Control Present";"Clear";"No";"35.176647, -79.40921"
"3620";169;170;"Yes";"50-59";55;"Yes";"With Traffic";"K: Killed";"Travel Lane";"Black";"Male";"None - Rural Crash";"Franklin";"Yes";"01-01-05";2010-04-23;"Loss of Control / Turning Error";23;"Intersection";"01-04-01";1-01-01 23:34:58;"Bicyclist Turning Error - Left Turn";0;2010;"K: Killed";"Farms, Woods, Pastures";"30-39";31;"No";"41-45 mph";"O: No Injury";"Black";"Female";"Passenger Car";"No";"No";"Dark - Roadway Not Lighted";"Rural (<30% Developed)";"2 lanes";2;"Straight - Level";"NC Route";"Dry";"Two-Way, Not Divided";"None";"T-Intersection";"Smooth Asphalt";"Piedmont";"Rural";"50 - 55  MPH";"Double Yellow Line, No Passing Zone";"Cloudy";"No";"35.90063, -78.26607"
"3621";505;506;"Yes";"70+";NA;"No";"With Traffic";"K: Killed";"Travel Lane";"Black";"Male";"None - Rural Crash";"Gates";"No";"01-01-04";2008-07-10;"Bicyclist Failed to Yield - Sign-Controlled Intersection";17;"Intersection";"01-07-01";1-01-01 17:24:58;"Bicyclist Ride Out - Sign-Controlled Intersection";111142;2008;"K: Killed";"Residential";"25-29";27;"No";"51-55 mph";"O: No Injury";"White";"Male";"Pickup";"No";"No";"Daylight";"Mixed (30% To 70% Developed)";"2 lanes";2;"Straight - Level";"State Secondary Route";"Dry";"Two-Way, Not Divided";"None";"T-Intersection";"Coarse Asphalt";"Coastal";"Rural";"50 - 55  MPH";"Stop Sign";"Clear";"No";"0.0, 0.0"
"3622";506;507;"No";"50-59";53;"No";"With Traffic";"B: Evident Injury";"Travel Lane";"White";"Male";"Wrightsville Beach";"New Hanover";"No";"01-01-04";2008-07-10;"Bicyclist Failed to Yield - Sign-Controlled Intersection";11;"Intersection";"01-07-01";1-01-01 11:41:58;"Bicyclist Ride Through - Sign-Controlled Intersection";111144;2008;"B: Evident Injury";"Commercial";"25-29";27;"No";"6-10 mph";"O: No Injury";"White";"Male";"Police";"No";"No";"Daylight";"Urban (>70% Developed)";"2 lanes";2;"Straight - Level";"State Secondary Route";"Dry";"Two-Way, Not Divided";"None";"Four-Way Intersection";"Smooth Asphalt";"Coastal";"Rural";"20 - 25  MPH";"Stop Sign";"Cloudy";"No";"0.0, 0.0"
"3623";508;509;"Yes";"15-Nov";13;"No";"With Traffic";"A: Disabling Injury";"Travel Lane";"Black";"Male";"Smithfield";"Johnston";"No";"01-01-05";2008-07-11;"Bicyclist Failed to Yield - Sign-Controlled Intersection";14;"Intersection";"01-07-01";1-01-01 14:37:58;"Bicyclist Ride Through - Sign-Controlled Intersection";111144;2008;"A: Disabling Injury";"Residential";NA;NA;"Missing";"21-25 mph";"Injury";"/Missing";NA;"Passenger Car";"No";"Yes";"Daylight";"Urban (>70% Developed)";"2 lanes";2;"Curve - Grade";"Local Street";"Wet";"Two-Way, Not Divided";"None";"T-Intersection";"Coarse Asphalt";"Coastal";"Urban";"20 - 25  MPH";"Stop Sign";"Clear";"No";"0.0, 0.0"
"3624";518;519;"Yes";"40-49";46;"No";"With Traffic";"O: No Injury";"Travel Lane";"Black";"Male";"Durham";"Durham";"No";NA;2008-08-11;"Bicyclist Left Turn / Merge";19;"Non-Intersection";"01-08-01";1-01-01 19:05:58;"Bicyclist Left Turn - Same Direction";311221;2008;"O: No Injury";"Commercial";"60-69";64;"No";"26-30 mph";"O: No Injury";"Black";"Female";"Passenger Car";"No";"No";"Daylight";"Urban (>70% Developed)";"2 lanes";2;"Straight - Level";"Local Street";"Dry";"Two-Way, Not Divided";"None";"No Special Feature";"Smooth Asphalt";"Piedmont";"Urban";"30 - 35  MPH";"No Control Present";"Clear";"No";"0.0, 0.0"
"3625";520;521;"Yes";"15-Nov";13;"No";"Not Applicable";"A: Disabling Injury";"Driveway / Alley";"White";"Male";"None - Rural Crash";"Madison";"No";"01-01-03";2008-07-16;"Bicyclist Failed to Yield - Midblock";19;"Non-Intersection";"01-07-01";1-01-01 19:29:58;"Bicyclist Ride Out - Residential Driveway";353311;2008;"A: Disabling Injury";"Farms, Woods, Pastures";"30-39";35;"No";"36-40 mph";"O: No Injury";"White";"Female";"Passenger Car";"No";"No";"Daylight";"Rural (<30% Developed)";"2 lanes";2;"Curve - Level";"NC Route";"Dry";"Two-Way, Not Divided";"None";"Y-Intersection";"Smooth Asphalt";"Mountains";"Rural";"40 - 45  MPH";"Double Yellow Line, No Passing Zone";"Clear";"No";"0.0, 0.0"
"3626";526;527;"Yes";"40-49";44;"No";"With Traffic";"A: Disabling Injury";"Travel Lane";"White";"Male";"Charlotte";"Mecklenburg";"No";"01-01-05";2008-08-15;"Crossing Paths - Other Circumstances";19;"Intersection";"01-08-01";1-01-01 19:33:58;"Signalized Intersection - Other /";111158;2008;"A: Disabling Injury";"Commercial";"0-19";19;"No";"31-35 mph";"O: No Injury";"Black";"Female";"Passenger Car";"Yes";"No";"Daylight";"Urban (>70% Developed)";"4 lanes";2;"Straight - Level";"Local Street";"Wet";"Two-Way, Divided, Unprotected Median";"None";"No Special Feature";"Smooth Asphalt";"Piedmont";"Urban";"30 - 35  MPH";"Stop And Go Signal";"Cloudy";"No";"0.0, 0.0"
"3627";532;533;"Yes";"20-24";20;"No";"With Traffic";"C: Possible Injury";"Travel Lane";"White";"Male";"None - Rural Crash";"Pasquotank";"No";"01-01-03";2008-08-06;"Motorist Overtaking Bicyclist";0;"Non-Intersection";"01-08-01";1-01-01 00:16:58;"Motorist Overtaking - Other /";311239;2008;"C: Possible Injury";"Farms, Woods, Pastures";NA;NA;"Missing";NA;"Injury";"/Missing";NA;"Pickup";"No";"Yes";"Dark - Roadway Not Lighted";"Rural (<30% Developed)";"2 lanes";2;"Straight - Level";"State Secondary Route";"Dry";"Two-Way, Not Divided";"None";"No Special Feature";"Coarse Asphalt";"Coastal";"Rural";NA;"Double Yellow Line, No Passing Zone";"Clear";"No";"0.0, 0.0"
"3628";534;535;"No";NA;NA;"Missing";"With Traffic";"Injury";"Bike Lane / Paved Shoulder";"/Missing";NA;"None - Rural Crash";"Durham";"No";"01-01-05";2008-07-18;"Motorist Failed to Yield - Sign-Controlled Intersection";15;"Intersection";"01-07-01";1-01-01 15:44:58;"Motorist Drive Out - Sign-Controlled Intersection";121141;2008;"Injury";"Commercial";"40-49";43;"No";NA;"Injury";"/Missing";NA;"Pedalcycle";"No";"Yes";"Daylight";"Rural (<30% Developed)";"2 lanes";2;"Curve - Bottom";"State Secondary Route";"Dry";"Two-Way, Divided, Unprotected Median";"None";"T-Intersection";"Smooth Asphalt";"Piedmont";"Rural";NA;"Stop Sign";"Cloudy";"No";"0.0, 0.0"
"3629";537;538;"No";"40-49";43;"No";"With Traffic";"O: No Injury";"Bike Lane / Paved Shoulder";"White";"Female";"Emerald Isle";"Carteret";"No";"01-01-06";2008-07-19;"Motorist Right Turn / Merge";10;"Non-Intersection";"01-07-01";1-01-01 09:59:58;"Motorist Right Turn - Same Direction";321213;2008;"O: No Injury";"Commercial";"40-49";40;"No";"0-5 mph";"O: No Injury";"White";"Male";"Light Truck (Mini-Van, Panel)";"No";"No";"Daylight";"Urban (>70% Developed)";"3 lanes";2;"Straight - Level";"NC Route";"Dry";"Two-Way, Divided, Unprotected Median";"None";"Driveway, Public";"Coarse Asphalt";"Coastal";"Rural";"30 - 35  MPH";"No Control Present";"Clear";"No";"0.0, 0.0"
"3630";542;543;"Yes";"50-59";57;"Yes";"Facing Traffic";"B: Evident Injury";"Sidewalk / Crosswalk / Driveway Crossing";"White";"Male";"Charlotte";"Mecklenburg";"Yes";NA;2008-08-18;"Crossing Paths - Other Circumstances";23;"Intersection";"01-08-01";1-01-01 23:54:58;"Signalized Intersection - Other /";132158;2008;"B: Evident Injury";"Commercial";"20-24";24;"No";"0-5 mph";"O: No Injury";"White";"Male";"Passenger Car";"No";"No";"Dark - Lighted Roadway";"Urban (>70% Developed)";"7 lanes";2;"Straight - Level";"NC Route";"Dry";"Two-Way, Divided, Unprotected Median";"None";"Four-Way Intersection";"Smooth Asphalt";"Piedmont";"Urban";"40 - 45  MPH";"Stop And Go Signal";"Clear";"No";"0.0, 0.0"
"3631";553;554;"No";"16-19";17;"No";"With Traffic";"B: Evident Injury";"Sidewalk / Crosswalk / Driveway Crossing";"White";"Male";"Charlotte";"Mecklenburg";"No";NA;2008-08-04;"Motorist Failed to Yield - Midblock";15;"Non-Intersection";"01-08-01";1-01-01 15:28:58;"Motorist Drive Out - Commercial Driveway / Alley";331322;2008;"B: Evident Injury";"Commercial";"25-29";28;"No";"0-5 mph";"O: No Injury";"White";"Male";"Van";"No";"No";"Daylight";"Urban (>70% Developed)";NA;2;"Straight - Level";"Local Street";"Dry";"One-Way, Not Divided";"None";"No Special Feature";"Concrete";"Piedmont";"Urban";"5 - 15 MPH";"Missing";"Clear";"No";"0.0, 0.0"
"3632";557;558;"Yes";"20-24";22;"No";"With Traffic";"B: Evident Injury";"Travel Lane";"White";"Female";"Asheville";"Buncombe";"No";"01-01-04";2008-07-24;"Motorist Overtaking Bicyclist";6;"Non-Intersection";"01-07-01";1-01-01 06:54:58;"Motorist Overtaking - Undetected Bicyclist";311231;2008;"B: Evident Injury";"Commercial";"25-29";25;"No";"41-45 mph";"O: No Injury";"White";"Male";"Passenger Car";"No";"No";"Daylight";"Urban (>70% Developed)";"5 lanes";2;"Straight - Grade";"US Route";"Dry";"Two-Way, Not Divided";"None";"No Special Feature";"Smooth Asphalt";"Mountains";"Urban";"40 - 45  MPH";"No Control Present";"Clear";"No";"0.0, 0.0"
"3633";561;562;"No";"15-Nov";11;"No";"With Traffic";"C: Possible Injury";"Travel Lane";"Black";"Male";"New Bern";"Craven";"No";"01-01-05";2008-07-25;"Bicyclist Overtaking Motorist";19;"Non-Intersection";"01-07-01";1-01-01 19:05:58;"Bicyclist Overtaking - Other /";311249;2008;"C: Possible Injury";"Residential";"30-39";33;"No";"6-10 mph";"O: No Injury";"White";"Female";"Passenger Car";"No";"No";"Daylight";"Urban (>70% Developed)";"2 lanes";2;"Straight - Level";"Local Street";"Dry";"Two-Way, Not Divided";"None";"No Special Feature";"Smooth Asphalt";"Coastal";"Urban";"5 - 15 MPH";"Missing";"Clear";"No";"0.0, 0.0"
"3634";562;563;"Yes";"30-39";32;"Yes";"With Traffic";"B: Evident Injury";"Travel Lane";"Hispanic";"Male";"None - Rural Crash";"Brunswick";"Yes";"01-01-06";2008-07-26;"Head-On";1;"Non-Intersection";"01-07-01";1-01-01 01:28:58;"Head-On -";311259;2008;"B: Evident Injury";"Commercial";NA;NA;"Missing";"41-45 mph";"Injury";"/Missing";NA;NA;"No";"Yes";"Dark - Roadway Not Lighted";"Mixed (30% To 70% Developed)";"3 lanes";2;"Straight - Level";"NC Route";"Dry";"Two-Way, Not Divided";"None";"No Special Feature";"Smooth Asphalt";"Coastal";"Rural";"40 - 45  MPH";"Double Yellow Line, No Passing Zone";"Cloudy";"No";"0.0, 0.0"
"3635";565;566;"No";"40-49";42;"No";"With Traffic";"C: Possible Injury";"Travel Lane";"White";"Male";"Charlotte";"Mecklenburg";"No";"01-01-05";2008-08-22;"Crossing Paths - Other Circumstances";10;"Intersection";"01-08-01";1-01-01 10:26:58;"Sign-Controlled Intersection - Other /";111148;2008;"C: Possible Injury";"Residential";"40-49";45;"No";"0-5 mph";"O: No Injury";"Black";"Female";"Sport Utility";"No";"No";"Daylight";"Urban (>70% Developed)";"3 lanes";2;"Straight - Level";"Local Street";"Dry";"Two-Way, Not Divided";"None";"T-Intersection";"Smooth Asphalt";"Piedmont";"Urban";"30 - 35  MPH";"Stop Sign";"Cloudy";"No";"0.0, 0.0"
"3636";571;572;"No";"15-Nov";14;"No";"With Traffic";"Injury";"Travel Lane";"White";"Male";"Carolina Beach";"New Hanover";"No";"01-01-02";2008-07-29;"Motorist Failed to Yield - Sign-Controlled Intersection";2;"Intersection";"01-07-01";1-01-01 02:24:58;"Motorist Drive Out - Sign-Controlled Intersection";111141;2008;"Injury";"Residential";NA;NA;"Missing";"0-5 mph";"Injury";"/Missing";NA;NA;"No";"Yes";"Daylight";"Urban (>70% Developed)";"4 lanes";2;"Straight - Level";"Local Street";"Dry";"Two-Way, Not Divided";"None";"No Special Feature";"Smooth Asphalt";"Coastal";"Urban";"20 - 25  MPH";"Stop Sign";"Clear";"No";"0.0, 0.0"
"3637";574;575;"Yes";"50-59";53;"Yes";"With Traffic";"A: Disabling Injury";"Sidewalk / Crosswalk / Driveway Crossing";"Black";"Male";"Wilmington";"New Hanover";"Yes";"01-01-03";2008-07-30;"Motorist Failed to Yield - Sign-Controlled Intersection";17;"Intersection";"01-07-01";1-01-01 17:18:58;"Motorist Drive Out - Sign-Controlled Intersection";131141;2008;"A: Disabling Injury";"Residential";"40-49";44;"No";"0-5 mph";"O: No Injury";"Black";"Male";"Sport Utility";"No";"No";"Daylight";"Urban (>70% Developed)";"4 lanes";2;"Straight - Level";"Local Street";"Dry";"One-Way, Not Divided";"None";"Four-Way Intersection";"Smooth Asphalt";"Coastal";"Urban";"30 - 35  MPH";"Stop Sign";"Clear";"No";"0.0, 0.0"