"FID";"OBJECTID";"AmbulanceR";"BikeAge_Gr";"Bike_Age";"Bike_Alc_D";"Bike_Dir";"Bike_Injur";"Bike_Pos";"Bike_Race";"Bike_Sex";"City";"County";"CrashAlcoh";"CrashDay";"Crash_Date";"Crash_Grp";"Crash_Hour";"Crash_Loc";"Crash_Mont";"Crash_Time";"Crash_Type";"Crash_Ty_1";"Crash_Year";"Crsh_Sevri";"Developmen";"DrvrAge_Gr";"Drvr_Age";"Drvr_Alc_D";"Drvr_EstSp";"Drvr_Injur";"Drvr_Race";"Drvr_Sex";"Drvr_VehTy";"ExcsSpdInd";"Hit_Run";"Light_Cond";"Locality";"Num_Lanes";"Num_Units";"Rd_Charact";"Rd_Class";"Rd_Conditi";"Rd_Config";"Rd_Defects";"Rd_Feature";"Rd_Surface";"Region";"Rural_Urba";"Speed_Limi";"Traff_Cntr";"Weather";"Workzone_I";"Location"
"3638";580;581;"Yes";"40-49";47;"No";"Facing Traffic";"B: Evident Injury";"Sidewalk / Crosswalk / Driveway Crossing";"White";"Female";"High Point";"Guilford";"No";"01-01-05";2008-08-01;"Crossing Paths - Other Circumstances";6;"Intersection";"01-08-01";1-01-01 06:47:58;"Signalized Intersection - Other /";132158;2008;"B: Evident Injury";"Commercial";"25-29";28;"No";"16-20 mph";"O: No Injury";"Black";"Female";"Passenger Car";"No";"No";"Daylight";"Urban (>70% Developed)";"7 lanes";2;"Straight - Level";"Local Street";"Dry";"Two-Way, Not Divided";"None";"Four-Way Intersection";"Coarse Asphalt";"Piedmont";"Urban";"30 - 35  MPH";"Stop And Go Signal";"Clear";"No";"0.0, 0.0"
"3639";583;584;"Yes";"50-59";58;"No";"With Traffic";"B: Evident Injury";"Travel Lane";"White";"Male";"None - Rural Crash";"Pitt";"No";"01-01-03";2008-07-30;"Motorist Overtaking Bicyclist";8;"Non-Intersection";"01-07-01";1-01-01 08:19:58;"Motorist Overtaking - Other /";311239;2008;"B: Evident Injury";"Residential";"70+";NA;"No";"21-25 mph";"O: No Injury";"White";"Male";"Pickup";"No";"No";"Daylight";"Mixed (30% To 70% Developed)";"2 lanes";2;"Straight - Hillcrest";"State Secondary Route";"Dry";"Two-Way, Not Divided";"None";"No Special Feature";"Coarse Asphalt";"Coastal";"Rural";"40 - 45  MPH";"Double Yellow Line, No Passing Zone";"Cloudy";"No";"0.0, 0.0"
"3640";586;587;"No";"50-59";57;"No";"With Traffic";"O: No Injury";"Travel Lane";"Black";"Male";"Durham";"Durham";"No";"01-01-07";2008-08-17;"Loss of Control / Turning Error";17;"Intersection";"01-08-01";1-01-01 17:11:58;"Bicyclist Lost Control - Oversteering, Improper Braking, Speed";111122;2008;"O: No Injury";"Residential";"50-59";58;"No";"16-20 mph";"O: No Injury";"Black";"Male";"Passenger Car";"No";"No";"Daylight";"Urban (>70% Developed)";"2 lanes";2;"Straight - Grade";"Local Street";"Dry";"Two-Way, Not Divided";"None";"No Special Feature";"Smooth Asphalt";"Piedmont";"Urban";"30 - 35  MPH";"No Control Present";"Clear";"No";"0.0, 0.0"
"3641";591;592;"Yes";"40-49";43;"No";"With Traffic";"C: Possible Injury";"Travel Lane";"White";"Male";"Greensboro";"Guilford";"No";"01-01-06";2008-08-02;"Loss of Control / Turning Error";9;"Intersection";"01-08-01";1-01-01 09:02:58;"Bicyclist Lost Control - Mechanical Problems";111121;2008;"C: Possible Injury";"Residential";"0-19";16;"No";NA;"O: No Injury";"Black";"Female";"Passenger Car";"No";"No";"Daylight";"Urban (>70% Developed)";"2 lanes";2;"Straight - Level";"Local Street";"Dry";"Two-Way, Not Divided";"None";"Related To Intersection";"Smooth Asphalt";"Piedmont";"Urban";"30 - 35  MPH";"Stop Sign";"Clear";"No";"0.0, 0.0"
"3642";593;594;"Yes";"15-Nov";15;"No";"With Traffic";"B: Evident Injury";"Travel Lane";"White";"Male";"None - Rural Crash";"Iredell";"No";NA;2008-08-04;"Bicyclist Left Turn / Merge";14;"Non-Intersection";"01-08-01";1-01-01 14:48:58;"Bicyclist Left Turn - Opposite Direction";311222;2008;"B: Evident Injury";"Residential";"25-29";25;"No";"51-55 mph";"O: No Injury";"White";"Male";"Pickup";"No";"No";"Daylight";"Mixed (30% To 70% Developed)";"2 lanes";2;"Straight - Level";"State Secondary Route";"Dry";"Two-Way, Not Divided";"None";"No Special Feature";"Smooth Asphalt";"Piedmont";"Rural";"50 - 55  MPH";"Double Yellow Line, No Passing Zone";"Clear";"No";"0.0, 0.0"
"3643";595;596;"Yes";"60-69";61;"No";"Not Applicable";"B: Evident Injury";"Non-Roadway";"Black";"Male";"Monroe";"Union";"No";NA;2008-08-04;"Crossing Paths - Other Circumstances";20;"Intersection-Related";"01-08-01";1-01-01 20:09:58;"Crossing Paths - Uncontrolled Intersection";263160;2008;"B: Evident Injury";"Commercial";"60-69";63;"No";"0-5 mph";"O: No Injury";"Hispanic";"Male";"Pickup";"No";"No";"Dusk";"Urban (>70% Developed)";"3 lanes";2;"Straight - Level";"Local Street";"Dry";"Two-Way, Not Divided";"None";"Four-Way Intersection";"Coarse Asphalt";"Piedmont";"Urban";"30 - 35  MPH";"Stop And Go Signal";"Clear";"No";"0.0, 0.0"
"3644";600;601;"Yes";"40-49";46;"No";"With Traffic";"A: Disabling Injury";"Travel Lane";"Black";"Male";"Raleigh";"Wake";"No";"01-01-06";2008-08-09;"Motorist Overtaking Bicyclist";4;"Non-Intersection";"01-08-01";1-01-01 04:28:58;"Motorist Overtaking - Bicyclist Swerved";311235;2008;"A: Disabling Injury";"Commercial";"20-24";24;"No";"41-45 mph";"O: No Injury";"Black";"Male";"Passenger Car";"No";"No";"Dark - Lighted Roadway";"Urban (>70% Developed)";"6 lanes";2;"Straight - Level";"Local Street";"Dry";"Two-Way, Divided, Positive Median Barrier";"None";"No Special Feature";"Smooth Asphalt";"Piedmont";"Urban";"40 - 45  MPH";"No Control Present";"Clear";"No";"0.0, 0.0"
"3645";604;605;"No";"40-49";42;"No";"With Traffic";"B: Evident Injury";"Travel Lane";"White";"Male";"Cary";"Wake";"No";"01-01-03";2008-09-03;"Motorist Left Turn / Merge";18;"Intersection";"01-09-01";1-01-01 17:59:58;"Motorist Left Turn - Opposite Direction";111212;2008;"B: Evident Injury";"Commercial";NA;NA;"No";NA;"Injury";"/Missing";NA;"Passenger Car";"No";"Yes";"Daylight";"Mixed (30% To 70% Developed)";"2 lanes";2;"Straight - Level";"State Secondary Route";"Dry";"Two-Way, Not Divided";"None";"Four-Way Intersection";"Smooth Asphalt";"Piedmont";"Urban";"40 - 45  MPH";"Stop Sign";"Clear";"No";"0.0, 0.0"
"3646";606;607;"Yes";"20-24";24;"No";"With Traffic";"B: Evident Injury";"Travel Lane";"White";"Female";"Wilmington";"New Hanover";"Yes";"01-01-06";2008-08-09;"Bicyclist Left Turn / Merge";1;"Non-Intersection";"01-08-01";1-01-01 00:59:58;"Bicyclist Left Turn - Same Direction";311221;2008;"B: Evident Injury";"Commercial";"30-39";38;"Yes";"41-45 mph";"O: No Injury";"White";"Male";NA;"No";"Yes";"Dark - Lighted Roadway";"Urban (>70% Developed)";"6 lanes";2;"Straight - Level";"Local Street";"Dry";"Two-Way, Divided, Unprotected Median";"None";"No Special Feature";"Coarse Asphalt";"Coastal";"Urban";"40 - 45  MPH";"No Control Present";"Clear";"No";"0.0, 0.0"
"3647";619;620;"No";"40-49";40;"No";"With Traffic";"O: No Injury";"Sidewalk / Crosswalk / Driveway Crossing";"Black";"Male";"Charlotte";"Mecklenburg";"No";"01-01-06";2008-09-06;"Motorist Failed to Yield - Midblock";21;"Non-Intersection";"01-09-01";1-01-01 21:46:58;"Motorist Drive Out - Commercial Driveway / Alley";331322;2008;"O: No Injury";"Commercial";"30-39";33;"No";"6-10 mph";"O: No Injury";"White";"Female";"Passenger Car";"No";"No";"Dark - Lighted Roadway";"Urban (>70% Developed)";"6 lanes";2;"Straight - Level";"Local Street";"Dry";"Two-Way, Divided, Positive Median Barrier";"None";"No Special Feature";"Smooth Asphalt";"Piedmont";"Urban";"40 - 45  MPH";"Stop Sign";"Clear";"No";"0.0, 0.0"
"3648";621;622;"Yes";"40-49";45;"Yes";"Facing Traffic";"B: Evident Injury";"Travel Lane";"White";"Male";"None - Rural Crash";"Dare";"Yes";"01-01-04";2008-08-14;"Head-On";14;"Non-Intersection";"01-08-01";1-01-01 14:09:58;"Head-On - Bicyclist";312250;2008;"B: Evident Injury";"Residential";"60-69";62;"No";"31-35 mph";"O: No Injury";"White";"Male";"Passenger Car";"No";"No";"Daylight";"Urban (>70% Developed)";"2 lanes";2;"Straight - Level";"NC Route";"Dry";"Two-Way, Not Divided";"None";"No Special Feature";"Smooth Asphalt";"Coastal";"Rural";"30 - 35  MPH";"Double Yellow Line, No Passing Zone";"Clear";"No";"0.0, 0.0"
"3649";623;624;"Yes";"16-19";19;"No";"Facing Traffic";"C: Possible Injury";"Sidewalk / Crosswalk / Driveway Crossing";"Hispanic";"Male";"Durham";"Durham";"No";"01-01-04";2008-09-04;"Motorist Failed to Yield - Sign-Controlled Intersection";20;"Intersection";"01-09-01";1-01-01 20:36:58;"Motorist Drive Out - Sign-Controlled Intersection";132141;2008;"C: Possible Injury";"Residential";"40-49";49;"No";"0-5 mph";"O: No Injury";"White";"Male";"Passenger Car";"No";"No";"Dark - Lighted Roadway";"Urban (>70% Developed)";"2 lanes";2;"Straight - Level";"Local Street";"Dry";"Two-Way, Not Divided";"None";"T-Intersection";"Smooth Asphalt";"Piedmont";"Urban";"5 - 15 MPH";"Stop Sign";"Clear";"No";"0.0, 0.0"
"3650";630;631;"Yes";"20-24";23;"No";"Not Applicable";"C: Possible Injury";"Multi-use Path";"White";"Female";"Carrboro";"Orange";"No";"01-01-04";2008-08-14;"Bicyclist Failed to Yield - Sign-Controlled Intersection";8;"Intersection";"01-08-01";1-01-01 08:57:58;"Bicyclist Ride Through - Sign-Controlled Intersection";143144;2008;"C: Possible Injury";"Commercial";"40-49";48;"No";"16-20 mph";"O: No Injury";"White";"Male";"Van";"No";"No";"Daylight";"Urban (>70% Developed)";"2 lanes";2;"Straight - Hillcrest";"Local Street";"Dry";"Two-Way, Not Divided";"None";"No Special Feature";"Smooth Asphalt";"Piedmont";"Urban";"20 - 25  MPH";"Stop Sign";"Clear";"No";"0.0, 0.0"
"3651";634;635;"Yes";"40-49";45;"No";"With Traffic";"C: Possible Injury";"Travel Lane";"White";"Male";"Durham";"Durham";"No";"01-01-06";2008-08-30;"Bicyclist Left Turn / Merge";9;"Intersection-Related";"01-08-01";1-01-01 09:57:58;"Bicyclist Left Turn - Same Direction";211221;2008;"C: Possible Injury";"Residential";"25-29";25;"No";"31-35 mph";"O: No Injury";"Black";"Female";"Sport Utility";"No";"No";"Daylight";"Urban (>70% Developed)";"2 lanes";2;"Straight - Level";"Local Street";"Dry";"Two-Way, Not Divided";"None";"No Special Feature";"Smooth Asphalt";"Piedmont";"Urban";"30 - 35  MPH";"No Control Present";"Clear";"No";"0.0, 0.0"
"3652";642;643;"No";"50-59";57;"No";"Facing Traffic";"C: Possible Injury";"Sidewalk / Crosswalk / Driveway Crossing";"White";"Male";"Charlotte";"Mecklenburg";"No";"01-01-04";2008-09-11;"Motorist Failed to Yield - Sign-Controlled Intersection";12;"Intersection";"01-09-01";1-01-01 12:44:58;"Motorist Drive Out - Sign-Controlled Intersection";132141;2008;"C: Possible Injury";"Residential";"25-29";29;"No";"0-5 mph";"O: No Injury";"Black";"Female";"Pickup";"No";"No";"Daylight";"Urban (>70% Developed)";"2 lanes";2;"Straight - Hillcrest";"Local Street";"Dry";"Two-Way, Divided, Positive Median Barrier";"None";"T-Intersection";"Smooth Asphalt";"Piedmont";"Urban";"5 - 15 MPH";"Stop Sign";"Cloudy";"No";"0.0, 0.0"
"3653";643;644;"Yes";"30-39";30;"No";"Facing Traffic";"C: Possible Injury";"Sidewalk / Crosswalk / Driveway Crossing";"Black";"Male";"Charlotte";"Mecklenburg";"No";"01-01-03";2008-09-10;"Motorist Failed to Yield - Midblock";15;"Non-Intersection";"01-09-01";1-01-01 15:23:58;"Motorist Drive Out - Commercial Driveway / Alley";332322;2008;"C: Possible Injury";"Commercial";NA;NA;"Missing";"6-10 mph";"Injury";"/Missing";NA;"Passenger Car";"No";"Yes";"Daylight";"Urban (>70% Developed)";"2 lanes";2;"Straight - Level";"Local Street";"Wet";"Two-Way, Not Divided";"None";"No Special Feature";"Coarse Asphalt";"Piedmont";"Urban";"30 - 35  MPH";"No Control Present";"Cloudy";"No";"0.0, 0.0"
"3654";644;645;"No";"20-24";21;"No";"With Traffic";"B: Evident Injury";"Travel Lane";"White";"Female";"Chapel Hill";"Orange";"No";NA;2008-08-18;"Bicyclist Overtaking Motorist";14;"Intersection";"01-08-01";1-01-01 14:45:58;"Bicyclist Overtaking - Passing on Right";111241;2008;"B: Evident Injury";"Commercial";"50-59";54;"No";NA;"O: No Injury";"White";"Male";"Sport Utility";"No";"No";"Daylight";"Urban (>70% Developed)";"4 lanes";2;"Straight - Level";"Local Street";"Dry";"Two-Way, Not Divided";"None";"Four-Way Intersection";"Smooth Asphalt";"Piedmont";"Urban";"20 - 25  MPH";"Stop And Go Signal";"Clear";"No";"0.0, 0.0"
"3655";648;649;"No";"40-49";43;"No";"Not Applicable";"O: No Injury";NA;"Black";"Female";"Fayetteville";"Cumberland";"No";"01-01-05";2008-08-22;"Other /  - Insufficient Details";16;"Non-Intersection";"01-08-01";1-01-01 16:32:58;"Approach Paths";3930970;2008;"O: No Injury";"Commercial";"40-49";45;"No";"6-10 mph";"O: No Injury";"Black";"Male";"Passenger Car";"No";"No";"Daylight";"Urban (>70% Developed)";"5 lanes";2;"Straight - Level";"Local Street";"Dry";"Two-Way, Not Divided";"None";"No Special Feature";"Coarse Asphalt";"Coastal";"Urban";"30 - 35  MPH";"No Control Present";"Clear";"No";"0.0, 0.0"
"3656";655;656;"Yes";"16-19";19;"Yes";"Facing Traffic";"B: Evident Injury";"Sidewalk / Crosswalk / Driveway Crossing";"White";"Male";"Boone";"Watauga";"Yes";"01-01-02";2008-08-26;"Crossing Paths - Other Circumstances";17;"Intersection";"01-08-01";1-01-01 17:10:58;"Signalized Intersection - Other /";132158;2008;"B: Evident Injury";"Commercial";NA;NA;"Missing";"26-30 mph";"Injury";"/Missing";NA;NA;"No";"Yes";"Daylight";"Urban (>70% Developed)";"5 lanes";2;"Straight - Level";"Local Street";"Wet";"Two-Way, Divided, Unprotected Median";"None";"Four-Way Intersection";"Smooth Asphalt";"Mountains";"Urban";"30 - 35  MPH";"Stop And Go Signal";"Rain";"No";"0.0, 0.0"
"3657";658;659;"No";"40-49";43;"No";"With Traffic";"C: Possible Injury";"Travel Lane";"White";"Male";"Fuquay-Varina";"Wake";"No";"01-01-02";2008-08-05;"Motorist Failed to Yield - Sign-Controlled Intersection";14;"Intersection";"01-08-01";1-01-01 14:33:58;"Motorist Drive Out - Sign-Controlled Intersection";111141;2008;"C: Possible Injury";"Farms, Woods, Pastures";"50-59";53;"No";"6-10 mph";"O: No Injury";"Black";"Female";"School Bus";"No";"No";"Dusk";"Rural (<30% Developed)";"2 lanes";2;"Straight - Level";"Local Street";"Dry";"Two-Way, Not Divided";"None";"T-Intersection";"Coarse Asphalt";"Piedmont";"Urban";"40 - 45  MPH";"Stop Sign";"Clear";"No";"0.0, 0.0"
"3658";678;679;"No";"20-24";21;"No";"Not Applicable";"C: Possible Injury";NA;"White";"Male";"Wilmington";"New Hanover";"No";"01-01-05";2008-08-29;"Bicyclist Failed to Yield - Midblock";15;"Non-Intersection";"01-08-01";1-01-01 15:20:58;"Multiple Threat - Midblock";393357;2008;"C: Possible Injury";"Commercial";"50-59";54;"No";"6-10 mph";"O: No Injury";"White";"Female";"Passenger Car";"No";"No";"Daylight";"Urban (>70% Developed)";"2 lanes";2;"Straight - Level";"Local Street";"Dry";"Two-Way, Not Divided";"None";"No Special Feature";"Coarse Asphalt";"Coastal";"Urban";"30 - 35  MPH";"Missing";"Clear";"No";"0.0, 0.0"
"3659";688;689;"No";"25-29";28;"No";"With Traffic";"B: Evident Injury";"Bike Lane / Paved Shoulder";"White";"Male";"Charlotte";"Mecklenburg";"No";"01-01-02";2008-09-23;"Motorist Left Turn / Merge";18;"Intersection";"01-09-01";1-01-01 18:29:58;"Motorist Left Turn - Opposite Direction";121212;2008;"B: Evident Injury";"Commercial";"40-49";40;"No";"6-10 mph";"O: No Injury";"White";"Male";"Passenger Car";"No";"No";"Daylight";"Urban (>70% Developed)";"3 lanes";2;"Straight - Grade";"Local Street";"Dry";"Two-Way, Divided, Unprotected Median";"None";"No Special Feature";"Smooth Asphalt";"Piedmont";"Urban";"30 - 35  MPH";"No Control Present";"Clear";"No";"0.0, 0.0"
"3660";696;697;"No";"16-19";16;"No";"Facing Traffic";"C: Possible Injury";"Sidewalk / Crosswalk / Driveway Crossing";"Black";"Male";"Wilmington";"New Hanover";"No";NA;2008-08-25;"Motorist Failed to Yield - Sign-Controlled Intersection";11;"Intersection";"01-08-01";1-01-01 11:18:58;"Motorist Drive Out - Sign-Controlled Intersection";132141;2008;"C: Possible Injury";"Residential";"25-29";25;"No";"0-5 mph";"Injury";"White";"Female";"Van";"No";"No";"Daylight";"Urban (>70% Developed)";"2 lanes";2;"Straight - Level";"Local Street";"Dry";"One-Way, Not Divided";"None";"No Special Feature";"Coarse Asphalt";"Coastal";"Urban";"20 - 25  MPH";"Missing";"Cloudy";"No";"0.0, 0.0"
"3661";704;705;"Yes";"50-59";55;"No";"Facing Traffic";"C: Possible Injury";"Travel Lane";"Native American";"Male";"None - Rural Crash";"Robeson";"No";"01-01-07";2008-09-07;"Head-On";22;"Non-Intersection";"01-09-01";1-01-01 22:14:58;"Head-On - Bicyclist";312250;2008;"C: Possible Injury";"Farms, Woods, Pastures";NA;NA;"Missing";"51-55 mph";"Injury";"/Missing";NA;NA;"No";"Yes";"Dark - Roadway Not Lighted";"Rural (<30% Developed)";"2 lanes";2;"Straight - Level";"NC Route";"Dry";"Two-Way, Not Divided";"None";"No Special Feature";"Coarse Asphalt";"Coastal";"Rural";"50 - 55  MPH";"No Control Present";"Clear";"No";"0.0, 0.0"
"3662";710;711;"Yes";"70+";NA;"No";"With Traffic";"B: Evident Injury";"Travel Lane";"White";"Male";"None - Rural Crash";"Lenoir";"No";"01-01-02";2008-09-09;"Motorist Overtaking Bicyclist";8;"Non-Intersection";"01-09-01";1-01-01 08:09:58;"Motorist Overtaking - Other /";311239;2008;"B: Evident Injury";"Farms, Woods, Pastures";"70+";NA;"No";"51-55 mph";"O: No Injury";"Black";"Female";"Passenger Car";"No";"No";"Daylight";"Rural (<30% Developed)";"4 lanes";2;"Straight - Level";"US Route";"Dry";"Two-Way, Divided, Unprotected Median";"None";"No Special Feature";"Coarse Asphalt";"Coastal";"Rural";"50 - 55  MPH";"Missing";"Fog, Smog, Smoke";"No";"0.0, 0.0"
"3663";716;717;"No";"60-69";60;"No";"With Traffic";"B: Evident Injury";"Travel Lane";"Black";"Female";"Durham";"Durham";"No";NA;2008-07-14;"Bicyclist Overtaking Motorist";14;"Non-Intersection";"01-07-01";1-01-01 14:33:58;"Bicyclist Overtaking - Extended Door";311244;2008;"B: Evident Injury";"Commercial";NA;NA;"Missing";"0-5 mph";"Injury";"/Missing";NA;NA;"No";"Yes";"Daylight";"Urban (>70% Developed)";"2 lanes";2;"Straight - Grade";"Local Street";"Dry";"Two-Way, Not Divided";"None";"No Special Feature";"Smooth Asphalt";"Piedmont";"Urban";"20 - 25  MPH";"No Control Present";"Clear";"No";"0.0, 0.0"
"3664";719;720;"Yes";"15-Nov";14;"No";"Not Applicable";"B: Evident Injury";"Travel Lane";"Black";"Male";"Greensboro";"Guilford";"No";"01-01-04";2008-09-11;"Non-Roadway";16;"Non-Roadway";"01-09-01";1-01-01 16:32:58;"Non-Roadway";410910;2008;"B: Evident Injury";"Residential";"0-19";18;"No";"0-5 mph";"O: No Injury";"White";"Male";"Sport Utility";"No";"No";"Daylight";"Urban (>70% Developed)";NA;2;"Straight - Grade";"Public Vehicular Area";"Wet";"Two-Way, Not Divided";"None";"Driveway, Public";"Smooth Asphalt";"Piedmont";"Urban";NA;"Missing";"Cloudy";"No";"0.0, 0.0"
"3665";723;724;"Yes";"50-59";51;"No";"With Traffic";"B: Evident Injury";"Bike Lane / Paved Shoulder";"White";"Male";"None - Rural Crash";"Cumberland";"No";"01-01-05";2008-09-12;"Parallel Paths - Other Circumstances";23;"Non-Intersection";"01-09-01";1-01-01 23:19:58;"Bicyclist Ride Out - Parallel Path";321225;2008;"B: Evident Injury";"Residential";"50-59";51;"No";"31-35 mph";"B: Evident Injury";"White";"Male";"Motorcycle";"No";"No";"Dark - Roadway Not Lighted";"Mixed (30% To 70% Developed)";"2 lanes";2;"Straight - Level";"State Secondary Route";"Dry";"Two-Way, Not Divided";"None";"No Special Feature";"Smooth Asphalt";"Coastal";"Rural";"30 - 35  MPH";"Double Yellow Line, No Passing Zone";"Clear";"No";"0.0, 0.0"
"3666";725;726;"Yes";"40-49";46;"No";"With Traffic";"B: Evident Injury";"Travel Lane";"White";"Male";"Wrightsville Beach";"New Hanover";"No";"01-01-05";2008-09-12;"Motorist Left Turn / Merge";18;"Non-Intersection";"01-09-01";1-01-01 18:57:58;"Motorist Left Turn - Opposite Direction";311212;2008;"B: Evident Injury";"Commercial";"0-19";16;"No";"6-10 mph";"O: No Injury";"White";"Female";"Passenger Car";"No";"No";"Daylight";"Urban (>70% Developed)";"4 lanes";2;"Straight - Level";"Local Street";"Dry";"Two-Way, Not Divided";"None";"No Special Feature";"Smooth Asphalt";"Coastal";"Rural";"30 - 35  MPH";"Missing";"Clear";"No";"0.0, 0.0"
"3667";733;734;"No";"16-19";16;"No";"Facing Traffic";"C: Possible Injury";"Sidewalk / Crosswalk / Driveway Crossing";"Black";"Male";"Charlotte";"Mecklenburg";"No";"01-01-05";2008-10-03;"Motorist Failed to Yield - Midblock";15;"Non-Intersection";"01-10-01";1-01-01 15:25:58;"Motorist Drive Out - Commercial Driveway / Alley";332322;2008;"C: Possible Injury";"Residential";NA;NA;"Missing";"0-5 mph";"Injury";"/Missing";NA;"Sport Utility";"No";"Yes";"Daylight";"Mixed (30% To 70% Developed)";"4 lanes";2;"Straight - Grade";"Local Street";"Dry";"Two-Way, Divided, Unprotected Median";"None";"Driveway, Public";"Smooth Asphalt";"Piedmont";"Urban";"40 - 45  MPH";"No Control Present";"Clear";"No";"0.0, 0.0"
"3668";735;736;"Yes";"16-19";17;"No";"Not Applicable";"B: Evident Injury";NA;"Black";"Male";"Vanceboro";"Craven";"No";"01-01-02";2008-09-16;"Bicyclist Failed to Yield - Midblock";20;"Non-Intersection";"01-09-01";1-01-01 20:34:58;"Bicyclist Ride Out - Other Midblock";393318;2008;"B: Evident Injury";"Commercial";"25-29";27;"No";"31-35 mph";"O: No Injury";"White";"Male";"Pickup";"No";"No";"Dark - Lighted Roadway";"Mixed (30% To 70% Developed)";"2 lanes";2;"Straight - Level";"NC Route";"Dry";"Two-Way, Not Divided";"None";"Y-Intersection";"Smooth Asphalt";"Coastal";"Rural";"30 - 35  MPH";"Double Yellow Line, No Passing Zone";"Clear";"No";"0.0, 0.0"
"3669";738;739;"Yes";"25-29";26;"No";"With Traffic";"B: Evident Injury";"Travel Lane";"White";"Male";"Statesville";"Iredell";"No";"01-01-06";2008-09-20;"Loss of Control / Turning Error";11;"Intersection-Related";"01-09-01";1-01-01 11:28:58;"Bicyclist Lost Control - Mechanical Problems";211121;2008;"B: Evident Injury";"Commercial";"25-29";27;"No";NA;"O: No Injury";"White";"Female";"Sport Utility";"No";"No";"Daylight";"Urban (>70% Developed)";"4 lanes";2;"Straight - Hillcrest";"Local Street";"Dry";"One-Way, Not Divided";"None";"No Special Feature";"Coarse Asphalt";"Piedmont";"Urban";"30 - 35  MPH";"Stop And Go Signal";"Clear";"No";"0.0, 0.0"
"3670";739;740;"Yes";"60-69";62;"No";"With Traffic";"C: Possible Injury";"Travel Lane";"/Missing";"Male";"Edenton";"Chowan";"No";"01-01-07";2008-09-21;"Motorist Left Turn / Merge";7;"Intersection";"01-09-01";1-01-01 07:39:58;"Motorist Left Turn - Opposite Direction";111212;2008;"C: Possible Injury";"Residential";"60-69";63;"No";"11-15 mph";"O: No Injury";"White";"Female";"Passenger Car";"No";"No";"Dawn";"Rural (<30% Developed)";"4 lanes";2;"Straight - Level";"Local Street";"Dry";"Two-Way, Not Divided";"None";"No Special Feature";"Coarse Asphalt";"Coastal";"Urban";"30 - 35  MPH";"Stop Sign";"Clear";"No";"0.0, 0.0"
"3671";745;746;"Yes";"40-49";40;"No";"Facing Traffic";"C: Possible Injury";"Travel Lane";"Black";"Male";"Asheville";"Buncombe";"No";"01-01-05";2008-09-05;"Motorist Failed to Yield - Signalized Intersection";14;"Intersection";"01-09-01";1-01-01 14:49:58;"Motorist Drive Out - Right Turn on Red";112151;2008;"C: Possible Injury";"Commercial";"60-69";69;"No";"0-5 mph";"O: No Injury";"White";"Male";"Passenger Car";"No";"No";"Daylight";"Urban (>70% Developed)";"3 lanes";2;"Straight - Level";"Local Street";"Dry";"Two-Way, Not Divided";"None";"Four-Way Intersection";"Smooth Asphalt";"Mountains";"Urban";"20 - 25  MPH";"Stop And Go Signal";"Clear";"No";"0.0, 0.0"
"3672";750;751;"Yes";"20-24";21;"No";"With Traffic";"Injury";"Travel Lane";"White";"Male";"Belmont";"Gaston";"No";"01-01-06";2008-09-27;"Bicyclist Failed to Yield - Sign-Controlled Intersection";16;"Intersection";"01-09-01";1-01-01 16:44:58;"Bicyclist Ride Through - Sign-Controlled Intersection";111144;2008;"O: No Injury";"Residential";"30-39";32;"No";"31-35 mph";"O: No Injury";"White";"Female";"Passenger Car";"No";"No";"Daylight";"Urban (>70% Developed)";"2 lanes";2;"Straight - Level";"Local Street";"Dry";"Two-Way, Not Divided";"None";"Related To Intersection";"Smooth Asphalt";"Piedmont";"Urban";"30 - 35  MPH";"Stop Sign";"Clear";"No";"0.0, 0.0"
"3673";756;757;"Yes";"16-19";17;"No";"With Traffic";"A: Disabling Injury";"Travel Lane";"White";"Male";"None - Rural Crash";"Onslow";"No";"01-01-07";2008-09-28;"Motorist Overtaking Bicyclist";19;"Non-Intersection";"01-09-01";1-01-01 19:47:58;"Motorist Overtaking - Other /";311239;2008;"A: Disabling Injury";"Farms, Woods, Pastures";"20-24";22;"No";"46-50 mph";"O: No Injury";"White";"Male";"Passenger Car";"No";"No";"Daylight";"Rural (<30% Developed)";"2 lanes";2;"Straight - Level";"State Secondary Route";"Dry";"Two-Way, Not Divided";"None";"No Special Feature";"Coarse Asphalt";"Coastal";"Rural";"50 - 55  MPH";"No Control Present";"Clear";"No";"0.0, 0.0"
"3674";771;772;"Yes";"40-49";42;"No";"Facing Traffic";"C: Possible Injury";"Sidewalk / Crosswalk / Driveway Crossing";"White";"Female";"Morehead City";"Carteret";"No";"01-01-02";2008-09-30;"Motorist Failed to Yield - Sign-Controlled Intersection";16;"Intersection";"01-09-01";1-01-01 16:11:58;"Motorist Drive Out - Sign-Controlled Intersection";132141;2008;"C: Possible Injury";"Residential";"0-19";17;"No";"21-25 mph";"O: No Injury";"White";"Male";"Passenger Car";"No";"No";"Daylight";"Urban (>70% Developed)";"3 lanes";2;"Straight - Level";"Local Street";"Dry";"Two-Way, Divided, Unprotected Median";"None";"Four-Way Intersection";"Smooth Asphalt";"Coastal";"Urban";"20 - 25  MPH";"Stop Sign";"Clear";"No";"0.0, 0.0"