"FID";"OBJECTID";"AmbulanceR";"BikeAge_Gr";"Bike_Age";"Bike_Alc_D";"Bike_Dir";"Bike_Injur";"Bike_Pos";"Bike_Race";"Bike_Sex";"City";"County";"CrashAlcoh";"CrashDay";"Crash_Date";"Crash_Grp";"Crash_Hour";"Crash_Loc";"Crash_Mont";"Crash_Time";"Crash_Type";"Crash_Ty_1";"Crash_Year";"Crsh_Sevri";"Developmen";"DrvrAge_Gr";"Drvr_Age";"Drvr_Alc_D";"Drvr_EstSp";"Drvr_Injur";"Drvr_Race";"Drvr_Sex";"Drvr_VehTy";"ExcsSpdInd";"Hit_Run";"Light_Cond";"Locality";"Num_Lanes";"Num_Units";"Rd_Charact";"Rd_Class";"Rd_Conditi";"Rd_Config";"Rd_Defects";"Rd_Feature";"Rd_Surface";"Region";"Rural_Urba";"Speed_Limi";"Traff_Cntr";"Weather";"Workzone_I";"Location"
"3675";780;781;"Yes";"25-29";28;"No";"With Traffic";"B: Evident Injury";"Travel Lane";"White";"Male";"None - Rural Crash";"Cumberland";"No";"01-01-03";2008-10-15;"Motorist Failed to Yield - Sign-Controlled Intersection";6;"Intersection";"01-10-01";1-01-01 06:29:58;"Motorist Drive Out - Sign-Controlled Intersection";111141;2008;"B: Evident Injury";"Residential";"50-59";50;"No";"0-5 mph";"O: No Injury";"White";"Male";"Pickup";"No";"No";"Dark - Roadway Not Lighted";"Mixed (30% To 70% Developed)";"2 lanes";2;"Straight - Level";"State Secondary Route";"Dry";"Two-Way, Not Divided";"None";"T-Intersection";"Smooth Asphalt";"Coastal";"Rural";"40 - 45  MPH";"Stop Sign";"Clear";"No";"0.0, 0.0"
"3676";787;788;"Yes";"20-24";20;"No";"Facing Traffic";"B: Evident Injury";"Sidewalk / Crosswalk / Driveway Crossing";"Hispanic";"Male";"Jacksonville";"Onslow";"No";"01-01-03";2008-10-08;"Crossing Paths - Other Circumstances";19;"Intersection";"01-10-01";1-01-01 19:41:58;"Signalized Intersection - Other /";132158;2008;"B: Evident Injury";"Residential";"50-59";55;"No";"0-5 mph";"O: No Injury";"White";"Male";"Light Truck (Mini-Van, Panel)";"No";"No";"Dark - Lighted Roadway";"Urban (>70% Developed)";"2 lanes";2;"Straight - Level";"Local Street";"Dry";"Two-Way, Not Divided";"None";"Four-Way Intersection";"Smooth Asphalt";"Coastal";"Urban";"30 - 35  MPH";"Stop And Go Signal";"Clear";"No";"0.0, 0.0"
"3677";789;790;"Yes";"30-39";35;"No";"Facing Traffic";"C: Possible Injury";"Sidewalk / Crosswalk / Driveway Crossing";"Black";"Male";"Wilmington";"New Hanover";"No";NA;2008-10-06;"Motorist Failed to Yield - Midblock";14;"Non-Intersection";"01-10-01";1-01-01 14:07:58;"Motorist Drive Out - Commercial Driveway / Alley";332322;2008;"C: Possible Injury";"Commercial";"30-39";37;"No";"0-5 mph";"O: No Injury";"Black";"Female";"Passenger Car";"No";"No";"Daylight";"Rural (<30% Developed)";"3 lanes";2;"Straight - Level";"Private Road, Driveway";"Water (Standing, Moving)";"Two-Way, Not Divided";"None";"Driveway, Public";"Smooth Asphalt";"Coastal";"Urban";"40 - 45  MPH";"No Control Present";"Clear";"No";"0.0, 0.0"
"3678";791;792;"No";"50-59";56;"No";"With Traffic";"B: Evident Injury";"Travel Lane";"White";"Male";"Charlotte";"Mecklenburg";"No";"01-01-02";2008-10-21;"Motorist Overtaking Bicyclist";23;"Non-Intersection";"01-10-01";1-01-01 23:17:58;"Motorist Overtaking - Other /";311239;2008;"B: Evident Injury";"Commercial";NA;NA;"Missing";"41-45 mph";"Injury";"/Missing";NA;"Pickup";"No";"Yes";"Dark - Lighted Roadway";"Urban (>70% Developed)";"3 lanes";2;"Straight - Level";"Local Street";"Dry";"Two-Way, Not Divided";"None";"No Special Feature";"Smooth Asphalt";"Piedmont";"Urban";"40 - 45  MPH";"No Control Present";"Clear";"No";"0.0, 0.0"
"3679";802;803;"Yes";NA;NA;"No";"With Traffic";"C: Possible Injury";"Travel Lane";"Black";"Female";"Wilson";"Wilson";"No";"01-01-04";2008-10-02;"Crossing Paths - Other Circumstances";20;"Intersection";"01-10-01";1-01-01 20:39:58;"Sign-Controlled Intersection - Other /";111148;2008;"C: Possible Injury";"Residential";"50-59";57;"No";"21-25 mph";"O: No Injury";"Black";"Male";"Sport Utility";"No";"No";"Dusk";"Urban (>70% Developed)";"3 lanes";2;"Straight - Hillcrest";"Local Street";"Dry";"Two-Way, Divided, Unprotected Median";"None";"No Special Feature";"Coarse Asphalt";"Coastal";"Urban";"40 - 45  MPH";"Stop Sign";"Clear";"No";"0.0, 0.0"
"3680";804;805;"Yes";"25-29";25;"No";"Facing Traffic";"C: Possible Injury";"Travel Lane";"White";"Female";"Wilmington";"New Hanover";"No";NA;2008-10-13;"Motorist Failed to Yield - Sign-Controlled Intersection";10;"Intersection";"01-10-01";1-01-01 10:43:58;"Motorist Drive Out - Sign-Controlled Intersection";112141;2008;"C: Possible Injury";"Commercial";"60-69";61;"No";"0-5 mph";"O: No Injury";"White";"Male";"Passenger Car";"No";"No";"Daylight";"Urban (>70% Developed)";"5 lanes";2;"Straight - Level";"Local Street";"Dry";"Two-Way, Not Divided";"None";"T-Intersection";"Coarse Asphalt";"Coastal";"Urban";"40 - 45  MPH";"Stop Sign";"Clear";"No";"0.0, 0.0"
"3681";806;807;"Yes";"40-49";48;"No";"With Traffic";"O: No Injury";"Travel Lane";"White";"Male";"Wilson";"Wilson";"No";"01-01-02";2008-10-14;"Motorist Right Turn / Merge";18;"Intersection";"01-10-01";1-01-01 18:51:58;"Motorist Right Turn - Same Direction";111213;2008;"O: No Injury";"Residential";"25-29";26;"No";"6-10 mph";"O: No Injury";"Black";"Female";"Passenger Car";"No";"No";"Dark - Lighted Roadway";"Mixed (30% To 70% Developed)";"2 lanes";2;"Straight - Level";"Local Street";"Dry";"Two-Way, Not Divided";"None";"T-Intersection";"Smooth Asphalt";"Coastal";"Urban";"30 - 35  MPH";"Stop Sign";"Clear";"No";"0.0, 0.0"
"3682";808;809;"Yes";"30-39";35;"No";"Not Applicable";"B: Evident Injury";"Travel Lane";"Black";"Male";"Fayetteville";"Cumberland";"No";"01-01-06";2008-10-18;"Bicyclist Failed to Yield - Midblock";13;"Non-Intersection";"01-10-01";1-01-01 13:46:58;"Bicyclist Ride Out - Midblock -";313319;2008;"B: Evident Injury";"Commercial";"25-29";25;"No";"31-35 mph";"O: No Injury";"Black";"Male";"Pickup";"No";"No";"Daylight";"Urban (>70% Developed)";"7 lanes";2;"Straight - Level";"Local Street";"Dry";"Two-Way, Divided, Unprotected Median";"None";"Related To Intersection";"Smooth Asphalt";"Coastal";"Urban";"50 - 55  MPH";"Double Yellow Line, No Passing Zone";"Cloudy";"No";"0.0, 0.0"
"3683";817;818;"No";"16-19";16;"No";"Facing Traffic";"B: Evident Injury";"Bike Lane / Paved Shoulder";"Black";"Male";"Raleigh";"Wake";"Yes";NA;2008-08-25;"Head-On";1;"Non-Intersection";"01-08-01";1-01-01 01:43:58;"Head-On - Bicyclist";322250;2008;"B: Evident Injury";"Commercial";"30-39";34;"Yes";"56-60 mph";"O: No Injury";"Hispanic";"Male";"Pickup";"Yes";"No";"Dark - Lighted Roadway";"Urban (>70% Developed)";"1 lane";2;"Straight - Level";"Local Street";"Dry";"Two-Way, Not Divided";"None";"No Special Feature";"Coarse Asphalt";"Piedmont";"Urban";"30 - 35  MPH";"No Control Present";"Clear";"No";"0.0, 0.0"
"3684";822;823;"Yes";"15-Nov";13;"No";"Facing Traffic";"A: Disabling Injury";"Travel Lane";"Black";"Male";"Durham";"Durham";"No";"01-01-07";2008-11-02;"Crossing Paths - Other Circumstances";14;"Intersection";"01-11-01";1-01-01 14:57:58;"Sign-Controlled Intersection - Other /";112148;2008;"A: Disabling Injury";"Residential";NA;NA;"No";"31-35 mph";"Injury";"/Missing";NA;"Passenger Car";"Yes";"Yes";"Daylight";"Urban (>70% Developed)";"2 lanes";2;"Straight - Grade";"Local Street";"Dry";"Two-Way, Not Divided";"None";"Four-Way Intersection";"Smooth Asphalt";"Piedmont";"Urban";"20 - 25  MPH";"Stop Sign";"Clear";"No";"0.0, 0.0"
"3685";829;830;"Yes";"40-49";45;"No";"With Traffic";"C: Possible Injury";"Travel Lane";"White";"Male";"None - Rural Crash";"Hoke";"No";NA;2008-10-13;"Crossing Paths - Other Circumstances";13;"Intersection";"01-10-01";1-01-01 13:35:58;"Signalized Intersection - Other /";111158;2008;"C: Possible Injury";"Commercial";"50-59";53;"No";"11-15 mph";"O: No Injury";"White";"Female";"Passenger Car";"No";"No";"Daylight";"Mixed (30% To 70% Developed)";"4 lanes";2;"Straight - Level";"US Route";"Dry";"Two-Way, Divided, Unprotected Median";"None";"Four-Way Intersection";"Smooth Asphalt";"Coastal";"Rural";"50 - 55  MPH";"Stop And Go Signal";"Clear";"No";"0.0, 0.0"
"3686";832;833;"No";"50-59";57;"No";"Facing Traffic";"C: Possible Injury";"Travel Lane";"White";"Male";"Jacksonville";"Onslow";"No";"01-01-07";2008-10-26;"Motorist Left Turn / Merge";12;"Intersection";"01-10-01";1-01-01 12:40:58;"Motorist Left Turn - Same Direction";112211;2008;"C: Possible Injury";"Residential";"30-39";35;"No";"21-25 mph";"O: No Injury";"White";"Male";"Pickup";"No";"No";"Daylight";"Urban (>70% Developed)";"2 lanes";2;"Straight - Level";"Local Street";"Dry";"Two-Way, Not Divided";"None";"Four-Way Intersection";"Smooth Asphalt";"Coastal";"Urban";"20 - 25  MPH";"Stop Sign";"Clear";"No";"0.0, 0.0"
"3687";837;838;"Yes";"40-49";41;"Yes";"With Traffic";"C: Possible Injury";"Travel Lane";"Black";"Male";"None - Rural Crash";"Nash";"Yes";"01-01-04";2008-10-23;"Motorist Failed to Yield - Midblock";20;"Non-Intersection";"01-10-01";1-01-01 20:29:58;"Motorist Drive Out - Residential Driveway";311321;2008;"C: Possible Injury";"Residential";"0-19";19;"No";"0-5 mph";"O: No Injury";"White";"Female";"Passenger Car";"No";"No";"Dark - Roadway Not Lighted";"Rural (<30% Developed)";"2 lanes";2;"Straight - Level";"State Secondary Route";"Dry";"Two-Way, Not Divided";"None";"Driveway, Private";"Coarse Asphalt";"Coastal";"Rural";"40 - 45  MPH";"Missing";"Clear";"No";"0.0, 0.0"
"3688";838;839;"Yes";"15-Nov";15;"No";"With Traffic";"B: Evident Injury";"Bike Lane / Paved Shoulder";"White";"Male";"Alliance";"Pamlico";"No";"01-01-06";2008-10-25;"Parallel Paths - Other Circumstances";20;"Non-Intersection";"01-10-01";1-01-01 20:49:58;"Bicyclist Ride Out - Parallel Path";321225;2008;"B: Evident Injury";"Commercial";"25-29";27;"No";"41-45 mph";"O: No Injury";"Black";"Male";"Passenger Car";"No";"No";"Daylight";"Mixed (30% To 70% Developed)";"2 lanes";2;"Straight - Level";"NC Route";"Dry";"Two-Way, Not Divided";"None";"No Special Feature";"Smooth Asphalt";"Coastal";"Rural";"40 - 45  MPH";"Missing";"Cloudy";"Yes";"0.0, 0.0"
"3689";842;843;"Yes";"60-69";68;"No";"With Traffic";"C: Possible Injury";"Travel Lane";"White";"Male";"None - Rural Crash";"Carteret";"No";"01-01-04";2008-11-06;"Motorist Overtaking Bicyclist";18;"Intersection";"01-11-01";1-01-01 18:54:58;"Motorist Overtaking - Misjudged Space";111232;2008;"C: Possible Injury";"Residential";NA;NA;"Missing";"26-30 mph";"Injury";"/Missing";NA;"Van";"No";"Yes";"Daylight";"Mixed (30% To 70% Developed)";"2 lanes";2;"Straight - Level";"State Secondary Route";"Dry";"Two-Way, Not Divided";"None";"T-Intersection";"Coarse Asphalt";"Coastal";"Rural";"40 - 45  MPH";"Stop Sign";"Clear";"No";"0.0, 0.0"
"3690";850;851;"Yes";"50-59";51;"Yes";"With Traffic";"C: Possible Injury";"Travel Lane";"Black";"Male";"Lumberton";"Robeson";"Yes";"01-01-07";2008-10-26;"Motorist Overtaking Bicyclist";19;"Non-Intersection";"01-10-01";1-01-01 19:00:58;"Motorist Overtaking - Undetected Bicyclist";311231;2008;"C: Possible Injury";"Farms, Woods, Pastures";"50-59";54;"No";"36-40 mph";"O: No Injury";"Black";"Male";"Passenger Car";"No";"No";"Dark -  Lighting";"Urban (>70% Developed)";"2 lanes";2;"Straight - Level";"Local Street";"Dry";"Two-Way, Divided, Unprotected Median";"None";"No Special Feature";"Smooth Asphalt";"Coastal";"Urban";"40 - 45  MPH";"No Control Present";"Clear";"No";"0.0, 0.0"
"3691";853;854;"No";"20-24";20;"No";"Facing Traffic";"C: Possible Injury";"Sidewalk / Crosswalk / Driveway Crossing";"White";"Male";"Mount Airy";"Surry";"No";NA;2008-10-27;"Motorist Right Turn / Merge";11;"Non-Intersection";"01-10-01";1-01-01 11:39:58;"Motorist Right Turn - Opposite Direction";332214;2008;"C: Possible Injury";"Commercial";"60-69";60;"No";"0-5 mph";"O: No Injury";"White";"Male";"Pickup";"No";"No";"Daylight";"Urban (>70% Developed)";"2 lanes";2;"Straight - Grade";"NC Route";"Dry";"Two-Way, Not Divided";"None";"Driveway, Public";"Smooth Asphalt";"Mountains";"Urban";"30 - 35  MPH";"Missing";"Clear";"No";"0.0, 0.0"
"3692";869;870;"Yes";"30-39";31;"No";"Facing Traffic";"C: Possible Injury";"Travel Lane";"White";"Male";"Havelock";"Craven";"No";"01-01-05";2008-10-17;"Motorist Failed to Yield - Midblock";13;"Non-Intersection";"01-10-01";1-01-01 13:35:58;"Motorist Drive Out - Commercial Driveway / Alley";312322;2008;"C: Possible Injury";"Commercial";"20-24";24;"No";"0-5 mph";"O: No Injury";"White";"Female";"Passenger Car";"No";"No";"Daylight";"Urban (>70% Developed)";"4 lanes";2;"Straight - Level";"US Route";"Dry";"Two-Way, Divided, Unprotected Median";"None";"Driveway, Public";"Smooth Asphalt";"Coastal";"Urban";"40 - 45  MPH";"No Control Present";"Clear";"No";"0.0, 0.0"
"3693";870;871;"Yes";"70+";NA;"No";"With Traffic";"B: Evident Injury";"Travel Lane";"White";"Male";"None - Rural Crash";"Chatham";"No";"01-01-07";2008-11-02;"Motorist Overtaking Bicyclist";10;"Non-Intersection";"01-11-01";1-01-01 10:42:58;"Motorist Overtaking - Misjudged Space";311232;2008;"B: Evident Injury";"Farms, Woods, Pastures";"50-59";53;"No";"41-45 mph";"O: No Injury";"White";"Male";"Passenger Car";"No";"No";"Daylight";"Rural (<30% Developed)";"2 lanes";3;"Straight - Level";"State Secondary Route";"Dry";"Two-Way, Not Divided";"None";"No Special Feature";"Coarse Asphalt";"Piedmont";"Rural";"50 - 55  MPH";"No Control Present";"Clear";"No";"0.0, 0.0"
"3694";873;874;"Yes";"60-69";65;"No";"With Traffic";"C: Possible Injury";"Travel Lane";"Black";"Male";"Enfield";"Halifax";"No";"01-01-05";2008-11-07;"Motorist Overtaking Bicyclist";19;"Non-Intersection";"01-11-01";1-01-01 19:00:58;"Motorist Overtaking - Bicyclist Swerved";311235;2008;"C: Possible Injury";"Residential";"50-59";57;"No";NA;"O: No Injury";"Black";"Male";"Pedalcycle";"No";"No";"Dark - Lighted Roadway";"Mixed (30% To 70% Developed)";"2 lanes";2;"Straight - Level";"Local Street";"Dry";"Two-Way, Not Divided";"None";"No Special Feature";"Smooth Asphalt";"Coastal";"Rural";NA;"No Control Present";"Clear";"No";"0.0, 0.0"
"3695";886;887;"Yes";"0-5";1;"No";"With Traffic";"B: Evident Injury";"Travel Lane";"White";"Male";"Emerald Isle";"Carteret";"No";"01-01-03";2008-10-08;"Motorist Left Turn / Merge";6;"Intersection";"01-10-01";1-01-01 06:55:58;"Motorist Left Turn - Opposite Direction";111212;2008;"B: Evident Injury";"Residential";"70+";NA;"No";"0-5 mph";"O: No Injury";"White";"Male";"Passenger Car";"No";"No";"Daylight";"Urban (>70% Developed)";"4 lanes";2;"Straight - Hillcrest";"Local Street";"Dry";"Two-Way, Not Divided";"None";"T-Intersection";"Coarse Asphalt";"Coastal";"Rural";"20 - 25  MPH";"No Control Present";"Clear";"No";"0.0, 0.0"
"3696";891;892;"No";"40-49";44;"No";"With Traffic";"B: Evident Injury";"Travel Lane";"White";"Female";"Concord";"Cabarrus";"No";"01-01-07";2008-11-09;"Motorist Failed to Yield - Sign-Controlled Intersection";8;"Intersection";"01-11-01";1-01-01 08:38:58;"Motorist Drive Through - Sign-Controlled Intersection";111143;2008;"B: Evident Injury";"Residential";"70+";NA;"No";"0-5 mph";"O: No Injury";"Black";"Female";"Passenger Car";"No";"No";"Daylight";"Urban (>70% Developed)";"2 lanes";2;"Straight - Level";"Local Street";"Dry";"Two-Way, Not Divided";"None";"Four-Way Intersection";"Coarse Asphalt";"Piedmont";"Urban";"30 - 35  MPH";"Stop Sign";"Clear";"No";"0.0, 0.0"
"3697";896;897;"Yes";"30-39";30;"No";"With Traffic";"B: Evident Injury";"Travel Lane";"White";"Male";"Raleigh";"Wake";"No";"01-01-06";2008-09-20;"Motorist Overtaking Bicyclist";6;"Non-Intersection";"01-09-01";1-01-01 06:56:58;"Motorist Overtaking - Other /";311239;2008;"B: Evident Injury";"Commercial";"40-49";42;"No";"41-45 mph";"O: No Injury";"Black";"Male";"Passenger Car";"No";"No";"Dark - Roadway Not Lighted";"Urban (>70% Developed)";"6 lanes";2;"Straight - Level";"Local Street";"Dry";"Two-Way, Divided, Unprotected Median";"None";"No Special Feature";"Coarse Asphalt";"Piedmont";"Urban";"40 - 45  MPH";"No Control Present";"Cloudy";"No";"0.0, 0.0"
"3698";902;903;"Yes";"30-39";38;"No";"With Traffic";"C: Possible Injury";"Travel Lane";"White";"Male";"Durham";"Durham";"No";"01-01-05";2008-11-14;"Motorist Failed to Yield - Sign-Controlled Intersection";19;"Intersection";"01-11-01";1-01-01 19:39:58;"Motorist Drive Through - Sign-Controlled Intersection";111143;2008;"C: Possible Injury";"Commercial";"40-49";48;"No";"16-20 mph";"O: No Injury";"White";"Male";"Passenger Car";"No";"No";"Dark - Lighted Roadway";"Urban (>70% Developed)";"4 lanes";2;"Straight - Grade";"Local Street";"Wet";"Two-Way, Not Divided";"None";"No Special Feature";"Smooth Asphalt";"Piedmont";"Urban";"30 - 35  MPH";"No Control Present";"Cloudy";"No";"0.0, 0.0"
"3699";914;915;"No";"15-Nov";13;"No";NA;"C: Possible Injury";NA;"White";"Male";"None - Rural Crash";"Onslow";"No";"01-01-07";2008-11-16;"Parallel Paths - Other Circumstances";15;"Non-Intersection";"01-11-01";1-01-01 15:29:58;"Parallel Paths - Other /";399280;2008;"C: Possible Injury";"Farms, Woods, Pastures";NA;NA;"Missing";"41-45 mph";"Injury";"/Missing";NA;NA;"No";"Yes";"Daylight";"Rural (<30% Developed)";"2 lanes";2;"Straight - Level";"State Secondary Route";"Dry";"Two-Way, Not Divided";"None";"No Special Feature";"Coarse Asphalt";"Coastal";"Rural";"40 - 45  MPH";"No Control Present";"Clear";"No";"0.0, 0.0"
"3700";933;934;"No";"40-49";41;"Yes";"With Traffic";"B: Evident Injury";"Travel Lane";"Black";"Male";"None - Rural Crash";"Johnston";"Yes";"01-01-03";2008-12-03;"Motorist Overtaking Bicyclist";18;"Non-Intersection";"01-12-01";1-01-01 18:17:58;"Motorist Overtaking - Undetected Bicyclist";311231;2008;"B: Evident Injury";"Farms, Woods, Pastures";"0-19";19;"No";"51-55 mph";"O: No Injury";"Black";"Female";"Passenger Car";"No";"No";"Dark - Roadway Not Lighted";"Rural (<30% Developed)";"2 lanes";2;"Straight - Grade";"State Secondary Route";"Dry";"Two-Way, Not Divided";"None";"No Special Feature";"Smooth Asphalt";"Coastal";"Rural";"50 - 55  MPH";"Double Yellow Line, No Passing Zone";"Clear";"No";"0.0, 0.0"
"3701";344;345;"Yes";"16-19";16;"No";"With Traffic";"A: Disabling Injury";"Bike Lane / Paved Shoulder";"Black";"Male";"None - Rural Crash";"Sampson";"No";"01-01-04";2009-06-11;"Bicyclist Left Turn / Merge";4;"Non-Intersection";"01-06-01";1-01-01 04:19:58;"Bicyclist Left Turn - Same Direction";321221;2009;"A: Disabling Injury";"Farms, Woods, Pastures";"20-24";24;"No";"51-55 mph";"C: Possible Injury";"Black";"Female";"Passenger Car";"No";"No";"Dark - Roadway Not Lighted";"Rural (<30% Developed)";"2 lanes";2;"Straight - Hillcrest";"NC Route";"Dry";"Two-Way, Not Divided";"None";"No Special Feature";"Coarse Asphalt";"Coastal";"Rural";"50 - 55  MPH";"Double Yellow Line, No Passing Zone";"Clear";"No";"34.974606, -78.425835"
"3702";346;347;"Yes";"10-Jun";10;"No";"With Traffic";"O: No Injury";"Travel Lane";"Other";"Male";"None - Rural Crash";"Perquimans";"No";"01-01-04";2009-07-16;"Motorist Overtaking Bicyclist";16;"Non-Intersection";"01-07-01";1-01-01 16:39:58;"Motorist Overtaking - Bicyclist Swerved";311235;2009;"O: No Injury";"Farms, Woods, Pastures";"0-19";17;"No";"51-55 mph";"O: No Injury";"White";"Male";"Sport Utility";"No";"No";"Daylight";"Rural (<30% Developed)";"2 lanes";2;"Straight - Level";"State Secondary Route";"Dry";"Two-Way, Not Divided";"None";"No Special Feature";"Smooth Asphalt";"Coastal";"Rural";"50 - 55  MPH";"Double Yellow Line, No Passing Zone";"Clear";"No";"36.15978, -76.44703"
"3703";348;349;"Yes";"25-29";26;"No";"With Traffic";"B: Evident Injury";"Travel Lane";"White";"Male";"Cary";"Wake";"No";"01-01-06";2009-07-18;"Motorist Right Turn / Merge";16;"Non-Intersection";"01-07-01";1-01-01 16:52:58;"Motorist Right Turn - Same Direction";311213;2009;"B: Evident Injury";"Residential";"30-39";39;"No";"0-5 mph";"O: No Injury";"White";"Male";"Sport Utility";"No";"No";"Daylight";"Urban (>70% Developed)";"2 lanes";2;"Straight - Level";"Local Street";"Dry";"One-Way, Not Divided";"None";"No Special Feature";"Coarse Asphalt";"Piedmont";"Urban";"30 - 35  MPH";"No Control Present";"Clear";"No";"35.760292, -78.76446"
"3704";352;353;"No";"15-Nov";13;"No";"With Traffic";"C: Possible Injury";"Sidewalk / Crosswalk / Driveway Crossing";"Black";"Male";"Rocky Mount";"Nash";"No";"01-01-07";2009-06-07;"Motorist Overtaking Bicyclist";16;"Intersection";"01-06-01";1-01-01 16:51:58;"Motorist Overtaking - Other /";131239;2009;"C: Possible Injury";"Residential";"25-29";27;"No";"16-20 mph";"O: No Injury";"White";"Female";"Sport Utility";"No";"No";"Daylight";"Urban (>70% Developed)";"4 lanes";2;"Straight - Level";"Local Street";"Dry";"Two-Way, Not Divided";"None";"Four-Way Intersection";"Smooth Asphalt";"Coastal";"Urban";"30 - 35  MPH";"Stop Sign";"Clear";"No";"35.92668, -77.804886"
"3705";362;363;"Yes";"20-24";21;"No";"With Traffic";"B: Evident Injury";"Travel Lane";"White";"Female";"Asheville";"Buncombe";"No";"01-01-02";2009-06-23;"Motorist Overtaking Bicyclist";16;"Non-Intersection";"01-06-01";1-01-01 16:37:58;"Motorist Overtaking - Undetected Bicyclist";311231;2009;"B: Evident Injury";"Commercial";"70+";NA;"No";"26-30 mph";"O: No Injury";"Black";"Male";"Van";"No";"No";"Daylight";"Urban (>70% Developed)";"2 lanes";2;"Straight - Level";"Local Street";"Dry";"Two-Way, Not Divided";"None";"No Special Feature";"Coarse Asphalt";"Mountains";"Urban";"30 - 35  MPH";"Double Yellow Line, No Passing Zone";"Clear";"No";"35.57213, -82.53158"
"3706";370;371;"Yes";"40-49";46;"Yes";"With Traffic";"B: Evident Injury";"Travel Lane";"White";"Male";"None - Rural Crash";"Hyde";"Yes";"01-01-05";2009-07-03;"Motorist Overtaking Bicyclist";22;"Non-Intersection";"01-07-01";1-01-01 22:03:58;"Motorist Overtaking - Bicyclist Swerved";311235;2009;"B: Evident Injury";"Residential";"20-24";20;"No";"6-10 mph";"O: No Injury";"White";"Female";"Passenger Car";"No";"No";"Dark - Roadway Not Lighted";"Urban (>70% Developed)";"2 lanes";2;"Straight - Grade";"NC Route";"Dry";"Two-Way, Not Divided";"None";"No Special Feature";"Smooth Asphalt";"Coastal";"Rural";"20 - 25  MPH";"Double Yellow Line, No Passing Zone";"Clear";"No";"35.11549, -75.98196"
"3707";372;373;"Yes";"15-Nov";13;"No";"With Traffic";"C: Possible Injury";"Travel Lane";"Black";"Male";"Gastonia";"Gaston";"No";"01-01-06";2009-07-18;"Bicyclist Failed to Yield - Sign-Controlled Intersection";14;"Intersection";"01-07-01";1-01-01 14:47:58;"Bicyclist Ride Through - Sign-Controlled Intersection";111144;2009;"C: Possible Injury";"Residential";"50-59";51;"No";"21-25 mph";"O: No Injury";"White";"Female";"Passenger Car";"No";"No";"Daylight";"Urban (>70% Developed)";"2 lanes";3;"Straight - Grade";"Local Street";"Dry";"Two-Way, Not Divided";"None";"T-Intersection";"Smooth Asphalt";"Piedmont";"Urban";"30 - 35  MPH";"Stop Sign";"Clear";"No";"35.241116, -81.184944"
"3708";374;375;"Yes";"16-19";18;"No";"With Traffic";"C: Possible Injury";"Travel Lane";"White";"Male";"Rocky Mount";"Nash";"No";"01-01-03";2009-07-01;"Loss of Control / Turning Error";14;"Intersection";"01-07-01";1-01-01 14:26:58;"Bicyclist Turning Error - Other";111116;2009;"C: Possible Injury";"Residential";"40-49";40;"No";"31-35 mph";"O: No Injury";"Black";"Female";"Sport Utility";"No";"No";"Daylight";"Urban (>70% Developed)";"2 lanes";2;"Straight - Level";"Local Street";"Dry";"Two-Way, Not Divided";"None";"No Special Feature";"Coarse Asphalt";"Coastal";"Urban";"30 - 35  MPH";"Stop Sign";"Clear";"No";"35.95504, -77.836784"
"3709";379;380;"Yes";"10-Jun";7;"No";"With Traffic";"B: Evident Injury";"Bike Lane / Paved Shoulder";"White";"Male";"Jacksonville";"Onslow";"No";NA;2009-07-13;"Crossing Paths - Other Circumstances";17;"Non-Intersection";"01-07-01";1-01-01 17:06:58;"Crossing Paths - Midblock - Other /";321380;2009;"B: Evident Injury";"Residential";"30-39";33;"No";"0-5 mph";"O: No Injury";"White";"Female";"Sport Utility";"No";"No";"Daylight";"Urban (>70% Developed)";NA;2;"Straight - Level";"Private Road, Driveway";"Wet";NA;"None";"Driveway, Private";"Smooth Asphalt";"Coastal";"Urban";"5 - 15 MPH";"No Control Present";"Rain";"No";"34.78792, -77.39231"
"3710";384;385;"Yes";"25-29";28;"No";"Facing Traffic";"C: Possible Injury";"Travel Lane";"White";"Male";"None - Rural Crash";"Cumberland";"No";"01-01-07";2009-08-02;"Motorist Overtaking Bicyclist";3;"Non-Intersection";"01-08-01";1-01-01 03:29:58;"Motorist Overtaking - Bicyclist Swerved";312235;2009;"C: Possible Injury";"Farms, Woods, Pastures";"30-39";30;"No";"41-45 mph";"O: No Injury";"White";"Male";"Sport Utility";"No";"No";"Dark - Roadway Not Lighted";"Mixed (30% To 70% Developed)";"2 lanes";2;"Curve - Level";"State Secondary Route";"Dry";"Two-Way, Not Divided";"None";"No Special Feature";"Coarse Asphalt";"Coastal";"Rural";"40 - 45  MPH";"Double Yellow Line, No Passing Zone";"Cloudy";"No";"34.98189, -78.97354"
"3711";390;391;"No";"40-49";44;"No";"With Traffic";"C: Possible Injury";"Travel Lane";"White";"Male";"Cary";"Wake";"No";NA;2009-08-03;"Motorist Right Turn / Merge";14;"Intersection";"01-08-01";1-01-01 14:11:58;"Motorist Right Turn - Same Direction";111213;2009;"C: Possible Injury";"Farms, Woods, Pastures";"30-39";32;"No";"31-35 mph";"O: No Injury";"White";"Female";"Light Truck (Mini-Van, Panel)";"No";"No";"Daylight";"Rural (<30% Developed)";"2 lanes";2;"Straight - Level";"State Secondary Route";"Dry";"Two-Way, Not Divided";"None";"Four-Way Intersection";"Smooth Asphalt";"Piedmont";"Urban";"30 - 35  MPH";"Stop And Go Signal";"Clear";"No";"35.82451, -78.86404"