"FID";"OBJECTID";"AmbulanceR";"BikeAge_Gr";"Bike_Age";"Bike_Alc_D";"Bike_Dir";"Bike_Injur";"Bike_Pos";"Bike_Race";"Bike_Sex";"City";"County";"CrashAlcoh";"CrashDay";"Crash_Date";"Crash_Grp";"Crash_Hour";"Crash_Loc";"Crash_Mont";"Crash_Time";"Crash_Type";"Crash_Ty_1";"Crash_Year";"Crsh_Sevri";"Developmen";"DrvrAge_Gr";"Drvr_Age";"Drvr_Alc_D";"Drvr_EstSp";"Drvr_Injur";"Drvr_Race";"Drvr_Sex";"Drvr_VehTy";"ExcsSpdInd";"Hit_Run";"Light_Cond";"Locality";"Num_Lanes";"Num_Units";"Rd_Charact";"Rd_Class";"Rd_Conditi";"Rd_Config";"Rd_Defects";"Rd_Feature";"Rd_Surface";"Region";"Rural_Urba";"Speed_Limi";"Traff_Cntr";"Weather";"Workzone_I";"Location"
"3787";501;502;"No";"15-Nov";15;"No";NA;"C: Possible Injury";NA;"/Missing";"Male";"Charlotte";"Mecklenburg";"No";"01-01-04";2012-07-19;"Bicyclist Failed to Yield - Midblock";14;"Non-Intersection";"01-07-01";1-01-01 14:33:58;"Bicyclist Ride Out - Other Midblock";NA;2012;"C: Possible Injury";"Commercial";NA;NA;"Missing";"41-45 mph";"Injury";"/Missing";NA;"Pickup";"No";"Yes";"Daylight";"Urban (>70% Developed)";"4 lanes";2;"Straight - Level";"Local Street";"Dry";"Two-Way, Not Divided";"None";"No Special Feature";"Smooth Asphalt";"Piedmont";"Urban";"40 - 45  MPH";"No Control Present";"Clear";"No";"35.22796, -80.7268"
"3788";508;509;"Yes";"16-19";16;"No";"Facing Traffic";"B: Evident Injury";"Travel Lane";"White";"Male";"Jacksonville";"Onslow";"No";"01-01-07";2012-07-01;"Bicyclist Failed to Yield - Signalized Intersection";15;"Intersection";"01-07-01";1-01-01 15:53:58;"Bicyclist Ride Out - Signalized  Intersection";NA;2012;"B: Evident Injury";"Commercial";"40-49";48;"No";"16-20 mph";"O: No Injury";"Black";"Male";"Pickup";"No";"No";"Daylight";"Urban (>70% Developed)";"5 lanes";2;"Straight - Level";"Local Street";"Dry";"Two-Way, Not Divided";"None";"Four-Way Intersection";"Smooth Asphalt";"Coastal";"Urban";"40 - 45  MPH";"Stop And Go Signal";"Clear";"No";"34.79647, -77.4378"
"3789";511;512;"Yes";"50-59";50;"No";"Facing Traffic";"C: Possible Injury";"Travel Lane";"White";"Male";"Salisbury";"Rowan";"No";"01-01-07";2012-07-29;"Motorist Failed to Yield - Sign-Controlled Intersection";12;"Intersection";"01-07-01";1-01-01 12:43:58;"Motorist Drive Out - Sign-Controlled Intersection";NA;2012;"C: Possible Injury";"Commercial";"40-49";48;"No";"0-5 mph";"O: No Injury";"White";"Male";"Van";"No";"No";"Daylight";"Urban (>70% Developed)";"2 lanes";2;"Straight - Level";"Public Vehicular Area";"Dry";"Two-Way, Not Divided";"None";"Driveway, Public";"Smooth Asphalt";"Piedmont";"Urban";"30 - 35  MPH";"No Control Present";"Clear";"No";"35.6589, -80.461"
"3790";525;526;"Yes";"40-49";41;"No";"With Traffic";"B: Evident Injury";"Travel Lane";"White";"Male";"Winston-Salem";"Forsyth";"No";"01-01-05";2012-07-27;"Motorist Left Turn / Merge";9;"Intersection";"01-07-01";1-01-01 09:43:58;"Motorist Left Turn - Opposite Direction";NA;2012;"B: Evident Injury";"Commercial";"70";70;"No";NA;"O: No Injury";"White";"Female";"Passenger Car";"No";"No";"Daylight";"Urban (>70% Developed)";"5 lanes";2;"Straight - Grade";"Local Street";"Dry";"Two-Way, Not Divided";"None";"T-Intersection";"Smooth Asphalt";"Piedmont";"Urban";"50 - 55  MPH";"No Control Present";"Cloudy";"No";"36.03285, -80.3371"
"3791";527;528;"Yes";"40-49";44;"No";"With Traffic";"B: Evident Injury";"Travel Lane";"White";"Female";"Stanfield";"Stanly";"No";"01-01-04";2012-07-26;"Bicyclist Left Turn / Merge";3;"Intersection";"01-07-01";1-01-01 03:03:58;"Bicyclist Left Turn - Same Direction";NA;2012;"B: Evident Injury";"Commercial";NA;NA;"Missing";"36-40 mph";"Injury";"/Missing";NA;NA;"No";"Yes";"Daylight";"Mixed (30% To 70% Developed)";"2 lanes";2;"Straight - Hillcrest";"State Secondary Route";"Dry";"Two-Way, Not Divided";"None";"T-Intersection";"Smooth Asphalt";"Piedmont";"Rural";"40 - 45  MPH";"Stop Sign";"Clear";"No";"35.23404, -80.4505"
"3792";530;531;"No";"30-39";36;"No";"With Traffic";"C: Possible Injury";"Travel Lane";"White";"Female";"None - Rural Crash";"Bladen";"No";"01-01-05";2012-08-03;"Loss of Control / Turning Error";21;"Intersection";"01-08-01";1-01-01 21:17:58;"Motorist Turning Error - Left Turn";NA;2012;"C: Possible Injury";"Farms, Woods, Pastures";"0-19";17;"No";"21-25 mph";"O: No Injury";"White";"Male";"Passenger Car";"No";"No";"Dark - Roadway Not Lighted";"Rural (<30% Developed)";"2 lanes";2;"Straight - Level";"State Secondary Route";"Dry";"Two-Way, Not Divided";"None";"T-Intersection";"Smooth Asphalt";"Coastal";"Rural";"50 - 55  MPH";"Stop Sign";"Clear";"No";"34.64101, -78.7926"
"3793";533;534;"Yes";"40-49";40;"No";"With Traffic";"C: Possible Injury";"Travel Lane";"White";"Male";"Garner";"Wake";"No";"01-01-02";2012-05-01;"Motorist Right Turn / Merge";8;"Non-Intersection";"01-05-01";1-01-01 08:51:58;"Motorist Right Turn - Same Direction";NA;2012;"C: Possible Injury";"Residential";"50-59";55;"No";"6-10 mph";"O: No Injury";"White";"Female";"Passenger Car";"No";"No";"Daylight";"Urban (>70% Developed)";"2 lanes";2;"Straight - Level";"Local Street";"Dry";"Two-Way, Not Divided";"None";"No Special Feature";"Smooth Asphalt";"Piedmont";"Urban";"30 - 35  MPH";"No Control Present";"Cloudy";"No";"35.71675, -78.6238"
"3794";549;550;"Yes";"20-24";23;"No";"Facing Traffic";"C: Possible Injury";"Sidewalk / Crosswalk / Driveway Crossing";"White";"Male";"Greenville";"Pitt";"No";"01-01-05";2012-08-10;"Motorist Failed to Yield - Midblock";16;"Non-Intersection";"01-08-01";1-01-01 16:03:58;"Motorist Drive Out - Commercial Driveway / Alley";NA;2012;"C: Possible Injury";"Commercial";"25-29";27;"No";"0-5 mph";"O: No Injury";"White";"Male";"Passenger Car";"No";"No";"Daylight";"Urban (>70% Developed)";NA;2;"Straight - Level";"Public Vehicular Area";"Dry";"Two-Way, Not Divided";"None";"Driveway, Public";"Smooth Asphalt";"Coastal";"Urban";"5 - 15 MPH";"No Control Present";"Cloudy";"No";"35.5912, -77.3787"
"3795";552;553;"Yes";"40-49";46;"No";"Not Applicable";"K: Killed";"Non-Roadway";"White";"Male";"None - Rural Crash";"Onslow";"No";"01-01-04";2012-08-09;"Bicyclist Failed to Yield - Midblock";18;"Non-Intersection";"01-08-01";1-01-01 18:28:58;"Bicyclist Ride Out - Commercial Driveway / Alley";NA;2012;"K: Killed";"Commercial";"30-39";39;"No";"31-35 mph";"O: No Injury";"White";"Female";"Pickup";"No";"No";"Daylight";"Urban (>70% Developed)";"3 lanes";2;"Straight - Level";"State Secondary Route";"Dry";"Two-Way, Not Divided";"None";"Driveway, Public";"Smooth Asphalt";"Coastal";"Rural";"40 - 45  MPH";"Stop Sign";"Clear";"No";"34.71831, -77.3203"
"3796";559;560;"Yes";"50-59";52;"No";"With Traffic";"B: Evident Injury";"Travel Lane";"White";"Male";"None - Rural Crash";"Iredell";"No";NA;2012-08-13;"Motorist Overtaking Bicyclist";12;"Non-Intersection";"01-08-01";1-01-01 12:23:58;"Motorist Overtaking - Other /";NA;2012;"B: Evident Injury";"Residential";"20-24";23;"No";"31-35 mph";"O: No Injury";"White";"Male";"Pickup";"No";"No";"Daylight";"Urban (>70% Developed)";"2 lanes";2;"Straight - Level";"State Secondary Route";"Dry";"Two-Way, Not Divided";"None";"No Special Feature";"Smooth Asphalt";"Piedmont";"Rural";"40 - 45  MPH";"No Control Present";"Clear";"No";"35.55584, -80.9231"
"3797";562;563;"Yes";"50-59";56;"No";"With Traffic";"B: Evident Injury";"Travel Lane";"White";"Male";"Winston-Salem";"Forsyth";"No";"01-01-06";2012-07-28;"Motorist Left Turn / Merge";7;"Intersection";"01-07-01";1-01-01 07:19:58;"Motorist Left Turn - Opposite Direction";NA;2012;"B: Evident Injury";"Residential";"60-69";64;"No";"11-15 mph";"O: No Injury";"Black";"Male";"Sport Utility";"No";"No";"Daylight";"Mixed (30% To 70% Developed)";"2 lanes";2;"Straight - Level";"Local Street";"Dry";"Two-Way, Divided, Unprotected Median";"None";"T-Intersection";"Smooth Asphalt";"Piedmont";"Urban";"40 - 45  MPH";"Stop And Go Signal";"Clear";"No";"36.1231, -80.3314"
"3798";565;566;"No";"10-Jun";9;"No";"Not Applicable";"O: No Injury";"Non-Roadway";"White";"Female";"None - Rural Crash";"Onslow";"No";NA;2012-08-13;"Non-Roadway";22;"Non-Roadway";"01-08-01";1-01-01 22:48:58;"Non-Roadway";NA;2012;"O: No Injury";"Commercial";NA;NA;"Missing";"0-5 mph";"Injury";"/Missing";NA;"Passenger Car";"No";"No";"Daylight";"Urban (>70% Developed)";NA;2;"Straight - Level";"Public Vehicular Area";"Dry";"Two-Way, Not Divided";"None";"Driveway, Public";"Smooth Asphalt";"Coastal";"Rural";"5 - 15 MPH";"No Control Present";"Clear";"No";"34.67785, -77.2106"
"3799";566;567;"No";"25-29";25;"No";"Facing Traffic";"C: Possible Injury";"Sidewalk / Crosswalk / Driveway Crossing";"Black";"Male";"Havelock";"Craven";"No";"01-01-07";2012-07-01;"Motorist Failed to Yield - Midblock";13;"Non-Intersection";"01-07-01";1-01-01 13:34:58;"Motorist Drive Out - Commercial Driveway / Alley";NA;2012;"C: Possible Injury";"Commercial";"40-49";42;"No";"6-10 mph";"O: No Injury";"White";"Male";"Passenger Car";"No";"No";"Daylight";"Urban (>70% Developed)";"4 lanes";2;"Straight - Level";"US Route";"Dry";"Two-Way, Divided, Unprotected Median";"None";"Driveway, Public";"Smooth Asphalt";"Coastal";"Urban";NA;"No Control Present";"Clear";"No";"34.87639, -76.9037"
"3800";577;578;"No";NA;0;"No";"Facing Traffic";"O: No Injury";"Travel Lane";"Black";"Male";"Greenville";"Pitt";"No";NA;2012-07-16;"Motorist Failed to Yield - Sign-Controlled Intersection";22;"Intersection-Related";"01-07-01";1-01-01 21:59:58;"Motorist Drive Out - Sign-Controlled Intersection";NA;2012;"O: No Injury";"Institutional";"70";70;"No";"6-10 mph";"O: No Injury";"Asian";"Male";"Commercial Bus";"No";"No";"Dark - Roadway Not Lighted";"Urban (>70% Developed)";"2 lanes";2;"Straight - Level";"Local Street";"Dry";"Two-Way, Divided, Unprotected Median";"None";"T-Intersection";"Smooth Asphalt";"Coastal";"Urban";"40 - 45  MPH";"Stop Sign";"Clear";"No";"35.61147, -77.4147"
"3801";70;71;"Yes";"25-29";28;"No";"With Traffic";"B: Evident Injury";"Travel Lane";"White";"Male";"Chapel Hill";"Orange";"No";"01-01-05";2010-03-05;"Motorist Left Turn / Merge";18;"Intersection";"01-03-01";1-01-01 18:31:58;"Motorist Left Turn - Opposite Direction";0;2010;"B: Evident Injury";"Residential";"25-29";26;"No";"16-20 mph";"O: No Injury";"Black";"Female";"Passenger Car";"No";"No";"Daylight";"Urban (>70% Developed)";"5 lanes";2;"Curve - Grade";"Local Street";"Dry";"Two-Way, Not Divided";"None";"Four-Way Intersection";"Smooth Asphalt";"Piedmont";"Urban";"30 - 35  MPH";"Yield Sign";"Clear";"No";"35.915253, -79.0568"
"3802";72;73;"No";"30-39";34;"No";"With Traffic";"C: Possible Injury";"Travel Lane";"White";"Female";"Cary";"Wake";"No";"01-01-04";2010-03-18;"Motorist Failed to Yield - Midblock";21;"Non-Intersection";"01-03-01";1-01-01 21:40:58;"Motorist Drive Out - Commercial Driveway / Alley";0;2010;"C: Possible Injury";"Commercial";NA;NA;"Missing";"0-5 mph";"Injury";"/Missing";NA;"Passenger Car";"No";"Yes";"Dark - Lighted Roadway";"Urban (>70% Developed)";"2 lanes";2;"Straight - Level";"State Secondary Route";"Dry";"Two-Way, Not Divided";"None";"No Special Feature";"Smooth Asphalt";"Piedmont";"Urban";"40 - 45  MPH";"No Control Present";"Clear";"No";"35.791103, -78.757805"
"3803";80;81;"Yes";"16-19";19;"No";"With Traffic";"C: Possible Injury";"Travel Lane";"Black";"Male";"Charlotte";"Mecklenburg";"No";"01-01-03";2010-03-03;"Motorist Failed to Yield - Midblock";16;"Non-Intersection";"01-03-01";1-01-01 16:39:58;"Motorist Drive Out - Other Midblock";0;2010;"C: Possible Injury";"Commercial";NA;NA;"Missing";"6-10 mph";"Injury";"/Missing";NA;NA;"No";"Yes";"Daylight";"Urban (>70% Developed)";"4 lanes";2;"Straight - Level";"Local Street";"Dry";"Two-Way, Divided, Positive Median Barrier";"None";"No Special Feature";"Smooth Asphalt";"Piedmont";"Urban";"20 - 25  MPH";"No Control Present";"Clear";"No";"35.23094, -80.72944"
"3804";83;84;"Yes";"30-39";34;"No";"With Traffic";"K: Killed";"Travel Lane";"White";"Male";"Goldsboro";"Wayne";"No";"01-01-04";2010-03-04;"Motorist Overtaking Bicyclist";19;"Non-Intersection";"01-03-01";1-01-01 19:22:58;"Motorist Overtaking - Undetected Bicyclist";0;2010;"K: Killed";"Commercial";"70+";NA;"No";"31-35 mph";"O: No Injury";"Black";"Male";"Pickup";"No";"No";"Dark - Roadway Not Lighted";"Urban (>70% Developed)";"2 lanes";2;"Straight - Level";"Local Street";"Dry";"Two-Way, Not Divided";"None";"No Special Feature";"Smooth Asphalt";"Coastal";"Urban";"40 - 45  MPH";"No Control Present";"Clear";"No";"35.402683, -77.9716"
"3805";96;97;"Yes";"10-Jun";7;"No";"With Traffic";"B: Evident Injury";"Travel Lane";"Black";"Male";"None - Rural Crash";"Orange";"No";"01-01-02";2010-03-30;"Motorist Overtaking Bicyclist";17;"Non-Intersection";"01-03-01";1-01-01 17:16:58;"Motorist Overtaking - Misjudged Space";0;2010;"B: Evident Injury";"Residential";"30-39";35;"No";"41-45 mph";"O: No Injury";"Hispanic";"Female";"Pickup";"No";"No";"Daylight";"Rural (<30% Developed)";"2 lanes";2;"Straight - Grade";"State Secondary Route";"Dry";"Two-Way, Not Divided";"None";"No Special Feature";"Smooth Asphalt";"Piedmont";"Rural";"40 - 45  MPH";"Double Yellow Line, No Passing Zone";"Clear";"No";"36.04264, -79.028534"
"3806";101;102;"No";"20-24";20;"No";"With Traffic";"B: Evident Injury";"Travel Lane";"White";"Male";"Wesley Chapel";"Union";"No";"01-01-03";2010-03-31;"Motorist Left Turn / Merge";8;"Non-Intersection";"01-03-01";1-01-01 08:34:58;"Motorist Left Turn - Opposite Direction";0;2010;"B: Evident Injury";"Residential";"40-49";49;"No";"31-35 mph";"O: No Injury";"White";"Male";"Pickup";"No";"No";"Daylight";"Urban (>70% Developed)";"2 lanes";2;"Straight - Level";"Local Street";"Dry";"Two-Way, Not Divided";"None";"Driveway, Private";"Smooth Asphalt";"Piedmont";"Rural";"30 - 35  MPH";"No Control Present";"Clear";"No";"35.02784, -80.66355"
"3807";104;105;"Yes";"40-49";48;"No";"Not Applicable";"B: Evident Injury";"Non-Roadway";"/Missing";"Male";"Greensboro";"Guilford";"No";"01-01-03";2010-03-17;"Crossing Paths - Other Circumstances";7;"Intersection-Related";"01-03-01";1-01-01 07:54:58;"Crossing Paths - Uncontrolled Intersection";0;2010;"B: Evident Injury";"Commercial";"30-39";30;"No";"21-25 mph";"O: No Injury";"Black";"Male";"Pickup";"No";"No";"Daylight";"Urban (>70% Developed)";"5 lanes";2;"Straight - Level";"Local Street";"Dry";"Two-Way, Not Divided";"None";"No Special Feature";"Smooth Asphalt";"Piedmont";"Urban";"30 - 35  MPH";"No Control Present";"Clear";"No";"36.08458, -79.76042"
"3808";105;106;"Yes";"20-24";20;"No";"Facing Traffic";"B: Evident Injury";"Bike Lane / Paved Shoulder";"White";"Male";"None - Rural Crash";"Edgecombe";"No";"01-01-02";2010-03-30;"Bicyclist Right Turn / Merge";15;"Non-Intersection";"01-03-01";1-01-01 15:14:58;"Bicyclist Right Turn - Same Direction";0;2010;"B: Evident Injury";"Commercial";"40-49";44;"No";"16-20 mph";"O: No Injury";"Black";"Male";"Passenger Car";"No";"No";"Daylight";"Rural (<30% Developed)";"2 lanes";2;"Straight - Level";"State Secondary Route";"Dry";"Two-Way, Not Divided";"None";"Four-Way Intersection";"Coarse Asphalt";"Coastal";"Rural";"40 - 45  MPH";"No Control Present";"Clear";"No";"35.87946, -77.740814"
"3809";109;110;"Yes";"20-24";23;"No";"With Traffic";"B: Evident Injury";"Travel Lane";"White";"Male";"Boone";"Watauga";"No";"01-01-03";2010-03-31;"Motorist Left Turn / Merge";11;"Non-Intersection";"01-03-01";1-01-01 11:57:58;"Motorist Left Turn - Opposite Direction";0;2010;"B: Evident Injury";"Institutional";"50-59";52;"No";"0-5 mph";"O: No Injury";"White";"Male";"Light Truck (Mini-Van, Panel)";"No";"No";"Daylight";"Urban (>70% Developed)";"4 lanes";2;"Straight - Level";"Local Street";"Dry";"Two-Way, Not Divided";"None";"No Special Feature";"Smooth Asphalt";"Mountains";"Urban";"20 - 25  MPH";"No Control Present";"Clear";"No";"36.21712, -81.684814"
"3810";111;112;"Yes";"20-24";22;"No";"Not Applicable";"B: Evident Injury";"Non-Roadway";"White";"Male";"Lumberton";"Robeson";"No";"01-01-06";2010-03-13;"Non-Roadway";13;"Non-Roadway";"01-03-01";1-01-01 13:23:58;"Non-Roadway";0;2010;"B: Evident Injury";"Commercial";"25-29";28;"No";"0-5 mph";"O: No Injury";"White";"Male";"Light Truck (Mini-Van, Panel)";"No";"No";"Daylight";"Urban (>70% Developed)";NA;2;"Straight - Level";"Public Vehicular Area";"Dry";"Two-Way, Not Divided";"None";"No Special Feature";"Coarse Asphalt";"Coastal";"Urban";"30 - 35  MPH";"No Control Present";"Cloudy";"No";"34.63224, -79.00419"
"3811";117;118;"Yes";"10-Jun";6;"No";"With Traffic";"C: Possible Injury";"Bike Lane / Paved Shoulder";"Other";"Female";"Hope Mills";"Cumberland";"No";"01-01-07";2010-04-11;"Bicyclist Left Turn / Merge";14;"Non-Intersection";"01-04-01";1-01-01 14:56:58;"Bicyclist Left Turn - Same Direction";0;2010;"C: Possible Injury";"Residential";"50-59";52;"No";"31-35 mph";"C: Possible Injury";"Black";"Male";"Van";"No";"No";"Daylight";"Mixed (30% To 70% Developed)";"2 lanes";2;"Straight - Level";"State Secondary Route";"Dry";"Two-Way, Not Divided";"None";"No Special Feature";"Coarse Asphalt";"Coastal";"Urban";"40 - 45  MPH";"Double Yellow Line, No Passing Zone";"Clear";"No";"34.979275, -78.92527"
"3812";125;126;"No";NA;NA;"Missing";"With Traffic";"Injury";"Travel Lane";"/Missing";NA;"Greensboro";"Guilford";"No";NA;2010-03-15;"Motorist Left Turn / Merge";18;"Intersection";"01-03-01";1-01-01 18:36:58;"Motorist Left Turn - Opposite Direction";0;2010;"O: No Injury";"Residential";"20-24";21;"No";"0-5 mph";"O: No Injury";"Other";"Female";"Passenger Car";"No";"No";"Dawn";"Urban (>70% Developed)";"2 lanes";2;"Straight - Level";"Local Street";"Dry";"Two-Way, Not Divided";"None";"T-Intersection";"Smooth Asphalt";"Piedmont";"Urban";"30 - 35  MPH";"No Control Present";"Clear";"No";"36.06391, -79.82904"
"3813";126;127;"No";"30-39";30;"No";"With Traffic";"B: Evident Injury";"Travel Lane";"White";"Male";"None - Rural Crash";"Ashe";"No";"01-01-02";2010-04-13;"Motorist Left Turn / Merge";17;"Intersection";"01-04-01";1-01-01 17:44:58;"Motorist Left Turn - Opposite Direction";0;2010;"B: Evident Injury";"Farms, Woods, Pastures";"60-69";62;"No";"21-25 mph";"O: No Injury";"White";"Female";"Passenger Car";"No";"No";"Daylight";"Rural (<30% Developed)";"2 lanes";2;"Curve - Level";"NC Route";"Dry";"Two-Way, Not Divided";"None";"T-Intersection";"Smooth Asphalt";"Mountains";"Rural";"50 - 55  MPH";"Double Yellow Line, No Passing Zone";"Clear";"No";"36.33985, -81.540596"
"3814";127;128;"Yes";"16-19";19;"No";"Not Applicable";"C: Possible Injury";"Travel Lane";"Black";"Male";"Wilmington";"New Hanover";"No";"01-01-02";2010-03-30;"Crossing Paths - Other Circumstances";11;"Non-Intersection";"01-03-01";1-01-01 11:03:58;"Crossing Paths - Midblock - Other /";0;2010;"C: Possible Injury";"Commercial";NA;NA;"Missing";NA;"Injury";"/Missing";NA;NA;"No";"Yes";"Daylight";"Urban (>70% Developed)";"5 lanes";2;"Straight - Grade";"Local Street";"Dry";"One-Way, Not Divided";"None";"No Special Feature";"Smooth Asphalt";"Coastal";"Urban";"30 - 35  MPH";"No Control Present";"Clear";"No";"34.224365, -77.94321"
"3815";132;133;"Yes";"20-24";23;"No";"With Traffic";"A: Disabling Injury";"Bike Lane / Paved Shoulder";"White";"Male";"Jacksonville";"Onslow";"No";"01-01-02";2010-04-06;"Motorist Overtaking Bicyclist";6;"Non-Intersection";"01-04-01";1-01-01 06:34:58;"Motorist Overtaking - Undetected Bicyclist";0;2010;"A: Disabling Injury";"Commercial";"25-29";26;"No";"41-45 mph";"O: No Injury";"White";"Male";"Sport Utility";"No";"No";"Daylight";"Urban (>70% Developed)";"4 lanes";2;"Straight - Level";"Local Street";"Dry";"Two-Way, Divided, Unprotected Median";"None";"No Special Feature";"Coarse Asphalt";"Coastal";"Urban";"40 - 45  MPH";"No Control Present";"Clear";"No";"34.791374, -77.40635"
"3816";136;137;"No";"10-Jun";6;"No";"With Traffic";"O: No Injury";"Travel Lane";"Black";"Male";"None - Rural Crash";"New Hanover";"No";"01-01-04";2010-04-08;"Bicyclist Left Turn / Merge";18;"Non-Intersection";"01-04-01";1-01-01 18:33:58;"Bicyclist Left Turn - Same Direction";0;2010;"O: No Injury";"Residential";"60-69";62;"No";"0-5 mph";"O: No Injury";"Black";"Male";"Sport Utility";"No";"No";"Daylight";"Rural (<30% Developed)";"2 lanes";2;"Straight - Level";"Local Street";"Dry";"Two-Way, Not Divided";"None";"No Special Feature";"Coarse Asphalt";"Coastal";"Rural";"30 - 35  MPH";"No Control Present";"Clear";"No";"34.305534, -77.94582"
"3817";137;138;"Yes";"15-Nov";14;"No";"Facing Traffic";"B: Evident Injury";"Sidewalk / Crosswalk / Driveway Crossing";"White";"Female";"Greensboro";"Guilford";"No";"01-01-02";2010-03-30;"Bicyclist Failed to Yield - Sign-Controlled Intersection";18;"Intersection";"01-03-01";1-01-01 18:37:58;"Bicyclist Ride Out - Sign-Controlled Intersection";0;2010;"B: Evident Injury";"Commercial";"20-24";20;"No";"26-30 mph";"O: No Injury";"White";"Male";"Passenger Car";"No";"No";"Daylight";"Urban (>70% Developed)";"2 lanes";2;"Straight - Level";"Local Street";"Dry";"Two-Way, Not Divided";"None";"Four-Way Intersection";"Coarse Asphalt";"Piedmont";"Urban";"30 - 35  MPH";"Stop And Go Signal";"Clear";"No";"36.0523, -79.82267"
"3818";148;149;"Yes";"50-59";54;"No";"With Traffic";"C: Possible Injury";"Travel Lane";"Black";"Male";"Raleigh";"Wake";"No";"01-01-02";2010-03-16;"Motorist Left Turn / Merge";15;"Intersection";"01-03-01";1-01-01 15:27:58;"Motorist Left Turn - Opposite Direction";0;2010;"C: Possible Injury";"Commercial";"30-39";36;"No";"11-15 mph";"O: No Injury";"Hispanic";"Male";"Sport Utility";"No";"No";"Daylight";"Urban (>70% Developed)";"9 or more lanes";2;"Straight - Level";"US Route";"Dry";"Two-Way, Divided, Unprotected Median";"None";"Four-Way Intersection";"Smooth Asphalt";"Piedmont";"Urban";"5 - 15 MPH";"Stop And Go Signal";"Cloudy";"No";"35.85019, -78.61044"
"3819";150;151;"Yes";"15-Nov";14;"No";"Not Applicable";"C: Possible Injury";"Travel Lane";"Black";"Male";"Rocky Mount";"Nash";"No";"01-01-03";2010-03-31;"Bicyclist Failed to Yield - Midblock";18;"Non-Intersection";"01-03-01";1-01-01 18:24:58;"Bicyclist Ride Out - Midblock -";0;2010;"C: Possible Injury";"Residential";"60-69";66;"No";"26-30 mph";"O: No Injury";"Black";"Male";"Passenger Car";"No";"No";"Daylight";"Urban (>70% Developed)";"2 lanes";2;"Straight - Level";"Local Street";"Dry";"Two-Way, Not Divided";"None";"No Special Feature";"Smooth Asphalt";"Coastal";"Urban";"30 - 35  MPH";"No Control Present";"Clear";"No";"35.930355, -77.81332"
"3820";168;169;"Yes";"30-39";30;"No";"With Traffic";"B: Evident Injury";"Travel Lane";"White";"Male";"None - Rural Crash";"Buncombe";"No";NA;2010-04-19;"Motorist Overtaking Bicyclist";6;"Non-Intersection";"01-04-01";1-01-01 06:24:58;"Motorist Overtaking - Other /";0;2010;"B: Evident Injury";"Commercial";"40-49";45;"No";"41-45 mph";"O: No Injury";"White";"Female";"Passenger Car";"No";"No";"Dark - Roadway Not Lighted";"Urban (>70% Developed)";"5 lanes";2;"Straight - Level";"US Route";"Dry";"Two-Way, Not Divided";"None";"No Special Feature";"Smooth Asphalt";"Mountains";"Rural";"40 - 45  MPH";"No Control Present";"Clear";"No";"35.44962, -82.50889"
"3821";1004;1005;"Yes";"16-19";18;"No";"Not Applicable";"B: Evident Injury";"Non-Roadway";"Black";"Male";"Greensboro";"Guilford";"No";"01-01-07";2008-08-03;"Bicyclist Failed to Yield - Midblock";19;"Non-Intersection";"01-08-01";1-01-01 18:59:58;"Bicyclist Ride Out - Commercial Driveway / Alley";363312;2008;"B: Evident Injury";"Residential";"20-24";21;"No";NA;"O: No Injury";"Black";"Male";NA;"No";"Yes";"Daylight";"Urban (>70% Developed)";"2 lanes";2;"Straight - Grade";"Local Street";"Dry";"Two-Way, Not Divided";"None";"Railroad Crossing";"Smooth Asphalt";"Piedmont";"Urban";"30 - 35  MPH";"No Control Present";"Clear";"No";"0.0, 0.0"
"3822";2;3;"No";"25-29";25;"No";"Not Applicable";"B: Evident Injury";"Travel Lane";"White";"Male";"Durham";"Durham";"No";"01-01-05";2009-01-09;"Non-Roadway";22;"Non-Roadway";NA;1-01-01 22:36:58;"Non-Roadway";410910;2009;"B: Evident Injury";"Residential";"25-29";29;"No";"11-15 mph";"O: No Injury";"Hispanic";"Female";"Passenger Car";"No";"No";"Dark - Lighted Roadway";"Urban (>70% Developed)";"2 lanes";2;"Straight - Bottom";"Public Vehicular Area";"Dry";"Two-Way, Divided, Unprotected Median";"None";"T-Intersection";"Coarse Asphalt";"Piedmont";"Urban";"5 - 15 MPH";"No Control Present";"Clear";"No";"36.010765, -78.94343"
"3823";6;7;"Yes";"40-49";47;"No";"Facing Traffic";"C: Possible Injury";"Travel Lane";"Black";"Male";"Durham";"Durham";"No";"01-01-05";2009-01-23;"Loss of Control / Turning Error";20;"Intersection";NA;1-01-01 20:21:58;"Motorist Turning Error - Other";112113;2009;"C: Possible Injury";"Commercial";"50-59";52;"No";"6-10 mph";"O: No Injury";"White";"Female";"Passenger Car";"No";"No";"Dark - Lighted Roadway";"Urban (>70% Developed)";"5 lanes";2;"Straight - Level";"Local Street";"Dry";"Two-Way, Not Divided";"None";"No Special Feature";"Smooth Asphalt";"Piedmont";"Urban";"30 - 35  MPH";"Stop Sign";"Clear";"No";"36.03635, -78.89483"