"FID";"OBJECTID";"AmbulanceR";"BikeAge_Gr";"Bike_Age";"Bike_Alc_D";"Bike_Dir";"Bike_Injur";"Bike_Pos";"Bike_Race";"Bike_Sex";"City";"County";"CrashAlcoh";"CrashDay";"Crash_Date";"Crash_Grp";"Crash_Hour";"Crash_Loc";"Crash_Mont";"Crash_Time";"Crash_Type";"Crash_Ty_1";"Crash_Year";"Crsh_Sevri";"Developmen";"DrvrAge_Gr";"Drvr_Age";"Drvr_Alc_D";"Drvr_EstSp";"Drvr_Injur";"Drvr_Race";"Drvr_Sex";"Drvr_VehTy";"ExcsSpdInd";"Hit_Run";"Light_Cond";"Locality";"Num_Lanes";"Num_Units";"Rd_Charact";"Rd_Class";"Rd_Conditi";"Rd_Config";"Rd_Defects";"Rd_Feature";"Rd_Surface";"Region";"Rural_Urba";"Speed_Limi";"Traff_Cntr";"Weather";"Workzone_I";"Location"
"3935";941;942;"Yes";"30-39";36;"No";"With Traffic";"C: Possible Injury";"Bike Lane / Paved Shoulder";"White";"Male";"None - Rural Crash";"Durham";"No";"01-01-07";2012-12-02;"Loss of Control / Turning Error";16;"Non-Intersection";"01-12-01";1-01-01 16:21:58;"Motorist Lost Control - Oversteering, Improper Braking, Speed";NA;2012;"C: Possible Injury";"Farms, Woods, Pastures";"70";70;"No";"41-45 mph";"O: No Injury";"White";"Male";"Pickup";"No";"No";"Daylight";"Rural (<30% Developed)";"2 lanes";2;"Straight - Grade";"NC Route";"Dry";"Two-Way, Not Divided";"None";"No Special Feature";"Smooth Asphalt";"Piedmont";"Rural";"50 - 55  MPH";"Double Yellow Line, No Passing Zone";"Clear";"No";"35.87333, -78.9484"
"3936";942;943;"No";"25-29";27;"No";"Facing Traffic";"B: Evident Injury";"Travel Lane";"White";"Female";"Wilmington";"New Hanover";"No";"01-01-07";2012-11-11;"Motorist Failed to Yield - Sign-Controlled Intersection";16;"Intersection";"01-11-01";1-01-01 16:15:58;"Motorist Drive Out - Sign-Controlled Intersection";NA;2012;"B: Evident Injury";"Residential";"50-59";58;"No";"0-5 mph";"O: No Injury";"White";"Male";"Passenger Car";"No";"No";"Daylight";"Urban (>70% Developed)";"2 lanes";2;"Straight - Level";"Local Street";"Dry";"Two-Way, Not Divided";"None";"T-Intersection";"Smooth Asphalt";"Coastal";"Urban";"20 - 25  MPH";"Yield Sign";"Clear";"No";"34.22937, -77.8327"
"3937";948;949;"No";"50-59";51;"No";"With Traffic";"B: Evident Injury";"Travel Lane";"White";"Male";"None - Rural Crash";"New Hanover";"No";"01-01-04";2012-12-06;"Motorist Overtaking Bicyclist";15;"Non-Intersection";"01-12-01";1-01-01 15:01:58;"Motorist Overtaking - Other /";NA;2012;"B: Evident Injury";"Residential";"70";70;"No";"41-45 mph";"O: No Injury";"White";"Female";"Passenger Car";"No";"No";"Daylight";"Mixed (30% To 70% Developed)";"2 lanes";2;"Straight - Level";"State Secondary Route";"Dry";"Two-Way, Not Divided";"None";"No Special Feature";"Coarse Asphalt";"Coastal";"Rural";"40 - 45  MPH";"No Control Present";"Clear";"No";"34.28626, -77.7728"
"3938";949;950;"Yes";"30-39";33;"No";"Facing Traffic";"K: Killed";"Travel Lane";"White";"Female";"Lumberton";"Robeson";"No";"01-01-02";2012-12-04;"Motorist Failed to Yield - Sign-Controlled Intersection";18;"Intersection";"01-12-01";1-01-01 18:02:58;"Motorist Drive Out - Sign-Controlled Intersection";NA;2012;"K: Killed";"Commercial";"60-69";60;"No";"11-15 mph";"O: No Injury";"White";"Female";"Sport Utility";"No";"No";"Dark -  Lighting";"Urban (>70% Developed)";"6 lanes";3;"Straight - Level";"Local Street";"Dry";"Two-Way, Not Divided";"None";"T-Intersection";"Coarse Asphalt";"Coastal";"Urban";"30 - 35  MPH";"Stop Sign";"Clear";"No";"34.63257, -79.001"
"3939";954;955;"No";"50-59";54;"No";"With Traffic";"C: Possible Injury";"Travel Lane";"White";"Male";"Mooresville";"Iredell";"No";"01-01-05";2012-11-16;"Motorist Left Turn / Merge";15;"Intersection";"01-11-01";1-01-01 15:49:58;"Motorist Left Turn - Opposite Direction";NA;2012;"C: Possible Injury";"Residential";"50-59";59;"No";"11-15 mph";"O: No Injury";"White";"Female";"Passenger Car";"No";"No";"Daylight";"Rural (<30% Developed)";"3 lanes";2;"Straight - Level";"NC Route";"Dry";"Two-Way, Not Divided";"None";"No Special Feature";"Smooth Asphalt";"Piedmont";"Urban";"30 - 35  MPH";"No Control Present";"Clear";"No";"35.58813, -80.7975"
"3940";958;959;"Yes";"40-49";49;"No";"Facing Traffic";"B: Evident Injury";"Travel Lane";"Black";"Male";"Lumberton";"Robeson";"No";"01-01-02";2012-11-27;"Motorist Failed to Yield - Signalized Intersection";19;"Intersection";"01-11-01";1-01-01 19:45:58;"Motorist Drive Out - Right Turn on Red";NA;2012;"B: Evident Injury";"Commercial";NA;NA;"Missing";"31-35 mph";"Injury";"/Missing";NA;NA;"No";"Yes";"Dark - Lighted Roadway";"Urban (>70% Developed)";"2 lanes";2;"Straight - Level";"Local Street";"Wet";"Two-Way, Not Divided";"None";"T-Intersection";"Coarse Asphalt";"Coastal";"Urban";"30 - 35  MPH";"Stop And Go Signal";"Cloudy";"No";"34.61424, -79.0184"
"3941";980;981;"Yes";"50-59";54;"No";"Not Applicable";"B: Evident Injury";"Non-Roadway";"Black";"Male";"Fayetteville";"Cumberland";"No";"01-01-06";2012-12-01;"Bicyclist Failed to Yield - Midblock";9;"Non-Intersection";"01-12-01";1-01-01 09:54:58;"Bicyclist Ride Out - Other Midblock";NA;2012;"B: Evident Injury";"Commercial";"70";70;"No";"36-40 mph";"O: No Injury";"White";"Male";"Passenger Car";"No";"No";"Daylight";"Urban (>70% Developed)";"3 lanes";2;"Straight - Hillcrest";"Local Street";"Dry";"Two-Way, Divided, Unprotected Median";"None";"No Special Feature";"Smooth Asphalt";"Coastal";"Urban";"30 - 35  MPH";"No Control Present";"Clear";"No";"35.03034, -78.8947"
"3942";987;988;"No";"25-29";26;"No";"With Traffic";"B: Evident Injury";"Travel Lane";"White";"Female";"Durham";"Durham";"No";"01-01-07";2012-12-23;"Bicyclist Failed to Yield - Signalized Intersection";15;"Intersection";"01-12-01";1-01-01 15:06:58;"Bicyclist Ride Through - Signalized Intersection";NA;2012;"B: Evident Injury";"Residential";"25-29";26;"No";"31-35 mph";"O: No Injury";"Black";"Female";"Passenger Car";"No";"No";"Daylight";"Urban (>70% Developed)";"3 lanes";2;"Straight - Level";"Local Street";"Dry";"Two-Way, Not Divided";"None";"No Special Feature";"Coarse Asphalt";"Piedmont";"Urban";"30 - 35  MPH";"Stop And Go Signal";"Clear";"No";"36.00026, -78.9077"
"3943";992;993;"Yes";"25-29";25;"No";"Facing Traffic";"B: Evident Injury";"Sidewalk / Crosswalk / Driveway Crossing";"Black";"Female";"Charlotte";"Mecklenburg";"No";"01-01-06";2012-12-29;"Motorist Failed to Yield - Midblock";16;"Non-Intersection";"01-12-01";1-01-01 16:03:58;"Motorist Drive Out - Commercial Driveway / Alley";NA;2012;"B: Evident Injury";"Commercial";"30-39";30;"No";"0-5 mph";"O: No Injury";"Black";"Female";"Sport Utility";"No";"No";"Daylight";"Urban (>70% Developed)";"2 lanes";2;"Straight - Level";"Local Street";"Dry";"Two-Way, Not Divided";"None";"No Special Feature";"Smooth Asphalt";"Piedmont";"Urban";"5 - 15 MPH";"Stop Sign";"Cloudy";"No";"35.20382, -80.7533"
"3944";1004;1005;"Yes";"16-19";18;"No";"With Traffic";"B: Evident Injury";"Sidewalk / Crosswalk / Driveway Crossing";"Black";"Female";"Chapel Hill";"Orange";"No";"01-01-03";2012-12-05;"Bicyclist Failed to Yield - Signalized Intersection";10;"Intersection";"01-12-01";1-01-01 10:40:58;"Bicyclist Failed to Clear - Multiple Threat";NA;2012;"B: Evident Injury";"Institutional";"25-29";26;"No";"0-5 mph";"O: No Injury";"White";"Female";"Sport Utility";"No";"No";"Daylight";"Urban (>70% Developed)";"3 lanes";2;"Straight - Level";"Local Street";"Dry";"Two-Way, Not Divided";"None";"No Special Feature";"Smooth Asphalt";"Piedmont";"Urban";"20 - 25  MPH";"Stop And Go Signal";"Cloudy";"No";"35.90852, -79.0529"
"3945";1009;1010;"No";"40-49";45;"No";"Facing Traffic";"C: Possible Injury";"Travel Lane";"White";"Male";"Wilson";"Wilson";"No";"01-01-03";2012-12-26;"Crossing Paths - Other Circumstances";14;"Intersection";"01-12-01";1-01-01 14:10:58;"Sign-Controlled Intersection - Other /";NA;2012;"C: Possible Injury";"Residential";"30-39";33;"No";"0-5 mph";"O: No Injury";"Black";"Female";"Passenger Car";"No";"No";"Daylight";"Urban (>70% Developed)";"2 lanes";2;"Straight - Level";"Local Street";"Wet";"Two-Way, Not Divided";"None";"No Special Feature";"Coarse Asphalt";"Coastal";"Urban";"30 - 35  MPH";"Stop Sign";"Rain";"No";"35.71799, -77.9256"
"3946";313;314;"Yes";"50-59";54;"No";"With Traffic";"B: Evident Injury";"Travel Lane";"Black";"Male";"Wilson";"Wilson";"No";NA;2012-05-07;"Motorist Failed to Yield - Sign-Controlled Intersection";23;"Intersection";"01-05-01";1-01-01 23:13:58;"Motorist Drive Out - Sign-Controlled Intersection";NA;2012;"B: Evident Injury";"Residential";"0-19";18;"No";"31-35 mph";"O: No Injury";"White";"Female";"Passenger Car";"No";"No";"Dark - Roadway Not Lighted";"Mixed (30% To 70% Developed)";"2 lanes";2;"Straight - Level";"Local Street";"Dry";"Two-Way, Not Divided";"None";"No Special Feature";"Coarse Asphalt";"Coastal";"Urban";"30 - 35  MPH";"Stop Sign";"Cloudy";"No";"35.71613, -77.9194"
"3947";329;330;"Yes";"40-49";44;"No";"Facing Traffic";"B: Evident Injury";"Sidewalk / Crosswalk / Driveway Crossing";"Hispanic";"Male";"Charlotte";"Mecklenburg";"No";"01-01-04";2012-05-31;"Head-On";11;"Intersection";"01-05-01";1-01-01 11:24:58;"Head-On - Bicyclist";NA;2012;"B: Evident Injury";"Residential";"70";70;"No";"31-35 mph";"O: No Injury";"White";"Male";"Passenger Car";"No";"No";"Daylight";"Urban (>70% Developed)";"5 lanes";2;"Straight - Grade";"Local Street";"Dry";"Two-Way, Divided, Positive Median Barrier";"None";"Four-Way Intersection";"Smooth Asphalt";"Piedmont";"Urban";"30 - 35  MPH";"Stop And Go Signal";"Clear";"No";"35.09655, -80.8597"
"3948";334;335;"No";NA;0;"Missing";"With Traffic";"Injury";"Travel Lane";"/Missing";NA;"Fayetteville";"Cumberland";"No";"01-01-03";2012-05-09;"Bicyclist Failed to Yield - Sign-Controlled Intersection";15;"Intersection";"01-05-01";1-01-01 15:31:58;"Bicyclist Ride Through - Sign-Controlled Intersection";NA;2012;"O: No Injury";"Residential";"25-29";28;"No";"26-30 mph";"O: No Injury";"White";"Female";"Sport Utility";"No";"No";"Daylight";"Mixed (30% To 70% Developed)";"4 lanes";2;"Straight - Level";"Local Street";"Wet";"Two-Way, Not Divided";"None";"No Special Feature";"Smooth Asphalt";"Coastal";"Urban";"20 - 25  MPH";"Stop Sign";"Rain";"No";"35.02514, -78.9647"
"3949";350;351;"Yes";"10-Jun";7;"No";NA;"B: Evident Injury";NA;"White";"Female";"Asheboro";"Randolph";"No";"01-01-03";2012-05-30;"Bicyclist Failed to Yield - Midblock";20;"Non-Intersection";"01-05-01";1-01-01 20:34:58;"Bicyclist Ride Out - Midblock -";NA;2012;"B: Evident Injury";"Residential";NA;NA;"Missing";NA;"Injury";"/Missing";NA;"Passenger Car";"No";"Yes";"Daylight";"Urban (>70% Developed)";"2 lanes";2;"Straight - Bottom";"State Secondary Route";"Dry";"Two-Way, Not Divided";"None";"No Special Feature";"Smooth Asphalt";"Piedmont";"Urban";"30 - 35  MPH";"No Control Present";"Clear";"No";"35.71642, -79.8077"
"3950";357;358;"No";"20-24";23;"No";"With Traffic";"B: Evident Injury";"Travel Lane";"White";"Male";"Cary";"Wake";"No";"01-01-04";2012-05-24;"Bicyclist Overtaking Motorist";19;"Intersection";"01-05-01";1-01-01 18:59:58;"Bicyclist Overtaking - Passing on Right";NA;2012;"B: Evident Injury";"Residential";NA;NA;"Missing";"6-10 mph";"Injury";"/Missing";NA;"Passenger Car";"No";"Yes";"Daylight";"Urban (>70% Developed)";"4 lanes";2;"Straight - Level";"State Secondary Route";"Dry";"Two-Way, Divided, Unprotected Median";"None";"Four-Way Intersection";"Smooth Asphalt";"Piedmont";"Urban";"40 - 45  MPH";"Stop And Go Signal";"Other";"No";"35.81891, -78.9023"
"3951";361;362;"No";"60-69";66;"No";"With Traffic";"C: Possible Injury";"Travel Lane";"White";"Male";"None - Rural Crash";"Guilford";"No";"01-01-05";2012-06-08;"Loss of Control / Turning Error";13;"Intersection";"01-06-01";1-01-01 13:49:58;"Bicyclist Turning Error - Left Turn";NA;2012;"C: Possible Injury";"Farms, Woods, Pastures";"50-59";51;"No";"0-5 mph";"O: No Injury";"White";"Female";"Passenger Car";"No";"No";"Daylight";"Rural (<30% Developed)";"2 lanes";2;"Straight - Grade";"State Secondary Route";"Dry";"Two-Way, Not Divided";"None";"T-Intersection";"Coarse Asphalt";"Piedmont";"Rural";"40 - 45  MPH";"Stop Sign";"Clear";"No";"36.07593, -79.9952"
"3952";362;363;"Yes";"20-24";20;"No";"With Traffic";"B: Evident Injury";"Travel Lane";"White";"Male";"Kitty Hawk";"Dare";"No";NA;2012-06-04;"Motorist Overtaking Bicyclist";18;"Non-Intersection";"01-06-01";1-01-01 18:11:58;"Motorist Overtaking - Bicyclist Swerved";NA;2012;"B: Evident Injury";"Residential";"30-39";31;"No";"31-35 mph";"O: No Injury";"White";"Male";"Passenger Car";"No";"No";"Daylight";"Mixed (30% To 70% Developed)";"2 lanes";2;"Straight - Level";"NC Route";"Dry";"Two-Way, Not Divided";"None";"No Special Feature";"Smooth Asphalt";"Coastal";"Rural";"30 - 35  MPH";"No Control Present";"Clear";"No";"36.06457, -75.7066"
"3953";365;366;"Yes";"30-39";39;"No";"Facing Traffic";"C: Possible Injury";"Sidewalk / Crosswalk / Driveway Crossing";"Black";"Male";"Wilmington";"New Hanover";"No";"01-01-02";2012-05-29;"Motorist Failed to Yield - Midblock";17;"Non-Intersection";"01-05-01";1-01-01 17:15:58;"Motorist Drive Out - Commercial Driveway / Alley";NA;2012;"C: Possible Injury";"Commercial";"20-24";24;"No";"0-5 mph";"O: No Injury";"White";"Female";"Sport Utility";"No";"No";"Daylight";"Urban (>70% Developed)";"3 lanes";2;"Straight - Level";"Public Vehicular Area";"Dry";"Two-Way, Not Divided";"None";"No Special Feature";"Coarse Asphalt";"Coastal";"Urban";"20 - 25  MPH";"No Control Present";"Clear";"No";"34.23097, -77.8781"
"3954";384;385;"Yes";"15-Nov";12;"No";"With Traffic";"B: Evident Injury";"Travel Lane";"White";"Male";"None - Rural Crash";"Gaston";"No";NA;2012-06-18;"Bicyclist Left Turn / Merge";19;"Non-Intersection";"01-06-01";1-01-01 19:42:58;"Bicyclist Left Turn - Same Direction";NA;2012;"B: Evident Injury";"Residential";"30-39";30;"No";"41-45 mph";"O: No Injury";"White";"Male";"Van";"No";"No";"Dusk";"Rural (<30% Developed)";"2 lanes";2;"Straight - Level";"NC Route";"Dry";"Two-Way, Not Divided";"None";"No Special Feature";"Smooth Asphalt";"Piedmont";"Rural";"40 - 45  MPH";"Double Yellow Line, No Passing Zone";"Clear";"No";"35.33229, -81.3201"
"3955";394;395;"Yes";"16-19";16;"No";"With Traffic";"B: Evident Injury";"Travel Lane";"Black";"Male";"None - Rural Crash";"Lenoir";"No";"01-01-03";2012-06-20;"Motorist Overtaking Bicyclist";13;"Non-Intersection";"01-06-01";1-01-01 13:54:58;"Motorist Overtaking - Bicyclist Swerved";NA;2012;"B: Evident Injury";"Residential";"40-49";48;"No";"41-45 mph";"O: No Injury";"Black";"Female";"Passenger Car";"No";"No";"Daylight";"Rural (<30% Developed)";"2 lanes";2;"Straight - Level";"State Secondary Route";"Dry";"Two-Way, Not Divided";"None";"No Special Feature";"Coarse Asphalt";"Coastal";"Rural";"40 - 45  MPH";"No Control Present";"Clear";"No";"35.28947, -77.5274"
"3956";400;401;"Yes";"20-24";24;"Yes";"With Traffic";"B: Evident Injury";"Travel Lane";"Hispanic";"Male";"Charlotte";"Mecklenburg";"Yes";"01-01-06";2012-06-23;"Loss of Control / Turning Error";13;"Non-Intersection";"01-06-01";1-01-01 13:06:58;"Bicylist Lost Control - Alcohol / Drug Impairment";NA;2012;"B: Evident Injury";"Commercial";"50-59";51;"No";"11-15 mph";"O: No Injury";"White";"Male";"Passenger Car";"No";"No";"Daylight";"Urban (>70% Developed)";"4 lanes";2;"Straight - Level";"Local Street";"Dry";"Two-Way, Divided, Unprotected Median";"None";"No Special Feature";"Smooth Asphalt";"Piedmont";"Urban";"40 - 45  MPH";"No Control Present";"Clear";"No";"35.21856, -80.7807"
"3957";402;403;"Yes";"20-24";21;"No";"Facing Traffic";"C: Possible Injury";"Travel Lane";"Other";"Male";"Archdale";"Randolph";"No";"01-01-04";2012-06-14;"Bicyclist Failed to Yield - Signalized Intersection";20;"Intersection";"01-06-01";1-01-01 20:55:58;"Bicyclist Ride Through - Signalized Intersection";NA;2012;"C: Possible Injury";"Commercial";"0-19";16;"No";"11-15 mph";"O: No Injury";"White";"Female";"Passenger Car";"No";"No";"Dusk";"Urban (>70% Developed)";"5 lanes";2;"Straight - Level";"Local Street";"Dry";"Two-Way, Not Divided";"None";"Four-Way Intersection";"Smooth Asphalt";"Piedmont";"Urban";"30 - 35  MPH";"Stop And Go Signal";"Clear";"No";"35.89992, -79.9465"
"3958";411;412;"Yes";"16-19";17;"No";"With Traffic";"B: Evident Injury";"Travel Lane";"White";"Male";"Mooresville";"Iredell";"No";"01-01-02";2012-06-19;"Bicyclist Failed to Yield - Sign-Controlled Intersection";14;"Intersection";"01-06-01";1-01-01 14:30:58;"Bicyclist Ride Through - Sign-Controlled Intersection";NA;2012;"B: Evident Injury";"Commercial";"70";70;"No";"16-20 mph";"O: No Injury";"White";"Female";"Sport Utility";"No";"No";"Daylight";"Urban (>70% Developed)";"2 lanes";2;"Straight - Grade";"Local Street";"Dry";"Two-Way, Not Divided";"None";"T-Intersection";"Smooth Asphalt";"Piedmont";"Urban";"30 - 35  MPH";"Stop Sign";"Clear";"No";"35.58269, -80.8101"
"3959";415;416;"Yes";"25-29";29;"No";"Facing Traffic";"C: Possible Injury";"Sidewalk / Crosswalk / Driveway Crossing";"Black";"Male";"None - Rural Crash";"Brunswick";"No";"01-01-02";2012-06-26;"Motorist Failed to Yield - Midblock";14;"Non-Intersection";"01-06-01";1-01-01 14:51:58;"Motorist Drive Out - Commercial Driveway / Alley";NA;2012;"C: Possible Injury";"Commercial";"25-29";26;"No";"11-15 mph";"O: No Injury";"White";"Male";"Pickup";"No";"No";"Daylight";"Urban (>70% Developed)";"3 lanes";2;"Straight - Level";"NC Route";"Dry";"Two-Way, Not Divided";"None";"Driveway, Public";"Coarse Asphalt";"Coastal";"Rural";"5 - 15 MPH";"No Control Present";"Clear";"No";"33.95162, -78.0455"
"3960";421;422;"Yes";"16-19";17;"No";"Not Applicable";"B: Evident Injury";"Driveway / Alley";"White";"Male";"None - Rural Crash";"Transylvania";"No";NA;2012-07-02;"Bicyclist Failed to Yield - Midblock";15;"Non-Intersection";"01-07-01";1-01-01 15:03:58;"Bicyclist Ride Out - Residential Driveway";NA;2012;"B: Evident Injury";"Farms, Woods, Pastures";"0-19";17;"No";"36-40 mph";"O: No Injury";"White";"Male";"Pickup";"No";"No";"Daylight";"Rural (<30% Developed)";"2 lanes";2;"Curve - Level";"State Secondary Route";"Dry";"Two-Way, Not Divided";"None";"No Special Feature";"Smooth Asphalt";"Mountains";"Rural";"40 - 45  MPH";"Double Yellow Line, No Passing Zone";"Clear";"No";"35.22394, -82.7044"
"3961";424;425;"Yes";"16-19";16;"No";"With Traffic";"C: Possible Injury";"Travel Lane";"White";"Male";"Durham";"Durham";"No";"01-01-06";2012-06-30;"Motorist Overtaking Bicyclist";12;"Non-Intersection";"01-06-01";1-01-01 12:08:58;"Motorist Overtaking - Other /";NA;2012;"C: Possible Injury";"Residential";NA;NA;"Missing";"0-5 mph";"Injury";"/Missing";NA;"Heavy Truck";"No";"Yes";"Daylight";"Urban (>70% Developed)";"2 lanes";2;"Straight - Level";"Local Street";"Dry";"One-Way, Not Divided";"None";"No Special Feature";"Smooth Asphalt";"Piedmont";"Urban";"30 - 35  MPH";"No Control Present";"Clear";"No";"35.97554, -78.9738"
"3962";427;428;"No";"15-Nov";15;"No";"With Traffic";"B: Evident Injury";"Sidewalk / Crosswalk / Driveway Crossing";"Native American";"Male";"Hickory";"Catawba";"No";"01-01-04";2012-06-28;"Parallel Paths - Other Circumstances";11;"Non-Intersection";"01-06-01";1-01-01 11:04:58;"Bicyclist Ride Out - Parallel Path";NA;2012;"B: Evident Injury";"Commercial";NA;NA;"Missing";"16-20 mph";"Injury";"/Missing";NA;NA;"No";"Yes";"Daylight";"Urban (>70% Developed)";"3 lanes";2;"Straight - Level";"Local Street";"Dry";"Two-Way, Not Divided";"None";"No Special Feature";"Coarse Asphalt";"Piedmont";"Urban";"30 - 35  MPH";"No Control Present";"Clear";"No";"35.75398, -81.3433"
"3963";429;430;"No";"10-Jun";10;"No";"Not Applicable";"C: Possible Injury";"Driveway / Alley";"White";"Male";"Charlotte";"Mecklenburg";"No";"01-01-03";2012-06-27;"Bicyclist Failed to Yield - Midblock";18;"Non-Intersection";"01-06-01";1-01-01 18:52:58;"Bicyclist Ride Out - Residential Driveway";NA;2012;"C: Possible Injury";"Residential";"30-39";30;"No";"16-20 mph";"O: No Injury";"White";"Male";"Sport Utility";"No";"No";"Dusk";"Urban (>70% Developed)";"2 lanes";2;"Straight - Hillcrest";"Local Street";"Dry";"Two-Way, Not Divided";"None";"Driveway, Public";"Smooth Asphalt";"Piedmont";"Urban";"20 - 25  MPH";"No Control Present";"Clear";"No";"35.19533, -80.8695"
"3964";431;432;"Yes";"30-39";32;"No";"With Traffic";"B: Evident Injury";"Travel Lane";"White";"Male";"None - Rural Crash";"Lee";"No";"01-01-07";2012-07-01;"Motorist Overtaking Bicyclist";18;"Non-Intersection";"01-07-01";1-01-01 18:09:58;"Motorist Overtaking - Other /";NA;2012;"B: Evident Injury";"Farms, Woods, Pastures";NA;NA;"Missing";"21-25 mph";"Injury";"/Missing";NA;"Passenger Car";"No";"Yes";"Daylight";"Mixed (30% To 70% Developed)";"1 lane";2;"Straight - Grade";"Local Street";"Dry";"One-Way, Not Divided";"None";"No Special Feature";"Smooth Asphalt";"Piedmont";"Rural";"20 - 25  MPH";"No Control Present";"Clear";"No";"35.41533, -79.1102"
"3965";432;433;"Yes";"30-39";37;"No";"With Traffic";"C: Possible Injury";"Travel Lane";"Hispanic";"Male";"None - Rural Crash";"Hyde";"No";"01-01-03";2012-07-04;"Motorist Overtaking Bicyclist";21;"Non-Intersection";"01-07-01";1-01-01 21:19:58;"Motorist Overtaking - Misjudged Space";NA;2012;"C: Possible Injury";"Commercial";"20-24";20;"No";"6-10 mph";"O: No Injury";"White";"Male";"Pickup";"No";"No";"Dark - Lighted Roadway";"Urban (>70% Developed)";"2 lanes";2;"Straight - Level";"NC Route";"Dry";"Two-Way, Not Divided";"None";"No Special Feature";"Coarse Asphalt";"Coastal";"Rural";"20 - 25  MPH";"Double Yellow Line, No Passing Zone";"Clear";"No";"35.1148, -75.9841"
"3966";434;435;"No";"30-39";30;"No";"With Traffic";"O: No Injury";"Travel Lane";"White";"Male";"Cornelius";"Mecklenburg";"No";"01-01-07";2012-06-17;"Loss of Control / Turning Error";12;"Intersection";"01-06-01";1-01-01 12:08:58;"Bicyclist Lost Control - Mechanical Problems";NA;2012;"O: No Injury";"Commercial";"60-69";62;"No";NA;"O: No Injury";"White";"Male";"Passenger Car";"No";"No";"Daylight";"Urban (>70% Developed)";"2 lanes";2;"Straight - Level";"Private Road, Driveway";"Dry";"Two-Way, Not Divided";"None";"T-Intersection";"Coarse Asphalt";"Piedmont";"Urban";"30 - 35  MPH";"Stop Sign";"Clear";"No";"35.47189, -80.8917"
"3967";441;442;"Yes";"50-59";57;"No";"With Traffic";"C: Possible Injury";"Bike Lane / Paved Shoulder";"White";"Male";"None - Rural Crash";"Dare";"No";"01-01-04";2012-06-28;"Loss of Control / Turning Error";9;"Non-Intersection";"01-06-01";1-01-01 09:48:58;"Motorist Lost Control - Other /";NA;2012;"C: Possible Injury";"Farms, Woods, Pastures";"30-39";33;"No";"51-55 mph";"O: No Injury";"White";"Male";"Sport Utility";"No";"No";"Daylight";"Rural (<30% Developed)";"2 lanes";2;"Straight - Level";"NC Route";"Dry";"Two-Way, Not Divided";"None";"No Special Feature";"Coarse Asphalt";"Coastal";"Rural";"50 - 55  MPH";"No Control Present";"Clear";"No";"35.35359, -75.5031"
"3968";443;444;"No";"16-19";17;"No";"With Traffic";"Injury";"Travel Lane";"White";"Male";"Waxhaw";"Union";"No";"01-01-02";2012-06-26;"Motorist Overtaking Bicyclist";16;"Non-Intersection";"01-06-01";1-01-01 16:51:58;"Motorist Overtaking - Bicyclist Swerved";NA;2012;"C: Possible Injury";"Commercial";"25-29";25;"No";"41-45 mph";"C: Possible Injury";"White";"Male";"Sport Utility";"No";"No";"Daylight";"Mixed (30% To 70% Developed)";"2 lanes";2;"Curve - Grade";"State Secondary Route";"Dry";"Two-Way, Divided, Unprotected Median";"None";"No Special Feature";"Coarse Asphalt";"Piedmont";"Rural";"40 - 45  MPH";"Double Yellow Line, No Passing Zone";"Clear";"No";"34.96158, -80.7446"
"3969";444;445;"No";"30-39";39;"No";"With Traffic";"B: Evident Injury";"Travel Lane";"White";"Male";"Wilmington";"New Hanover";"No";"01-01-05";2012-06-29;"Motorist Left Turn / Merge";14;"Intersection";"01-06-01";1-01-01 14:51:58;"Motorist Left Turn - Opposite Direction";NA;2012;"B: Evident Injury";"Commercial";"0-19";18;"No";NA;"O: No Injury";"White";"Male";"Passenger Car";"No";"No";"Daylight";"Urban (>70% Developed)";"2 lanes";2;"Straight - Level";"Local Street";"Dry";"Two-Way, Not Divided";"None";"No Special Feature";"Smooth Asphalt";"Coastal";"Urban";NA;"Stop And Go Signal";"Clear";"No";"34.22328, -77.8822"
"3970";446;447;"No";"10-Jun";8;"No";"With Traffic";"B: Evident Injury";"Travel Lane";"/Missing";"Female";"Williamston";"Martin";"No";"01-01-02";2012-06-26;"Bicyclist Failed to Yield - Sign-Controlled Intersection";15;"Intersection";"01-06-01";1-01-01 15:09:58;"Bicyclist Ride Through - Sign-Controlled Intersection";NA;2012;"B: Evident Injury";"Residential";"60-69";61;"No";"21-25 mph";"O: No Injury";"Black";"Female";"Passenger Car";"No";"No";"Daylight";"Urban (>70% Developed)";"1 lane";2;"Straight - Grade";"Local Street";"Dry";"Two-Way, Not Divided";"None";"Four-Way Intersection";"Grooved Concrete";"Coastal";"Urban";"20 - 25  MPH";"Stop Sign";"Clear";"No";"35.8514, -77.0524"
"3971";447;448;"Yes";"25-29";26;"No";"Facing Traffic";"B: Evident Injury";"Sidewalk / Crosswalk / Driveway Crossing";"White";"Female";"Wilmington";"New Hanover";"No";"01-01-05";2012-06-29;"Motorist Failed to Yield - Midblock";17;"Non-Intersection";"01-06-01";1-01-01 17:25:58;"Motorist Drive Out - Commercial Driveway / Alley";NA;2012;"B: Evident Injury";"Commercial";"40-49";42;"No";"0-5 mph";"O: No Injury";"White";"Female";"Sport Utility";"No";"No";"Daylight";"Urban (>70% Developed)";"2 lanes";2;"Straight - Level";"Local Street";"Dry";"One-Way, Not Divided";"None";"Related To Intersection";"Smooth Asphalt";"Coastal";"Urban";"5 - 15 MPH";"No Control Present";"Clear";"No";"34.23129, -77.8792"