"FID";"OBJECTID";"AmbulanceR";"BikeAge_Gr";"Bike_Age";"Bike_Alc_D";"Bike_Dir";"Bike_Injur";"Bike_Pos";"Bike_Race";"Bike_Sex";"City";"County";"CrashAlcoh";"CrashDay";"Crash_Date";"Crash_Grp";"Crash_Hour";"Crash_Loc";"Crash_Mont";"Crash_Time";"Crash_Type";"Crash_Ty_1";"Crash_Year";"Crsh_Sevri";"Developmen";"DrvrAge_Gr";"Drvr_Age";"Drvr_Alc_D";"Drvr_EstSp";"Drvr_Injur";"Drvr_Race";"Drvr_Sex";"Drvr_VehTy";"ExcsSpdInd";"Hit_Run";"Light_Cond";"Locality";"Num_Lanes";"Num_Units";"Rd_Charact";"Rd_Class";"Rd_Conditi";"Rd_Config";"Rd_Defects";"Rd_Feature";"Rd_Surface";"Region";"Rural_Urba";"Speed_Limi";"Traff_Cntr";"Weather";"Workzone_I";"Location"
"3972";451;452;"Yes";"40-49";45;"Yes";"With Traffic";"K: Killed";"Travel Lane";"Black";"Female";"None - Rural Crash";"Washington";"Yes";"01-01-07";2012-07-08;"Motorist Overtaking Bicyclist";22;"Non-Intersection";"01-07-01";1-01-01 22:35:58;"Motorist Overtaking - Bicyclist Swerved";NA;2012;"K: Killed";"Residential";"30-39";30;"No";"41-45 mph";"O: No Injury";"White";"Male";"Pickup";"No";"No";"Dark - Roadway Not Lighted";"Rural (<30% Developed)";"2 lanes";2;"Straight - Level";"State Secondary Route";"Dry";"Two-Way, Not Divided";"None";"No Special Feature";"Smooth Asphalt";"Coastal";"Rural";"40 - 45  MPH";"Double Yellow Line, No Passing Zone";"Clear";"No";"35.86333, -76.7444"
"3973";456;457;"Yes";"40-49";44;"No";"With Traffic";"A: Disabling Injury";"Travel Lane";"White";"Male";"None - Rural Crash";"Iredell";"No";"01-01-06";2012-07-07;"Motorist Overtaking Bicyclist";9;"Non-Intersection";"01-07-01";1-01-01 09:47:58;"Motorist Overtaking - Other /";NA;2012;"A: Disabling Injury";"Farms, Woods, Pastures";"30-39";38;"No";"51-55 mph";"O: No Injury";"White";"Male";"Passenger Car";"No";"No";"Daylight";"Rural (<30% Developed)";"2 lanes";2;"Straight - Hillcrest";"State Secondary Route";"Dry";"Two-Way, Not Divided";"None";"Driveway, Public";"Coarse Asphalt";"Piedmont";"Rural";"50 - 55  MPH";"Double Yellow Line, No Passing Zone";"Clear";"No";"35.84294, -80.8863"
"3974";462;463;"Yes";"30-39";30;"No";NA;"B: Evident Injury";"Sidewalk / Crosswalk / Driveway Crossing";"White";"Male";"Beaufort";"Carteret";"No";NA;2012-07-09;"Parallel Paths - Other Circumstances";15;"Intersection-Related";"01-07-01";1-01-01 15:54:58;"Bicyclist Ride Out - Parallel Path";NA;2012;"B: Evident Injury";"Residential";"25-29";27;"No";"6-10 mph";"O: No Injury";"Black";"Male";"Sport Utility";"No";"No";"Daylight";"Urban (>70% Developed)";"2 lanes";2;"Straight - Level";"Local Street";"Dry";"Two-Way, Not Divided";"None";"No Special Feature";"Smooth Asphalt";"Coastal";"Rural";"20 - 25  MPH";"Stop Sign";"Clear";"No";"34.72192, -76.662"
"3975";468;469;"Yes";"15-Nov";14;"No";"With Traffic";"B: Evident Injury";"Travel Lane";"Black";"Male";"None - Rural Crash";"Pitt";"No";NA;2012-07-16;"Bicyclist Left Turn / Merge";21;"Intersection";"01-07-01";1-01-01 21:42:58;"Bicyclist Left Turn - Same Direction";NA;2012;"B: Evident Injury";"Residential";"20-24";24;"No";"36-40 mph";"O: No Injury";"Hispanic";"Female";"Van";"No";"No";"Dark - Roadway Not Lighted";"Mixed (30% To 70% Developed)";"2 lanes";2;"Curve - Level";"State Secondary Route";"Dry";"Two-Way, Not Divided";"None";"T-Intersection";"Smooth Asphalt";"Coastal";"Rural";"40 - 45  MPH";"Double Yellow Line, No Passing Zone";"Clear";"No";"35.56864, -77.1862"
"3976";472;473;"Yes";"25-29";28;"Yes";"With Traffic";"B: Evident Injury";"Travel Lane";"Black";"Male";"Durham";"Durham";"Yes";"01-01-07";2012-07-15;"Loss of Control / Turning Error";11;"Intersection";"01-07-01";1-01-01 11:47:58;"Bicyclist Turning Error - Right Turn";NA;2012;"B: Evident Injury";"Residential";"30-39";37;"No";"31-35 mph";"O: No Injury";"Hispanic";"Male";"Sport Utility";"No";"No";"Daylight";"Urban (>70% Developed)";"2 lanes";2;"Straight - Grade";"Local Street";"Dry";"Two-Way, Not Divided";"None";"Four-Way Intersection";"Smooth Asphalt";"Piedmont";"Urban";"30 - 35  MPH";"Stop Sign";"Clear";"No";"35.99065, -78.8706"
"3977";478;479;"No";"10-Jun";8;"No";"Facing Traffic";"C: Possible Injury";"Travel Lane";"White";"Female";"None - Rural Crash";"Caldwell";"No";"01-01-02";2012-07-17;"Bicyclist Failed to Yield - Sign-Controlled Intersection";10;"Intersection";"01-07-01";1-01-01 10:40:58;"Bicyclist Ride Through - Sign-Controlled Intersection";NA;2012;"C: Possible Injury";"Residential";"70";70;"No";"11-15 mph";"O: No Injury";"White";"Female";"Pickup";"No";"No";"Daylight";"Urban (>70% Developed)";"2 lanes";2;"Straight - Level";"Local Street";"Dry";"Two-Way, Not Divided";"None";"T-Intersection";"Smooth Asphalt";"Mountains";"Rural";"20 - 25  MPH";"Stop Sign";"Cloudy";"No";"35.85406, -81.5361"
"3978";480;481;"Yes";"70";0;"No";"With Traffic";"K: Killed";"Travel Lane";"White";"Male";"None - Rural Crash";"Stokes";"No";"01-01-05";2012-06-22;"Motorist Overtaking Bicyclist";8;"Non-Intersection";"01-06-01";1-01-01 08:12:58;"Motorist Overtaking - Other /";NA;2012;"K: Killed";"Farms, Woods, Pastures";"50-59";58;"No";"51-55 mph";"O: No Injury";"White";"Male";"Pickup";"No";"No";"Daylight";"Mixed (30% To 70% Developed)";"2 lanes";2;"Straight - Level";"State Secondary Route";"Dry";"Two-Way, Not Divided";"None";"No Special Feature";"Smooth Asphalt";"Piedmont";"Rural";"50 - 55  MPH";"Double Yellow Line, No Passing Zone";"Clear";"No";"36.36227, -80.4267"
"3979";485;486;"Yes";"60-69";62;"No";"With Traffic";"C: Possible Injury";"Travel Lane";"White";"Female";"None - Rural Crash";"Alleghany";"No";NA;2012-07-23;"Motorist Overtaking Bicyclist";8;"Non-Intersection";"01-07-01";1-01-01 08:09:58;"Motorist Overtaking - Other /";NA;2012;"C: Possible Injury";"Farms, Woods, Pastures";"30-39";37;"No";"46-50 mph";"O: No Injury";"White";"Male";"Pickup";"No";"No";"Daylight";"Rural (<30% Developed)";"2 lanes";2;"Curve - Level";"NC Route";"Dry";"Two-Way, Not Divided";"None";"No Special Feature";"Smooth Asphalt";"Mountains";"Rural";"50 - 55  MPH";"Double Yellow Line, No Passing Zone";"Clear";"No";"36.55505, -80.9153"
"3980";494;495;"Yes";"50-59";51;"No";"Not Applicable";"B: Evident Injury";"Driveway / Alley";"Hispanic";"Male";"Midland";"Cabarrus";"No";"01-01-02";2012-07-24;"Motorist Failed to Yield - Midblock";18;"Non-Intersection";"01-07-01";1-01-01 18:56:58;"Motorist Drive Out - Residential Driveway";NA;2012;"B: Evident Injury";"Residential";"0-19";17;"No";"0-5 mph";"O: No Injury";"White";"Female";"Passenger Car";"No";"No";"Daylight";"Rural (<30% Developed)";"2 lanes";2;"Straight - Level";"State Secondary Route";"Dry";"Two-Way, Not Divided";"None";"Driveway, Private";"Coarse Asphalt";"Piedmont";"Rural";"40 - 45  MPH";"No Control Present";"Cloudy";"No";"35.23492, -80.5692"
"3981";495;496;"Yes";"40-49";46;"No";"With Traffic";"B: Evident Injury";"Travel Lane";"Black";"Male";"Weddington";"Union";"No";"01-01-02";2012-07-24;"Motorist Overtaking Bicyclist";20;"Non-Intersection";"01-07-01";1-01-01 20:08:58;"Motorist Overtaking - Other /";NA;2012;"B: Evident Injury";"Residential";"20-24";23;"No";"16-20 mph";"O: No Injury";"White";"Male";"Passenger Car";"No";"No";"Daylight";"Mixed (30% To 70% Developed)";"2 lanes";2;"Straight - Level";"State Secondary Route";"Dry";"Two-Way, Not Divided";"None";"No Special Feature";"Smooth Asphalt";"Piedmont";"Urban";"40 - 45  MPH";"No Control Present";"Clear";"Yes";"35.00074, -80.7187"
"3982";496;497;"Yes";"15-Nov";15;"No";"With Traffic";"C: Possible Injury";"Travel Lane";"White";"Male";"Cherokee Reservation";"Swain";"No";"01-01-02";2012-07-24;"Motorist Overtaking Bicyclist";18;"Non-Intersection";"01-07-01";1-01-01 18:38:58;"Motorist Overtaking - Bicyclist Swerved";NA;2012;"C: Possible Injury";"Commercial";"0-19";18;"No";"31-35 mph";"O: No Injury";"Native American";"Female";"Passenger Car";"No";"No";"Daylight";"Mixed (30% To 70% Developed)";"2 lanes";2;"Straight - Level";"Local Street";"Dry";"Two-Way, Not Divided";"None";"No Special Feature";"Smooth Asphalt";"Mountains";"Rural";"30 - 35  MPH";"No Control Present";"Clear";"No";"35.53195, -83.2851"
"3983";502;503;"Yes";"20-24";20;"No";"With Traffic";"C: Possible Injury";"Travel Lane";"Black";"Male";"Charlotte";"Mecklenburg";"No";"01-01-04";2012-06-21;"Crossing Paths - Other Circumstances";12;"Intersection";"01-06-01";1-01-01 12:10:58;"Crossing Paths - Intersection - Other /";NA;2012;"C: Possible Injury";"Commercial";"20-24";22;"No";"16-20 mph";"O: No Injury";"Black";"Female";"Passenger Car";"No";"No";"Daylight";"Urban (>70% Developed)";"2 lanes";2;"Straight - Level";"Local Street";"Dry";"Two-Way, Not Divided";"None";"No Special Feature";"Smooth Asphalt";"Piedmont";"Urban";"20 - 25  MPH";"No Control Present";"Clear";"No";"35.23227, -80.8248"
"3984";505;506;"Yes";"20-24";23;"No";"Facing Traffic";"C: Possible Injury";"Sidewalk / Crosswalk / Driveway Crossing";"Black";"Male";"Charlotte";"Mecklenburg";"No";"01-01-02";2012-07-17;"Crossing Paths - Other Circumstances";14;"Intersection";"01-07-01";1-01-01 14:27:58;"Sign-Controlled Intersection - Other /";NA;2012;"C: Possible Injury";"Residential";"70";70;"No";NA;"O: No Injury";"White";"Female";"Passenger Car";"No";"No";"Daylight";"Urban (>70% Developed)";"2 lanes";2;"Straight - Level";"Local Street";"Dry";"Two-Way, Not Divided";"None";"Four-Way Intersection";"Smooth Asphalt";"Piedmont";"Urban";"20 - 25  MPH";"Stop Sign";"Clear";"No";"35.21308, -80.7661"
"3985";506;507;"Yes";"25-29";28;"No";"With Traffic";"A: Disabling Injury";"Travel Lane";"White";"Male";"None - Rural Crash";"Carteret";"No";"01-01-03";2012-07-25;"Bicyclist Failed to Yield - Signalized Intersection";14;"Intersection";"01-07-01";1-01-01 14:04:58;"Bicyclist Ride Through - Signalized Intersection";NA;2012;"A: Disabling Injury";"Commercial";"50-59";52;"No";"51-55 mph";"O: No Injury";"White";"Female";"Sport Utility";"No";"No";"Daylight";"Mixed (30% To 70% Developed)";"4 lanes";2;"Straight - Level";"US Route";"Dry";"Two-Way, Divided, Unprotected Median";"None";"Four-Way Intersection";"Smooth Asphalt";"Coastal";"Rural";"50 - 55  MPH";"Stop And Go Signal";"Clear";"No";"34.78921, -76.8761"
"3986";518;519;"No";"60-69";65;"No";"Facing Traffic";"O: No Injury";"Bike Lane / Paved Shoulder";"White";"Male";"Havelock";"Craven";"No";"01-01-06";2012-06-30;"Motorist Failed to Yield - Midblock";11;"Non-Intersection";"01-06-01";1-01-01 11:22:58;"Motorist Drive Out - Commercial Driveway / Alley";NA;2012;"O: No Injury";"Commercial";"25-29";26;"No";"0-5 mph";"O: No Injury";"White";"Female";"Passenger Car";"No";"No";"Daylight";"Mixed (30% To 70% Developed)";"4 lanes";2;"Straight - Level";"US Route";"Dry";"Two-Way, Divided, Unprotected Median";"None";"Driveway, Public";"Smooth Asphalt";"Coastal";"Urban";"40 - 45  MPH";"No Control Present";"Clear";"No";"34.86166, -76.8976"
"3987";537;538;"Yes";"40-49";48;"No";"Not Applicable";"C: Possible Injury";"Non-Roadway";"Black";"Male";"Charlotte";"Mecklenburg";"No";"01-01-07";2012-07-15;"Non-Roadway";16;"Non-Roadway";"01-07-01";1-01-01 16:16:58;"Non-Roadway";NA;2012;"C: Possible Injury";"Residential";NA;NA;"Missing";NA;"Injury";"/Missing";NA;"Passenger Car";"No";"No";"Daylight";"Urban (>70% Developed)";"1 lane";2;"Straight - Level";"Public Vehicular Area";"Dry";"One-Way, Not Divided";"None";"Driveway, Private";"Sand";"Piedmont";"Urban";"30 - 35  MPH";"No Control Present";"Clear";"No";"35.23001, -80.8157"
"3988";538;539;"Yes";"20-24";22;"No";"Facing Traffic";"B: Evident Injury";"Travel Lane";"White";"Female";"None - Rural Crash";"Buncombe";"Yes";"01-01-05";2012-08-03;"Head-On";15;"Non-Intersection";"01-08-01";1-01-01 15:00:58;"Head-On - Bicyclist";NA;2012;"B: Evident Injury";"Institutional";"20-24";23;"Yes";"11-15 mph";"O: No Injury";"White";"Female";"Sport Utility";"No";"No";"Daylight";"Mixed (30% To 70% Developed)";"2 lanes";2;"Curve - Grade";"Public Vehicular Area";"Dry";"Two-Way, Not Divided";"None";"Driveway, Public";"Smooth Asphalt";"Mountains";"Rural";NA;"No Control Present";"Clear";"No";"35.61207, -82.4417"
"3989";539;540;"No";"50-59";55;"No";"With Traffic";"C: Possible Injury";"Travel Lane";"White";"Male";"None - Rural Crash";"Catawba";"No";"01-01-02";2012-08-07;"Motorist Overtaking Bicyclist";8;"Non-Intersection";"01-08-01";1-01-01 08:54:58;"Motorist Overtaking - Other /";NA;2012;"C: Possible Injury";"Farms, Woods, Pastures";"40-49";41;"No";"41-45 mph";"O: No Injury";"White";"Female";"Passenger Car";"No";"No";"Daylight";"Mixed (30% To 70% Developed)";"2 lanes";2;"Curve - Grade";"State Secondary Route";"Dry";"Two-Way, Not Divided";"None";"No Special Feature";"Smooth Asphalt";"Piedmont";"Rural";"40 - 45  MPH";"Double Yellow Line, No Passing Zone";"Cloudy";"No";"35.66461, -81.2927"
"3990";540;541;"Yes";"15-Nov";11;"No";"With Traffic";"B: Evident Injury";"Travel Lane";"Black";"Male";"Hendersonville";"Henderson";"No";"01-01-07";2012-07-29;"Loss of Control / Turning Error";17;"Intersection";"01-07-01";1-01-01 17:02:58;"Bicyclist Lost Control - Mechanical Problems";NA;2012;"B: Evident Injury";"Residential";NA;NA;"Missing";"31-35 mph";"Injury";"/Missing";NA;NA;"No";"Yes";"Daylight";"Urban (>70% Developed)";"2 lanes";2;"Straight - Grade";"Local Street";"Dry";"Two-Way, Not Divided";"None";"Related To Intersection";"Coarse Asphalt";"Mountains";"Urban";"30 - 35  MPH";"No Control Present";"Clear";"No";"35.32903, -82.4726"
"3991";541;542;"Yes";NA;0;"No";"Facing Traffic";"C: Possible Injury";"Sidewalk / Crosswalk / Driveway Crossing";"White";"Male";"Mooresville";"Iredell";"No";"01-01-03";2012-08-01;"Motorist Failed to Yield - Midblock";16;"Non-Intersection";"01-08-01";1-01-01 16:16:58;"Motorist Drive Out - Commercial Driveway / Alley";NA;2012;"C: Possible Injury";"Commercial";"30-39";39;"No";NA;"O: No Injury";"White";"Male";"Light Truck (Mini-Van, Panel)";"No";"No";"Daylight";"Urban (>70% Developed)";"8 lanes";2;"Straight - Grade";"Local Street";"Dry";"Two-Way, Divided, Positive Median Barrier";"None";"No Special Feature";"Coarse Asphalt";"Piedmont";"Urban";"40 - 45  MPH";"No Control Present";"Clear";"No";"35.5807, -80.8818"
"3992";544;545;"Yes";"40-49";45;"Missing";"Facing Traffic";"B: Evident Injury";"Sidewalk / Crosswalk / Driveway Crossing";"White";"Female";"Charlotte";"Mecklenburg";"No";NA;2012-08-06;"Motorist Failed to Yield - Sign-Controlled Intersection";8;"Intersection";"01-08-01";1-01-01 08:45:58;"Motorist Drive Out - Sign-Controlled Intersection";NA;2012;"B: Evident Injury";"Residential";"60-69";65;"No";"0-5 mph";"O: No Injury";"White";"Male";"Passenger Car";"No";"No";"Daylight";"Urban (>70% Developed)";"6 lanes";2;"Straight - Level";"Local Street";"Dry";"Two-Way, Not Divided";"None";"T-Intersection";"Smooth Asphalt";"Piedmont";"Urban";"40 - 45  MPH";"Stop Sign";"Clear";"No";"35.15884, -80.7893"
"3993";545;546;"Yes";"15-Nov";12;"No";"With Traffic";"C: Possible Injury";"Travel Lane";"Black";"Male";"None - Rural Crash";"Cumberland";"No";"01-01-07";2012-08-05;"Motorist Overtaking Bicyclist";14;"Non-Intersection";"01-08-01";1-01-01 14:53:58;"Motorist Overtaking - Bicyclist Swerved";NA;2012;"C: Possible Injury";"Residential";"0-19";17;"No";"41-45 mph";"O: No Injury";"White";"Male";"Passenger Car";"No";"No";"Daylight";"Mixed (30% To 70% Developed)";"2 lanes";2;"Straight - Level";"State Secondary Route";"Dry";"Two-Way, Not Divided";"None";"No Special Feature";"Coarse Asphalt";"Coastal";"Rural";"40 - 45  MPH";"Double Yellow Line, No Passing Zone";"Clear";"No";"34.99553, -78.9653"
"3994";551;552;"Yes";"50-59";51;"No";"With Traffic";"B: Evident Injury";"Travel Lane";"White";"Male";"None - Rural Crash";"Iredell";"No";"01-01-07";2012-08-12;"Motorist Overtaking Bicyclist";12;"Non-Intersection";"01-08-01";1-01-01 12:15:58;"Motorist Overtaking - Other /";NA;2012;"B: Evident Injury";"Residential";"70";70;"No";"26-30 mph";"O: No Injury";"White";"Male";"Passenger Car";"No";"No";"Daylight";"Mixed (30% To 70% Developed)";"2 lanes";2;"Curve - Level";"State Secondary Route";"Dry";"Two-Way, Not Divided";"None";"No Special Feature";"Coarse Asphalt";"Piedmont";"Rural";"50 - 55  MPH";"Double Yellow Line, No Passing Zone";"Clear";"No";"35.78908, -81.0088"
"3995";561;562;"Yes";"20-24";21;"No";"With Traffic";"C: Possible Injury";"Travel Lane";"Hispanic";"Male";"None - Rural Crash";"Franklin";"No";"01-01-02";2012-08-14;"Motorist Overtaking Bicyclist";10;"Non-Intersection";"01-08-01";1-01-01 10:28:58;"Motorist Overtaking - Other /";NA;2012;"B: Evident Injury";"Residential";"0-19";19;"No";"51-55 mph";"O: No Injury";"White";"Female";"Passenger Car";"No";"No";"Daylight";"Rural (<30% Developed)";"2 lanes";3;"Straight - Grade";"US Route";"Dry";"Two-Way, Not Divided";"None";"No Special Feature";"Smooth Asphalt";"Piedmont";"Rural";"50 - 55  MPH";"Double Yellow Line, No Passing Zone";"Clear";"No";"35.99438, -78.3697"
"3996";570;571;"No";NA;0;"Missing";"Not Applicable";"Injury";"Non-Roadway";"/Missing";NA;"Durham";"Durham";"No";"01-01-03";2012-08-15;"Non-Roadway";15;"Non-Roadway";"01-08-01";1-01-01 15:22:58;"Non-Roadway";NA;2012;"O: No Injury";"Commercial";"30-39";34;"No";"0-5 mph";"O: No Injury";"Black";"Female";"Sport Utility";"No";"No";"Daylight";"Urban (>70% Developed)";NA;2;"Straight - Level";"Public Vehicular Area";"Dry";"Two-Way, Not Divided";"None";"No Special Feature";"Smooth Asphalt";"Piedmont";"Urban";"5 - 15 MPH";"No Control Present";"Clear";"No";"35.99324, -78.8688"
"3997";574;575;"No";"20-24";20;"No";"With Traffic";"C: Possible Injury";"Travel Lane";"Hispanic";"Male";"Monroe";"Union";"No";"01-01-05";2012-08-10;"Motorist Failed to Yield - Sign-Controlled Intersection";0;"Intersection";"01-08-01";1-01-01 00:20:58;"Motorist Drive Out - Sign-Controlled Intersection";NA;2012;"C: Possible Injury";"Commercial";"50-59";56;"No";"16-20 mph";"O: No Injury";"White";"Male";"Passenger Car";"No";"No";"Dark -  Lighting";"Mixed (30% To 70% Developed)";"2 lanes";2;"Straight - Bottom";"Local Street";"Wet";"Two-Way, Not Divided";"None";"Four-Way Intersection";"Smooth Asphalt";"Piedmont";"Urban";"20 - 25  MPH";"Stop Sign";"Cloudy";"No";"34.98989, -80.5586"
"3998";578;579;"No";"25-29";25;"No";"With Traffic";"C: Possible Injury";"Travel Lane";"White";"Male";"Asheville";"Buncombe";"No";"01-01-05";2012-08-10;"Motorist Failed to Yield - Sign-Controlled Intersection";9;"Intersection";"01-08-01";1-01-01 09:51:58;"Motorist Drive Out - Sign-Controlled Intersection";NA;2012;"C: Possible Injury";"Commercial";"30-39";30;"No";"0-5 mph";"O: No Injury";"White";"Male";"Passenger Car";"No";"No";"Dark -  Lighting";"Urban (>70% Developed)";"2 lanes";2;"Straight - Level";"Local Street";"Dry";"Two-Way, Not Divided";"None";"No Special Feature";"Smooth Asphalt";"Mountains";"Urban";"30 - 35  MPH";"Stop Sign";"Clear";"No";"35.56909, -82.5444"
"3999";581;582;"Yes";"15-Nov";14;"No";"Facing Traffic";"C: Possible Injury";"Multi-use Path";"White";"Male";"Nags Head";"Dare";"No";"01-01-04";2012-07-26;"Motorist Failed to Yield - Midblock";21;"Non-Intersection";"01-07-01";1-01-01 21:53:58;"Motorist Drive Out - Commercial Driveway / Alley";NA;2012;"C: Possible Injury";"Commercial";"60-69";61;"No";"6-10 mph";"O: No Injury";"White";"Male";"Passenger Car";"No";"No";"Dark - Roadway Not Lighted";"Urban (>70% Developed)";NA;2;"Straight - Level";"Public Vehicular Area";"Dry";"Two-Way, Not Divided";"None";"Driveway, Public";"Smooth Asphalt";"Coastal";"Rural";"5 - 15 MPH";"No Control Present";"Clear";"No";"35.97764, -75.6355"
"4000";582;583;"Yes";"50-59";55;"No";"With Traffic";"O: No Injury";"Travel Lane";"Black";"Male";"Salisbury";"Rowan";"No";"01-01-05";2012-08-17;"Crossing Paths - Other Circumstances";16;"Intersection-Related";"01-08-01";1-01-01 16:28:58;"Crossing Paths - Intersection - Other /";NA;2012;"O: No Injury";"Residential";"50-59";53;"No";"6-10 mph";"O: No Injury";"White";"Male";"Passenger Car";"No";"No";"Daylight";"Urban (>70% Developed)";"2 lanes";2;"Straight - Level";"Local Street";"Wet";"Two-Way, Not Divided";"None";"T-Intersection";"Smooth Asphalt";"Piedmont";"Urban";"30 - 35  MPH";"Stop Sign";"Rain";"No";"35.67276, -80.4719"
"4001";662;663;"Yes";"30-39";37;"No";"Facing Traffic";"A: Disabling Injury";"Travel Lane";"Black";"Male";"Goldsboro";"Wayne";"No";"01-01-03";2008-08-20;"Motorist Failed to Yield - Sign-Controlled Intersection";23;"Intersection";"01-08-01";1-01-01 23:25:58;"Motorist Drive Through - Sign-Controlled Intersection";112143;2008;"A: Disabling Injury";"Commercial";"0-19";19;"No";NA;"Injury";"/Missing";NA;"Passenger Car";"No";"Yes";"Dark - Lighted Roadway";"Urban (>70% Developed)";"4 lanes";2;"Straight - Level";"Local Street";"Dry";"Two-Way, Divided, Unprotected Median";"None";"T-Intersection";"Coarse Asphalt";"Coastal";"Urban";"30 - 35  MPH";"Stop Sign";"Clear";"No";"0.0, 0.0"
"4002";666;667;"Yes";"15-Nov";15;"No";"Facing Traffic";"C: Possible Injury";"Sidewalk / Crosswalk / Driveway Crossing";"Black";"Male";"Charlotte";"Mecklenburg";"No";"01-01-02";2008-09-16;"Motorist Failed to Yield - Midblock";10;"Non-Intersection";"01-09-01";1-01-01 10:51:58;"Motorist Drive Out - Commercial Driveway / Alley";332322;2008;"C: Possible Injury";"Commercial";"60-69";60;"No";"0-5 mph";"O: No Injury";"White";"Male";"Van";"No";"No";"Daylight";"Urban (>70% Developed)";NA;2;"Straight - Level";"Public Vehicular Area";"Wet";"Two-Way, Not Divided";"None";"Driveway, Public";"Concrete";"Piedmont";"Urban";"5 - 15 MPH";"No Control Present";"Rain";"No";"0.0, 0.0"
"4003";668;669;"Yes";"50-59";52;"No";"With Traffic";"B: Evident Injury";"Travel Lane";"Black";"Male";"None - Rural Crash";"Cleveland";"No";"01-01-03";2008-08-27;"Motorist Overtaking Bicyclist";11;"Non-Intersection";"01-08-01";1-01-01 11:51:58;"Motorist Overtaking - Misjudged Space";311232;2008;"B: Evident Injury";"Residential";"60-69";62;"No";"31-35 mph";"O: No Injury";"White";"Female";"Sport Utility";"No";"No";"Daylight";"Mixed (30% To 70% Developed)";"2 lanes";2;"Straight - Level";"State Secondary Route";"Wet";"Two-Way, Not Divided";"None";"No Special Feature";"Smooth Asphalt";"Mountains";"Rural";"50 - 55  MPH";"Missing";"Rain";"No";"0.0, 0.0"
"4004";673;674;"Yes";NA;NA;"No";"With Traffic";"B: Evident Injury";"Bike Lane / Paved Shoulder";"White";"Male";"None - Rural Crash";"Gaston";"No";NA;2008-08-18;"Parallel Paths - Other Circumstances";14;"Non-Intersection";"01-08-01";1-01-01 14:08:58;"Bicyclist Ride Out - Parallel Path";321225;2008;"B: Evident Injury";"Residential";"30-39";33;"No";"36-40 mph";"O: No Injury";"White";"Male";"Sport Utility";"No";"No";"Daylight";"Rural (<30% Developed)";"2 lanes";2;"Curve - Level";"State Secondary Route";"Dry";"Two-Way, Not Divided";"None";"T-Intersection";"Smooth Asphalt";"Piedmont";"Rural";"40 - 45  MPH";"No Control Present";"Cloudy";"No";"0.0, 0.0"
"4005";675;676;"Yes";"16-19";18;"No";"Facing Traffic";"C: Possible Injury";"Sidewalk / Crosswalk / Driveway Crossing";"White";"Female";"Boone";"Watauga";"No";"01-01-04";2008-08-28;"Motorist Failed to Yield - Sign-Controlled Intersection";19;"Intersection";"01-08-01";1-01-01 19:44:58;"Motorist Drive Out - Sign-Controlled Intersection";132141;2008;"C: Possible Injury";"Commercial";"20-24";21;"No";NA;"O: No Injury";"White";"Male";"Passenger Car";"No";"No";"Daylight";"Urban (>70% Developed)";"2 lanes";2;"Straight - Level";"Local Street";"Dry";"Two-Way, Not Divided";"None";"T-Intersection";"Smooth Asphalt";"Mountains";"Urban";"20 - 25  MPH";"Stop Sign";"Clear";"No";"0.0, 0.0"
"4006";682;683;"No";"15-Nov";13;"No";"Not Applicable";"B: Evident Injury";"Non-Roadway";"White";"Male";"None - Rural Crash";"Pasquotank";"No";"01-01-02";2008-09-02;"Bicyclist Failed to Yield - Midblock";17;"Non-Intersection";"01-09-01";1-01-01 17:01:58;"Bicyclist Ride Out - Other Midblock";363318;2008;"B: Evident Injury";"Commercial";"0-19";17;"No";"51-55 mph";"O: No Injury";"Black";"Male";"Passenger Car";"No";"No";"Daylight";"Mixed (30% To 70% Developed)";"4 lanes";2;"Straight - Level";"US Route";"Dry";"Two-Way, Divided, Unprotected Median";"None";"No Special Feature";"Coarse Asphalt";"Coastal";"Rural";"50 - 55  MPH";"No Control Present";"Clear";"No";"0.0, 0.0"
"4007";684;685;"Yes";"30-39";37;"No";"With Traffic";"C: Possible Injury";"Bike Lane / Paved Shoulder";"Black";"Male";"Kinston";"Lenoir";"No";NA;2008-09-22;"Motorist Overtaking Bicyclist";5;"Non-Intersection";"01-09-01";1-01-01 05:53:58;"Motorist Overtaking - Undetected Bicyclist";321231;2008;"C: Possible Injury";"Commercial";NA;NA;"Missing";NA;"Injury";"/Missing";NA;"Tractor/Semi-Trailer";"No";"Yes";"Dark - Lighted Roadway";"Urban (>70% Developed)";"6 lanes";2;"Straight - Level";"US Route";"Dry";"Two-Way, Divided, Unprotected Median";"None";"No Special Feature";"Smooth Asphalt";"Coastal";"Urban";"40 - 45  MPH";"No Control Present";"Clear";"No";"0.0, 0.0"
"4008";690;691;"Yes";"15-Nov";14;"No";"Facing Traffic";"B: Evident Injury";"Travel Lane";"Black";"Male";"Fayetteville";"Cumberland";"No";"01-01-04";2008-05-22;"Loss of Control / Turning Error";17;"Intersection";"01-05-01";1-01-01 17:31:58;"Bicyclist Lost Control - Mechanical Problems";112121;2008;"B: Evident Injury";"Residential";"40-49";49;"No";"0-5 mph";"O: No Injury";"Asian";"Male";"Pickup";"No";"No";"Daylight";"Urban (>70% Developed)";"8 lanes";2;"Straight - Level";"Local Street";"Dry";"Two-Way, Not Divided";"None";"Four-Way Intersection";"Coarse Asphalt";"Coastal";"Urban";"30 - 35  MPH";"Stop Sign";"Clear";"No";"0.0, 0.0"