"FID";"OBJECTID";"AmbulanceR";"BikeAge_Gr";"Bike_Age";"Bike_Alc_D";"Bike_Dir";"Bike_Injur";"Bike_Pos";"Bike_Race";"Bike_Sex";"City";"County";"CrashAlcoh";"CrashDay";"Crash_Date";"Crash_Grp";"Crash_Hour";"Crash_Loc";"Crash_Mont";"Crash_Time";"Crash_Type";"Crash_Ty_1";"Crash_Year";"Crsh_Sevri";"Developmen";"DrvrAge_Gr";"Drvr_Age";"Drvr_Alc_D";"Drvr_EstSp";"Drvr_Injur";"Drvr_Race";"Drvr_Sex";"Drvr_VehTy";"ExcsSpdInd";"Hit_Run";"Light_Cond";"Locality";"Num_Lanes";"Num_Units";"Rd_Charact";"Rd_Class";"Rd_Conditi";"Rd_Config";"Rd_Defects";"Rd_Feature";"Rd_Surface";"Region";"Rural_Urba";"Speed_Limi";"Traff_Cntr";"Weather";"Workzone_I";"Location"
"4009";694;695;"Yes";"15-Nov";12;"No";"With Traffic";"C: Possible Injury";"Sidewalk / Crosswalk / Driveway Crossing";"Black";"Male";"Chapel Hill";"Orange";"No";"01-01-03";2008-09-03;"Bicyclist Failed to Yield - Signalized Intersection";17;"Intersection";"01-09-01";1-01-01 17:15:58;"Bicyclist Failed to Clear - Trapped";131156;2008;"C: Possible Injury";"Commercial";"20-24";22;"No";"0-5 mph";"O: No Injury";"White";"Female";"Passenger Car";"No";"No";"Daylight";"Urban (>70% Developed)";"4 lanes";2;"Straight - Level";"Local Street";"Dry";"Two-Way, Divided, Unprotected Median";"None";"Four-Way Intersection";"Smooth Asphalt";"Piedmont";"Urban";"30 - 35  MPH";"Stop And Go Signal";"Clear";"No";"0.0, 0.0"
"4010";699;700;"Yes";"25-29";25;"No";"Facing Traffic";"B: Evident Injury";"Travel Lane";"White";"Male";"Chapel Hill";"Orange";"No";"01-01-05";2008-08-29;"Crossing Paths - Other Circumstances";21;"Intersection";"01-08-01";1-01-01 21:54:58;"Crossing Paths - Uncontrolled Intersection";112160;2008;"B: Evident Injury";"Residential";"20-24";20;"No";"6-10 mph";"O: No Injury";"White";"Male";"Passenger Car";"No";"No";"Dark - Lighted Roadway";"Urban (>70% Developed)";"2 lanes";2;"Straight - Level";"Local Street";"Dry";"Two-Way, Not Divided";"None";"T-Intersection";"Smooth Asphalt";"Piedmont";"Urban";"20 - 25  MPH";"No Control Present";"Cloudy";"No";"0.0, 0.0"
"4011";703;704;"No";"25-29";26;"No";"Facing Traffic";"B: Evident Injury";"Travel Lane";"White";"Male";"Durham";"Durham";"No";"01-01-03";2008-09-24;"Motorist Left Turn / Merge";20;"Intersection";"01-09-01";1-01-01 20:30:58;"Motorist Left Turn - Same Direction";112211;2008;"B: Evident Injury";"Commercial";"40-49";47;"No";"31-35 mph";"O: No Injury";"White";"Male";"Sport Utility";"No";"No";"Dark - Roadway Not Lighted";"Urban (>70% Developed)";"2 lanes";2;"Straight - Level";"Local Street";"Dry";"Two-Way, Divided, Unprotected Median";"None";"No Special Feature";"Coarse Asphalt";"Piedmont";"Urban";"30 - 35  MPH";"Stop And Go Signal";"Clear";"No";"0.0, 0.0"
"4012";705;706;"No";"20-24";20;"No";"Not Applicable";"O: No Injury";"Non-Roadway";"White";"Male";"Fayetteville";"Cumberland";"No";NA;2008-09-08;"Non-Roadway";21;"Non-Roadway";"01-09-01";1-01-01 21:36:58;"Non-Roadway";460910;2008;"O: No Injury";"Commercial";"25-29";25;"No";"6-10 mph";"O: No Injury";"Black";"Male";"Passenger Car";"No";"No";"Dark - Lighted Roadway";"Urban (>70% Developed)";"2 lanes";2;"Straight - Level";"Public Vehicular Area";"Dry";"Two-Way, Not Divided";"None";"No Special Feature";"Coarse Asphalt";"Coastal";"Urban";"30 - 35  MPH";"No Control Present";"Clear";"No";"0.0, 0.0"
"4013";711;712;"No";"20-24";23;"No";"With Traffic";"B: Evident Injury";"Travel Lane";"White";"Male";"Boone";"Watauga";"No";"01-01-02";2008-09-09;"Bicyclist Overtaking Motorist";13;"Non-Intersection";"01-09-01";1-01-01 13:58:58;"Bicyclist Overtaking - Other /";311249;2008;"B: Evident Injury";"Institutional";"30-39";30;"No";"16-20 mph";"O: No Injury";"White";"Female";"Sport Utility";"No";"No";"Daylight";"Rural (<30% Developed)";"4 lanes";2;"Straight - Level";"Local Street";"Wet";"Two-Way, Not Divided";"None";"No Special Feature";"Smooth Asphalt";"Mountains";"Urban";"20 - 25  MPH";"Stop And Go Signal";"Cloudy";"No";"0.0, 0.0"
"4014";713;714;"Yes";"20-24";22;"No";"With Traffic";"B: Evident Injury";"Travel Lane";"White";"Male";"Clinton";"Sampson";"No";"01-01-03";2008-09-10;"Bicyclist Left Turn / Merge";6;"Non-Intersection";"01-09-01";1-01-01 06:19:58;"Bicyclist Left Turn - Opposite Direction";311222;2008;"B: Evident Injury";"Commercial";"20-24";20;"No";"31-35 mph";"O: No Injury";"Hispanic";"Male";"Passenger Car";"No";"No";"Dark - Lighted Roadway";"Urban (>70% Developed)";"3 lanes";2;"Straight - Level";"Local Street";"Dry";"Two-Way, Not Divided";"None";"No Special Feature";"Coarse Asphalt";"Coastal";"Urban";"30 - 35  MPH";"No Control Present";"Cloudy";"No";"0.0, 0.0"
"4015";714;715;"Yes";"15-Nov";13;"No";"Not Applicable";"B: Evident Injury";"Non-Roadway";"Black";"Male";"Raleigh";"Wake";"No";"01-01-04";2008-06-26;"Bicyclist Failed to Yield - Midblock";18;"Non-Intersection";"01-06-01";1-01-01 18:18:58;"Bicyclist Ride Out - Other Midblock";363318;2008;"B: Evident Injury";"Residential";"60-69";60;"No";"31-35 mph";"O: No Injury";"Black";"Female";"Sport Utility";"No";"No";"Daylight";"Urban (>70% Developed)";"1 lane";2;"Straight - Level";"Local Street";"Dry";"One-Way, Not Divided";"None";"No Special Feature";"Smooth Asphalt";"Piedmont";"Urban";"30 - 35  MPH";"Missing";"Clear";"No";"0.0, 0.0"
"4016";721;722;"Yes";"30-39";31;"No";"With Traffic";"C: Possible Injury";"Travel Lane";"Native American";"Male";"None - Rural Crash";"Robeson";"No";"01-01-04";2008-09-11;"Motorist Overtaking Bicyclist";23;"Non-Intersection";"01-09-01";1-01-01 23:18:58;"Motorist Overtaking - Other /";311239;2008;"C: Possible Injury";"Farms, Woods, Pastures";NA;NA;"Missing";"51-55 mph";"Injury";"/Missing";NA;NA;"No";"Yes";"Dark - Roadway Not Lighted";"Rural (<30% Developed)";"2 lanes";2;"Straight - Level";"State Secondary Route";"Dry";"Two-Way, Not Divided";"None";"No Special Feature";"Coarse Asphalt";"Coastal";"Rural";"50 - 55  MPH";"No Control Present";"Clear";"No";"0.0, 0.0"
"4017";732;733;"No";"20-24";20;"No";"Not Applicable";"C: Possible Injury";"Non-Roadway";"White";"Male";"Raleigh";"Wake";"No";"01-01-02";2008-09-16;"Non-Roadway";8;"Non-Roadway";"01-09-01";1-01-01 08:12:58;"Non-Roadway";460910;2008;"C: Possible Injury";"Institutional";"20-24";20;"No";"0-5 mph";"O: No Injury";"White";"Male";"Passenger Car";"No";"No";"Daylight";"Urban (>70% Developed)";NA;2;"Straight - Hillcrest";"Local Street";"Dry";"Two-Way, Not Divided";"None";"Driveway, Public";"Smooth Asphalt";"Piedmont";"Urban";"5 - 15 MPH";"No Control Present";"Cloudy";"No";"0.0, 0.0"
"4018";736;737;"Yes";"50-59";55;"No";"Facing Traffic";"K: Killed";"Travel Lane";"White";"Male";"None - Rural Crash";"Caswell";"No";"01-01-06";2008-09-20;"Head-On";6;"Non-Intersection";"01-09-01";1-01-01 06:54:58;"Head-On - Bicyclist";312250;2008;"K: Killed";"Farms, Woods, Pastures";"30-39";31;"No";"46-50 mph";"O: No Injury";"White";"Female";"Pickup";"No";"No";"Dark - Roadway Not Lighted";"Rural (<30% Developed)";"2 lanes";2;"Straight - Level";"State Secondary Route";"Dry";"Two-Way, Not Divided";"None";"No Special Feature";"Smooth Asphalt";"Piedmont";"Rural";"50 - 55  MPH";"Double Yellow Line, No Passing Zone";"Clear";"No";"0.0, 0.0"
"4019";740;741;"Yes";"40-49";45;"No";"With Traffic";"B: Evident Injury";"Travel Lane";"Black";"Male";"Reidsville";"Rockingham";"No";"01-01-04";2008-09-04;"Backing Vehicle";18;"Intersection-Related";"01-09-01";1-01-01 18:02:58;"Backing Vehicle";211600;2008;"B: Evident Injury";"Residential";"30-39";31;"No";"0-5 mph";"O: No Injury";"White";"Male";"Passenger Car";"No";"No";"Daylight";"Urban (>70% Developed)";"2 lanes";2;"Straight - Hillcrest";"Local Street";"Dry";"Two-Way, Not Divided";"None";"T-Intersection";"Smooth Asphalt";"Piedmont";"Urban";"5 - 15 MPH";"Stop Sign";"Clear";"No";"0.0, 0.0"
"4020";744;745;"No";"30-39";34;"No";"With Traffic";"B: Evident Injury";"Bike Lane / Paved Shoulder";"Black";"Male";"Goldsboro";"Wayne";"No";"01-01-06";2008-09-27;"Other / Unusual Circumstances";14;"Non-Intersection";"01-09-01";1-01-01 14:29:58;"Motorist Intentionally Caused";321510;2008;"B: Evident Injury";"Residential";"30-39";35;"No";"31-35 mph";"C: Possible Injury";"Black";"Female";"Sport Utility";"No";"No";"Daylight";"Mixed (30% To 70% Developed)";"2 lanes";2;"Straight - Level";"Local Street";"Dry";"Two-Way, Not Divided";"None";"No Special Feature";"Coarse Asphalt";"Coastal";"Urban";"30 - 35  MPH";"No Control Present";"Clear";"No";"0.0, 0.0"
"4021";746;747;"No";"40-49";44;"No";"With Traffic";"Injury";"Other";"White";"Male";"None - Rural Crash";"Columbus";"No";"01-01-02";2008-09-16;"Crossing Paths - Other Circumstances";20;"Intersection";"01-09-01";1-01-01 20:21:58;"Sign-Controlled Intersection - Other /";181148;2008;"O: No Injury";"Farms, Woods, Pastures";"70+";NA;"No";"0-5 mph";"O: No Injury";"White";"Female";"Passenger Car";"No";"No";"Dark - Roadway Not Lighted";"Rural (<30% Developed)";"2 lanes";2;"Straight - Level";"US Route";"Dry";"Two-Way, Not Divided";"None";"On or Off Ramp";"Smooth Asphalt";"Coastal";"Rural";"50 - 55  MPH";"Stop Sign";"Cloudy";"No";"0.0, 0.0"
"4022";752;753;"Yes";"30-39";39;"No";"With Traffic";"K: Killed";"Travel Lane";"Native American";"Female";"None - Rural Crash";"Halifax";"No";"01-01-02";2008-09-16;"Motorist Overtaking Bicyclist";19;"Non-Intersection";"01-09-01";1-01-01 19:58:58;"Motorist Overtaking - Other /";311239;2008;"K: Killed";"Residential";"0-19";16;"No";"41-45 mph";"O: No Injury";"Native American";"Male";"Passenger Car";"No";"No";"Dark - Roadway Not Lighted";"Mixed (30% To 70% Developed)";"2 lanes";2;"Straight - Level";"State Secondary Route";"Dry";"Two-Way, Not Divided";"None";"No Special Feature";"Smooth Asphalt";"Coastal";"Rural";"40 - 45  MPH";"Double Yellow Line, No Passing Zone";"Fog, Smog, Smoke";"No";"0.0, 0.0"
"4023";754;755;"Yes";"20-24";23;"No";"With Traffic";"B: Evident Injury";"Travel Lane";"White";"Female";"Greensboro";"Guilford";"No";"01-01-06";2008-09-20;"Bicyclist Failed to Yield - Signalized Intersection";13;"Intersection";"01-09-01";1-01-01 13:31:58;"Bicyclist Ride Through - Signalized Intersection";111155;2008;"B: Evident Injury";"Residential";"60-69";60;"No";"31-35 mph";"O: No Injury";"White";"Male";"Passenger Car";"No";"No";"Daylight";"Rural (<30% Developed)";"4 lanes";2;"Straight - Level";"Local Street";"Dry";"Two-Way, Divided, Positive Median Barrier";"None";"No Special Feature";"Smooth Asphalt";"Piedmont";"Urban";"30 - 35  MPH";"Stop And Go Signal";"Clear";"No";"0.0, 0.0"
"4024";758;759;"No";"16-19";17;"No";"Facing Traffic";"B: Evident Injury";"Sidewalk / Crosswalk / Driveway Crossing";"White";"Male";"Asheville";"Buncombe";"Yes";"01-01-05";2008-09-26;"Motorist Failed to Yield - Signalized Intersection";23;"Intersection";"01-09-01";1-01-01 23:22:58;"Motorist Drive Through - Signalized Intersection";132154;2008;"B: Evident Injury";"Commercial";"20-24";21;"Yes";NA;"O: No Injury";"White";"Male";"Sport Utility";"No";"No";"Dark - Lighted Roadway";"Urban (>70% Developed)";"4 lanes";2;"Straight - Grade";"Local Street";"Wet";"Two-Way, Not Divided";"None";"Four-Way Intersection";"Smooth Asphalt";"Mountains";"Urban";"20 - 25  MPH";"Stop And Go Signal";"Rain";"No";"0.0, 0.0"
"4025";765;766;"No";"40-49";47;"Yes";"Facing Traffic";"O: No Injury";"Travel Lane";"Black";"Male";"Kannapolis";"Cabarrus";"Yes";"01-01-05";2008-10-03;"Motorist Left Turn / Merge";16;"Non-Intersection";"01-10-01";1-01-01 16:12:58;"Motorist Left Turn - Same Direction";312211;2008;"O: No Injury";"Commercial";"50-59";51;"No";"6-10 mph";"O: No Injury";"White";"Male";"Pickup";"No";"No";"Daylight";"Urban (>70% Developed)";"4 lanes";2;"Straight - Level";"Local Street";"Dry";"Two-Way, Not Divided";"None";"No Special Feature";"Smooth Asphalt";"Piedmont";"Urban";"40 - 45  MPH";"No Control Present";"Clear";"No";"0.0, 0.0"
"4026";768;769;"Yes";"50-59";53;"No";"With Traffic";"A: Disabling Injury";"Travel Lane";"White";"Female";"Kannapolis";"Cabarrus";"No";"01-01-06";2008-10-04;"Motorist Overtaking Bicyclist";18;"Non-Intersection";"01-10-01";1-01-01 18:03:58;"Motorist Overtaking - Undetected Bicyclist";311231;2008;"A: Disabling Injury";"Commercial";"50-59";59;"No";"41-45 mph";"O: No Injury";"White";"Male";"Sport Utility";"No";"No";"Daylight";"Urban (>70% Developed)";"5 lanes";2;"Straight - Grade";"Local Street";"Dry";"Two-Way, Not Divided";"None";"No Special Feature";"Smooth Asphalt";"Piedmont";"Urban";"40 - 45  MPH";"No Control Present";"Clear";"No";"0.0, 0.0"
"4027";769;770;"Yes";"40-49";47;"No";"Facing Traffic";"K: Killed";"Travel Lane";"White";"Male";"Salisbury";"Rowan";"No";NA;2008-10-13;"Head-On";18;"Non-Intersection";"01-10-01";1-01-01 18:45:58;"Head-On - Bicyclist";312250;2008;"K: Killed";"Commercial";"20-24";20;"No";"46-50 mph";"O: No Injury";"White";"Male";"Pickup";"No";"No";"Daylight";"Mixed (30% To 70% Developed)";"5 lanes";2;"Straight - Level";"US Route";"Dry";"Two-Way, Not Divided";"None";"No Special Feature";"Coarse Asphalt";"Piedmont";"Urban";"50 - 55  MPH";"No Control Present";"Clear";"No";"0.0, 0.0"
"4028";772;773;"No";"20-24";24;"Yes";"With Traffic";"A: Disabling Injury";"Travel Lane";"White";"Male";"Leland";"Brunswick";"Yes";"01-01-02";2008-09-23;"Bicyclist Left Turn / Merge";23;"Non-Intersection";"01-09-01";1-01-01 23:28:58;"Bicyclist Left Turn - Same Direction";311221;2008;"A: Disabling Injury";"Farms, Woods, Pastures";"30-39";33;"No";NA;"O: No Injury";"Asian";"Male";"Passenger Car";"No";"No";"Dark - Roadway Not Lighted";"Urban (>70% Developed)";"2 lanes";2;"Straight - Grade";"US Route";"Dry";"One-Way, Not Divided";"None";"On or Off Ramp";"Smooth Asphalt";"Coastal";"Rural";"50 - 55  MPH";"Missing";"Clear";"No";"0.0, 0.0"
"4029";781;782;"No";"20-24";21;"No";"With Traffic";"C: Possible Injury";"Travel Lane";"Black";"Male";"Henderson";"Vance";"No";"01-01-03";2008-10-15;"Motorist Overtaking Bicyclist";16;"Non-Intersection";"01-10-01";1-01-01 15:59:58;"Motorist Overtaking - Other /";311239;2008;"C: Possible Injury";"Residential";NA;NA;"No";"31-35 mph";"Injury";"/Missing";NA;"Pickup";"No";"Yes";"Daylight";"Urban (>70% Developed)";"2 lanes";2;"Curve - Level";"State Secondary Route";"Dry";"Two-Way, Not Divided";"None";"No Special Feature";"Coarse Asphalt";"Piedmont";"Urban";"30 - 35  MPH";"Double Yellow Line, No Passing Zone";"Clear";"No";"0.0, 0.0"
"4030";788;789;"No";"20-24";24;"No";"With Traffic";"C: Possible Injury";"Travel Lane";"White";"Male";"Boone";"Watauga";"No";"01-01-06";2008-10-11;"Motorist Right Turn / Merge";14;"Intersection";"01-10-01";1-01-01 14:34:58;"Motorist Right Turn - Same Direction";111213;2008;"C: Possible Injury";"Institutional";"0-19";19;"No";"0-5 mph";"O: No Injury";"Asian";"Female";"Passenger Car";"No";"No";"Daylight";"Urban (>70% Developed)";"4 lanes";2;"Straight - Bottom";"Local Street";"Dry";"Two-Way, Not Divided";"None";"T-Intersection";"Smooth Asphalt";"Mountains";"Urban";"20 - 25  MPH";"Stop And Go Signal";"Clear";"No";"0.0, 0.0"
"4031";793;794;"No";"30-39";37;"No";"Facing Traffic";"C: Possible Injury";"Sidewalk / Crosswalk / Driveway Crossing";"Black";"Male";"Cary";"Wake";"No";"01-01-05";2008-10-17;"Motorist Failed to Yield - Sign-Controlled Intersection";14;"Intersection";"01-10-01";1-01-01 13:59:58;"Motorist Drive Out - Sign-Controlled Intersection";132141;2008;"C: Possible Injury";"Residential";"20-24";20;"No";"0-5 mph";"O: No Injury";"White";"Female";"Passenger Car";"No";"No";"Daylight";"Urban (>70% Developed)";"2 lanes";2;"Straight - Level";"Local Street";"Dry";"Two-Way, Divided, Unprotected Median";"None";"T-Intersection";"Smooth Asphalt";"Piedmont";"Urban";"30 - 35  MPH";"Stop Sign";"Clear";"No";"0.0, 0.0"
"4032";796;797;"No";"50-59";55;"Yes";"With Traffic";"B: Evident Injury";"Travel Lane";"Black";"Male";"Lumberton";"Robeson";"Yes";"01-01-07";2008-10-12;"Bicyclist Right Turn / Merge";10;"Non-Intersection";"01-10-01";1-01-01 10:44:58;"Bicyclist Right Turn - Same Direction";311223;2008;"B: Evident Injury";"Commercial";"40-49";42;"No";"6-10 mph";"Injury";"Hispanic";"Male";"Passenger Car";"No";"No";"Daylight";"Urban (>70% Developed)";"3 lanes";2;"Straight - Level";"Local Street";"Dry";"Two-Way, Not Divided";"None";"No Special Feature";"Coarse Asphalt";"Coastal";"Urban";"30 - 35  MPH";"Stop And Go Signal";"Clear";"No";"0.0, 0.0"
"4033";797;798;"No";"50-59";54;"No";"With Traffic";"C: Possible Injury";"Travel Lane";"Native American";"Male";"None - Rural Crash";"Robeson";"No";"01-01-06";2008-10-11;"Motorist Overtaking Bicyclist";21;"Non-Intersection";"01-10-01";1-01-01 21:34:58;"Motorist Overtaking - Undetected Bicyclist";311231;2008;"C: Possible Injury";"Residential";"50-59";58;"No";"36-40 mph";"O: No Injury";"White";"Male";"Pickup";"No";"No";"Dark - Roadway Not Lighted";"Rural (<30% Developed)";"2 lanes";2;"Straight - Level";"State Secondary Route";"Wet";"Two-Way, Not Divided";"None";"No Special Feature";"Smooth Asphalt";"Coastal";"Rural";"50 - 55  MPH";"Double Yellow Line, No Passing Zone";"Rain";"No";"0.0, 0.0"
"4034";803;804;"Yes";"40-49";42;"No";"Facing Traffic";"O: No Injury";"Bike Lane / Paved Shoulder";"Native American";"Male";"Pembroke";"Robeson";"No";"01-01-05";2008-10-24;"Head-On";20;"Intersection";"01-10-01";1-01-01 20:44:58;"Head-On - Bicyclist";122250;2008;"O: No Injury";"Commercial";NA;NA;"Missing";NA;"Injury";"/Missing";NA;"Passenger Car";"No";"Yes";"Dark - Lighted Roadway";"Urban (>70% Developed)";"4 lanes";2;"Straight - Level";"Local Street";"Wet";"Two-Way, Not Divided";"None";"T-Intersection";"Smooth Asphalt";"Coastal";"Rural";NA;"Stop Sign";"Cloudy";"No";"0.0, 0.0"
"4035";815;816;"Yes";"60-69";69;"No";"With Traffic";"B: Evident Injury";"Travel Lane";"White";"Male";"Charlotte";"Mecklenburg";"No";"01-01-06";2008-11-01;"Loss of Control / Turning Error";14;"Intersection";"01-11-01";1-01-01 14:34:58;"Motorist Turning Error - Left Turn";111111;2008;"B: Evident Injury";"Residential";"0-19";17;"No";"21-25 mph";"O: No Injury";"White";"Male";"Sport Utility";"No";"No";"Daylight";"Urban (>70% Developed)";"2 lanes";2;"Straight - Grade";"Local Street";"Dry";"Two-Way, Not Divided";"None";"T-Intersection";"Smooth Asphalt";"Piedmont";"Urban";"20 - 25  MPH";"Stop Sign";"Clear";"No";"0.0, 0.0"
"4036";818;819;"Yes";"40-49";47;"No";"With Traffic";"B: Evident Injury";"Bike Lane / Paved Shoulder";"White";"Male";"None - Rural Crash";"Cumberland";"No";NA;2008-09-29;"Motorist Overtaking Bicyclist";18;"Non-Intersection";"01-09-01";1-01-01 18:01:58;"Motorist Overtaking - Misjudged Space";321232;2008;"B: Evident Injury";"Residential";"50-59";51;"No";"51-55 mph";"O: No Injury";"White";"Male";"Pickup";"No";"Yes";"Daylight";"Mixed (30% To 70% Developed)";"2 lanes";2;"Straight - Level";"State Secondary Route";"Dry";"Two-Way, Not Divided";"None";"No Special Feature";"Coarse Asphalt";"Coastal";"Rural";"50 - 55  MPH";"Double Yellow Line, No Passing Zone";"Clear";"No";"0.0, 0.0"
"4037";819;820;"Yes";"30-39";37;"No";"Facing Traffic";"C: Possible Injury";"Sidewalk / Crosswalk / Driveway Crossing";"Black";"Male";"Asheboro";"Randolph";"No";"01-01-03";2008-10-08;"Motorist Failed to Yield - Sign-Controlled Intersection";7;"Intersection";"01-10-01";1-01-01 07:54:58;"Motorist Drive Out - Sign-Controlled Intersection";132141;2008;"C: Possible Injury";"Commercial";"30-39";39;"No";NA;"O: No Injury";"White";"Female";"Passenger Car";"No";"No";"Daylight";"Urban (>70% Developed)";"2 lanes";2;"Straight - Level";"State Secondary Route";"Dry";"Two-Way, Not Divided";"None";"T-Intersection";"Smooth Asphalt";"Piedmont";"Urban";"30 - 35  MPH";"Stop Sign";"Clear";"No";"0.0, 0.0"
"4038";820;821;"Yes";"40-49";47;"No";"With Traffic";"B: Evident Injury";"Travel Lane";"White";"Female";"Cary";"Wake";"No";"01-01-04";2008-10-16;"Other / Unusual Circumstances";8;"Intersection";"01-10-01";1-01-01 08:08:58;"Unusual Circumstances";111800;2008;"B: Evident Injury";"Commercial";"30-39";32;"No";"41-45 mph";"C: Possible Injury";"Black";"Female";"Sport Utility";"No";"No";"Daylight";"Urban (>70% Developed)";"4 lanes";4;"Straight - Grade";"NC Route";"Dry";"Two-Way, Divided, Unprotected Median";"None";"Four-Way Intersection";"Smooth Asphalt";"Piedmont";"Urban";"40 - 45  MPH";"Stop And Go Signal";"Clear";"No";"0.0, 0.0"
"4039";830;831;"Yes";"20-24";20;"No";"With Traffic";"C: Possible Injury";"Bike Lane / Paved Shoulder";"Black";"Male";"None - Rural Crash";"Halifax";"No";"01-01-02";2008-10-07;"Head-On";19;"Non-Intersection";"01-10-01";1-01-01 19:06:58;"Head-On - Motorist";321255;2008;"C: Possible Injury";"Farms, Woods, Pastures";NA;NA;"Missing";"41-45 mph";"Injury";"/Missing";NA;NA;"No";"Yes";"Dusk";"Rural (<30% Developed)";"2 lanes";2;"Straight - Bottom";"State Secondary Route";"Dry";"Two-Way, Not Divided";"None";"No Special Feature";"Smooth Asphalt";"Coastal";"Rural";"50 - 55  MPH";"Double Yellow Line, No Passing Zone";"Clear";"No";"0.0, 0.0"
"4040";847;848;"Yes";"20-24";20;"No";"With Traffic";"B: Evident Injury";"Travel Lane";"Black";"Male";"High Point";"Guilford";"No";"01-01-03";2008-10-22;"Bicyclist Failed to Yield - Sign-Controlled Intersection";17;"Intersection";"01-10-01";1-01-01 17:18:58;"Bicyclist Ride Through - Sign-Controlled Intersection";111144;2008;"B: Evident Injury";"Residential";"30-39";39;"No";"16-20 mph";"O: No Injury";"White";"Female";"Van";"No";"No";"Daylight";"Urban (>70% Developed)";"2 lanes";2;"Straight - Grade";"Local Street";"Dry";"Two-Way, Not Divided";"None";"T-Intersection";"Smooth Asphalt";"Piedmont";"Urban";"30 - 35  MPH";"Stop Sign";"Clear";"No";"0.0, 0.0"
"4041";856;857;"No";"60-69";63;"No";"With Traffic";"A: Disabling Injury";"Travel Lane";"White";"Male";"Kannapolis";"Cabarrus";"No";"01-01-07";2008-11-02;"Motorist Overtaking Bicyclist";13;"Non-Intersection";"01-11-01";1-01-01 13:19:58;"Motorist Overtaking - Other /";311239;2008;"A: Disabling Injury";"Commercial";NA;NA;"Missing";"21-25 mph";"Injury";"/Missing";NA;"Light Truck (Mini-Van, Panel)";"No";"Yes";"Daylight";"Urban (>70% Developed)";"3 lanes";2;"Straight - Level";"US Route";"Dry";"Two-Way, Divided, Unprotected Median";"None";"Related To Intersection";"Smooth Asphalt";"Piedmont";"Urban";"20 - 25  MPH";"Stop And Go Signal";"Clear";"No";"0.0, 0.0"
"4042";863;864;"Yes";"16-19";17;"No";"Not Applicable";"K: Killed";"Non-Roadway";"White";"Male";"None - Rural Crash";"Iredell";"No";NA;2008-10-27;"Bicyclist Failed to Yield - Midblock";18;"Non-Intersection";"01-10-01";1-01-01 18:09:58;"Bicyclist Ride Out - Midblock -";363319;2008;"K: Killed";"Residential";"60-69";62;"No";"46-50 mph";"B: Evident Injury";"White";"Female";"Passenger Car";"No";"No";"Dusk";"Rural (<30% Developed)";"2 lanes";2;"Straight - Level";"State Secondary Route";"Dry";"Two-Way, Not Divided";"None";"T-Intersection";"Smooth Asphalt";"Piedmont";"Rural";"50 - 55  MPH";"Stop Sign";"Clear";"No";"0.0, 0.0"
"4043";865;866;"No";"40-49";41;"No";"With Traffic";"O: No Injury";"Travel Lane";"White";"Male";"Durham";"Durham";"No";NA;2008-11-03;"Motorist Failed to Yield - Midblock";18;"Non-Intersection";"01-11-01";1-01-01 18:05:58;"Motorist Drive Out - Commercial Driveway / Alley";311322;2008;"O: No Injury";"Commercial";"25-29";28;"No";"0-5 mph";"O: No Injury";"White";"Male";"Passenger Car";"No";"No";"Dark - Roadway Not Lighted";"Urban (>70% Developed)";"2 lanes";2;"Straight - Level";"Local Street";"Dry";"Two-Way, Not Divided";"None";"Driveway, Private";"Smooth Asphalt";"Piedmont";"Urban";"30 - 35  MPH";"No Control Present";"Clear";"No";"0.0, 0.0"
"4044";871;872;"No";"25-29";28;"No";"Facing Traffic";"O: No Injury";"Bike Lane / Paved Shoulder";"Hispanic";"Male";"Asheville";"Buncombe";"No";NA;2008-11-03;"Bicyclist Right Turn / Merge";6;"Non-Intersection";"01-11-01";1-01-01 06:14:58;"Bicyclist Right Turn - Opposite Direction";322224;2008;"O: No Injury";"Residential";"30-39";37;"No";"41-45 mph";"O: No Injury";"White";"Male";"Police";"No";"No";"Dark - Lighted Roadway";"Urban (>70% Developed)";"2 lanes";2;"Straight - Grade";"US Route";"Dry";"Two-Way, Not Divided";"None";"No Special Feature";"Smooth Asphalt";"Mountains";"Urban";"40 - 45  MPH";"Double Yellow Line, No Passing Zone";"Clear";"No";"0.0, 0.0"
"4045";876;877;"Yes";"15-Nov";11;"No";"With Traffic";"B: Evident Injury";"Travel Lane";"White";"Male";"None - Rural Crash";"Duplin";"No";"01-01-02";2008-11-25;"Bicyclist Left Turn / Merge";18;"Non-Intersection";"01-11-01";1-01-01 18:29:58;"Bicyclist Left Turn - Same Direction";311221;2008;"B: Evident Injury";"Farms, Woods, Pastures";"30-39";37;"No";"51-55 mph";"O: No Injury";"Black";"Female";"Light Truck (Mini-Van, Panel)";"No";"No";"Dark - Roadway Not Lighted";"Mixed (30% To 70% Developed)";"2 lanes";2;"Straight - Level";"State Secondary Route";"Dry";"Two-Way, Not Divided";"None";"No Special Feature";"Coarse Asphalt";"Coastal";"Rural";"50 - 55  MPH";"No Control Present";"Clear";"No";"0.0, 0.0"
"4046";878;879;"Yes";"40-49";42;"Yes";"With Traffic";"B: Evident Injury";"Travel Lane";"Black";"Male";"None - Rural Crash";"Sampson";"Yes";"01-01-05";2008-11-28;"Head-On";18;"Non-Intersection";"01-11-01";1-01-01 18:39:58;"Head-On - Bicyclist";311250;2008;"B: Evident Injury";"Farms, Woods, Pastures";NA;NA;"No";NA;"Injury";"/Missing";NA;NA;"No";"Yes";"Dark - Roadway Not Lighted";"Rural (<30% Developed)";"2 lanes";2;"Straight - Grade";"State Secondary Route";"Dry";"Two-Way, Not Divided";"None";"Bridge Approach";"Smooth Asphalt";"Coastal";"Rural";NA;"Double Yellow Line, No Passing Zone";"Clear";"No";"0.0, 0.0"