"FID";"OBJECTID";"AmbulanceR";"BikeAge_Gr";"Bike_Age";"Bike_Alc_D";"Bike_Dir";"Bike_Injur";"Bike_Pos";"Bike_Race";"Bike_Sex";"City";"County";"CrashAlcoh";"CrashDay";"Crash_Date";"Crash_Grp";"Crash_Hour";"Crash_Loc";"Crash_Mont";"Crash_Time";"Crash_Type";"Crash_Ty_1";"Crash_Year";"Crsh_Sevri";"Developmen";"DrvrAge_Gr";"Drvr_Age";"Drvr_Alc_D";"Drvr_EstSp";"Drvr_Injur";"Drvr_Race";"Drvr_Sex";"Drvr_VehTy";"ExcsSpdInd";"Hit_Run";"Light_Cond";"Locality";"Num_Lanes";"Num_Units";"Rd_Charact";"Rd_Class";"Rd_Conditi";"Rd_Config";"Rd_Defects";"Rd_Feature";"Rd_Surface";"Region";"Rural_Urba";"Speed_Limi";"Traff_Cntr";"Weather";"Workzone_I";"Location"
"4047";882;883;"No";"15-Nov";15;"No";"Facing Traffic";"C: Possible Injury";"Sidewalk / Crosswalk / Driveway Crossing";"White";"Male";"Greensboro";"Guilford";"No";"01-01-03";2008-10-22;"Motorist Failed to Yield - Midblock";19;"Non-Intersection";"01-10-01";1-01-01 19:07:58;"Motorist Drive Out - Commercial Driveway / Alley";332322;2008;"C: Possible Injury";"Commercial";NA;NA;"Missing";"0-5 mph";"Injury";"/Missing";NA;NA;"No";"Yes";"Dark - Lighted Roadway";"Urban (>70% Developed)";"7 lanes";2;"Straight - Level";"Public Vehicular Area";"Dry";"Two-Way, Divided, Unprotected Median";"None";"Driveway, Public";"Coarse Asphalt";"Piedmont";"Urban";"5 - 15 MPH";"No Control Present";"Clear";"No";"0.0, 0.0"
"4048";884;885;"No";"20-24";23;"No";"With Traffic";"O: No Injury";"Travel Lane";"Other";"Male";"Charlotte";"Mecklenburg";"No";"01-01-07";2008-11-30;"Motorist Failed to Yield - Midblock";18;"Non-Intersection";"01-11-01";1-01-01 18:38:58;"Motorist Drive Out - Commercial Driveway / Alley";311322;2008;"O: No Injury";"Commercial";"40-49";45;"No";"6-10 mph";"O: No Injury";"White";"Male";"Van";"No";"No";"Dark - Lighted Roadway";"Urban (>70% Developed)";"3 lanes";2;"Straight - Level";"Local Street";"Wet";"One-Way, Not Divided";"None";"No Special Feature";"Smooth Asphalt";"Piedmont";"Urban";"30 - 35  MPH";"No Control Present";"Cloudy";"No";"0.0, 0.0"
"4049";887;888;"Yes";"40-49";45;"No";"Facing Traffic";"C: Possible Injury";"Sidewalk / Crosswalk / Driveway Crossing";"Black";"Male";"Charlotte";"Mecklenburg";"No";"01-01-02";2008-12-02;"Motorist Failed to Yield - Sign-Controlled Intersection";20;"Intersection";"01-12-01";1-01-01 20:04:58;"Motorist Drive Out - Sign-Controlled Intersection";132141;2008;"C: Possible Injury";"Commercial";NA;NA;"Missing";NA;"Injury";"/Missing";NA;"Passenger Car";"No";"Yes";"Dark - Lighted Roadway";"Urban (>70% Developed)";"2 lanes";2;"Straight - Level";"Local Street";"Dry";"Two-Way, Not Divided";"None";"Four-Way Intersection";"Smooth Asphalt";"Piedmont";"Urban";NA;"Stop Sign";"Clear";"No";"0.0, 0.0"
"4050";889;890;"Yes";"50-59";54;"No";"With Traffic";"B: Evident Injury";"Travel Lane";"White";"Male";"Fayetteville";"Cumberland";"No";"01-01-05";2008-10-24;"Bicyclist Failed to Yield - Signalized Intersection";18;"Intersection";"01-10-01";1-01-01 18:40:58;"Bicyclist Ride Through - Signalized Intersection";111155;2008;"B: Evident Injury";"Commercial";"25-29";25;"No";"31-35 mph";"O: No Injury";"White";"Male";"Sport Utility";"No";"No";"Dark - Lighted Roadway";"Urban (>70% Developed)";"6 lanes";2;"Straight - Level";"Local Street";"Wet";"Two-Way, Not Divided";"None";"Four-Way Intersection";"Smooth Asphalt";"Coastal";"Urban";"30 - 35  MPH";"Stop And Go Signal";"Cloudy";"No";"0.0, 0.0"
"4051";923;924;"No";"16-19";16;"No";"Not Applicable";"B: Evident Injury";NA;"White";"Male";"Monroe";"Union";"No";NA;2008-11-24;"Bicyclist Failed to Yield - Midblock";17;"Non-Intersection";"01-11-01";1-01-01 17:34:58;"Bicyclist Ride Out - Midblock -";393319;2008;"B: Evident Injury";"Commercial";"40-49";43;"No";"36-40 mph";"O: No Injury";"White";"Male";"Passenger Car";"No";"No";"Dark - Lighted Roadway";"Urban (>70% Developed)";"2 lanes";2;"Straight - Level";"Local Street";"Wet";"Two-Way, Not Divided";"None";"No Special Feature";"Smooth Asphalt";"Piedmont";"Urban";"40 - 45  MPH";"Missing";"Cloudy";"No";"0.0, 0.0"
"4052";931;932;"Yes";"40-49";44;"No";"With Traffic";"B: Evident Injury";"Travel Lane";"White";"Female";"None - Rural Crash";"Cabarrus";"No";"01-01-04";2008-12-25;"Motorist Overtaking Bicyclist";16;"Non-Intersection";"01-12-01";1-01-01 16:53:58;"Motorist Overtaking - Other /";311239;2008;"B: Evident Injury";"Residential";"25-29";28;"No";"36-40 mph";"O: No Injury";"White";"Male";"Passenger Car";"No";"No";"Dusk";"Urban (>70% Developed)";"2 lanes";2;"Straight - Level";"State Secondary Route";"Dry";"Two-Way, Not Divided";"None";"No Special Feature";"Smooth Asphalt";"Piedmont";"Rural";"40 - 45  MPH";"Double Yellow Line, No Passing Zone";"Clear";"No";"0.0, 0.0"
"4053";936;937;"No";"50-59";58;"No";"Facing Traffic";"O: No Injury";"Sidewalk / Crosswalk / Driveway Crossing";"White";"Male";"Raleigh";"Wake";"No";"01-01-04";2008-10-02;"Motorist Failed to Yield - Signalized Intersection";10;"Intersection";"01-10-01";1-01-01 10:28:58;"Motorist Drive Out - Right Turn on Red";132151;2008;"O: No Injury";"Commercial";"50-59";56;"No";"0-5 mph";"O: No Injury";"Black";"Female";NA;"No";"Yes";"Daylight";"Urban (>70% Developed)";"6 lanes";2;"Straight - Level";"Local Street";"Dry";"Two-Way, Not Divided";"None";"Four-Way Intersection";"Smooth Asphalt";"Piedmont";"Urban";"40 - 45  MPH";"Stop And Go Signal";"Clear";"No";"0.0, 0.0"
"4054";937;938;"Yes";"25-29";28;"No";"With Traffic";"K: Killed";"Bike Lane / Paved Shoulder";"White";"Male";"None - Rural Crash";"Carteret";"No";"01-01-03";2008-12-03;"Motorist Overtaking Bicyclist";17;"Non-Intersection";"01-12-01";1-01-01 17:18:58;"Motorist Overtaking - Other /";321239;2008;"K: Killed";"Commercial";"20-24";21;"No";"51-55 mph";"O: No Injury";"Black";"Male";"Passenger Car";"No";"No";"Dark - Roadway Not Lighted";"Mixed (30% To 70% Developed)";"4 lanes";2;"Straight - Level";"US Route";"Dry";"Two-Way, Divided, Unprotected Median";"None";"No Special Feature";"Smooth Asphalt";"Coastal";"Rural";"50 - 55  MPH";"No Control Present";"Clear";"No";"0.0, 0.0"
"4055";940;941;"No";"30-39";36;"No";"Not Applicable";"O: No Injury";"Sidewalk / Crosswalk / Driveway Crossing";"Asian";"Male";"Raleigh";"Wake";"No";NA;2008-10-20;"Crossing Paths - Other Circumstances";21;"Intersection";"01-10-01";1-01-01 21:55:58;"Signalized Intersection - Other /";133158;2008;"O: No Injury";"Commercial";"40-49";41;"No";"41-45 mph";"O: No Injury";"Black";"Male";"Pickup";"No";"No";"Dark - Lighted Roadway";"Urban (>70% Developed)";"5 lanes";2;"Straight - Level";"Local Street";"Dry";"Two-Way, Not Divided";"None";"T-Intersection";"Smooth Asphalt";"Piedmont";"Urban";"40 - 45  MPH";"Stop And Go Signal";"Clear";"No";"0.0, 0.0"
"4056";943;944;"No";"15-Nov";14;"No";"Facing Traffic";"C: Possible Injury";"Sidewalk / Crosswalk / Driveway Crossing";"White";"Male";"Raleigh";"Wake";"No";"01-01-03";2008-10-01;"Motorist Failed to Yield - Sign-Controlled Intersection";18;"Intersection";"01-10-01";1-01-01 18:30:58;"Motorist Drive Out - Sign-Controlled Intersection";132141;2008;"C: Possible Injury";"Residential";"30-39";33;"No";"0-5 mph";"O: No Injury";"White";"Male";"Passenger Car";"No";"No";"Daylight";"Urban (>70% Developed)";"2 lanes";2;"Straight - Level";"Local Street";"Dry";"Two-Way, Not Divided";"None";"No Special Feature";"Smooth Asphalt";"Piedmont";"Urban";"30 - 35  MPH";"Stop Sign";"Clear";"No";"0.0, 0.0"
"4057";945;946;"Yes";"15-Nov";15;"No";"Facing Traffic";"C: Possible Injury";"Travel Lane";"Black";"Male";"Raleigh";"Wake";"No";"01-01-04";2008-12-04;"Motorist Failed to Yield - Signalized Intersection";7;"Intersection";"01-12-01";1-01-01 07:08:58;"Motorist Drive Out - Right Turn on Red";112151;2008;"C: Possible Injury";"Commercial";"50-59";59;"No";"0-5 mph";"O: No Injury";"Black";"Female";"Sport Utility";"No";"No";"Daylight";"Urban (>70% Developed)";"2 lanes";2;"Straight - Level";"Local Street";"Dry";"Two-Way, Divided, Unprotected Median";"None";"No Special Feature";"Smooth Asphalt";"Piedmont";"Urban";"30 - 35  MPH";"Stop And Go Signal";"Clear";"No";"0.0, 0.0"
"4058";952;953;"Yes";"25-29";28;"No";"Facing Traffic";"C: Possible Injury";"Travel Lane";"White";"Male";"Carrboro";"Orange";"No";"01-01-04";2008-12-04;"Bicyclist Left Turn / Merge";20;"Non-Intersection";"01-12-01";1-01-01 20:34:58;"Bicyclist Left Turn - Opposite Direction";312222;2008;"C: Possible Injury";"Commercial";"20-24";23;"No";"16-20 mph";"O: No Injury";"White";"Male";"Passenger Car";"No";"No";"Dark - Lighted Roadway";"Urban (>70% Developed)";"4 lanes";2;"Straight - Level";"Local Street";"Wet";"Two-Way, Not Divided";"None";"No Special Feature";"Smooth Asphalt";"Piedmont";"Urban";"20 - 25  MPH";"No Control Present";"Cloudy";"No";"0.0, 0.0"
"4059";955;956;"Yes";"40-49";41;"No";"With Traffic";"K: Killed";"Travel Lane";"White";"Male";"Southern Pines";"Moore";"No";"01-01-03";2008-12-03;"Motorist Overtaking Bicyclist";2;"Non-Intersection";"01-12-01";1-01-01 02:32:58;"Motorist Overtaking - Other /";311239;2008;"K: Killed";"Commercial";"30-39";30;"No";"41-45 mph";"O: No Injury";"White";"Female";"Passenger Car";"No";"Yes";"Dark - Lighted Roadway";"Mixed (30% To 70% Developed)";"5 lanes";2;"Straight - Level";"US Route";"Dry";"Two-Way, Not Divided";"None";"No Special Feature";"Coarse Asphalt";"Piedmont";"Urban";"40 - 45  MPH";"No Control Present";"Clear";"No";"0.0, 0.0"
"4060";959;960;"Yes";"15-Nov";12;"No";"Facing Traffic";"C: Possible Injury";"Sidewalk / Crosswalk / Driveway Crossing";"White";"Male";"Apex";"Wake";"No";"01-01-06";2008-12-13;"Crossing Paths - Other Circumstances";17;"Intersection";"01-12-01";1-01-01 17:32:58;"Signalized Intersection - Other /";132158;2008;"C: Possible Injury";"Commercial";"30-39";34;"No";"41-45 mph";"O: No Injury";"White";"Female";"Van";"No";"No";"Dark - Lighted Roadway";"Urban (>70% Developed)";"5 lanes";2;"Straight - Level";"Local Street";"Dry";"Two-Way, Not Divided";"None";"Four-Way Intersection";"Smooth Asphalt";"Piedmont";"Urban";"40 - 45  MPH";"Stop And Go Signal";"Clear";"No";"0.0, 0.0"
"4061";960;961;"Yes";"40-49";46;"No";"With Traffic";"B: Evident Injury";"Travel Lane";"Black";"Male";"Greenville";"Pitt";"No";"01-01-05";2008-12-12;"Motorist Failed to Yield - Sign-Controlled Intersection";6;"Intersection";"01-12-01";1-01-01 06:39:58;"Motorist Drive Out - Sign-Controlled Intersection";111141;2008;"B: Evident Injury";"Commercial";"60-69";62;"No";"0-5 mph";"O: No Injury";"Black";"Female";"Van";"No";"No";"Dark - Lighted Roadway";"Urban (>70% Developed)";"5 lanes";2;"Straight - Level";"US Route";"Wet";"Two-Way, Not Divided";"None";"T-Intersection";"Coarse Asphalt";"Coastal";"Urban";"40 - 45  MPH";"Stop Sign";"Cloudy";"No";"0.0, 0.0"
"4062";961;962;"No";"40-49";41;"No";"With Traffic";"C: Possible Injury";"Travel Lane";"Black";"Male";"None - Rural Crash";"Johnston";"No";NA;2008-12-15;"Motorist Overtaking Bicyclist";17;"Non-Intersection";"01-12-01";1-01-01 17:49:58;"Motorist Overtaking - Misjudged Space";311232;2008;"C: Possible Injury";"Farms, Woods, Pastures";"50-59";54;"No";"51-55 mph";"O: No Injury";"White";"Male";"Police";"No";"No";"Dark - Roadway Not Lighted";"Rural (<30% Developed)";"2 lanes";2;"Straight - Level";"NC Route";"Wet";"Two-Way, Not Divided";"None";"No Special Feature";"Smooth Asphalt";"Coastal";"Rural";"50 - 55  MPH";"Double Yellow Line, No Passing Zone";"Fog, Smog, Smoke";"No";"0.0, 0.0"
"4063";963;964;"No";"16-19";19;"No";"Facing Traffic";"C: Possible Injury";"Sidewalk / Crosswalk / Driveway Crossing";"Black";"Male";"Gastonia";"Gaston";"No";"01-01-02";2008-12-16;"Motorist Right Turn / Merge";13;"Non-Intersection";"01-12-01";1-01-01 13:02:58;"Motorist Right Turn - Same Direction";332213;2008;"C: Possible Injury";"Residential";"0-19";19;"No";"16-20 mph";"O: No Injury";"White";"Female";"Passenger Car";"No";"No";"Daylight";"Urban (>70% Developed)";"2 lanes";2;"Straight - Grade";"Local Street";"Dry";"One-Way, Not Divided";"None";"Driveway, Public";"Smooth Asphalt";"Piedmont";"Urban";"30 - 35  MPH";"Missing";"Cloudy";"No";"0.0, 0.0"
"4064";964;965;"Yes";NA;NA;"No";"With Traffic";"B: Evident Injury";"Travel Lane";"Black";"Male";"Navassa";"Brunswick";"No";"01-01-07";2008-12-14;"Head-On";13;"Non-Intersection";"01-12-01";1-01-01 13:25:58;"Head-On -";311259;2008;"B: Evident Injury";"Residential";"40-49";42;"No";"31-35 mph";"B: Evident Injury";"Black";"Male";"Motorcycle";"No";"No";"Daylight";"Mixed (30% To 70% Developed)";"2 lanes";3;"Straight - Level";"Local Street";"Dry";"Two-Way, Not Divided";"None";"No Special Feature";"Coarse Asphalt";"Coastal";"Rural";NA;"No Control Present";"Clear";"No";"0.0, 0.0"
"4065";966;967;"Yes";"16-19";17;"No";"Facing Traffic";"B: Evident Injury";"Sidewalk / Crosswalk / Driveway Crossing";"White";"Male";"Charlotte";"Mecklenburg";"No";NA;2008-03-03;"Loss of Control / Turning Error";7;"Intersection";"01-03-01";1-01-01 07:19:58;"Motorist Lost Control - Mechanical Problems";132131;2008;"B: Evident Injury";"Institutional";"60-69";60;"No";"6-10 mph";"O: No Injury";"White";"Male";"Passenger Car";"No";"No";"Daylight";"Urban (>70% Developed)";"2 lanes";2;"Straight - Grade";"NC Route";"Dry";"Two-Way, Divided, Unprotected Median";"None";"Four-Way Intersection";"Smooth Asphalt";"Piedmont";"Urban";"30 - 35  MPH";"Other";"Clear";"No";"0.0, 0.0"
"4066";967;968;"No";"16-19";18;"No";"Not Applicable";"B: Evident Injury";"Non-Roadway";"White";"Male";"Charlotte";"Mecklenburg";"No";"01-01-03";2008-12-17;"Non-Roadway";15;"Non-Roadway";"01-12-01";1-01-01 15:06:58;"Non-Roadway";460910;2008;"B: Evident Injury";"Commercial";"40-49";45;"No";"11-15 mph";"O: No Injury";"White";"Female";"Sport Utility";"No";"No";"Daylight";"Urban (>70% Developed)";NA;2;"Straight - Level";"Public Vehicular Area";"Dry";"Two-Way, Not Divided";"None";"No Special Feature";"Smooth Asphalt";"Piedmont";"Urban";"30 - 35  MPH";"Missing";"Cloudy";"No";"0.0, 0.0"
"4067";969;970;"Yes";"40-49";44;"No";"With Traffic";"O: No Injury";"Travel Lane";"Black";"Male";"Sanford";"Lee";"No";"01-01-04";2008-12-18;"Crossing Paths - Other Circumstances";18;"Intersection";"01-12-01";1-01-01 18:01:58;"Signalized Intersection - Other /";111158;2008;"O: No Injury";"Commercial";"30-39";32;"No";"11-15 mph";"O: No Injury";"Hispanic";"Female";"Passenger Car";"No";"No";"Dark - Roadway Not Lighted";"Urban (>70% Developed)";"4 lanes";2;"Straight - Level";"Local Street";"Wet";"Two-Way, Not Divided";"None";"Four-Way Intersection";"Coarse Asphalt";"Piedmont";"Urban";"30 - 35  MPH";"Stop And Go Signal";"Cloudy";"No";"0.0, 0.0"
"4068";973;974;"Yes";"40-49";40;"No";"Facing Traffic";"B: Evident Injury";NA;"White";"Male";"Fayetteville";"Cumberland";"No";"01-01-03";2008-12-10;"Motorist Right Turn / Merge";17;"Intersection";"01-12-01";1-01-01 17:51:58;"Motorist Right Turn - Opposite Direction";192214;2008;"B: Evident Injury";"Residential";NA;NA;"Missing";"6-10 mph";"Injury";"/Missing";NA;"Sport Utility";"No";"Yes";"Dark - Lighted Roadway";"Urban (>70% Developed)";"2 lanes";2;"Straight - Level";"Local Street";"Wet";"Two-Way, Not Divided";"None";"Four-Way Intersection";"Concrete";"Coastal";"Urban";"40 - 45  MPH";"Stop Sign";"Cloudy";"No";"0.0, 0.0"
"4069";977;978;"Yes";"30-39";39;"Yes";"With Traffic";"O: No Injury";"Travel Lane";"White";"Male";"Raleigh";"Wake";"Yes";"01-01-02";2008-09-23;"Bicyclist Failed to Yield - Sign-Controlled Intersection";18;"Intersection";"01-09-01";1-01-01 18:20:58;"Bicyclist Ride Through - Sign-Controlled Intersection";111144;2008;"O: No Injury";"Commercial";"20-24";22;"No";"31-35 mph";"O: No Injury";"Black";"Female";"Passenger Car";"No";"No";"Daylight";"Urban (>70% Developed)";"2 lanes";2;"Straight - Level";"Local Street";"Dry";"Two-Way, Not Divided";"None";"Four-Way Intersection";"Coarse Asphalt";"Piedmont";"Urban";"30 - 35  MPH";"Flashing Signal With Stop Sign";"Clear";"No";"0.0, 0.0"
"4070";979;980;"Yes";"15-Nov";12;"No";"Not Applicable";"C: Possible Injury";"Travel Lane";"Black";"Male";"Goldsboro";"Wayne";"No";"01-01-06";2008-12-20;"Bicyclist Failed to Yield - Midblock";20;"Non-Intersection";"01-12-01";1-01-01 20:43:58;"Bicyclist Ride Out - Midblock -";313319;2008;"C: Possible Injury";"Commercial";"70+";NA;"No";"26-30 mph";"O: No Injury";"Black";"Female";"Passenger Car";"No";"No";"Dark - Lighted Roadway";"Urban (>70% Developed)";"4 lanes";2;"Straight - Level";"Local Street";"Wet";"Two-Way, Not Divided";"None";"No Special Feature";"Coarse Asphalt";"Coastal";"Urban";"30 - 35  MPH";"Double Yellow Line, No Passing Zone";"Rain";"No";"0.0, 0.0"
"4071";985;986;"Yes";"40-49";42;"No";NA;"C: Possible Injury";"Sidewalk / Crosswalk / Driveway Crossing";"Black";"Male";"Charlotte";"Mecklenburg";"No";"01-01-06";2008-12-27;"Other /  - Insufficient Details";17;"Intersection";"01-12-01";1-01-01 17:55:58;"Approach Paths";1390970;2008;"C: Possible Injury";"Commercial";"40-49";49;"No";"11-15 mph";"O: No Injury";"Black";"Male";"Light Truck (Mini-Van, Panel)";"No";"No";"Dark - Lighted Roadway";"Urban (>70% Developed)";"8 lanes";2;"Straight - Level";"Local Street";"Wet";"Two-Way, Divided, Unprotected Median";"None";"Four-Way Intersection";"Smooth Asphalt";"Piedmont";"Urban";"30 - 35  MPH";"Stop And Go Signal";"Cloudy";"No";"0.0, 0.0"
"4072";986;987;"Yes";"30-39";33;"No";"With Traffic";"B: Evident Injury";"Travel Lane";"White";"Female";"Carrboro";"Orange";"No";"01-01-07";2008-12-28;"Motorist Left Turn / Merge";12;"Intersection";"01-12-01";1-01-01 12:08:58;"Motorist Left Turn - Opposite Direction";111212;2008;"B: Evident Injury";"Residential";"70+";NA;"No";"16-20 mph";"O: No Injury";"White";"Female";"Passenger Car";"No";"No";"Daylight";"Urban (>70% Developed)";"2 lanes";2;"Straight - Level";"Local Street";"Dry";"Two-Way, Not Divided";"None";"T-Intersection";"Smooth Asphalt";"Piedmont";"Urban";"30 - 35  MPH";"Missing";"Clear";"No";"0.0, 0.0"
"4073";987;988;"No";"20-24";22;"No";"With Traffic";"B: Evident Injury";"Sidewalk / Crosswalk / Driveway Crossing";"White";"Male";"Charlotte";"Mecklenburg";"No";NA;2008-12-29;"Motorist Right Turn / Merge";19;"Intersection";"01-12-01";1-01-01 19:56:58;"Motorist Right Turn - Same Direction";131213;2008;"B: Evident Injury";"Commercial";"0-19";19;"No";"6-10 mph";"O: No Injury";"Hispanic";"Male";"Passenger Car";"No";"No";"Dark - Lighted Roadway";"Urban (>70% Developed)";"4 lanes";2;"Straight - Level";"Local Street";"Dry";"Two-Way, Not Divided";"None";"Four-Way Intersection";"Smooth Asphalt";"Piedmont";"Urban";"20 - 25  MPH";"Stop And Go Signal";"Clear";"No";"0.0, 0.0"
"4074";996;997;"Yes";"16-19";18;"No";"With Traffic";"C: Possible Injury";"Travel Lane";"Black";"Male";"Greensboro";"Guilford";"No";NA;2008-12-29;"Bicyclist Failed to Yield - Sign-Controlled Intersection";16;"Intersection";"01-12-01";1-01-01 16:45:58;"Bicyclist Ride Out - Sign-Controlled Intersection";111142;2008;"C: Possible Injury";"Commercial";"0-19";17;"No";"46-50 mph";"O: No Injury";"White";"Male";"Passenger Car";"No";"No";"Daylight";"Urban (>70% Developed)";"5 lanes";2;"Straight - Level";"Local Street";"Dry";"Two-Way, Divided, Unprotected Median";"None";"T-Intersection";"Smooth Asphalt";"Piedmont";"Urban";"40 - 45  MPH";"Stop Sign";"Clear";"No";"0.0, 0.0"
"4075";999;1000;"No";"20-24";21;"Yes";"With Traffic";"B: Evident Injury";"Bike Lane / Paved Shoulder";"Black";"Male";"Mooresville";"Iredell";"Yes";NA;2008-11-24;"Motorist Overtaking Bicyclist";7;"Non-Intersection";"01-11-01";1-01-01 07:16:58;"Motorist Overtaking - Undetected Bicyclist";321231;2008;"B: Evident Injury";"Residential";"40-49";45;"No";"41-45 mph";"O: No Injury";"White";"Male";"Single Unit Truck (2-Axle, 6-Tire)";"No";"No";"Dawn";"Mixed (30% To 70% Developed)";"2 lanes";2;"Straight - Level";"Local Street";"Dry";"Two-Way, Not Divided";"None";"No Special Feature";"Smooth Asphalt";"Piedmont";"Urban";"40 - 45  MPH";"Double Yellow Line, No Passing Zone";"Cloudy";"No";"0.0, 0.0"
"4076";483;484;"Yes";"50-59";53;"No";"Not Applicable";"C: Possible Injury";NA;"Black";"Male";"Durham";"Durham";"No";"01-01-05";2009-09-04;"Head-On";13;"Non-Intersection";"01-09-01";1-01-01 13:00:58;"Head-On - Bicyclist";393250;2009;"C: Possible Injury";"Commercial";"50-59";56;"Missing";"0-5 mph";"O: No Injury";"White";"Male";"Pickup";"No";"No";"Daylight";"Mixed (30% To 70% Developed)";"4 lanes";2;"Straight - Level";"Local Street";"Dry";"Two-Way, Not Divided";"None";"No Special Feature";"Smooth Asphalt";"Piedmont";"Urban";"30 - 35  MPH";"No Control Present";"Clear";"No";"36.05039, -78.90364"
"4077";485;486;"Yes";"50-59";57;"No";"Facing Traffic";"B: Evident Injury";"Sidewalk / Crosswalk / Driveway Crossing";"White";"Male";"Fayetteville";"Cumberland";"No";"01-01-02";2009-08-25;"Motorist Failed to Yield - Sign-Controlled Intersection";12;"Intersection";"01-08-01";1-01-01 12:35:58;"Motorist Drive Out - Sign-Controlled Intersection";132141;2009;"B: Evident Injury";"Residential";"0-19";18;"No";"21-25 mph";"O: No Injury";"Black";"Female";"Passenger Car";"No";"No";"Daylight";"Urban (>70% Developed)";"3 lanes";2;"Straight - Level";"Local Street";"Dry";"Two-Way, Not Divided";"None";"T-Intersection";"Coarse Asphalt";"Coastal";"Urban";"20 - 25  MPH";"Stop Sign";"Clear";"No";"35.071106, -78.92065"
"4078";489;490;"No";"16-19";18;"No";"Facing Traffic";"C: Possible Injury";"Travel Lane";"Black";"Male";"Charlotte";"Mecklenburg";"No";"01-01-05";2009-08-21;"Motorist Failed to Yield - Sign-Controlled Intersection";16;"Intersection";"01-08-01";1-01-01 16:27:58;"Motorist Drive Out - Sign-Controlled Intersection";112141;2009;"C: Possible Injury";"Commercial";"50-59";51;"No";"21-25 mph";"O: No Injury";"White";"Male";"Sport Utility";"No";"No";"Daylight";"Urban (>70% Developed)";"2 lanes";2;"Straight - Level";"Local Street";"Dry";"Two-Way, Not Divided";"None";"T-Intersection";"Smooth Asphalt";"Piedmont";"Urban";"20 - 25  MPH";"Stop Sign";"Clear";"No";"35.24644, -80.89422"
"4079";494;495;"Yes";"40-49";46;"Yes";"With Traffic";"C: Possible Injury";"Travel Lane";"White";"Male";"Rocky Mount";"Nash";"Yes";"01-01-03";2009-07-29;"Crossing Paths - Other Circumstances";18;"Intersection";"01-07-01";1-01-01 17:59:58;"Signalized Intersection - Other /";111158;2009;"C: Possible Injury";"Commercial";"30-39";38;"No";NA;"O: No Injury";"White";"Female";"Passenger Car";"No";"No";"Daylight";"Urban (>70% Developed)";"7 lanes";2;"Straight - Level";"Local Street";"Dry";"Two-Way, Divided, Unprotected Median";"None";"Four-Way Intersection";"Coarse Asphalt";"Coastal";"Urban";"40 - 45  MPH";"Stop And Go Signal";"Clear";"No";"35.963715, -77.84946"
"4080";496;497;"Yes";"15-Nov";13;"No";"With Traffic";"C: Possible Injury";"Travel Lane";"White";"Female";"Weddington";"Union";"No";"01-01-07";2009-09-06;"Bicyclist Left Turn / Merge";20;"Intersection";"01-09-01";1-01-01 20:28:58;"Bicyclist Left Turn - Same Direction";111221;2009;"C: Possible Injury";"Residential";"60-69";62;"No";"16-20 mph";"O: No Injury";"White";"Male";"Passenger Car";"No";"No";"Dark - Roadway Not Lighted";"Mixed (30% To 70% Developed)";"2 lanes";2;"Straight - Level";"State Secondary Route";"Dry";"Two-Way, Not Divided";"None";"T-Intersection";"Smooth Asphalt";"Piedmont";"Urban";"20 - 25  MPH";"No Control Present";"Clear";"No";"35.010147, -80.79437"
"4081";499;500;"Yes";"60-69";68;"No";"With Traffic";"C: Possible Injury";"Travel Lane";"White";"Female";"Emerald Isle";"Carteret";"No";"01-01-06";2009-08-29;"Motorist Right Turn / Merge";11;"Non-Intersection";"01-08-01";1-01-01 11:45:58;"Motorist Right Turn - Same Direction";311213;2009;"C: Possible Injury";"Residential";"70+";NA;"No";"31-35 mph";"O: No Injury";"White";"Male";"Passenger Car";"No";"No";"Daylight";"Urban (>70% Developed)";"2 lanes";2;"Straight - Level";"NC Route";"Dry";"Two-Way, Divided, Unprotected Median";"None";"No Special Feature";"Smooth Asphalt";"Coastal";"Rural";"40 - 45  MPH";"No Control Present";"Clear";"No";"34.676517, -76.96146"
"4082";503;504;"No";"30-39";38;"Yes";"Facing Traffic";"O: No Injury";"Sidewalk / Crosswalk / Driveway Crossing";"Black";"Male";"Salisbury";"Rowan";"Yes";NA;2009-09-14;"Motorist Left Turn / Merge";23;"Intersection";"01-09-01";1-01-01 23:20:58;"Motorist Left Turn - Same Direction";132211;2009;"O: No Injury";"Commercial";"30-39";39;"No";"21-25 mph";"O: No Injury";"White";"Male";"Police";"No";"No";"Dark - Lighted Roadway";"Urban (>70% Developed)";"2 lanes";2;"Straight - Grade";"Local Street";"Dry";"Two-Way, Not Divided";"None";"Four-Way Intersection";"Smooth Asphalt";"Piedmont";"Urban";"30 - 35  MPH";"Stop Sign";"Clear";"No";"35.664738, -80.4646"
"4083";504;505;"Yes";"40-49";49;"No";"With Traffic";"C: Possible Injury";"Travel Lane";"White";"Male";"None - Rural Crash";"Wake";"No";"01-01-06";2009-09-12;"Motorist Overtaking Bicyclist";8;"Non-Intersection";"01-09-01";1-01-01 08:43:58;"Motorist Overtaking - Other /";311239;2009;"C: Possible Injury";"Farms, Woods, Pastures";"60-69";66;"No";"51-55 mph";"O: No Injury";"White";"Female";"Passenger Car";"No";"No";"Daylight";"Rural (<30% Developed)";"2 lanes";2;"Straight - Grade";"NC Route";"Dry";"Two-Way, Not Divided";"None";"No Special Feature";"Smooth Asphalt";"Piedmont";"Rural";"50 - 55  MPH";"Double Yellow Line, No Passing Zone";"Clear";"No";"35.98849, -78.699"