"FID";"OBJECTID";"AmbulanceR";"BikeAge_Gr";"Bike_Age";"Bike_Alc_D";"Bike_Dir";"Bike_Injur";"Bike_Pos";"Bike_Race";"Bike_Sex";"City";"County";"CrashAlcoh";"CrashDay";"Crash_Date";"Crash_Grp";"Crash_Hour";"Crash_Loc";"Crash_Mont";"Crash_Time";"Crash_Type";"Crash_Ty_1";"Crash_Year";"Crsh_Sevri";"Developmen";"DrvrAge_Gr";"Drvr_Age";"Drvr_Alc_D";"Drvr_EstSp";"Drvr_Injur";"Drvr_Race";"Drvr_Sex";"Drvr_VehTy";"ExcsSpdInd";"Hit_Run";"Light_Cond";"Locality";"Num_Lanes";"Num_Units";"Rd_Charact";"Rd_Class";"Rd_Conditi";"Rd_Config";"Rd_Defects";"Rd_Feature";"Rd_Surface";"Region";"Rural_Urba";"Speed_Limi";"Traff_Cntr";"Weather";"Workzone_I";"Location"
"4084";508;509;"No";"20-24";24;"No";"With Traffic";"C: Possible Injury";"Sidewalk / Crosswalk / Driveway Crossing";"White";"Female";"Wilmington";"New Hanover";"No";"01-01-02";2009-09-01;"Motorist Failed to Yield - Midblock";14;"Non-Intersection";"01-09-01";1-01-01 14:29:58;"Motorist Drive Out - Residential Driveway";331321;2009;"C: Possible Injury";"Residential";"30-39";33;"No";"0-5 mph";"O: No Injury";"Black";"Male";"Passenger Car";"No";"No";"Daylight";"Urban (>70% Developed)";"2 lanes";2;"Straight - Level";"Local Street";"Dry";"Two-Way, Not Divided";"None";"No Special Feature";"Smooth Asphalt";"Coastal";"Urban";"20 - 25  MPH";"No Control Present";"Clear";"No";"34.202274, -77.88651"
"4085";523;524;"Yes";"20-24";22;"No";"With Traffic";"B: Evident Injury";"Travel Lane";"White";"Male";"Raleigh";"Wake";"No";"01-01-02";2009-09-08;"Bicyclist Left Turn / Merge";15;"Intersection";"01-09-01";1-01-01 15:37:58;"Bicyclist Left Turn - Same Direction";111221;2009;"B: Evident Injury";"Institutional";"20-24";24;"No";"16-20 mph";"O: No Injury";"Black";"Male";"Passenger Car";"No";"No";"Daylight";"Urban (>70% Developed)";"2 lanes";2;"Straight - Level";"Local Street";"Dry";"One-Way, Not Divided";"None";"No Special Feature";"Smooth Asphalt";"Piedmont";"Urban";"20 - 25  MPH";"No Control Present";"Clear";"No";"35.78183, -78.66772"
"4086";526;527;"Yes";"25-29";25;"No";"With Traffic";"B: Evident Injury";"Travel Lane";"White";"Male";"Raleigh";"Wake";"No";"01-01-04";2009-08-20;"Motorist Left Turn / Merge";11;"Intersection";"01-08-01";1-01-01 11:15:58;"Motorist Left Turn - Opposite Direction";111212;2009;"B: Evident Injury";"Commercial";"70+";NA;"No";"31-35 mph";"O: No Injury";"White";"Male";"Passenger Car";"No";"No";"Daylight";"Urban (>70% Developed)";"3 lanes";2;"Straight - Level";"Local Street";"Dry";"Two-Way, Divided, Unprotected Median";"None";"Four-Way Intersection";"Coarse Asphalt";"Piedmont";"Urban";"30 - 35  MPH";"Stop And Go Signal";"Clear";"No";"35.779945, -78.64903"
"4087";529;530;"Yes";"15-Nov";11;"No";"Not Applicable";"C: Possible Injury";"Non-Roadway";"Black";"Male";"Concord";"Cabarrus";"No";"01-01-05";2009-09-04;"Non-Roadway";20;"Non-Roadway";"01-09-01";1-01-01 20:52:58;"Non-Roadway";460910;2009;"C: Possible Injury";"Commercial";"0-19";18;"No";"0-5 mph";"O: No Injury";"White";"Male";"Pickup";"No";"No";"Other";"Urban (>70% Developed)";"1 lane";2;"Straight - Level";"Public Vehicular Area";"Dry";"One-Way, Not Divided";"None";"Driveway, Public";"Smooth Asphalt";"Piedmont";"Urban";"5 - 15 MPH";"No Control Present";"Clear";"No";"35.423126, -80.59182"
"4088";533;534;"Yes";"20-24";21;"No";"Facing Traffic";"A: Disabling Injury";"Travel Lane";"White";"Male";"None - Rural Crash";"Iredell";"No";"01-01-02";2009-09-22;"Head-On";21;"Non-Intersection";"01-09-01";1-01-01 21:19:58;"Head-On - Bicyclist";312250;2009;"A: Disabling Injury";"Farms, Woods, Pastures";"0-19";16;"No";"56-60 mph";"O: No Injury";"White";"Male";"Passenger Car";"No";"No";"Dark - Roadway Not Lighted";"Rural (<30% Developed)";"2 lanes";2;"Straight - Grade";"US Route";"Dry";"Two-Way, Not Divided";"None";"No Special Feature";"Smooth Asphalt";"Piedmont";"Rural";"50 - 55  MPH";"No Control Present";"Cloudy";"No";"35.759304, -80.9923"
"4089";540;541;"Yes";"50-59";51;"Yes";"With Traffic";"C: Possible Injury";"Travel Lane";"Black";"Male";"None - Rural Crash";"Caswell";"Yes";"01-01-04";2009-09-24;"Motorist Overtaking Bicyclist";19;"Non-Intersection";"01-09-01";1-01-01 19:39:58;"Motorist Overtaking - Undetected Bicyclist";311231;2009;"C: Possible Injury";"Farms, Woods, Pastures";"40-49";40;"No";"51-55 mph";"O: No Injury";"White";"Male";"Passenger Car";"No";"No";"Dark - Roadway Not Lighted";"Rural (<30% Developed)";"2 lanes";2;"Straight - Level";"NC Route";"Dry";"Two-Way, Not Divided";"None";"No Special Feature";"Coarse Asphalt";"Piedmont";"Rural";"50 - 55  MPH";"No Control Present";"Clear";"No";"36.50973, -79.14657"
"4090";550;551;"Yes";"40-49";47;"No";"Facing Traffic";"C: Possible Injury";"Sidewalk / Crosswalk / Driveway Crossing";"Black";"Male";"Gastonia";"Gaston";"No";"01-01-06";2009-09-12;"Motorist Failed to Yield - Sign-Controlled Intersection";8;"Intersection";"01-09-01";1-01-01 08:30:58;"Motorist Drive Out - Sign-Controlled Intersection";132141;2009;"C: Possible Injury";"Commercial";"60-69";61;"No";NA;"O: No Injury";"Black";"Male";"Pickup";"No";"No";"Daylight";"Urban (>70% Developed)";"6 lanes";2;"Straight - Level";"US Route";"Dry";"Two-Way, Not Divided";"None";"T-Intersection";"Smooth Asphalt";"Piedmont";"Urban";NA;"Stop And Go Signal";"Clear";"No";"35.262226, -81.193245"
"4091";556;557;"Yes";"20-24";21;"No";"With Traffic";"B: Evident Injury";"Travel Lane";"White";"Male";"None - Rural Crash";"Buncombe";"No";"01-01-07";2009-09-20;"Motorist Overtaking Bicyclist";22;"Non-Intersection";"01-09-01";1-01-01 22:55:58;"Motorist Overtaking - Undetected Bicyclist";311231;2009;"B: Evident Injury";"Farms, Woods, Pastures";"30-39";39;"No";"41-45 mph";"O: No Injury";"White";"Male";"Passenger Car";"No";"No";"Dark - Roadway Not Lighted";"Rural (<30% Developed)";"4 lanes";2;"Curve - Level";"US Route";"Wet";"Two-Way, Divided, Unprotected Median";"None";"No Special Feature";"Smooth Asphalt";"Mountains";"Rural";"40 - 45  MPH";"No Control Present";"Rain";"No";"35.586475, -82.45729"
"4092";557;558;"No";"16-19";19;"No";"With Traffic";"C: Possible Injury";"Travel Lane";"White";"Female";"None - Rural Crash";"Granville";"No";"01-01-07";2009-09-20;"Motorist Right Turn / Merge";9;"Non-Intersection";"01-09-01";1-01-01 09:49:58;"Motorist Right Turn - Same Direction";311213;2009;"C: Possible Injury";"Farms, Woods, Pastures";"60-69";65;"No";"31-35 mph";"O: No Injury";"White";"Female";"Passenger Car";"No";"No";"Daylight";"Rural (<30% Developed)";"2 lanes";2;"Straight - Level";"State Secondary Route";"Dry";"Two-Way, Not Divided";"None";"Driveway, Private";"Coarse Asphalt";"Piedmont";"Rural";"50 - 55  MPH";"Double Yellow Line, No Passing Zone";"Cloudy";"No";"36.18342, -78.74512"
"4093";558;559;"No";"15-Nov";14;"No";"Facing Traffic";"C: Possible Injury";"Sidewalk / Crosswalk / Driveway Crossing";"White";"Male";"Nags Head";"Dare";"No";"01-01-03";2009-07-08;"Motorist Failed to Yield - Midblock";9;"Non-Intersection";"01-07-01";1-01-01 09:19:58;"Motorist Drive Out - Commercial Driveway / Alley";332322;2009;"C: Possible Injury";"Residential";"20-24";23;"No";"0-5 mph";"O: No Injury";"White";"Female";"Sport Utility";"No";"No";"Daylight";"Mixed (30% To 70% Developed)";"1 lane";2;"Straight - Level";"Private Road, Driveway";"Dry";"Two-Way, Not Divided";"None";"Driveway, Private";"Concrete";"Coastal";"Rural";NA;"No Control Present";"Clear";"No";"35.873775, -75.57803"
"4094";559;560;"No";"15-Nov";12;"No";"Facing Traffic";"O: No Injury";"Travel Lane";"Black";"Male";"Rocky Mount";"Edgecombe";"No";"01-01-06";2009-08-08;"Motorist Failed to Yield - Sign-Controlled Intersection";13;"Intersection";"01-08-01";1-01-01 13:26:58;"Motorist Drive Out - Sign-Controlled Intersection";112141;2009;"O: No Injury";"Commercial";"30-39";39;"No";"0-5 mph";"O: No Injury";"White";"Male";"Passenger Car";"No";"No";"Daylight";"Mixed (30% To 70% Developed)";"4 lanes";2;"Straight - Level";"Local Street";"Dry";"Two-Way, Not Divided";"None";"No Special Feature";"Coarse Asphalt";"Coastal";"Urban";"30 - 35  MPH";"Stop Sign";"Clear";"No";"35.93212, -77.79228"
"4095";573;574;"Yes";"50-59";57;"No";"With Traffic";"B: Evident Injury";"Travel Lane";"White";"Male";"None - Rural Crash";"Buncombe";"No";"01-01-03";2009-09-23;"Motorist Overtaking Bicyclist";16;"Non-Intersection";"01-09-01";1-01-01 16:28:58;"Motorist Overtaking - Other /";311239;2009;"B: Evident Injury";"Farms, Woods, Pastures";"50-59";54;"No";"41-45 mph";"O: No Injury";"White";"Female";"Sport Utility";"No";"No";"Daylight";"Rural (<30% Developed)";"5 lanes";2;"Straight - Level";"US Route";"Dry";"Two-Way, Not Divided";"None";"No Special Feature";"Smooth Asphalt";"Mountains";"Rural";"40 - 45  MPH";"No Control Present";"Clear";"No";"35.600357, -82.37224"
"4096";577;578;"Yes";"10-Jun";8;"No";"Facing Traffic";"B: Evident Injury";"Travel Lane";"Black";"Male";"Asheville";"Buncombe";"No";"01-01-04";2009-08-27;"Head-On";16;"Non-Intersection";"01-08-01";1-01-01 16:55:58;"Head-On - Bicyclist";312250;2009;"B: Evident Injury";"Residential";"0-19";18;"No";NA;"O: No Injury";"White";"Male";"Passenger Car";"No";"No";"Daylight";"Urban (>70% Developed)";NA;2;"Curve - Grade";"Local Street";"Wet";"Two-Way, Not Divided";"None";"No Special Feature";"Concrete";"Mountains";"Urban";"20 - 25  MPH";"No Control Present";"Rain";"No";"35.571815, -82.62191"
"4097";578;579;"Yes";"20-24";22;"No";"Facing Traffic";"B: Evident Injury";"Sidewalk / Crosswalk / Driveway Crossing";"White";"Male";"Raleigh";"Wake";"No";"01-01-05";2009-09-04;"Motorist Failed to Yield - Sign-Controlled Intersection";19;"Intersection";"01-09-01";1-01-01 19:00:58;"Motorist Drive Out - Sign-Controlled Intersection";132141;2009;"B: Evident Injury";"Commercial";"40-49";46;"No";"0-5 mph";"O: No Injury";"White";"Female";"Sport Utility";"No";"No";"Daylight";"Urban (>70% Developed)";"4 lanes";2;"Straight - Level";"Local Street";"Dry";"Two-Way, Divided, Unprotected Median";"None";"Driveway, Public";"Smooth Asphalt";"Piedmont";"Urban";"5 - 15 MPH";"Stop Sign";"Clear";"No";"35.844715, -78.64395"
"4098";583;584;"No";"60-69";61;"No";"With Traffic";"B: Evident Injury";"Travel Lane";"White";"Male";"Raleigh";"Wake";"No";"01-01-02";2009-09-08;"Motorist Right Turn / Merge";18;"Non-Intersection";"01-09-01";1-01-01 18:22:58;"Motorist Right Turn - Same Direction";311213;2009;"B: Evident Injury";"Commercial";NA;NA;"Missing";"16-20 mph";"Injury";"/Missing";NA;NA;"No";"Yes";"Daylight";"Urban (>70% Developed)";"4 lanes";2;"Straight - Level";"Local Street";"Dry";"Two-Way, Not Divided";"None";"No Special Feature";"Coarse Asphalt";"Piedmont";"Urban";"30 - 35  MPH";"No Control Present";"Clear";"No";"35.79087, -78.66026"
"4099";588;589;"Yes";"60-69";63;"No";"With Traffic";"B: Evident Injury";"Travel Lane";"White";"Male";"Weaverville";"Buncombe";"No";"01-01-07";2009-05-17;"Loss of Control / Turning Error";15;"Intersection";"01-05-01";1-01-01 15:08:58;"Motorist Turning Error - Right Turn";111112;2009;"B: Evident Injury";"Commercial";"30-39";36;"No";"11-15 mph";"O: No Injury";"White";"Female";"Passenger Car";"No";"No";"Daylight";"Urban (>70% Developed)";"2 lanes";2;"Straight - Grade";"US Route";"Wet";"Two-Way, Not Divided";"None";"No Special Feature";"Smooth Asphalt";"Mountains";"Rural";"30 - 35  MPH";"Stop And Go Signal";"Cloudy";"No";"35.711845, -82.56074"
"4100";595;596;"Yes";"40-49";41;"Yes";"Not Applicable";"C: Possible Injury";NA;"White";"Male";"Carrboro";"Orange";"Yes";"01-01-04";2009-10-01;"Bicyclist Failed to Yield - Midblock";15;"Non-Intersection";"01-10-01";1-01-01 15:07:58;"Bicyclist Ride Out - Midblock -";393319;2009;"C: Possible Injury";"Residential";"30-39";37;"No";"31-35 mph";"O: No Injury";"Other";"Male";"Passenger Car";"No";"No";"Daylight";"Urban (>70% Developed)";"5 lanes";2;"Straight - Hillcrest";"Local Street";"Dry";"Two-Way, Not Divided";"None";"No Special Feature";"Coarse Asphalt";"Piedmont";"Urban";"30 - 35  MPH";"No Control Present";"Clear";"No";"35.906685, -79.083664"
"4101";951;952;"Yes";"50-59";52;"No";"Facing Traffic";"C: Possible Injury";"Travel Lane";"Black";"Male";"Pinetops";"Edgecombe";"No";"01-01-03";2008-09-17;"Motorist Failed to Yield - Sign-Controlled Intersection";15;"Intersection";"01-09-01";1-01-01 15:42:58;"Motorist Drive Out - Sign-Controlled Intersection";112141;2008;"C: Possible Injury";"Residential";"30-39";35;"No";"0-5 mph";"O: No Injury";"Black";"Female";"Passenger Car";"No";"No";"Daylight";"Urban (>70% Developed)";"2 lanes";2;"Straight - Level";"Local Street";"Dry";"Two-Way, Not Divided";"None";"No Special Feature";"Smooth Asphalt";"Coastal";"Rural";"5 - 15 MPH";"No Control Present";"Cloudy";"No";"0.0, 0.0"
"4102";956;957;"Yes";"40-49";46;"Yes";"With Traffic";"A: Disabling Injury";"Travel Lane";"White";"Male";"None - Rural Crash";"Pitt";"Yes";"01-01-02";2008-12-09;"Motorist Overtaking Bicyclist";17;"Non-Intersection";"01-12-01";1-01-01 17:27:58;"Motorist Overtaking - Other /";311239;2008;"A: Disabling Injury";"Farms, Woods, Pastures";"30-39";34;"No";"46-50 mph";"O: No Injury";"Hispanic";"Male";"Sport Utility";"No";"Yes";"Dark - Roadway Not Lighted";"Rural (<30% Developed)";"2 lanes";2;"Straight - Level";"State Secondary Route";"Dry";"Two-Way, Not Divided";"None";"No Special Feature";"Coarse Asphalt";"Coastal";"Rural";"50 - 55  MPH";"Missing";"Cloudy";"No";"0.0, 0.0"
"4103";958;959;"Yes";"16-19";17;"No";"With Traffic";"O: No Injury";"Travel Lane";"White";"Female";"None - Rural Crash";"Onslow";"No";"01-01-06";2008-12-13;"Motorist Overtaking Bicyclist";19;"Non-Intersection";"01-12-01";1-01-01 19:23:58;"Motorist Overtaking - Other /";311239;2008;"B: Evident Injury";"Farms, Woods, Pastures";"20-24";23;"No";NA;"B: Evident Injury";"Black";"Male";"Pedalcycle";"No";"No";"Dark - Roadway Not Lighted";"Rural (<30% Developed)";"2 lanes";2;"Straight - Level";"US Route";"Dry";"Two-Way, Not Divided";"None";"No Special Feature";"Coarse Asphalt";"Coastal";"Rural";NA;"No Control Present";"Clear";"No";"0.0, 0.0"
"4104";980;981;"Yes";"15-Nov";15;"No";"With Traffic";"B: Evident Injury";"Sidewalk / Crosswalk / Driveway Crossing";"Black";"Female";"Wilmington";"New Hanover";"No";"01-01-03";2008-12-24;"Motorist Left Turn / Merge";20;"Intersection";"01-12-01";1-01-01 20:06:58;"Motorist Left Turn - Opposite Direction";131212;2008;"B: Evident Injury";"Residential";"60-69";60;"No";"0-5 mph";"O: No Injury";"Black";"Male";"Passenger Car";"No";"No";"Dark - Lighted Roadway";"Urban (>70% Developed)";"2 lanes";2;"Straight - Level";"Local Street";"Dry";"Two-Way, Not Divided";"None";"Four-Way Intersection";"Smooth Asphalt";"Coastal";"Urban";"20 - 25  MPH";"Stop Sign";"Clear";"No";"0.0, 0.0"
"4105";982;983;"Yes";"16-19";19;"No";"With Traffic";"A: Disabling Injury";"Bike Lane / Paved Shoulder";"White";"Male";"None - Rural Crash";"Johnston";"No";"01-01-05";2008-12-26;"Bicyclist Left Turn / Merge";18;"Non-Intersection";"01-12-01";1-01-01 18:17:58;"Bicyclist Left Turn - Same Direction";321221;2008;"A: Disabling Injury";"Farms, Woods, Pastures";"30-39";35;"No";"51-55 mph";"O: No Injury";"White";"Female";"Passenger Car";"No";"No";"Dark - Roadway Not Lighted";"Rural (<30% Developed)";"2 lanes";2;"Straight - Level";"US Route";"Wet";"Two-Way, Not Divided";"None";"No Special Feature";"Smooth Asphalt";"Coastal";"Rural";"50 - 55  MPH";"Double Yellow Line, No Passing Zone";"Cloudy";"No";"0.0, 0.0"
"4106";993;994;"Yes";"40-49";45;"No";"With Traffic";"A: Disabling Injury";"Travel Lane";"Black";"Male";"Goldsboro";"Wayne";"No";"01-01-07";2008-12-21;"Motorist Overtaking Bicyclist";20;"Non-Intersection";"01-12-01";1-01-01 20:04:58;"Motorist Overtaking - Undetected Bicyclist";311231;2008;"A: Disabling Injury";"Residential";"40-49";44;"No";"31-35 mph";"O: No Injury";"White";"Male";"Sport Utility";"No";"No";"Dark - Roadway Not Lighted";"Urban (>70% Developed)";"2 lanes";2;"Straight - Level";"Local Street";"Dry";"Two-Way, Not Divided";"None";"No Special Feature";"Coarse Asphalt";"Coastal";"Urban";"30 - 35  MPH";"No Control Present";"Clear";"No";"0.0, 0.0"
"4107";998;999;"Yes";"15-Nov";13;"No";"With Traffic";"B: Evident Injury";"Travel Lane";"Black";"Male";"Washington";"Beaufort";"No";"01-01-04";2008-10-16;"Bicyclist Left Turn / Merge";17;"Non-Intersection";"01-10-01";1-01-01 17:14:58;"Bicyclist Left Turn - Same Direction";311221;2008;"B: Evident Injury";"Commercial";"30-39";30;"No";NA;"O: No Injury";"White";"Female";"Passenger Car";"No";"No";"Daylight";"Urban (>70% Developed)";"4 lanes";2;"Straight - Level";"Local Street";"Dry";"Two-Way, Not Divided";"None";"No Special Feature";"Coarse Asphalt";"Coastal";"Urban";"30 - 35  MPH";"No Control Present";"Clear";"No";"0.0, 0.0"
"4108";674;675;"No";"40-49";42;"No";"With Traffic";"B: Evident Injury";"Travel Lane";"White";"Male";"None - Rural Crash";"Henderson";"No";NA;2010-09-20;"Motorist Right Turn / Merge";13;"Non-Intersection";"01-09-01";1-01-01 13:34:58;"Motorist Right Turn - Same Direction";0;2010;"B: Evident Injury";"Commercial";"40-49";41;"No";"41-45 mph";"O: No Injury";"Black";"Male";"Pickup";"No";"No";"Daylight";"Urban (>70% Developed)";"5 lanes";2;"Straight - Level";"US Route";"Dry";"Two-Way, Divided, Unprotected Median";"None";"No Special Feature";"Smooth Asphalt";"Mountains";"Rural";"40 - 45  MPH";"No Control Present";"Clear";"No";"35.394802, -82.49869"
"4109";681;682;"Yes";"30-39";37;"No";"With Traffic";"C: Possible Injury";"Travel Lane";"White";"Male";"None - Rural Crash";"Union";"No";NA;2010-09-20;"Motorist Overtaking Bicyclist";19;"Non-Intersection";"01-09-01";1-01-01 19:19:58;"Motorist Overtaking - Undetected Bicyclist";0;2010;"C: Possible Injury";"Residential";"50-59";55;"No";"41-45 mph";"O: No Injury";"Asian";"Male";"Pickup";"No";"No";"Daylight";"Mixed (30% To 70% Developed)";"2 lanes";2;"Straight - Level";"State Secondary Route";"Dry";"Two-Way, Not Divided";"None";"No Special Feature";"Coarse Asphalt";"Piedmont";"Rural";"40 - 45  MPH";"Double Yellow Line, No Passing Zone";"Clear";"No";"35.090614, -80.49901"
"4110";685;686;"No";"20-24";23;"No";"With Traffic";"C: Possible Injury";"Travel Lane";"White";"Male";"Carrboro";"Orange";"No";"01-01-06";2010-09-18;"Motorist Overtaking Bicyclist";11;"Non-Intersection";"01-09-01";1-01-01 11:34:58;"Motorist Overtaking - Misjudged Space";0;2010;"C: Possible Injury";"Residential";NA;NA;"No";"21-25 mph";"Injury";"/Missing";NA;NA;"No";"Yes";"Daylight";"Urban (>70% Developed)";"2 lanes";2;"Straight - Hillcrest";"Local Street";"Dry";"Two-Way, Not Divided";"None";"No Special Feature";"Coarse Asphalt";"Piedmont";"Urban";"20 - 25  MPH";"No Control Present";"Clear";"No";"35.903492, -79.07243"
"4111";686;687;"Yes";"50-59";52;"No";"Facing Traffic";"O: No Injury";"Bike Lane / Paved Shoulder";"Black";"Male";"Charlotte";"Mecklenburg";"No";"01-01-03";2010-09-15;"Motorist Failed to Yield - Signalized Intersection";15;"Intersection";"01-09-01";1-01-01 15:34:58;"Motorist Drive Out - Right Turn on Red";0;2010;"O: No Injury";"Residential";"30-39";31;"No";"0-5 mph";"O: No Injury";"Black";"Male";"Passenger Car";"No";"No";"Daylight";"Rural (<30% Developed)";"2 lanes";2;"Straight - Grade";"Interstate";"Dry";"One-Way, Not Divided";"None";"On or Off Ramp";"Concrete";"Piedmont";"Urban";"30 - 35  MPH";"Stop And Go Signal";"Clear";"No";"35.2292, -80.86128"
"4112";691;692;"No";"10-Jun";10;"No";"With Traffic";"B: Evident Injury";"Travel Lane";"Black";"Male";"Charlotte";"Mecklenburg";"No";NA;2010-09-13;"Bicyclist Failed to Yield - Sign-Controlled Intersection";19;"Intersection";"01-09-01";1-01-01 19:57:58;"Bicyclist Ride Out - Sign-Controlled Intersection";0;2010;"B: Evident Injury";"Residential";NA;NA;"Missing";"21-25 mph";"Injury";"/Missing";NA;NA;"No";"Yes";"Dark - Lighted Roadway";"Urban (>70% Developed)";"2 lanes";2;"Straight - Level";"Local Street";"Dry";"Two-Way, Not Divided";"None";"No Special Feature";"Smooth Asphalt";"Piedmont";"Urban";"30 - 35  MPH";"Stop Sign";"Clear";"No";"35.216286, -80.9094"
"4113";694;695;"Yes";"25-29";25;"No";"With Traffic";"C: Possible Injury";"Travel Lane";"White";"Male";"Greensboro";"Guilford";"No";"01-01-06";2010-09-18;"Motorist Left Turn / Merge";20;"Intersection";"01-09-01";1-01-01 20:49:58;"Motorist Left Turn - Opposite Direction";0;2010;"C: Possible Injury";"Residential";"0-19";17;"No";"6-10 mph";"O: No Injury";"White";"Male";"Passenger Car";"No";"No";"Dark - Lighted Roadway";"Urban (>70% Developed)";"2 lanes";2;"Straight - Grade";"Local Street";"Dry";"Two-Way, Not Divided";"None";"Four-Way Intersection";"Coarse Asphalt";"Piedmont";"Urban";"30 - 35  MPH";"Stop Sign";"Clear";"No";"36.06572, -79.83194"
"4114";698;699;"Yes";"50-59";57;"No";"With Traffic";"B: Evident Injury";"Travel Lane";"Black";"Male";"Fayetteville";"Cumberland";"No";"01-01-06";2010-09-18;"Motorist Overtaking Bicyclist";22;"Non-Intersection";"01-09-01";1-01-01 22:53:58;"Motorist Overtaking - Other /";0;2010;"B: Evident Injury";"Commercial";"40-49";49;"No";"46-50 mph";"O: No Injury";"White";"Male";"Passenger Car";"No";"No";"Dark - Lighted Roadway";"Mixed (30% To 70% Developed)";"5 lanes";2;"Straight - Level";"Local Street";"Dry";"Two-Way, Divided, Unprotected Median";"None";"No Special Feature";"Smooth Asphalt";"Coastal";"Urban";"40 - 45  MPH";"No Control Present";"Clear";"No";"35.15118, -78.870514"
"4115";702;703;"Yes";"40-49";48;"Yes";"Not Applicable";"O: No Injury";"Non-Roadway";"White";"Male";"Sunset Beach";"Brunswick";"Yes";"01-01-02";2010-09-14;"Bicyclist Failed to Yield - Midblock";8;"Non-Intersection";"01-09-01";1-01-01 08:27:58;"Bicyclist Ride Out - Other Midblock";0;2010;"B: Evident Injury";"Residential";"30-39";38;"No";"0-5 mph";"B: Evident Injury";"White";"Female";"Sport Utility";"No";"No";"Daylight";"Urban (>70% Developed)";"2 lanes";2;"Straight - Level";"Local Street";"Dry";"Two-Way, Not Divided";"None";"No Special Feature";"Coarse Asphalt";"Coastal";"Rural";"30 - 35  MPH";"No Control Present";"Clear";"No";"33.86996, -78.501236"
"4116";705;706;"Yes";"20-24";22;"No";"Facing Traffic";"C: Possible Injury";"Travel Lane";"White";"Male";"Mooresville";"Iredell";"No";"01-01-03";2010-09-15;"Motorist Failed to Yield - Midblock";15;"Non-Intersection";"01-09-01";1-01-01 15:45:58;"Motorist Drive Out - Other Midblock";0;2010;"C: Possible Injury";"Commercial";"60-69";60;"No";"0-5 mph";"O: No Injury";"Hispanic";"Male";"Sport Utility";"No";"No";"Daylight";"Urban (>70% Developed)";"5 lanes";2;"Straight - Level";"NC Route";"Dry";"Two-Way, Not Divided";"None";"Driveway, Public";"Smooth Asphalt";"Piedmont";"Urban";"40 - 45  MPH";"No Control Present";"Clear";"No";"35.58997, -80.84259"
"4117";708;709;"No";"30-39";38;"No";"With Traffic";"B: Evident Injury";"Travel Lane";"White";"Male";"Charlotte";"Mecklenburg";"No";"01-01-04";2010-09-02;"Motorist Failed to Yield - Sign-Controlled Intersection";16;"Intersection";"01-09-01";1-01-01 15:59:58;"Motorist Drive Out - Sign-Controlled Intersection";0;2010;"B: Evident Injury";"Residential";"0-19";17;"No";"11-15 mph";"O: No Injury";"Other";"Male";"Sport Utility";"No";"No";"Daylight";"Urban (>70% Developed)";"2 lanes";2;"Straight - Hillcrest";"Local Street";"Dry";"Two-Way, Not Divided";"None";"No Special Feature";"Smooth Asphalt";"Piedmont";"Urban";"20 - 25  MPH";"Stop Sign";"Clear";"No";"35.054832, -80.85334"
"4118";709;710;"Yes";"50-59";58;"No";"With Traffic";"B: Evident Injury";"Travel Lane";"White";"Male";"Greensboro";"Guilford";"No";"01-01-03";2010-09-22;"Motorist Overtaking Bicyclist";5;"Non-Intersection";"01-09-01";1-01-01 05:19:58;"Motorist Overtaking - Other /";0;2010;"B: Evident Injury";"Industrial";"25-29";29;"No";"36-40 mph";"O: No Injury";"White";"Male";"Pickup";"No";"No";"Dark - Lighted Roadway";"Urban (>70% Developed)";"5 lanes";2;"Straight - Level";"Local Street";"Dry";"Two-Way, Not Divided";"None";"No Special Feature";"Smooth Asphalt";"Piedmont";"Urban";"40 - 45  MPH";"No Control Present";"Cloudy";"No";"36.078968, -79.926384"
"4119";712;713;"No";"15-Nov";11;"No";"Facing Traffic";"C: Possible Injury";"Sidewalk / Crosswalk / Driveway Crossing";"Black";"Male";"Hendersonville";"Henderson";"No";"01-01-07";2010-06-06;"Motorist Failed to Yield - Sign-Controlled Intersection";17;"Intersection";"01-06-01";1-01-01 17:14:58;"Motorist Drive Out - Sign-Controlled Intersection";0;2010;"C: Possible Injury";"Commercial";"40-49";40;"No";NA;"O: No Injury";"White";"Male";"Passenger Car";"No";"No";"Daylight";"Urban (>70% Developed)";"2 lanes";2;"Straight - Level";"Local Street";"Dry";"Two-Way, Not Divided";"None";"T-Intersection";"Coarse Asphalt";"Mountains";"Urban";"30 - 35  MPH";"Stop Sign";"Clear";"No";"35.311195, -82.46152"
"4120";716;717;"Yes";"30-39";38;"No";"With Traffic";"B: Evident Injury";"Travel Lane";"Black";"Male";"High Shoals";"Gaston";"No";"01-01-04";2010-09-30;"Motorist Overtaking Bicyclist";6;"Non-Intersection";"01-09-01";1-01-01 06:34:58;"Motorist Overtaking - Undetected Bicyclist";0;2010;"B: Evident Injury";"Farms, Woods, Pastures";"30-39";33;"No";"56-60 mph";"O: No Injury";"Black";"Male";"Truck/Trailer";"No";"No";"Dark - Roadway Not Lighted";"Rural (<30% Developed)";"4 lanes";2;"Straight - Grade";"US Route";"Wet";"Two-Way, Divided, Positive Median Barrier";"None";"No Special Feature";"Smooth Asphalt";"Piedmont";"Rural";"60 - 75 MPH";"No Control Present";"Clear";"No";"35.406265, -81.20993"