"FID";"OBJECTID";"AmbulanceR";"BikeAge_Gr";"Bike_Age";"Bike_Alc_D";"Bike_Dir";"Bike_Injur";"Bike_Pos";"Bike_Race";"Bike_Sex";"City";"County";"CrashAlcoh";"CrashDay";"Crash_Date";"Crash_Grp";"Crash_Hour";"Crash_Loc";"Crash_Mont";"Crash_Time";"Crash_Type";"Crash_Ty_1";"Crash_Year";"Crsh_Sevri";"Developmen";"DrvrAge_Gr";"Drvr_Age";"Drvr_Alc_D";"Drvr_EstSp";"Drvr_Injur";"Drvr_Race";"Drvr_Sex";"Drvr_VehTy";"ExcsSpdInd";"Hit_Run";"Light_Cond";"Locality";"Num_Lanes";"Num_Units";"Rd_Charact";"Rd_Class";"Rd_Conditi";"Rd_Config";"Rd_Defects";"Rd_Feature";"Rd_Surface";"Region";"Rural_Urba";"Speed_Limi";"Traff_Cntr";"Weather";"Workzone_I";"Location"
"4121";719;720;"Yes";"40-49";48;"Yes";"With Traffic";"C: Possible Injury";"Bike Lane / Paved Shoulder";"Hispanic";"Male";"None - Rural Crash";"Sampson";"Yes";"01-01-04";2010-09-30;"Loss of Control / Turning Error";23;"Non-Intersection";"01-09-01";1-01-01 23:28:58;"Motorist Lost Control - Other /";0;2010;"C: Possible Injury";"Farms, Woods, Pastures";NA;NA;"Missing";NA;"Injury";"/Missing";NA;"Passenger Car";"No";"Yes";"Dark - Roadway Not Lighted";"Rural (<30% Developed)";"2 lanes";2;"Curve - Grade";"NC Route";"Wet";"Two-Way, Not Divided";"None";"No Special Feature";"Coarse Asphalt";"Coastal";"Rural";"50 - 55  MPH";"Double Yellow Line, No Passing Zone";"Cloudy";"No";"34.964664, -78.51215"
"4122";722;723;"Yes";"50-59";59;"No";"With Traffic";"C: Possible Injury";"Travel Lane";"Black";"Male";"None - Rural Crash";"Hoke";"No";"01-01-05";2010-10-01;"Motorist Overtaking Bicyclist";11;"Non-Intersection";"01-10-01";1-01-01 11:29:58;"Motorist Overtaking - Other /";0;2010;"C: Possible Injury";"Farms, Woods, Pastures";NA;NA;"No";"51-55 mph";"Injury";"/Missing";NA;"Passenger Car";"No";"Yes";"Daylight";"Rural (<30% Developed)";"4 lanes";2;"Straight - Level";"US Route";"Dry";"Two-Way, Divided, Unprotected Median";"None";"No Special Feature";"Smooth Asphalt";"Coastal";"Rural";"50 - 55  MPH";"No Control Present";"Clear";"No";"34.999893, -79.21197"
"4123";732;733;"Yes";"60-69";62;"No";"With Traffic";"B: Evident Injury";"Travel Lane";"White";"Male";"Hickory";"Catawba";"No";NA;2010-09-27;"Motorist Failed to Yield - Signalized Intersection";12;"Intersection";"01-09-01";1-01-01 12:53:58;"Motorist Drive Out - Signalized Intersection";0;2010;"B: Evident Injury";"Commercial";"50-59";56;"No";"16-20 mph";"O: No Injury";"White";"Male";"Passenger Car";"No";"No";"Daylight";"Urban (>70% Developed)";"2 lanes";2;"Straight - Hillcrest";"Local Street";"Wet";"One-Way, Not Divided";"None";"Four-Way Intersection";"Coarse Asphalt";"Piedmont";"Urban";"30 - 35  MPH";"Stop And Go Signal";"Cloudy";"No";"35.72907, -81.36099"
"4124";738;739;"Yes";"25-29";28;"No";"With Traffic";"B: Evident Injury";"Travel Lane";"White";"Male";"Charlotte";"Mecklenburg";"No";"01-01-04";2010-09-30;"Crossing Paths - Other Circumstances";23;"Intersection";"01-09-01";1-01-01 23:13:58;"Crossing Paths - Intersection - Other /";0;2010;"B: Evident Injury";"Residential";"0-19";19;"No";"11-15 mph";"O: No Injury";"Black";"Male";"Passenger Car";"No";"No";"Dark - Roadway Not Lighted";"Urban (>70% Developed)";"2 lanes";2;"Straight - Grade";"Local Street";"Wet";"Two-Way, Not Divided";"None";"No Special Feature";"Smooth Asphalt";"Piedmont";"Urban";"20 - 25  MPH";"No Control Present";"Rain";"No";"35.298126, -80.95884"
"4125";740;741;"Yes";"25-29";25;"No";"With Traffic";"B: Evident Injury";"Sidewalk / Crosswalk / Driveway Crossing";"White";"Female";"Charlotte";"Mecklenburg";"No";"01-01-05";2010-10-01;"Motorist Left Turn / Merge";15;"Intersection";"01-10-01";1-01-01 15:40:58;"Motorist Left Turn - Opposite Direction";0;2010;"B: Evident Injury";"Commercial";"70+";NA;"No";"0-5 mph";"O: No Injury";"White";"Male";"Passenger Car";"No";"No";"Daylight";"Urban (>70% Developed)";"4 lanes";2;"Straight - Level";"Local Street";"Dry";"One-Way, Not Divided";"None";"No Special Feature";"Smooth Asphalt";"Piedmont";"Urban";"30 - 35  MPH";"Stop And Go Signal";"Clear";"No";"35.22208, -80.84114"
"4126";748;749;"Yes";"25-29";25;"No";"Not Applicable";"B: Evident Injury";"Non-Roadway";"White";"Male";"Wilmington";"New Hanover";"No";"01-01-04";2010-09-23;"Crossing Paths - Other Circumstances";14;"Intersection";"01-09-01";1-01-01 14:07:58;"Crossing Paths - Intersection - Other /";0;2010;"B: Evident Injury";"Residential";"25-29";29;"No";"41-45 mph";"O: No Injury";"Black";"Male";"Passenger Car";"No";"No";"Daylight";"Urban (>70% Developed)";"5 lanes";2;"Straight - Level";"NC Route";"Dry";"Two-Way, Divided, Unprotected Median";"None";"No Special Feature";"Coarse Asphalt";"Coastal";"Urban";"40 - 45  MPH";"No Control Present";"Clear";"No";"34.239075, -77.85204"
"4127";753;754;"Yes";"40-49";49;"No";NA;"B: Evident Injury";"Sidewalk / Crosswalk / Driveway Crossing";"Black";"Male";"Winston-Salem";"Forsyth";"No";"01-01-02";2010-10-05;"Motorist Left Turn / Merge";17;"Intersection";"01-10-01";1-01-01 17:56:58;"Motorist Left Turn - Opposite Direction";0;2010;"B: Evident Injury";"Institutional";"0-19";19;"No";"6-10 mph";"O: No Injury";"Black";"Female";"Passenger Car";"No";"No";"Daylight";"Urban (>70% Developed)";"2 lanes";2;NA;"Local Street";NA;"Two-Way, Divided, Unprotected Median";"None";"Related To Intersection";"Smooth Asphalt";"Piedmont";"Urban";"30 - 35  MPH";"Stop And Go Signal";"Clear";"No";"36.090473, -80.22811"
"4128";760;761;"No";"30-39";31;"No";"With Traffic";"B: Evident Injury";"Travel Lane";"White";"Male";"Charlotte";"Mecklenburg";"No";NA;2010-10-04;"Motorist Right Turn / Merge";16;"Non-Intersection";"01-10-01";1-01-01 16:45:58;"Motorist Right Turn - Same Direction";0;2010;"B: Evident Injury";"Residential";"40-49";47;"No";"31-35 mph";"O: No Injury";"Black";"Female";"School Bus";"No";"No";"Daylight";"Urban (>70% Developed)";"2 lanes";2;"Straight - Level";"Local Street";"Dry";"Two-Way, Divided, Positive Median Barrier";"None";"No Special Feature";"Coarse Asphalt";"Piedmont";"Urban";"30 - 35  MPH";"No Control Present";"Clear";"No";"35.231213, -80.80806"
"4129";768;769;"Yes";"25-29";26;"No";"With Traffic";"Injury";"Travel Lane";"Other";"Male";"Elon College";"Alamance";"No";"01-01-03";2010-09-15;"Motorist Overtaking Bicyclist";7;"Non-Intersection";"01-09-01";1-01-01 07:48:58;"Motorist Overtaking - Other /";0;2010;"O: No Injury";"Residential";"30-39";35;"No";"21-25 mph";"O: No Injury";"Black";"Female";NA;"No";"Yes";"Dawn";"Urban (>70% Developed)";"2 lanes";2;"Straight - Level";"Local Street";"Dry";"Two-Way, Not Divided";"None";"No Special Feature";"Smooth Asphalt";"Piedmont";"Urban";"20 - 25  MPH";"No Control Present";"Clear";"No";"36.10059, -79.5092"
"4130";773;774;"Yes";"60-69";61;"No";"With Traffic";"B: Evident Injury";"Travel Lane";"White";"Male";"Zebulon";"Wake";"No";"01-01-05";2010-10-15;"Bicyclist Left Turn / Merge";18;"Non-Intersection";"01-10-01";1-01-01 18:47:58;"Bicyclist Left Turn - Same Direction";0;2010;"B: Evident Injury";"Commercial";"25-29";26;"No";"0-5 mph";"O: No Injury";"White";"Female";"Passenger Car";"No";"No";"Dusk";"Urban (>70% Developed)";"3 lanes";2;"Straight - Level";"Local Street";"Dry";"Two-Way, Not Divided";"None";"No Special Feature";"Coarse Asphalt";"Piedmont";"Rural";"30 - 35  MPH";"No Control Present";"Clear";"No";"35.838924, -78.32454"
"4131";774;775;"Yes";"10-Jun";6;"No";"Not Applicable";"B: Evident Injury";"Non-Roadway";"White";"Female";"None - Rural Crash";"Burke";"No";"01-01-04";2010-10-14;"Bicyclist Failed to Yield - Midblock";19;"Non-Intersection";"01-10-01";1-01-01 18:59:58;"Bicyclist Ride Out - Commercial Driveway / Alley";0;2010;"B: Evident Injury";"Residential";"50-59";50;"No";"31-35 mph";"O: No Injury";"White";"Male";"Pickup";"No";"No";"Dusk";"Rural (<30% Developed)";"2 lanes";2;"Straight - Grade";"State Secondary Route";"Dry";"Two-Way, Not Divided";"None";"No Special Feature";"Smooth Asphalt";"Mountains";"Rural";"30 - 35  MPH";"Double Yellow Line, No Passing Zone";"Clear";"No";"35.675037, -81.734"
"4132";785;786;"No";"50-59";52;"No";"With Traffic";"C: Possible Injury";"Travel Lane";"White";"Female";"New Bern";"Craven";"No";"01-01-02";2010-10-12;"Motorist Failed to Yield - Sign-Controlled Intersection";18;"Intersection";"01-10-01";1-01-01 18:01:58;"Motorist Drive Out - Sign-Controlled Intersection";0;2010;"C: Possible Injury";"Residential";"40-49";42;"No";"6-10 mph";"O: No Injury";"Black";"Male";"Passenger Car";"No";"No";"Daylight";"Urban (>70% Developed)";"2 lanes";2;"Straight - Level";"Local Street";"Dry";NA;"None";"Five-Point, Or More";"Smooth Asphalt";"Coastal";"Urban";"20 - 25  MPH";"Stop Sign";"Clear";"No";"35.106743, -77.050156"
"4133";792;793;"Yes";"16-19";18;"No";"Not Applicable";"B: Evident Injury";"Non-Roadway";"White";"Male";"Rockwell";"Rowan";"No";"01-01-02";2010-10-12;"Bicyclist Failed to Yield - Midblock";18;"Non-Intersection";"01-10-01";1-01-01 18:49:58;"Bicyclist Ride Out - Commercial Driveway / Alley";0;2010;"B: Evident Injury";"Commercial";"70+";NA;"No";"31-35 mph";"O: No Injury";"White";"Male";"Passenger Car";"No";"No";"Dusk";"Urban (>70% Developed)";"3 lanes";2;"Straight - Level";"US Route";"Dry";"Two-Way, Not Divided";"None";"Driveway, Public";"Smooth Asphalt";"Piedmont";"Rural";"30 - 35  MPH";"No Control Present";"Clear";"No";"35.56009, -80.41514"
"4134";795;796;"Yes";"20-24";22;"No";"With Traffic";"C: Possible Injury";"Travel Lane";"Black";"Female";"Raleigh";"Wake";"No";"01-01-03";2010-09-22;"Bicyclist Failed to Yield - Sign-Controlled Intersection";18;"Intersection";"01-09-01";1-01-01 18:08:58;"Bicyclist Ride Through - Sign-Controlled Intersection";0;2010;"C: Possible Injury";"Residential";"30-39";36;"No";"31-35 mph";"O: No Injury";"White";"Male";"Passenger Car";"No";"No";"Daylight";"Urban (>70% Developed)";"2 lanes";2;"Straight - Level";"Local Street";"Dry";"Two-Way, Not Divided";"None";"Four-Way Intersection";"Coarse Asphalt";"Piedmont";"Urban";"30 - 35  MPH";"Stop Sign";"Clear";"No";"35.78496, -78.649025"
"4135";796;797;"Yes";"30-39";37;"No";"Facing Traffic";"C: Possible Injury";"Bike Lane / Paved Shoulder";"White";"Male";"Greensboro";"Guilford";"No";NA;2010-10-18;"Motorist Failed to Yield - Sign-Controlled Intersection";19;"Intersection";"01-10-01";1-01-01 18:59:58;"Motorist Drive Through - Sign-Controlled Intersection";0;2010;"C: Possible Injury";"Residential";NA;NA;"Missing";"6-10 mph";"Injury";"/Missing";NA;NA;"No";"Yes";"Dark - Lighted Roadway";"Urban (>70% Developed)";"6 lanes";2;"Straight - Grade";"Local Street";"Dry";"Two-Way, Not Divided";"None";"Shared-Use Paths Or Trails";"Smooth Asphalt";"Piedmont";"Urban";"30 - 35  MPH";"Other";"Cloudy";"No";"36.063858, -79.82651"
"4136";798;799;"No";"15-Nov";11;"No";"Not Applicable";"B: Evident Injury";"Travel Lane";"Black";"Female";"Durham";"Durham";"No";"01-01-05";2010-10-22;"Non-Roadway";16;"Non-Roadway";"01-10-01";1-01-01 16:46:58;"Non-Roadway";0;2010;"B: Evident Injury";"Residential";"20-24";24;"No";"11-15 mph";"O: No Injury";"White";"Female";"Passenger Car";"No";"No";"Daylight";"Urban (>70% Developed)";NA;2;"Straight - Level";"Public Vehicular Area";"Dry";"Two-Way, Not Divided";"None";"No Special Feature";"Smooth Asphalt";"Piedmont";"Urban";"5 - 15 MPH";"No Control Present";"Clear";"No";"35.907387, -78.981964"
"4137";806;807;"Yes";"50-59";52;"No";"Facing Traffic";"C: Possible Injury";"Sidewalk / Crosswalk / Driveway Crossing";"Black";"Male";"Wilmington";"New Hanover";"No";"01-01-02";2010-10-19;"Bicyclist Failed to Yield - Signalized Intersection";15;"Intersection";"01-10-01";1-01-01 15:41:58;"Bicyclist Ride Through - Signalized Intersection";0;2010;"C: Possible Injury";"Commercial";"30-39";36;"No";"6-10 mph";"O: No Injury";"Black";"Male";"Passenger Car";"No";"No";"Daylight";"Urban (>70% Developed)";"5 lanes";2;"Straight - Level";"US Route";"Dry";"Two-Way, Not Divided";"None";"Four-Way Intersection";"Smooth Asphalt";"Coastal";"Urban";"30 - 35  MPH";"Stop And Go Signal";"Clear";"No";"34.240345, -77.90465"
"4138";811;812;"No";"15-Nov";12;"No";"With Traffic";"B: Evident Injury";"Travel Lane";"Hispanic";"Male";"Lumberton";"Robeson";"No";"01-01-05";2010-10-29;"Bicyclist Failed to Yield - Sign-Controlled Intersection";17;"Intersection";"01-10-01";1-01-01 17:17:58;"Bicyclist Ride Through - Sign-Controlled Intersection";0;2010;"B: Evident Injury";"Residential";"30-39";38;"No";"11-15 mph";"O: No Injury";"Black";"Male";"Passenger Car";"No";"No";"Daylight";"Urban (>70% Developed)";"2 lanes";2;"Straight - Level";"Local Street";"Dry";"Two-Way, Not Divided";"None";"Four-Way Intersection";"Coarse Asphalt";"Coastal";"Urban";"20 - 25  MPH";"Stop Sign";"Clear";"No";"34.614372, -78.99234"
"4139";815;816;"No";"20-24";21;"No";"With Traffic";"O: No Injury";"Travel Lane";"White";"Male";"Charlotte";"Mecklenburg";"No";"01-01-05";2010-10-22;"Head-On";21;"Intersection";"01-10-01";1-01-01 21:42:58;"Head-On - Motorist";0;2010;"O: No Injury";"Industrial";NA;NA;"Missing";"0-5 mph";"Injury";"/Missing";NA;NA;"No";"Yes";"Dark - Lighted Roadway";"Urban (>70% Developed)";"4 lanes";2;"Straight - Level";"Local Street";"Dry";"Two-Way, Not Divided";"None";"No Special Feature";"Smooth Asphalt";"Piedmont";"Urban";"20 - 25  MPH";"Stop And Go Signal";"Clear";"No";"35.229435, -80.839905"
"4140";818;819;"Yes";"20-24";20;"No";"With Traffic";"B: Evident Injury";"Travel Lane";"White";"Male";"Raleigh";"Wake";"No";NA;2010-10-25;"Bicyclist Overtaking Motorist";12;"Non-Intersection";"01-10-01";1-01-01 12:40:58;"Bicyclist Overtaking - Passing on Left";0;2010;"B: Evident Injury";"Institutional";"25-29";27;"No";"0-5 mph";"O: No Injury";"Hispanic";"Female";"Passenger Car";"No";"No";"Daylight";"Urban (>70% Developed)";"1 lane";2;"Straight - Level";"Local Street";"Wet";"One-Way, Not Divided";"None";"No Special Feature";"Smooth Asphalt";"Piedmont";"Urban";"5 - 15 MPH";"No Control Present";"Cloudy";"No";"35.785027, -78.66561"
"4141";820;821;"No";"40-49";42;"No";"Facing Traffic";"Injury";"Bike Lane / Paved Shoulder";"/Missing";"Male";"Williamston";"Martin";"No";"01-01-02";2010-10-05;"Motorist Failed to Yield - Midblock";15;"Non-Intersection";"01-10-01";1-01-01 15:29:58;"Motorist Drive Out - Commercial Driveway / Alley";0;2010;"O: No Injury";"Commercial";"20-24";23;"No";NA;"O: No Injury";"White";"Male";"Passenger Car";"No";"No";"Daylight";"Mixed (30% To 70% Developed)";NA;2;"Straight - Level";"Local Street";"Dry";"Two-Way, Divided, Positive Median Barrier";"None";"T-Intersection";"Smooth Asphalt";"Coastal";"Urban";NA;"Stop Sign";"Clear";"No";"35.84483, -77.060936"
"4142";826;827;"Yes";"40-49";43;"No";"With Traffic";"A: Disabling Injury";"Travel Lane";"White";"Male";"Wilson";"Wilson";"No";"01-01-05";2010-10-22;"Motorist Overtaking Bicyclist";19;"Non-Intersection";"01-10-01";1-01-01 19:14:58;"Motorist Overtaking - Bicyclist Swerved";0;2010;"A: Disabling Injury";"Commercial";"40-49";44;"No";"31-35 mph";"O: No Injury";"White";"Male";"Passenger Car";"No";"No";"Dark - Lighted Roadway";"Urban (>70% Developed)";"3 lanes";2;"Straight - Level";"Local Street";"Dry";"Two-Way, Not Divided";"None";"No Special Feature";"Smooth Asphalt";"Coastal";"Urban";"40 - 45  MPH";"No Control Present";"Clear";"No";"35.7077, -77.926346"
"4143";831;832;"Yes";"40-49";41;"No";"With Traffic";"C: Possible Injury";"Travel Lane";"Black";"Male";"None - Rural Crash";"Granville";"No";"01-01-04";2010-10-28;"Motorist Overtaking Bicyclist";7;"Non-Intersection";"01-10-01";1-01-01 07:19:58;"Motorist Overtaking - Misjudged Space";0;2010;"C: Possible Injury";"Farms, Woods, Pastures";"70+";NA;"No";"31-35 mph";"O: No Injury";"White";"Male";"Pickup";"No";"No";"Daylight";"Rural (<30% Developed)";"2 lanes";2;"Curve - Grade";"US Route";"Wet";"Two-Way, Not Divided";"None";"No Special Feature";"Coarse Asphalt";"Piedmont";"Rural";"50 - 55  MPH";"Double Yellow Line, No Passing Zone";"Cloudy";"No";"36.365494, -78.59151"
"4144";833;834;"Yes";"60-69";69;"No";"With Traffic";"C: Possible Injury";"Travel Lane";"White";"Male";"Raleigh";"Wake";"No";"01-01-03";2010-10-13;"Motorist Failed to Yield - Signalized Intersection";13;"Intersection";"01-10-01";1-01-01 13:04:58;"Motorist Drive Out - Signalized Intersection";0;2010;"C: Possible Injury";"Residential";NA;NA;"Missing";"6-10 mph";"Injury";"/Missing";NA;NA;"No";"Yes";"Daylight";"Mixed (30% To 70% Developed)";"7 lanes";2;"Straight - Grade";"Local Street";"Dry";"Two-Way, Divided, Unprotected Median";"None";"T-Intersection";"Smooth Asphalt";"Piedmont";"Urban";"30 - 35  MPH";"Stop Sign";"Clear";"No";"35.772213, -78.685234"
"4145";834;835;"Yes";"60-69";69;"No";"With Traffic";"K: Killed";"Bike Lane / Paved Shoulder";"White";"Male";"None - Rural Crash";"Carteret";"No";"01-01-04";2010-11-04;"Loss of Control / Turning Error";9;"Non-Intersection";"01-11-01";1-01-01 09:43:58;"Motorist Lost Control - Other /";0;2010;"K: Killed";"Farms, Woods, Pastures";"40-49";42;"No";"51-55 mph";"O: No Injury";"White";"Male";"Pickup";"No";"No";"Daylight";"Mixed (30% To 70% Developed)";"4 lanes";2;"Straight - Level";"US Route";"Dry";"Two-Way, Divided, Unprotected Median";"None";"No Special Feature";"Smooth Asphalt";"Coastal";"Rural";"50 - 55  MPH";"No Control Present";"Clear";"No";"34.75625, -76.84733"
"4146";836;837;"Yes";"60-69";61;"No";"With Traffic";"C: Possible Injury";"Travel Lane";"White";"Male";"Unionville";"Union";"No";"01-01-06";2010-11-06;"Motorist Left Turn / Merge";18;"Non-Intersection";"01-11-01";1-01-01 18:58:58;"Motorist Left Turn - Opposite Direction";0;2010;"C: Possible Injury";"Residential";"25-29";25;"No";"41-45 mph";"O: No Injury";"White";"Female";"Sport Utility";"No";"No";"Dusk";"Rural (<30% Developed)";"2 lanes";2;"Straight - Level";"State Secondary Route";"Dry";"Two-Way, Not Divided";"None";"Driveway, Private";"Smooth Asphalt";"Piedmont";"Urban";"40 - 45  MPH";"Double Yellow Line, No Passing Zone";"Clear";"No";"35.050346, -80.55733"
"4147";850;851;"Yes";"16-19";17;"No";"With Traffic";"B: Evident Injury";"Travel Lane";"White";"Male";"None - Rural Crash";"Johnston";"No";"01-01-05";2010-11-12;"Motorist Overtaking Bicyclist";18;"Non-Intersection";"01-11-01";1-01-01 18:24:58;"Motorist Overtaking - Other /";0;2010;"B: Evident Injury";"Farms, Woods, Pastures";"30-39";37;"No";"41-45 mph";"O: No Injury";"White";"Female";"Passenger Car";"No";"No";"Dark - Roadway Not Lighted";"Rural (<30% Developed)";"2 lanes";2;"Straight - Level";"NC Route";"Dry";"Two-Way, Not Divided";"None";"No Special Feature";"Coarse Asphalt";"Coastal";"Rural";"50 - 55  MPH";"Double Yellow Line, No Passing Zone";"Clear";"No";"35.432316, -78.41014"
"4148";854;855;"Yes";"15-Nov";12;"No";"With Traffic";"B: Evident Injury";"Travel Lane";"White";"Male";"Charlotte";"Mecklenburg";"No";"01-01-02";2010-11-09;"Bicyclist Failed to Yield - Signalized Intersection";12;"Intersection-Related";"01-11-01";1-01-01 12:42:58;"Bicyclist Ride Through - Signalized Intersection";0;2010;"B: Evident Injury";"Commercial";"50-59";55;"No";"26-30 mph";"O: No Injury";"White";"Male";"Pickup";"No";"No";"Daylight";"Urban (>70% Developed)";"5 lanes";2;"Straight - Level";"Local Street";"Dry";"Two-Way, Divided, Positive Median Barrier";"None";"No Special Feature";"Smooth Asphalt";"Piedmont";"Urban";"40 - 45  MPH";"Stop And Go Signal";"Clear";"No";"35.195774, -80.877266"
"4149";856;857;"No";"16-19";19;"No";"With Traffic";"Injury";"Travel Lane";"White";"Male";"Greenville";"Pitt";"No";"01-01-03";2010-10-27;"Motorist Left Turn / Merge";12;"Non-Intersection";"01-10-01";1-01-01 12:45:58;"Motorist Left Turn - Opposite Direction";0;2010;"O: No Injury";"Institutional";"50-59";58;"No";"0-5 mph";"O: No Injury";"White";"Female";"Passenger Car";"No";"No";"Daylight";"Urban (>70% Developed)";"2 lanes";3;"Straight - Level";"Local Street";"Dry";"Two-Way, Not Divided";"None";"No Special Feature";"Smooth Asphalt";"Coastal";"Urban";"5 - 15 MPH";"No Control Present";"Clear";"No";"35.60273, -77.36219"
"4150";868;869;"Yes";"70+";NA;"No";"With Traffic";"B: Evident Injury";"Travel Lane";"White";"Male";"Carthage";"Moore";"No";"01-01-07";2010-11-14;"Motorist Overtaking Bicyclist";8;"Intersection";"01-11-01";1-01-01 08:06:58;"Motorist Overtaking - Other /";0;2010;"B: Evident Injury";"Residential";"70+";NA;"No";"41-45 mph";"O: No Injury";"White";"Male";"Pickup";"No";"No";"Daylight";"Mixed (30% To 70% Developed)";"2 lanes";2;"Straight - Level";"Local Street";"Dry";"Two-Way, Not Divided";"None";"No Special Feature";"Coarse Asphalt";"Piedmont";"Rural";"40 - 45  MPH";"No Control Present";"Clear";"No";"35.324738, -79.40234"
"4151";872;873;"No";"40-49";42;"No";"Facing Traffic";"C: Possible Injury";"Travel Lane";"White";"Male";"Laurinburg";"Scotland";"No";"01-01-04";2010-11-11;"Motorist Failed to Yield - Sign-Controlled Intersection";11;"Intersection";"01-11-01";1-01-01 11:07:58;"Motorist Drive Out - Sign-Controlled Intersection";0;2010;"C: Possible Injury";"Residential";NA;NA;"Missing";"0-5 mph";"Injury";"/Missing";NA;NA;"No";"Yes";"Daylight";"Urban (>70% Developed)";"2 lanes";2;"Straight - Grade";"US Route";"Dry";"Two-Way, Not Divided";"None";"No Special Feature";"Coarse Asphalt";"Coastal";"Urban";"30 - 35  MPH";"Stop Sign";"Clear";"No";"34.776024, -79.46812"
"4152";873;874;"Yes";"60-69";64;"No";"Not Applicable";"C: Possible Injury";"Non-Roadway";"White";"Female";"Forest City";"Rutherford";"No";NA;2010-11-15;"Non-Roadway";15;"Non-Roadway";"01-11-01";1-01-01 15:04:58;"Non-Roadway";0;2010;"C: Possible Injury";"Commercial";"30-39";35;"No";"0-5 mph";"O: No Injury";"White";"Female";"Sport Utility";"No";"No";"Daylight";"Urban (>70% Developed)";NA;2;"Straight - Level";"Public Vehicular Area";"Wet";"One-Way, Not Divided";"None";"No Special Feature";"Smooth Asphalt";"Mountains";"Urban";"20 - 25  MPH";"No Control Present";"Rain";"No";"35.31989, -81.85887"
"4153";875;876;"No";"30-39";33;"No";"With Traffic";"C: Possible Injury";"Travel Lane";"White";"Male";"Asheville";"Buncombe";"No";"01-01-05";2010-11-12;"Motorist Failed to Yield - Sign-Controlled Intersection";13;"Intersection";"01-11-01";1-01-01 13:47:58;"Motorist Drive Out - Sign-Controlled Intersection";0;2010;"C: Possible Injury";"Commercial";"30-39";35;"No";"0-5 mph";"O: No Injury";"White";"Female";"Sport Utility";"No";"No";"Daylight";"Urban (>70% Developed)";"4 lanes";2;"Straight - Grade";"Local Street";"Dry";"Two-Way, Not Divided";"None";"T-Intersection";"Smooth Asphalt";"Mountains";"Urban";"30 - 35  MPH";"Stop Sign";"Clear";"No";"35.600895, -82.55542"
"4154";877;878;"Yes";"15-Nov";12;"No";"With Traffic";"C: Possible Injury";"Travel Lane";"White";"Male";"None - Rural Crash";"New Hanover";"No";"01-01-03";2010-11-24;"Bicyclist Failed to Yield - Sign-Controlled Intersection";14;"Intersection";"01-11-01";1-01-01 14:54:58;"Bicyclist Ride Through - Sign-Controlled Intersection";0;2010;"C: Possible Injury";"Residential";"30-39";31;"No";"26-30 mph";"O: No Injury";"White";"Male";"Pickup";"No";"No";"Daylight";"Urban (>70% Developed)";"2 lanes";2;"Curve - Level";"State Secondary Route";"Dry";"Two-Way, Not Divided";"None";"Four-Way Intersection";"Coarse Asphalt";"Coastal";"Rural";"30 - 35  MPH";"Stop Sign";"Clear";"No";"34.110455, -77.9048"
"4155";880;881;"Yes";"25-29";25;"No";"With Traffic";"C: Possible Injury";"Travel Lane";"White";"Male";"None - Rural Crash";"Wake";"No";"01-01-02";2010-11-23;"Motorist Left Turn / Merge";6;"Intersection";"01-11-01";1-01-01 06:36:58;"Motorist Left Turn - Opposite Direction";0;2010;"C: Possible Injury";"Farms, Woods, Pastures";"60-69";68;"No";"31-35 mph";"C: Possible Injury";"White";"Male";"Passenger Car";"No";"No";"Dark - Roadway Not Lighted";"Rural (<30% Developed)";"2 lanes";2;"Straight - Level";"State Secondary Route";"Dry";"Two-Way, Not Divided";"None";"Four-Way Intersection";"Coarse Asphalt";"Piedmont";"Rural";"40 - 45  MPH";"Double Yellow Line, No Passing Zone";"Clear";"No";"35.708965, -78.71018"
"4156";892;893;"Yes";"15-Nov";12;"No";"Facing Traffic";"C: Possible Injury";"Bike Lane / Paved Shoulder";"Black";"Male";"Fayetteville";"Cumberland";"No";"01-01-02";2010-11-30;"Bicyclist Right Turn / Merge";6;"Non-Intersection";"01-11-01";1-01-01 06:38:58;"Bicyclist Right Turn - Same Direction";0;2010;"C: Possible Injury";"Farms, Woods, Pastures";"50-59";55;"No";"36-40 mph";"O: No Injury";"Black";"Male";"Pickup";"No";"No";"Daylight";"Mixed (30% To 70% Developed)";"2 lanes";2;"Straight - Level";"Local Street";"Dry";"Two-Way, Not Divided";"None";"No Special Feature";"Coarse Asphalt";"Coastal";"Urban";"40 - 45  MPH";"No Control Present";"Clear";"No";"35.013554, -79.00568"
"4157";896;897;"No";"30-39";37;"No";NA;"Injury";"Travel Lane";"White";"Male";"Davidson";"Mecklenburg";"No";"01-01-07";2010-11-21;"Other /  - Insufficient Details";12;"Non-Intersection";"01-11-01";1-01-01 12:24:58;"Approach Paths";0;2010;"O: No Injury";"Farms, Woods, Pastures";"40-49";47;"No";"11-15 mph";"O: No Injury";"White";"Female";"Sport Utility";"No";"No";"Daylight";"Mixed (30% To 70% Developed)";"1 lane";2;"Curve - Grade";"Local Street";"Dry";"One-Way, Not Divided";"None";"Other";"Smooth Asphalt";"Piedmont";"Urban";"30 - 35  MPH";"Yield Sign";"Clear";"No";"35.483868, -80.819855"