"FID";"OBJECTID";"AmbulanceR";"BikeAge_Gr";"Bike_Age";"Bike_Alc_D";"Bike_Dir";"Bike_Injur";"Bike_Pos";"Bike_Race";"Bike_Sex";"City";"County";"CrashAlcoh";"CrashDay";"Crash_Date";"Crash_Grp";"Crash_Hour";"Crash_Loc";"Crash_Mont";"Crash_Time";"Crash_Type";"Crash_Ty_1";"Crash_Year";"Crsh_Sevri";"Developmen";"DrvrAge_Gr";"Drvr_Age";"Drvr_Alc_D";"Drvr_EstSp";"Drvr_Injur";"Drvr_Race";"Drvr_Sex";"Drvr_VehTy";"ExcsSpdInd";"Hit_Run";"Light_Cond";"Locality";"Num_Lanes";"Num_Units";"Rd_Charact";"Rd_Class";"Rd_Conditi";"Rd_Config";"Rd_Defects";"Rd_Feature";"Rd_Surface";"Region";"Rural_Urba";"Speed_Limi";"Traff_Cntr";"Weather";"Workzone_I";"Location"
"4232";746;747;"Yes";"50-59";54;"No";"With Traffic";"B: Evident Injury";"Travel Lane";"White";"Male";"Lenoir";"Caldwell";"No";"01-01-07";2012-10-07;"Motorist Overtaking Bicyclist";6;"Non-Intersection";"01-10-01";1-01-01 06:12:58;"Motorist Overtaking - Other /";NA;2012;"B: Evident Injury";"Commercial";"20-24";22;"No";"36-40 mph";"O: No Injury";"White";"Male";"Passenger Car";"No";"No";"Dark - Lighted Roadway";"Mixed (30% To 70% Developed)";"5 lanes";2;"Straight - Level";"Local Street";"Wet";"Two-Way, Not Divided";"None";"No Special Feature";"Smooth Asphalt";"Mountains";"Urban";"40 - 45  MPH";"No Control Present";"Rain";"No";"35.90223, -81.5456"
"4233";747;748;"No";"25-29";27;"No";"With Traffic";"O: No Injury";"Travel Lane";"Hispanic";"Male";"None - Rural Crash";"Stanly";"No";"01-01-02";2012-09-25;"Motorist Overtaking Bicyclist";6;"Non-Intersection";"01-09-01";1-01-01 06:13:58;"Motorist Overtaking - Bicyclist Swerved";NA;2012;"O: No Injury";"Farms, Woods, Pastures";"30-39";38;"No";"51-55 mph";"O: No Injury";"White";"Male";"Passenger Car";"No";"No";"Dark - Roadway Not Lighted";"Rural (<30% Developed)";"2 lanes";2;"Straight - Level";"NC Route";"Dry";"Two-Way, Not Divided";"None";"No Special Feature";"Smooth Asphalt";"Piedmont";"Rural";"50 - 55  MPH";"Double Yellow Line, No Passing Zone";"Fog, Smog, Smoke";"No";"35.20512, -80.0875"
"4234";751;752;"Yes";"40-49";44;"No";"With Traffic";"B: Evident Injury";"Travel Lane";"Black";"Male";"None - Rural Crash";"Hoke";"No";"01-01-07";2012-10-07;"Motorist Overtaking Bicyclist";19;"Non-Intersection";"01-10-01";1-01-01 19:57:58;"Motorist Overtaking - Other /";NA;2012;"B: Evident Injury";"Commercial";"70";70;"No";"51-55 mph";"C: Possible Injury";"Native American";"Male";"Passenger Car";"No";"No";"Dark - Roadway Not Lighted";"Rural (<30% Developed)";"2 lanes";2;"Straight - Grade";"State Secondary Route";"Dry";"Two-Way, Not Divided";"None";"No Special Feature";"Coarse Asphalt";"Coastal";"Rural";"50 - 55  MPH";"No Control Present";"Clear";"No";"34.90576, -79.2319"
"4235";754;755;"No";"30-39";30;"No";"With Traffic";"C: Possible Injury";"Travel Lane";"White";"Male";"Cary";"Wake";"No";"01-01-07";2012-09-23;"Motorist Failed to Yield - Sign-Controlled Intersection";17;"Intersection";"01-09-01";1-01-01 17:27:58;"Motorist Drive Out - Sign-Controlled Intersection";NA;2012;"C: Possible Injury";"Residential";"30-39";39;"No";"6-10 mph";"O: No Injury";"Other";"Female";NA;"No";"Yes";"Daylight";"Urban (>70% Developed)";"2 lanes";2;"Straight - Level";"Local Street";"Dry";"Two-Way, Not Divided";"None";"T-Intersection";"Smooth Asphalt";"Piedmont";"Urban";"30 - 35  MPH";"Stop Sign";"Clear";"No";"35.82471, -78.8422"
"4236";760;761;"No";"20-24";20;"No";"With Traffic";"C: Possible Injury";"Travel Lane";"White";"Male";"Wilmington";"New Hanover";"No";"01-01-04";2012-10-11;"Motorist Left Turn / Merge";22;"Intersection";"01-10-01";1-01-01 22:14:58;"Motorist Left Turn - Opposite Direction";NA;2012;"C: Possible Injury";"Institutional";"20-24";20;"No";"0-5 mph";"O: No Injury";"White";"Female";"Passenger Car";"No";"No";"Dark - Lighted Roadway";"Urban (>70% Developed)";"2 lanes";2;"Straight - Level";"Local Street";"Dry";"Two-Way, Not Divided";"None";"Four-Way Intersection";"Smooth Asphalt";"Coastal";"Urban";"20 - 25  MPH";"Other";"Clear";"No";"34.22886, -77.871"
"4237";769;770;"Yes";"16-19";18;"No";"With Traffic";"C: Possible Injury";"Travel Lane";"White";"Female";"None - Rural Crash";"Johnston";"No";"01-01-07";2012-10-07;"Motorist Overtaking Bicyclist";21;"Non-Intersection";"01-10-01";1-01-01 21:06:58;"Motorist Overtaking - Bicyclist Swerved";NA;2012;"C: Possible Injury";"Farms, Woods, Pastures";"70";70;"No";"51-55 mph";"Injury";"White";"Male";NA;"No";"Yes";"Dark - Roadway Not Lighted";"Mixed (30% To 70% Developed)";"2 lanes";2;"Straight - Level";"US Route";"Dry";"Two-Way, Not Divided";"None";"No Special Feature";"Coarse Asphalt";"Coastal";"Rural";"50 - 55  MPH";"No Control Present";"Cloudy";"No";"35.48997, -78.2037"
"4238";774;775;"No";"10-Jun";10;"No";NA;"C: Possible Injury";NA;"Black";"Male";"Farmville";"Pitt";"No";"01-01-02";2012-10-09;"Bicyclist Failed to Yield - Midblock";0;"Non-Intersection";"01-10-01";0-12-31 23:59:58;"Bicyclist Ride Out - Midblock -";NA;2012;"C: Possible Injury";"Residential";"30-39";30;"No";"16-20 mph";"O: No Injury";"White";"Female";"Passenger Car";"No";"No";"Daylight";"Urban (>70% Developed)";"2 lanes";2;"Straight - Level";"Local Street";"Dry";"Two-Way, Not Divided";"None";"No Special Feature";"Smooth Asphalt";"Coastal";"Rural";"30 - 35  MPH";"No Control Present";"Cloudy";"No";"35.59911, -77.5875"
"4239";776;777;"Yes";"10-Jun";10;"No";NA;"B: Evident Injury";"Travel Lane";"White";"Male";"Raleigh";"Wake";"No";"01-01-03";2012-10-10;"Crossing Paths - Other Circumstances";8;"Intersection-Related";"01-10-01";1-01-01 08:44:58;"Sign-Controlled Intersection - Other /";NA;2012;"B: Evident Injury";"Residential";"30-39";30;"No";"11-15 mph";"O: No Injury";"Hispanic";"Female";"Passenger Car";"No";"No";"Daylight";"Urban (>70% Developed)";"2 lanes";2;"Straight - Level";NA;"Dry";"Two-Way, Not Divided";"None";"No Special Feature";"Smooth Asphalt";"Piedmont";"Urban";"30 - 35  MPH";"No Control Present";"Clear";"No";"35.84297, -78.6236"
"4240";781;782;"Yes";"30-39";36;"No";"Facing Traffic";"C: Possible Injury";"Travel Lane";"White";"Female";"Wilson";"Wilson";"Yes";"01-01-05";2012-09-28;"Motorist Failed to Yield - Sign-Controlled Intersection";18;"Intersection";"01-09-01";1-01-01 18:15:58;"Motorist Drive Out - Sign-Controlled Intersection";NA;2012;"C: Possible Injury";"Commercial";"60-69";67;"Yes";"21-25 mph";"O: No Injury";"White";"Male";"Pickup";"No";"No";"Dusk";"Urban (>70% Developed)";"5 lanes";2;"Straight - Level";"Local Street";"Dry";"Two-Way, Not Divided";"None";"T-Intersection";"Smooth Asphalt";"Coastal";"Urban";"40 - 45  MPH";"Stop Sign";"Cloudy";"No";"35.70908, -77.9466"
"4241";790;791;"Yes";"20-24";21;"No";"Facing Traffic";"B: Evident Injury";"Sidewalk / Crosswalk / Driveway Crossing";"White";"Female";"Cary";"Wake";"No";"01-01-06";2012-10-06;"Motorist Failed to Yield - Sign-Controlled Intersection";15;"Intersection";"01-10-01";1-01-01 15:44:58;"Motorist Drive Out - Sign-Controlled Intersection";NA;2012;"B: Evident Injury";"Residential";"25-29";28;"No";"0-5 mph";"O: No Injury";"White";"Female";"Passenger Car";"No";"No";"Daylight";"Urban (>70% Developed)";"2 lanes";2;"Straight - Level";"Local Street";"Dry";"Two-Way, Divided, Unprotected Median";"None";"Related To Intersection";"Smooth Asphalt";"Piedmont";"Urban";"20 - 25  MPH";"Stop Sign";"Clear";"No";"35.79161, -78.823"
"4242";797;798;"Yes";"16-19";17;"No";"With Traffic";"B: Evident Injury";"Travel Lane";"White";"Female";"Durham";"Durham";"No";"01-01-06";2012-10-20;"Bicyclist Overtaking Motorist";15;"Intersection";"01-10-01";1-01-01 15:15:58;"Bicyclist Overtaking - Extended Door";NA;2012;"B: Evident Injury";"Commercial";"60-69";62;"Missing";"0-5 mph";"O: No Injury";"White";"Female";"Passenger Car";"No";"No";"Daylight";"Urban (>70% Developed)";"4 lanes";2;"Straight - Grade";"Local Street";"Dry";"Two-Way, Not Divided";"None";"No Special Feature";"Smooth Asphalt";"Piedmont";"Urban";"30 - 35  MPH";"No Control Present";"Clear";"No";"36.01367, -78.9218"
"4243";799;800;"Yes";"0-5";4;"No";"Not Applicable";"C: Possible Injury";"Driveway / Alley";"Black";"Female";"Charlotte";"Mecklenburg";"No";"01-01-06";2012-10-20;"Bicyclist Failed to Yield - Midblock";18;"Non-Intersection";"01-10-01";1-01-01 18:05:58;"Bicyclist Ride Out - Residential Driveway";NA;2012;"C: Possible Injury";"Residential";"30-39";38;"No";"0-5 mph";"O: No Injury";"Black";"Female";"Passenger Car";"No";"No";"Daylight";"Urban (>70% Developed)";"1 lane";2;"Straight - Level";"Local Street";"Dry";"Two-Way, Not Divided";"None";"No Special Feature";"Smooth Asphalt";"Piedmont";"Urban";"20 - 25  MPH";"No Control Present";"Clear";"No";"35.17403, -80.7132"
"4244";803;804;"Yes";"60-69";62;"No";"With Traffic";"B: Evident Injury";"Travel Lane";"White";"Male";"None - Rural Crash";"Caldwell";"No";"01-01-05";2012-10-19;"Motorist Right Turn / Merge";11;"Intersection";"01-10-01";1-01-01 11:43:58;"Motorist Right Turn - Same Direction";NA;2012;"B: Evident Injury";"Farms, Woods, Pastures";"50-59";57;"No";"26-30 mph";"O: No Injury";"White";"Female";"Passenger Car";"No";"No";"Daylight";"Rural (<30% Developed)";"2 lanes";2;"Straight - Level";"State Secondary Route";"Dry";"Two-Way, Not Divided";"None";"T-Intersection";"Smooth Asphalt";"Mountains";"Rural";"50 - 55  MPH";"Double Yellow Line, No Passing Zone";"Clear";"No";"35.86001, -81.3446"
"4245";779;780;"Yes";"30-39";35;"No";"With Traffic";"C: Possible Injury";"Travel Lane";"White";"Male";"None - Rural Crash";"Johnston";"No";"01-01-03";2010-10-20;"Motorist Overtaking Bicyclist";19;"Non-Intersection";"01-10-01";1-01-01 19:07:58;"Motorist Overtaking - Misjudged Space";0;2010;"C: Possible Injury";"Farms, Woods, Pastures";"50-59";56;"No";"51-55 mph";"O: No Injury";"Black";"Male";"Pickup";"No";"No";"Dark - Roadway Not Lighted";"Rural (<30% Developed)";"2 lanes";2;"Straight - Level";"State Secondary Route";"Dry";"Two-Way, Not Divided";"None";"Bridge Approach";"Coarse Asphalt";"Coastal";"Rural";"50 - 55  MPH";"Double Yellow Line, No Passing Zone";"Clear";"No";"35.399345, -78.50027"
"4246";790;791;"Yes";"20-24";20;"No";"With Traffic";"B: Evident Injury";"Bike Lane / Paved Shoulder";"White";"Male";"Chapel Hill";"Orange";"No";"01-01-07";2010-10-17;"Bicyclist Overtaking Motorist";20;"Non-Intersection";"01-10-01";1-01-01 20:03:58;"Bicyclist Overtaking - Parked Vehicle";0;2010;"B: Evident Injury";"Institutional";NA;NA;"Missing";NA;"Injury";"/Missing";NA;"Passenger Car";"No";"No";"Dark - Lighted Roadway";"Urban (>70% Developed)";"4 lanes";2;"Straight - Level";"Local Street";"Dry";"Two-Way, Divided, Unprotected Median";"None";"No Special Feature";"Smooth Asphalt";"Piedmont";"Urban";"20 - 25  MPH";"No Control Present";"Clear";"No";"35.91462, -79.051865"
"4247";791;792;"No";"50-59";55;"No";"With Traffic";"C: Possible Injury";"Travel Lane";"White";"Male";"Charlotte";"Mecklenburg";"No";"01-01-06";2010-10-16;"Bicyclist Overtaking Motorist";14;"Non-Intersection";"01-10-01";1-01-01 14:38:58;"Bicyclist Overtaking - Parked Vehicle";0;2010;"C: Possible Injury";"Residential";NA;NA;"Missing";"31-35 mph";"Injury";"/Missing";NA;"Passenger Car";"Yes";"No";"Daylight";"Urban (>70% Developed)";"2 lanes";2;"Straight - Level";"Local Street";"Dry";"Two-Way, Not Divided";"None";"No Special Feature";"Concrete";"Piedmont";"Urban";"30 - 35  MPH";"No Control Present";"Clear";"No";"35.034195, -80.79219"
"4248";809;810;"Yes";"20-24";22;"No";"Facing Traffic";"C: Possible Injury";"Travel Lane";"Black";"Male";"None - Rural Crash";"Robeson";"No";"01-01-02";2010-10-26;"Head-On";21;"Non-Intersection";"01-10-01";1-01-01 21:31:58;"Head-On - Bicyclist";0;2010;"C: Possible Injury";"Farms, Woods, Pastures";"50-59";53;"No";"51-55 mph";"O: No Injury";"Native American";"Male";"Pickup";"No";"No";"Dark - Roadway Not Lighted";"Rural (<30% Developed)";"2 lanes";2;"Straight - Level";"NC Route";"Dry";"Two-Way, Not Divided";"None";"No Special Feature";"Coarse Asphalt";"Coastal";"Rural";"50 - 55  MPH";"Double Yellow Line, No Passing Zone";"Clear";"No";"34.710075, -79.35131"
"4249";812;813;"Yes";"40-49";48;"No";"With Traffic";"K: Killed";"Travel Lane";"White";"Male";"Charlotte";"Mecklenburg";"No";"01-01-05";2010-10-22;"Motorist Overtaking Bicyclist";12;"Non-Intersection";"01-10-01";1-01-01 12:13:58;"Motorist Overtaking - Bicyclist Swerved";0;2010;"K: Killed";"Commercial";"20-24";20;"No";"46-50 mph";"O: No Injury";"Asian";"Male";"Pickup";"No";"No";"Daylight";"Urban (>70% Developed)";"5 lanes";2;"Straight - Level";"US Route";"Dry";"Two-Way, Divided, Unprotected Median";"None";"No Special Feature";"Coarse Asphalt";"Piedmont";"Urban";"50 - 55  MPH";"No Control Present";"Clear";"No";"35.241795, -80.984344"
"4250";813;814;"Yes";"50-59";53;"No";"With Traffic";"B: Evident Injury";"Travel Lane";"Black";"Male";"Rocky Mount";"Nash";"No";"01-01-05";2010-09-24;"Crossing Paths - Other Circumstances";17;"Intersection";"01-09-01";1-01-01 17:21:58;"Crossing Paths - Uncontrolled Intersection";0;2010;"B: Evident Injury";"Commercial";"40-49";41;"No";"0-5 mph";"O: No Injury";"Hispanic";"Female";"Passenger Car";"No";"No";"Daylight";"Urban (>70% Developed)";"4 lanes";2;"Straight - Level";"Local Street";"Dry";"Two-Way, Divided, Unprotected Median";"None";"Four-Way Intersection";"Coarse Asphalt";"Coastal";"Urban";"30 - 35  MPH";"No Control Present";"Clear";"No";"35.93051, -77.81367"
"4251";814;815;"Yes";"10-Jun";10;"No";"Not Applicable";"B: Evident Injury";"Driveway / Alley";"White";"Male";"Cary";"Wake";"No";"01-01-07";2010-10-31;"Bicyclist Failed to Yield - Midblock";12;"Non-Intersection";"01-10-01";1-01-01 12:53:58;"Bicyclist Ride Out - Residential Driveway";0;2010;"B: Evident Injury";"Residential";"40-49";42;"No";"16-20 mph";"O: No Injury";"Black";"Male";"Pickup";"No";"No";"Daylight";"Urban (>70% Developed)";"2 lanes";2;"Straight - Level";"Local Street";"Dry";"Two-Way, Not Divided";"None";"No Special Feature";"Smooth Asphalt";"Piedmont";"Urban";"20 - 25  MPH";"No Control Present";"Clear";"No";"35.79605, -78.85487"
"4252";821;822;"Yes";"20-24";20;"No";"Facing Traffic";"C: Possible Injury";"Sidewalk / Crosswalk / Driveway Crossing";"Black";"Male";"Gastonia";"Gaston";"No";"01-01-06";2010-10-16;"Motorist Failed to Yield - Signalized Intersection";13;"Intersection";"01-10-01";1-01-01 13:14:58;"Motorist Drive Out - Signalized Intersection";0;2010;"C: Possible Injury";"Commercial";"40-49";49;"No";"0-5 mph";"O: No Injury";"Black";"Male";"Passenger Car";"No";"No";"Daylight";"Urban (>70% Developed)";"3 lanes";2;"Straight - Grade";"NC Route";"Dry";"Two-Way, Not Divided";"None";"Four-Way Intersection";"Smooth Asphalt";"Piedmont";"Urban";"30 - 35  MPH";"Stop And Go Signal";"Clear";"No";"35.26526, -81.197624"
"4253";829;830;"Yes";"50-59";59;"No";"With Traffic";"B: Evident Injury";"Travel Lane";"White";"Male";"Durham";"Durham";"No";"01-01-06";2010-09-25;"Motorist Overtaking Bicyclist";10;"Intersection";"01-09-01";1-01-01 10:27:58;"Motorist Overtaking - Misjudged Space";0;2010;"B: Evident Injury";"Residential";"30-39";38;"No";"11-15 mph";"O: No Injury";"White";"Female";"Passenger Car";"No";"No";"Daylight";"Urban (>70% Developed)";"3 lanes";2;"Straight - Level";"NC Route";"Dry";"Two-Way, Divided, Unprotected Median";"None";"No Special Feature";"Grooved Concrete";"Piedmont";"Urban";"30 - 35  MPH";"Stop And Go Signal";"Clear";"No";"35.900925, -78.95959"
"4254";835;836;"Yes";"16-19";19;"No";"With Traffic";"B: Evident Injury";"Travel Lane";"White";"Male";"None - Rural Crash";"Burke";"No";NA;2010-11-01;"Motorist Overtaking Bicyclist";20;"Non-Intersection";"01-11-01";1-01-01 20:53:58;"Motorist Overtaking - Other /";0;2010;"B: Evident Injury";"Farms, Woods, Pastures";"0-19";19;"No";"51-55 mph";"O: No Injury";"White";"Male";"Pickup";"No";"No";"Dark - Roadway Not Lighted";"Rural (<30% Developed)";"2 lanes";2;"Curve - Level";"State Secondary Route";"Dry";"Two-Way, Not Divided";"None";"No Special Feature";"Coarse Asphalt";"Mountains";"Rural";"50 - 55  MPH";"Double Yellow Line, No Passing Zone";"Clear";"No";"35.725014, -81.54229"
"4255";838;839;"Yes";"20-24";23;"No";"With Traffic";"B: Evident Injury";"Sidewalk / Crosswalk / Driveway Crossing";"White";"Male";"Raleigh";"Wake";"No";"01-01-04";2010-10-07;"Motorist Failed to Yield - Sign-Controlled Intersection";17;"Intersection";"01-10-01";1-01-01 17:20:58;"Motorist Drive Out - Sign-Controlled Intersection";0;2010;"B: Evident Injury";"Commercial";NA;NA;"No";"6-10 mph";"Injury";"/Missing";NA;NA;"No";"Yes";"Daylight";"Urban (>70% Developed)";"3 lanes";2;"Straight - Level";"Local Street";"Dry";"Two-Way, Not Divided";"None";"Four-Way Intersection";"Coarse Asphalt";"Piedmont";"Urban";"30 - 35  MPH";"Stop Sign";"Clear";"No";"35.824863, -78.70854"
"4256";843;844;"Yes";"30-39";36;"No";"With Traffic";"B: Evident Injury";"Travel Lane";"Black";"Male";"Lincolnton";"Lincoln";"No";"01-01-03";2010-10-27;"Motorist Overtaking Bicyclist";19;"Non-Intersection";"01-10-01";1-01-01 19:50:58;"Motorist Overtaking - Undetected Bicyclist";0;2010;"B: Evident Injury";"Commercial";"50-59";55;"No";"31-35 mph";"O: No Injury";"White";"Female";"Passenger Car";"No";"No";"Dark - Lighted Roadway";"Urban (>70% Developed)";"2 lanes";5;"Straight - Level";"Local Street";"Wet";"Two-Way, Not Divided";"None";"No Special Feature";"Smooth Asphalt";"Piedmont";"Urban";"30 - 35  MPH";"Double Yellow Line, No Passing Zone";"Cloudy";"No";"35.475586, -81.239845"
"4257";844;845;"Yes";"16-19";17;"No";"With Traffic";"C: Possible Injury";"Travel Lane";"Black";"Male";"Winterville";"Pitt";"No";"01-01-04";2010-10-28;"Bicyclist Failed to Yield - Signalized Intersection";12;"Intersection";"01-10-01";1-01-01 12:39:58;"Bicyclist Ride Through - Signalized Intersection";0;2010;"C: Possible Injury";"Commercial";"25-29";29;"No";"16-20 mph";"O: No Injury";"White";"Female";"Sport Utility";"No";"No";"Daylight";"Mixed (30% To 70% Developed)";"4 lanes";2;"Straight - Level";"NC Route";"Dry";"Two-Way, Divided, Unprotected Median";"None";"Four-Way Intersection";"Smooth Asphalt";"Coastal";"Urban";"50 - 55  MPH";"Stop And Go Signal";"Clear";"No";"35.535397, -77.40725"
"4258";847;848;"Yes";"40-49";48;"No";"Facing Traffic";"C: Possible Injury";"Travel Lane";"White";"Male";"None - Rural Crash";"Currituck";"No";"01-01-05";2010-09-24;"Motorist Failed to Yield - Sign-Controlled Intersection";11;"Intersection";"01-09-01";1-01-01 11:16:58;"Motorist Drive Out - Sign-Controlled Intersection";0;2010;"C: Possible Injury";"Residential";"25-29";25;"No";"0-5 mph";"O: No Injury";"Black";"Male";"Passenger Car";"No";"No";"Daylight";"Urban (>70% Developed)";"2 lanes";2;"Straight - Level";"State Secondary Route";"Dry";"Two-Way, Not Divided";"None";"T-Intersection";"Coarse Asphalt";"Coastal";"Rural";"20 - 25  MPH";"Stop Sign";"Clear";"No";"36.49313, -76.16468"
"4259";849;850;"No";"15-Nov";12;"No";"With Traffic";"O: No Injury";"Travel Lane";"Black";"Male";"Durham";"Durham";"No";"01-01-06";2010-11-13;"Loss of Control / Turning Error";10;"Intersection";"01-11-01";1-01-01 09:59:58;"Bicyclist Turning Error - Right Turn";0;2010;"O: No Injury";"Residential";"60-69";67;"No";"11-15 mph";"O: No Injury";"Black";"Female";"Passenger Car";"No";"No";"Daylight";"Urban (>70% Developed)";"2 lanes";2;"Straight - Level";"Local Street";"Dry";"Two-Way, Not Divided";"None";"T-Intersection";"Coarse Asphalt";"Piedmont";"Urban";"20 - 25  MPH";"Stop Sign";"Clear";"No";"35.962177, -78.89825"
"4260";853;854;"No";"60-69";65;"No";"Facing Traffic";"O: No Injury";"Sidewalk / Crosswalk / Driveway Crossing";"Black";"Male";"Smithfield";"Johnston";"No";NA;2010-11-01;"Motorist Failed to Yield - Midblock";15;"Non-Intersection";"01-11-01";1-01-01 15:40:58;"Motorist Drive Out - Commercial Driveway / Alley";0;2010;"O: No Injury";"Commercial";NA;NA;"Missing";"0-5 mph";"Injury";"/Missing";NA;NA;"No";"Yes";"Daylight";"Urban (>70% Developed)";NA;2;"Straight - Level";"Public Vehicular Area";"Dry";"One-Way, Not Divided";"None";"Driveway, Public";"Coarse Asphalt";"Coastal";"Urban";NA;"No Control Present";"Clear";"No";"35.519028, -78.31592"
"4261";855;856;"Yes";"60-69";63;"No";"Facing Traffic";"B: Evident Injury";"Travel Lane";"White";"Male";"Vander";"Cumberland";"No";"01-01-04";2010-10-21;"Head-On";19;"Non-Intersection";"01-10-01";1-01-01 19:39:58;"Head-On - Bicyclist";0;2010;"B: Evident Injury";"Residential";"0-19";17;"No";"41-45 mph";"O: No Injury";"White";"Male";"Pickup";"No";"No";"Dark - Roadway Not Lighted";"Rural (<30% Developed)";"2 lanes";2;"Straight - Level";"State Secondary Route";"Dry";"Two-Way, Not Divided";"None";"No Special Feature";"Smooth Asphalt";"Coastal";"Rural";"50 - 55  MPH";"Double Yellow Line, No Passing Zone";"Clear";"No";"35.01893, -78.71793"
"4262";857;858;"Yes";"40-49";40;"No";"With Traffic";"A: Disabling Injury";"Travel Lane";"White";"Male";"None - Rural Crash";"Pender";"No";"01-01-06";2010-11-13;"Motorist Overtaking Bicyclist";12;"Non-Intersection";"01-11-01";1-01-01 12:39:58;"Motorist Overtaking - Other /";0;2010;"A: Disabling Injury";"Farms, Woods, Pastures";"30-39";30;"No";"46-50 mph";"O: No Injury";"White";"Male";"Pickup";"No";"No";"Daylight";"Rural (<30% Developed)";"2 lanes";2;"Straight - Level";"US Route";"Dry";"Two-Way, Not Divided";"None";"No Special Feature";"Coarse Asphalt";"Coastal";"Rural";"50 - 55  MPH";"Double Yellow Line, No Passing Zone";"Clear";"No";"34.493496, -78.05421"
"4263";863;864;"No";"0-5";2;"No";NA;"B: Evident Injury";"Travel Lane";"Other";"Female";"Raleigh";"Wake";"No";NA;2010-11-01;"Backing Vehicle";17;"Non-Intersection";"01-11-01";1-01-01 17:29:58;"Backing Vehicle";0;2010;"B: Evident Injury";"Residential";NA;NA;"Missing";"0-5 mph";"Injury";"/Missing";NA;NA;"No";"Yes";"Daylight";"Urban (>70% Developed)";"2 lanes";2;"Straight - Level";"Local Street";"Dry";"Two-Way, Not Divided";"None";"Other";"Smooth Asphalt";"Piedmont";"Urban";"30 - 35  MPH";"No Control Present";"Clear";"No";"35.788494, -78.7109"
"4264";869;870;"Yes";"40-49";45;"No";"Not Applicable";"C: Possible Injury";"Non-Roadway";"Black";"Male";"Fayetteville";"Cumberland";"No";"01-01-03";2010-11-10;"Non-Roadway";18;"Non-Roadway";"01-11-01";1-01-01 18:27:58;"Non-Roadway";0;2010;"C: Possible Injury";"Commercial";"30-39";31;"No";"0-5 mph";"O: No Injury";"Black";"Female";"Sport Utility";"No";"No";"Dark - Roadway Not Lighted";"Urban (>70% Developed)";NA;2;"Straight - Level";"Public Vehicular Area";"Dry";"Two-Way, Not Divided";"None";"Driveway, Public";"Coarse Asphalt";"Coastal";"Urban";"20 - 25  MPH";"No Control Present";"Clear";"No";"35.05231, -79.04471"
"4265";874;875;"No";"20-24";24;"No";"Facing Traffic";"O: No Injury";"Travel Lane";"Black";"Male";"Elizabeth City";"Pasquotank";"No";"01-01-07";2010-11-21;"Crossing Paths - Other Circumstances";15;"Intersection";"01-11-01";1-01-01 15:48:58;"Crossing Paths - Intersection - Other /";0;2010;"O: No Injury";"Commercial";"40-49";40;"No";"0-5 mph";"O: No Injury";"Black";"Male";"Police";"No";"No";"Daylight";"Urban (>70% Developed)";"5 lanes";2;"Straight - Level";"Local Street";"Dry";"Two-Way, Not Divided";"None";"T-Intersection";"Smooth Asphalt";"Coastal";"Urban";"20 - 25  MPH";"No Control Present";"Clear";"No";"36.296627, -76.22279"
"4266";882;883;"Yes";"25-29";26;"No";"With Traffic";"B: Evident Injury";"Travel Lane";"Black";"Male";"Burlington";"Alamance";"No";"01-01-04";2010-11-11;"Bicyclist Failed to Yield - Sign-Controlled Intersection";8;"Intersection";"01-11-01";1-01-01 08:11:58;"Bicyclist Ride Out - Sign-Controlled Intersection";0;2010;"B: Evident Injury";"Commercial";"30-39";36;"No";"6-10 mph";"O: No Injury";"Black";"Male";"Passenger Car";"No";"No";"Daylight";"Urban (>70% Developed)";"2 lanes";2;"Straight - Level";"Local Street";"Dry";"Two-Way, Not Divided";"None";"Four-Way Intersection";"Smooth Asphalt";"Piedmont";"Urban";"30 - 35  MPH";"Stop Sign";"Clear";"No";"36.09951, -79.43819"
"4267";883;884;"Yes";"16-19";19;"No";"Facing Traffic";"B: Evident Injury";"Sidewalk / Crosswalk / Driveway Crossing";"White";"Female";"Wilmington";"New Hanover";"No";"01-01-04";2010-11-11;"Crossing Paths - Other Circumstances";8;"Intersection";"01-11-01";1-01-01 08:38:58;"Crossing Paths - Intersection - Other /";0;2010;"B: Evident Injury";"Commercial";"50-59";58;"No";"16-20 mph";"O: No Injury";"White";"Male";"Passenger Car";"No";"No";"Daylight";"Urban (>70% Developed)";"4 lanes";2;"Straight - Level";"Local Street";"Dry";"Two-Way, Not Divided";"None";"No Special Feature";"Smooth Asphalt";"Coastal";"Urban";"30 - 35  MPH";"No Control Present";"Clear";"No";"34.237957, -77.91793"
"4268";884;885;"Yes";"70+";NA;"No";"Facing Traffic";"B: Evident Injury";"Multi-use Path";"White";"Male";"Wilmington";"New Hanover";"No";"01-01-03";2010-11-10;"Motorist Failed to Yield - Sign-Controlled Intersection";15;"Intersection";"01-11-01";1-01-01 15:30:58;"Motorist Drive Out - Sign-Controlled Intersection";0;2010;"B: Evident Injury";"Commercial";"20-24";22;"No";"0-5 mph";"O: No Injury";"White";"Female";"Passenger Car";"No";"No";"Daylight";"Urban (>70% Developed)";"6 lanes";2;"Straight - Level";"NC Route";"Dry";"Two-Way, Divided, Unprotected Median";"None";"No Special Feature";"Coarse Asphalt";"Coastal";"Urban";"20 - 25  MPH";"Stop Sign";"Clear";"No";"34.232597, -77.82883"