"FID";"OBJECTID";"AmbulanceR";"BikeAge_Gr";"Bike_Age";"Bike_Alc_D";"Bike_Dir";"Bike_Injur";"Bike_Pos";"Bike_Race";"Bike_Sex";"City";"County";"CrashAlcoh";"CrashDay";"Crash_Date";"Crash_Grp";"Crash_Hour";"Crash_Loc";"Crash_Mont";"Crash_Time";"Crash_Type";"Crash_Ty_1";"Crash_Year";"Crsh_Sevri";"Developmen";"DrvrAge_Gr";"Drvr_Age";"Drvr_Alc_D";"Drvr_EstSp";"Drvr_Injur";"Drvr_Race";"Drvr_Sex";"Drvr_VehTy";"ExcsSpdInd";"Hit_Run";"Light_Cond";"Locality";"Num_Lanes";"Num_Units";"Rd_Charact";"Rd_Class";"Rd_Conditi";"Rd_Config";"Rd_Defects";"Rd_Feature";"Rd_Surface";"Region";"Rural_Urba";"Speed_Limi";"Traff_Cntr";"Weather";"Workzone_I";"Location"
"4269";885;886;"Yes";"25-29";25;"No";"With Traffic";"B: Evident Injury";"Travel Lane";"White";"Male";"Wilmington";"New Hanover";"No";"01-01-07";2010-11-07;"Motorist Left Turn / Merge";17;"Intersection";"01-11-01";1-01-01 17:36:58;"Motorist Left Turn - Opposite Direction";0;2010;"B: Evident Injury";"Residential";"50-59";57;"No";"26-30 mph";"O: No Injury";"White";"Female";"Sport Utility";"No";"No";"Dusk";"Rural (<30% Developed)";"2 lanes";2;"Straight - Level";"Local Street";"Dry";"Two-Way, Not Divided";"None";"No Special Feature";"Smooth Asphalt";"Coastal";"Urban";"40 - 45  MPH";"No Control Present";"Clear";"No";"34.21634, -77.89126"
"4270";891;892;"No";"50-59";53;"No";"Not Applicable";"B: Evident Injury";"Travel Lane";"Black";"Male";"Charlotte";"Mecklenburg";"No";"01-01-03";2010-11-17;"Other / Unusual Circumstances";14;"Non-Intersection";"01-11-01";1-01-01 14:34:58;"Motorist Intentionally Caused";0;2010;"B: Evident Injury";"Commercial";"40-49";42;"No";"16-20 mph";"O: No Injury";"White";"Male";"Pickup";"No";"No";"Daylight";"Rural (<30% Developed)";"4 lanes";2;"Straight - Level";"Local Street";"Dry";"Two-Way, Divided, Unprotected Median";"None";"No Special Feature";"Smooth Asphalt";"Piedmont";"Urban";"30 - 35  MPH";"No Control Present";"Clear";"No";"35.201332, -80.87303"
"4271";894;895;"No";"15-Nov";15;"No";"Facing Traffic";"C: Possible Injury";"Travel Lane";"White";"Male";"None - Rural Crash";"New Hanover";"No";NA;2010-11-29;"Head-On";16;"Non-Intersection";"01-11-01";1-01-01 15:59:58;"Head-On - Bicyclist";0;2010;"C: Possible Injury";"Residential";"70+";NA;"No";"11-15 mph";"O: No Injury";"White";"Female";"Passenger Car";"No";"No";"Daylight";"Urban (>70% Developed)";"2 lanes";2;"Curve - Level";"State Secondary Route";"Dry";"Two-Way, Not Divided";"None";"No Special Feature";"Smooth Asphalt";"Coastal";"Rural";"30 - 35  MPH";"No Control Present";"Cloudy";"No";"34.283813, -77.795715"
"4272";901;902;"Yes";"50-59";53;"No";"With Traffic";"B: Evident Injury";"Travel Lane";"White";"Male";"Raleigh";"Wake";"No";"01-01-02";2010-11-23;"Loss of Control / Turning Error";6;"Intersection";"01-11-01";1-01-01 06:33:58;"Motorist Turning Error - Left Turn";0;2010;"B: Evident Injury";"Institutional";"40-49";49;"No";"11-15 mph";"O: No Injury";"Black";"Male";"Van";"No";"No";"Dawn";"Urban (>70% Developed)";"2 lanes";2;"Straight - Level";"Local Street";"Dry";"Two-Way, Not Divided";"None";"T-Intersection";"Smooth Asphalt";"Piedmont";"Urban";"20 - 25  MPH";"Stop And Go Signal";"Clear";"No";"35.78667, -78.66406"
"4273";902;903;"No";NA;NA;"No";"Facing Traffic";"O: No Injury";"Travel Lane";"Black";"Male";"Henderson";"Vance";"No";"01-01-07";2010-11-14;"Motorist Failed to Yield - Sign-Controlled Intersection";12;"Intersection";"01-11-01";1-01-01 12:22:58;"Motorist Drive Out - Sign-Controlled Intersection";0;2010;"O: No Injury";"Residential";"60-69";68;"No";"26-30 mph";"O: No Injury";"White";"Female";"Passenger Car";"No";"No";"Daylight";"Mixed (30% To 70% Developed)";"2 lanes";2;"Straight - Grade";"Local Street";"Dry";"Two-Way, Not Divided";"None";"No Special Feature";"Smooth Asphalt";"Piedmont";"Urban";"20 - 25  MPH";"Stop Sign";"Clear";"No";"36.32339, -78.41265"
"4274";904;905;"No";"10-Jun";10;"No";"Not Applicable";"B: Evident Injury";"Travel Lane";"Hispanic";"Male";"Angier";"Harnett";"No";"01-01-03";2010-10-27;"Crossing Paths - Other Circumstances";18;"Intersection";"01-10-01";1-01-01 17:59:58;"Crossing Paths - Intersection - Other /";0;2010;"B: Evident Injury";"Residential";"30-39";34;"No";"31-35 mph";"O: No Injury";"Hispanic";"Male";"Passenger Car";"No";"No";"Daylight";"Mixed (30% To 70% Developed)";"2 lanes";2;"Straight - Level";"Local Street";"Dry";"Two-Way, Not Divided";"None";"No Special Feature";"Smooth Asphalt";"Coastal";"Rural";"30 - 35  MPH";"No Control Present";"Cloudy";"No";"35.507076, -78.73691"
"4275";910;911;"No";"10-Jun";8;"No";"With Traffic";"C: Possible Injury";"Travel Lane";"Black";"Male";"Ayden";"Pitt";"No";"01-01-05";2010-10-15;"Motorist Overtaking Bicyclist";17;"Intersection";"01-10-01";1-01-01 17:14:58;"Motorist Overtaking - Bicyclist Swerved";0;2010;"C: Possible Injury";"Residential";"30-39";31;"No";"21-25 mph";"O: No Injury";"White";"Male";"Pickup";"No";"No";"Daylight";"Urban (>70% Developed)";"2 lanes";2;"Straight - Level";"Local Street";"Dry";"Two-Way, Not Divided";"None";"No Special Feature";"Smooth Asphalt";"Coastal";"Rural";"30 - 35  MPH";"No Control Present";"Clear";"No";"35.478115, -77.40976"
"4276";911;912;"Yes";"40-49";44;"Yes";"With Traffic";"C: Possible Injury";"Travel Lane";"Black";"Male";"High Point";"Guilford";"Yes";"01-01-06";2010-11-27;"Crossing Paths - Other Circumstances";23;"Intersection";"01-11-01";1-01-01 23:06:58;"Crossing Paths - Intersection - Other /";0;2010;"C: Possible Injury";"Residential";"30-39";38;"No";NA;"O: No Injury";"White";"Male";"Passenger Car";"No";"No";"Dark - Lighted Roadway";"Urban (>70% Developed)";"4 lanes";2;"Straight - Grade";"Local Street";"Dry";"Two-Way, Not Divided";"None";"Related To Intersection";"Smooth Asphalt";"Piedmont";"Urban";"30 - 35  MPH";"Yield Sign";"Clear";"No";"35.942642, -80.012505"
"4277";914;915;"Yes";"30-39";37;"No";"With Traffic";"A: Disabling Injury";"Travel Lane";"White";"Male";"Raleigh";"Wake";"Yes";"01-01-07";2010-11-14;"Motorist Overtaking Bicyclist";3;"Non-Intersection";"01-11-01";1-01-01 03:43:58;"Motorist Overtaking - Other /";0;2010;"A: Disabling Injury";"Residential";"30-39";30;"Yes";"46-50 mph";"O: No Injury";"Black";"Female";"Passenger Car";"No";"No";"Dark - Lighted Roadway";"Urban (>70% Developed)";"4 lanes";2;"Straight - Grade";"US Route";"Dry";"Two-Way, Divided, Unprotected Median";"None";"No Special Feature";"Smooth Asphalt";"Piedmont";"Urban";"40 - 45  MPH";"No Control Present";"Clear";"No";"35.78003, -78.598526"
"4278";917;918;"Yes";"60-69";63;"No";"With Traffic";"C: Possible Injury";"Travel Lane";"White";"Male";"Chapel Hill";"Orange";"No";"01-01-02";2010-11-30;"Motorist Left Turn / Merge";9;"Intersection";"01-11-01";1-01-01 09:31:58;"Motorist Left Turn - Opposite Direction";0;2010;"C: Possible Injury";"Commercial";"50-59";58;"No";NA;"O: No Injury";"White";"Male";"Passenger Car";"No";"No";"Daylight";"Urban (>70% Developed)";"5 lanes";2;"Straight - Grade";"State Secondary Route";"Dry";"Two-Way, Not Divided";"None";"Four-Way Intersection";"Smooth Asphalt";"Piedmont";"Urban";"30 - 35  MPH";"Stop And Go Signal";"Clear";"No";"35.92768, -79.03017"
"4279";919;920;"Yes";"25-29";29;"No";"Not Applicable";"B: Evident Injury";"Travel Lane";"Black";"Female";"Charlotte";"Mecklenburg";"No";"01-01-03";2010-12-01;"Bicyclist Failed to Yield - Midblock";16;"Non-Intersection";"01-12-01";1-01-01 16:54:58;"Bicyclist Ride Out - Midblock -";0;2010;"B: Evident Injury";"Commercial";"20-24";23;"No";"36-40 mph";"O: No Injury";"White";"Male";"Sport Utility";"No";"No";"Daylight";"Mixed (30% To 70% Developed)";"4 lanes";2;"Straight - Level";"Local Street";"Water (Standing, Moving)";"Two-Way, Divided, Unprotected Median";"None";"No Special Feature";"Coarse Asphalt";"Piedmont";"Urban";"50 - 55  MPH";"No Control Present";"Clear";"No";"35.2996, -80.73518"
"4280";920;921;"Yes";"40-49";47;"No";"Facing Traffic";"C: Possible Injury";"Sidewalk / Crosswalk / Driveway Crossing";"White";"Male";"Hendersonville";"Henderson";"No";"01-01-02";2010-11-23;"Motorist Failed to Yield - Midblock";11;"Non-Intersection";"01-11-01";1-01-01 11:48:58;"Motorist Drive Out - Commercial Driveway / Alley";0;2010;"C: Possible Injury";"Commercial";"60-69";63;"No";NA;"O: No Injury";"White";"Male";"Passenger Car";"No";"No";"Daylight";"Urban (>70% Developed)";"3 lanes";2;"Straight - Level";"Local Street";"Dry";"One-Way, Not Divided";"None";"No Special Feature";"Coarse Asphalt";"Mountains";"Urban";"30 - 35  MPH";"No Control Present";"Clear";"No";"35.319588, -82.46165"
"4281";928;929;"Yes";"50-59";53;"No";"With Traffic";"C: Possible Injury";"Travel Lane";"White";"Female";"Raleigh";"Wake";"No";"01-01-02";2010-11-30;"Bicyclist Left Turn / Merge";17;"Non-Intersection";"01-11-01";1-01-01 17:40:58;"Bicyclist Left Turn - Same Direction";0;2010;"C: Possible Injury";"Residential";"20-24";20;"No";"16-20 mph";"O: No Injury";"White";"Male";"Passenger Car";"No";"No";"Dark - Lighted Roadway";"Urban (>70% Developed)";"2 lanes";2;"Straight - Level";"Local Street";"Wet";"Two-Way, Not Divided";"None";"No Special Feature";"Coarse Asphalt";"Piedmont";"Urban";"40 - 45  MPH";"No Control Present";"Rain";"No";"35.88294, -78.679886"
"4282";929;930;"Yes";"40-49";48;"No";"With Traffic";"C: Possible Injury";"Travel Lane";"Native American";"Male";"Lumberton";"Robeson";"No";"01-01-06";2010-12-18;"Motorist Overtaking Bicyclist";0;"Intersection-Related";"01-12-01";1-01-01 00:10:58;"Motorist Overtaking - Undetected Bicyclist";0;2010;"C: Possible Injury";"Commercial";"20-24";21;"No";"31-35 mph";"O: No Injury";"Hispanic";"Male";"Passenger Car";"No";"No";"Dark - Roadway Not Lighted";"Urban (>70% Developed)";"1 lane";2;"Curve - Grade";"Interstate";"Dry";"One-Way, Not Divided";"None";"On or Off Ramp";"Coarse Asphalt";"Coastal";"Urban";"60 - 75 MPH";"No Control Present";"Clear";"No";"34.647915, -79.01445"
"4283";931;932;"Yes";"30-39";30;"No";"Facing Traffic";"C: Possible Injury";"Sidewalk / Crosswalk / Driveway Crossing";"Hispanic";"Male";"Raleigh";"Wake";"No";"01-01-06";2010-11-27;"Motorist Failed to Yield - Sign-Controlled Intersection";16;"Intersection";"01-11-01";1-01-01 16:48:58;"Motorist Drive Out - Sign-Controlled Intersection";0;2010;"C: Possible Injury";"Residential";"40-49";45;"No";"0-5 mph";"O: No Injury";"White";"Male";"Pickup";"No";"No";"Daylight";"Urban (>70% Developed)";"2 lanes";2;"Straight - Level";"Local Street";"Dry";"Two-Way, Not Divided";"None";"No Special Feature";"Coarse Asphalt";"Piedmont";"Urban";"20 - 25  MPH";"Stop Sign";"Clear";"No";"35.855198, -78.615456"
"4284";938;939;"Yes";"50-59";50;"No";"With Traffic";"B: Evident Injury";"Travel Lane";"Black";"Male";"None - Rural Crash";"Wilson";"No";"01-01-06";2010-12-18;"Motorist Overtaking Bicyclist";6;"Non-Intersection";"01-12-01";1-01-01 06:17:58;"Motorist Overtaking - Other /";0;2010;"B: Evident Injury";"Farms, Woods, Pastures";"25-29";28;"No";"51-55 mph";"Injury";"Black";"Female";"Sport Utility";"No";"No";"Dark - Roadway Not Lighted";"Rural (<30% Developed)";"4 lanes";2;"Straight - Level";"US Route";"Dry";"Two-Way, Divided, Unprotected Median";"None";"No Special Feature";"Coarse Asphalt";"Coastal";"Rural";"50 - 55  MPH";"No Control Present";"Clear";"No";"35.777794, -77.85771"
"4285";939;940;"Yes";"15-Nov";15;"No";"With Traffic";"B: Evident Injury";"Bike Lane / Paved Shoulder";"White";"Male";"None - Rural Crash";"Forsyth";"No";"01-01-04";2010-12-23;"Motorist Overtaking Bicyclist";18;"Non-Intersection";"01-12-01";1-01-01 18:18:58;"Motorist Overtaking - Other /";0;2010;"B: Evident Injury";"Farms, Woods, Pastures";"25-29";25;"No";"36-40 mph";"O: No Injury";"White";"Male";"Passenger Car";"No";"No";"Dark - Roadway Not Lighted";"Rural (<30% Developed)";"2 lanes";2;"Straight - Level";"State Secondary Route";"Dry";"Two-Way, Not Divided";"None";"No Special Feature";"Coarse Asphalt";"Piedmont";"Rural";"40 - 45  MPH";"Double Yellow Line, No Passing Zone";"Clear";"No";"36.175224, -80.08864"
"4286";944;945;"Yes";"40-49";42;"Yes";"With Traffic";"B: Evident Injury";"Travel Lane";"White";"Male";"Landis";"Rowan";"Yes";"01-01-05";2010-07-23;"Loss of Control / Turning Error";18;"Intersection";"01-07-01";1-01-01 18:17:58;"Bicylist Lost Control - Alcohol / Drug Impairment";0;2010;"B: Evident Injury";"Commercial";"40-49";44;"No";"0-5 mph";"O: No Injury";"Black";"Female";"Sport Utility";"No";"No";"Daylight";"Urban (>70% Developed)";"2 lanes";2;"Straight - Level";"Local Street";"Dry";"Two-Way, Not Divided";"None";"T-Intersection";"Smooth Asphalt";"Piedmont";"Rural";"30 - 35  MPH";"Stop Sign";"Clear";"No";"35.545986, -80.61109"
"4287";947;948;"Yes";"30-39";37;"No";"With Traffic";"C: Possible Injury";"Sidewalk / Crosswalk / Driveway Crossing";"Black";"Male";"Raleigh";"Wake";"No";NA;2010-12-13;"Parallel Paths - Other Circumstances";20;"Non-Intersection";"01-12-01";1-01-01 20:02:58;"Bicyclist Ride Out - Parallel Path";0;2010;"C: Possible Injury";"Residential";"50-59";56;"No";"31-35 mph";"O: No Injury";"White";"Female";"Passenger Car";"No";"No";"Dark - Lighted Roadway";"Urban (>70% Developed)";"1 lane";2;"Straight - Level";"Local Street";"Dry";"One-Way, Not Divided";"None";"T-Intersection";"Smooth Asphalt";"Piedmont";"Urban";"30 - 35  MPH";"Stop And Go Signal";"Clear";"No";"35.82371, -78.632835"
"4288";949;950;"Yes";"40-49";43;"No";"With Traffic";"C: Possible Injury";"Travel Lane";"Black";"Male";"High Point";"Guilford";"No";"01-01-05";2010-12-24;"Motorist Overtaking Bicyclist";13;"Intersection-Related";"01-12-01";1-01-01 13:43:58;"Motorist Overtaking - Misjudged Space";0;2010;"C: Possible Injury";"Commercial";NA;NA;"Missing";NA;"Injury";"/Missing";NA;NA;"No";"Yes";"Daylight";"Urban (>70% Developed)";"2 lanes";2;"Straight - Grade";"Local Street";"Dry";"Two-Way, Not Divided";"None";"No Special Feature";"Grooved Concrete";"Piedmont";"Urban";NA;"Stop Sign";"Clear";"No";"35.962814, -79.99281"
"4289";952;953;"Yes";"40-49";49;"No";"With Traffic";"B: Evident Injury";"Travel Lane";"White";"Male";"None - Rural Crash";"Buncombe";"No";"01-01-06";2010-09-25;"Motorist Left Turn / Merge";10;"Intersection-Related";"01-09-01";1-01-01 10:51:58;"Motorist Left Turn - Opposite Direction";0;2010;"B: Evident Injury";"Commercial";"50-59";55;"No";"21-25 mph";"O: No Injury";"White";"Male";"Passenger Car";"No";"No";"Daylight";"Mixed (30% To 70% Developed)";"2 lanes";2;"Straight - Hillcrest";"Local Street";"Dry";"Two-Way, Not Divided";"None";"No Special Feature";"Smooth Asphalt";"Mountains";"Rural";"30 - 35  MPH";"No Control Present";"Clear";"No";"35.620472, -82.57669"
"4290";953;954;"No";"40-49";41;"No";"Facing Traffic";"B: Evident Injury";"Travel Lane";"Black";"Male";"Wilson";"Wilson";"No";"01-01-02";2010-11-30;"Motorist Failed to Yield - Midblock";13;"Non-Intersection";"01-11-01";1-01-01 13:52:58;"Motorist Drive Out - Other Midblock";0;2010;"B: Evident Injury";"Commercial";"50-59";54;"No";"0-5 mph";"O: No Injury";"White";"Male";"Passenger Car";"No";"No";"Daylight";"Urban (>70% Developed)";"2 lanes";2;"Curve - Level";"Public Vehicular Area";"Dry";"Two-Way, Not Divided";"None";"Driveway, Public";"Coarse Asphalt";"Coastal";"Urban";"30 - 35  MPH";"No Control Present";"Clear";"No";"35.71511, -77.924126"
"4291";954;955;"Yes";"40-49";42;"No";"With Traffic";"B: Evident Injury";"Travel Lane";"White";"Male";"Wilson";"Wilson";"No";"01-01-03";2010-11-24;"Motorist Overtaking Bicyclist";11;"Non-Intersection";"01-11-01";1-01-01 11:41:58;"Motorist Overtaking - Other /";0;2010;"B: Evident Injury";"Residential";NA;NA;"Missing";"36-40 mph";"Injury";"/Missing";NA;NA;"No";"Yes";"Daylight";"Urban (>70% Developed)";"2 lanes";2;"Straight - Level";"Local Street";"Dry";"Two-Way, Not Divided";"None";"No Special Feature";"Coarse Asphalt";"Coastal";"Urban";"30 - 35  MPH";"No Control Present";"Clear";"No";"35.71439, -77.89773"
"4292";959;960;"No";"15-Nov";14;"No";"Facing Traffic";"B: Evident Injury";"Sidewalk / Crosswalk / Driveway Crossing";"White";"Male";"Stanley";"Gaston";"No";"01-01-04";2010-07-08;"Loss of Control / Turning Error";16;"Intersection";"01-07-01";1-01-01 15:59:58;"Bicyclist Lost Control - Mechanical Problems";0;2010;"B: Evident Injury";"Commercial";"30-39";30;"No";NA;"O: No Injury";"White";"Female";"Passenger Car";"No";"No";"Daylight";"Mixed (30% To 70% Developed)";"2 lanes";2;"Straight - Level";"Local Street";"Dry";"Two-Way, Not Divided";"None";"T-Intersection";"Smooth Asphalt";"Piedmont";"Rural";"20 - 25  MPH";"Stop Sign";"Clear";"No";"35.358463, -81.09524"
"4293";961;962;"No";"40-49";47;"No";"Facing Traffic";"C: Possible Injury";"Bike Lane / Paved Shoulder";"Black";"Male";"Weldon";"Halifax";"No";"01-01-04";2010-10-28;"Loss of Control / Turning Error";11;"Non-Intersection";"01-10-01";1-01-01 11:36:58;"Motorist Lost Control - Mechanical Problems";0;2010;"C: Possible Injury";"Residential";"70+";NA;"No";"41-45 mph";"O: No Injury";"Black";"Female";"Passenger Car";"No";"No";"Daylight";"Mixed (30% To 70% Developed)";"2 lanes";2;"Straight - Level";"Local Street";"Dry";"Two-Way, Not Divided";"None";"Driveway, Public";"Smooth Asphalt";"Coastal";"Rural";"40 - 45  MPH";"No Control Present";"Clear";"No";"36.41284, -77.616"
"4294";2;3;"Yes";"15-Nov";13;"No";"With Traffic";"C: Possible Injury";"Travel Lane";"Black";"Male";"None - Rural Crash";"Pitt";"No";"01-01-04";2011-01-06;"Head-On";17;"Non-Intersection";NA;1-01-01 17:53:58;"Head-On - Bicyclist";311250;2011;"C: Possible Injury";"Farms, Woods, Pastures";"25-29";26;"No";"51-55 mph";"O: No Injury";"White";"Male";"Passenger Car";"No";"No";"Dark - Roadway Not Lighted";"Rural (<30% Developed)";"2 lanes";2;"Curve - Level";"State Secondary Route";"Dry";"Two-Way, Not Divided";"None";"No Special Feature";"Smooth Asphalt";"Coastal";"Rural";"50 - 55  MPH";"Double Yellow Line, No Passing Zone";"Clear";"No";"35.51318, -77.2342"
"4295";3;4;"Yes";"60-69";62;"No";"With Traffic";"B: Evident Injury";"Travel Lane";"White";"Male";"None - Rural Crash";"Wake";"No";"01-01-04";2011-01-06;"Motorist Overtaking Bicyclist";16;"Non-Intersection";NA;1-01-01 16:45:58;"Motorist Overtaking - Undetected Bicyclist";311231;2011;"B: Evident Injury";"Residential";"60-69";63;"No";"26-30 mph";"O: No Injury";"Black";"Female";"Sport Utility";"No";"No";"Daylight";"Mixed (30% To 70% Developed)";"2 lanes";2;"Straight - Level";"State Secondary Route";"Dry";"Two-Way, Not Divided";"None";"No Special Feature";"Smooth Asphalt";"Piedmont";"Rural";"40 - 45  MPH";"Double Yellow Line, No Passing Zone";"Clear";"No";"35.7721, -78.6386"
"4296";11;12;"Yes";"15-Nov";12;"No";"Not Applicable";"B: Evident Injury";"Driveway / Alley";"White";"Male";"None - Rural Crash";"Lenoir";"No";"01-01-05";2011-01-21;"Bicyclist Failed to Yield - Midblock";16;"Non-Intersection";NA;1-01-01 15:59:58;"Bicyclist Ride Out - Residential Driveway";353311;2011;"B: Evident Injury";"Residential";NA;NA;"No";"41-45 mph";"Injury";"/Missing";NA;NA;"No";"Yes";"Daylight";"Rural (<30% Developed)";"2 lanes";2;"Straight - Level";"State Secondary Route";"Dry";"Two-Way, Not Divided";"None";"No Special Feature";"Coarse Asphalt";"Coastal";"Rural";"50 - 55  MPH";"Double Yellow Line, No Passing Zone";"Clear";"No";"35.3169, -77.7647"
"4297";14;15;"No";"50-59";54;"No";"With Traffic";"O: No Injury";"Travel Lane";"White";"Male";"Smithfield";"Johnston";"No";"01-01-03";2011-01-19;"Motorist Right Turn / Merge";12;"Non-Intersection";NA;1-01-01 12:10:58;"Motorist Right Turn - Same Direction";311213;2011;"O: No Injury";"Commercial";"40-49";45;"No";"6-10 mph";"O: No Injury";"Black";"Female";"Sport Utility";"No";"No";"Daylight";"Urban (>70% Developed)";"5 lanes";2;"Straight - Level";"US Route";"Dry";"Two-Way, Not Divided";"None";"Driveway, Public";"Smooth Asphalt";"Coastal";"Urban";"30 - 35  MPH";"Stop And Go Signal";"Clear";"No";"35.52002, -78.3103"
"4298";15;16;"Yes";"20-24";21;"No";"With Traffic";"C: Possible Injury";"Travel Lane";"Black";"Male";"None - Rural Crash";"Pitt";"No";"01-01-04";2011-02-03;"Bicyclist Failed to Yield - Sign-Controlled Intersection";15;"Intersection";"01-02-01";1-01-01 14:59:58;"Bicyclist Ride Through - Sign-Controlled Intersection";111144;2011;"C: Possible Injury";"Farms, Woods, Pastures";"50-59";54;"No";"51-55 mph";"O: No Injury";"Black";"Male";"Single Unit Truck (3 Or More Axles)";"No";"No";"Daylight";"Rural (<30% Developed)";"2 lanes";2;"Straight - Level";"State Secondary Route";"Dry";"Two-Way, Not Divided";"None";"Four-Way Intersection";"Coarse Asphalt";"Coastal";"Rural";"50 - 55  MPH";"Stop Sign";"Cloudy";"No";"35.66247, -77.3897"
"4299";18;19;"No";"40-49";46;"No";"With Traffic";"K: Killed";"Travel Lane";"White";"Male";"Monroe";"Union";"Yes";"01-01-04";2011-01-27;"Motorist Overtaking Bicyclist";23;"Non-Intersection";NA;1-01-01 23:29:58;"Motorist Overtaking - Other /";311239;2011;"K: Killed";"Commercial";"30-39";31;"Yes";"41-45 mph";"O: No Injury";"White";"Male";"Passenger Car";"No";"No";"Dark - Lighted Roadway";"Urban (>70% Developed)";"2 lanes";2;"Straight - Level";"Local Street";"Dry";"Two-Way, Not Divided";"None";"No Special Feature";"Smooth Asphalt";"Piedmont";"Urban";"40 - 45  MPH";"No Control Present";"Clear";"No";"35.0401, -80.601"
"4300";19;20;"Yes";"50-59";51;"No";"Facing Traffic";"C: Possible Injury";"Sidewalk / Crosswalk / Driveway Crossing";"White";"Male";"Greensboro";"Guilford";"No";"01-01-05";2011-01-28;"Crossing Paths - Other Circumstances";13;"Intersection";NA;1-01-01 13:06:58;"Sign-Controlled Intersection - Other /";132148;2011;"C: Possible Injury";"Residential";"20-24";21;"No";"6-10 mph";"O: No Injury";"Black";"Male";"Passenger Car";"No";"No";"Daylight";"Urban (>70% Developed)";"2 lanes";2;"Straight - Hillcrest";"Public Vehicular Area";"Dry";"Two-Way, Not Divided";"No Shoulders";"T-Intersection";"Smooth Asphalt";"Piedmont";"Urban";NA;"Stop Sign";"Clear";"No";"36.07578, -79.8939"
"4301";433;434;"No";"15-Nov";11;"No";"Facing Traffic";"C: Possible Injury";"Travel Lane";"Black";"Male";"Winton";"Hertford";"No";"01-01-03";2009-08-05;"Motorist Left Turn / Merge";19;"Intersection";"01-08-01";1-01-01 19:39:58;"Motorist Left Turn - Same Direction";112211;2009;"C: Possible Injury";"Residential";NA;NA;"Missing";"31-35 mph";"Injury";"/Missing";NA;NA;"No";"Yes";"Dark - Roadway Not Lighted";"Mixed (30% To 70% Developed)";"2 lanes";2;"Straight - Level";"NC Route";"Dry";"Two-Way, Not Divided";"None";"T-Intersection";"Coarse Asphalt";"Coastal";"Rural";"30 - 35  MPH";"Double Yellow Line, No Passing Zone";"Clear";"No";"36.38904, -76.93733"
"4302";438;439;"Yes";"10-Jun";7;"No";"Not Applicable";"B: Evident Injury";"Driveway / Alley";"White";"Male";"Raleigh";"Wake";"No";"01-01-03";2009-08-05;"Bicyclist Failed to Yield - Midblock";18;"Non-Intersection";"01-08-01";1-01-01 18:38:58;"Bicyclist Ride Out - Residential Driveway";353311;2009;"B: Evident Injury";"Residential";"50-59";58;"No";"31-35 mph";"O: No Injury";"Other";"Female";"Passenger Car";"No";"No";"Daylight";"Urban (>70% Developed)";"2 lanes";2;"Curve - Level";"Local Street";"Dry";"Two-Way, Not Divided";"None";"No Special Feature";"Coarse Asphalt";"Piedmont";"Urban";"30 - 35  MPH";"No Control Present";"Clear";"No";"35.87213, -78.626045"
"4303";443;444;"No";"15-Nov";15;"No";"Facing Traffic";"C: Possible Injury";"Travel Lane";"White";"Male";"Concord";"Cabarrus";"No";"01-01-05";2009-08-07;"Loss of Control / Turning Error";17;"Intersection";"01-08-01";1-01-01 17:07:58;"Bicyclist Lost Control - Mechanical Problems";112121;2009;"C: Possible Injury";"Commercial";"30-39";32;"No";"6-10 mph";"O: No Injury";"White";"Female";"Sport Utility";"No";"No";"Daylight";"Urban (>70% Developed)";"3 lanes";2;"Straight - Level";"NC Route";"Dry";"Two-Way, Not Divided";"None";"Related To Intersection";"Smooth Asphalt";"Piedmont";"Urban";"30 - 35  MPH";"Stop And Go Signal";"Clear";"No";"35.42268, -80.5916"
"4304";447;448;"Yes";"16-19";17;"No";"Facing Traffic";"C: Possible Injury";"Travel Lane";"Black";"Male";"None - Rural Crash";"New Hanover";"No";"01-01-07";2009-08-23;"Other /  - Insufficient Details";22;"Intersection";"01-08-01";1-01-01 22:06:58;"Approach Paths";112970;2009;"C: Possible Injury";"Commercial";"0-19";18;"No";"16-20 mph";"O: No Injury";"White";"Female";"Sport Utility";"No";"No";"Dark - Roadway Not Lighted";"Mixed (30% To 70% Developed)";"7 lanes";2;"Straight - Level";"US Route";"Dry";"Two-Way, Divided, Unprotected Median";"None";"Four-Way Intersection";"Coarse Asphalt";"Coastal";"Rural";"50 - 55  MPH";"Stop Sign";"Clear";"No";"34.10678, -77.89995"
"4305";449;450;"Yes";"50-59";52;"No";"Facing Traffic";"C: Possible Injury";NA;"Hispanic";"Male";"Raleigh";"Wake";"No";"01-01-06";2009-08-08;"Motorist Left Turn / Merge";15;"Intersection";"01-08-01";1-01-01 15:02:58;"Motorist Left Turn - Same Direction";192211;2009;"C: Possible Injury";"Commercial";"20-24";20;"No";"6-10 mph";"O: No Injury";"Black";"Female";"Passenger Car";"No";"No";"Daylight";"Urban (>70% Developed)";"2 lanes";2;"Straight - Level";"Local Street";"Dry";"Two-Way, Divided, Unprotected Median";"None";"No Special Feature";"Smooth Asphalt";"Piedmont";"Urban";"30 - 35  MPH";"Stop And Go Signal";"Clear";"No";"35.83059, -78.61895"