"FID";"OBJECTID";"AmbulanceR";"BikeAge_Gr";"Bike_Age";"Bike_Alc_D";"Bike_Dir";"Bike_Injur";"Bike_Pos";"Bike_Race";"Bike_Sex";"City";"County";"CrashAlcoh";"CrashDay";"Crash_Date";"Crash_Grp";"Crash_Hour";"Crash_Loc";"Crash_Mont";"Crash_Time";"Crash_Type";"Crash_Ty_1";"Crash_Year";"Crsh_Sevri";"Developmen";"DrvrAge_Gr";"Drvr_Age";"Drvr_Alc_D";"Drvr_EstSp";"Drvr_Injur";"Drvr_Race";"Drvr_Sex";"Drvr_VehTy";"ExcsSpdInd";"Hit_Run";"Light_Cond";"Locality";"Num_Lanes";"Num_Units";"Rd_Charact";"Rd_Class";"Rd_Conditi";"Rd_Config";"Rd_Defects";"Rd_Feature";"Rd_Surface";"Region";"Rural_Urba";"Speed_Limi";"Traff_Cntr";"Weather";"Workzone_I";"Location"
"4418";661;662;"Yes";"50-59";51;"No";"With Traffic";"O: No Injury";"Travel Lane";"White";"Female";"Durham";"Durham";"No";"01-01-03";2012-09-12;"Motorist Failed to Yield - Sign-Controlled Intersection";8;"Intersection";"01-09-01";1-01-01 08:29:58;"Motorist Drive Out - Sign-Controlled Intersection";NA;2012;"O: No Injury";"Residential";"70";70;"No";"6-10 mph";"O: No Injury";"White";"Female";"Passenger Car";"No";"No";"Daylight";"Urban (>70% Developed)";"2 lanes";2;"Curve - Level";"Local Street";"Dry";"Two-Way, Divided, Unprotected Median";"None";"Traffic Circle/Roundabout";"Smooth Asphalt";"Piedmont";"Urban";"30 - 35  MPH";"Yield Sign";"Clear";"No";"35.92206, -78.9363"
"4419";663;664;"Yes";"10-Jun";8;"No";"Not Applicable";"B: Evident Injury";"Non-Roadway";"Hispanic";"Male";"Jacksonville";"Onslow";"No";"01-01-04";2012-08-23;"Non-Roadway";11;"Non-Roadway";"01-08-01";1-01-01 11:10:58;"Non-Roadway";NA;2012;"B: Evident Injury";"Residential";"25-29";25;"No";"0-5 mph";"O: No Injury";"Hispanic";"Female";"Passenger Car";"No";"No";"Daylight";"Urban (>70% Developed)";NA;2;"Straight - Level";"Public Vehicular Area";"Dry";"Two-Way, Not Divided";"None";"Traffic Circle/Roundabout";"Smooth Asphalt";"Coastal";"Urban";NA;"Stop Sign";"Clear";"No";"34.78587, -77.3942"
"4420";664;665;"No";"50-59";58;"No";"With Traffic";"C: Possible Injury";"Travel Lane";"White";"Male";"None - Rural Crash";"Chatham";"No";NA;2012-09-03;"Motorist Overtaking Bicyclist";9;"Non-Intersection";"01-09-01";1-01-01 09:52:58;"Motorist Overtaking - Other /";NA;2012;"C: Possible Injury";"Residential";"70";70;"No";"21-25 mph";"O: No Injury";"White";"Male";"Pickup";"No";"No";"Daylight";"Mixed (30% To 70% Developed)";"2 lanes";2;"Straight - Level";"NC Route";"Dry";"Two-Way, Not Divided";"None";"No Special Feature";"Smooth Asphalt";"Piedmont";"Rural";"50 - 55  MPH";"Double Yellow Line, No Passing Zone";"Cloudy";"No";"35.78537, -78.9628"
"4421";667;668;"Yes";"50-59";57;"No";"With Traffic";"B: Evident Injury";"Travel Lane";"White";"Male";"Jacksonville";"Onslow";"No";"01-01-04";2012-08-30;"Motorist Overtaking Bicyclist";18;"Non-Intersection";"01-08-01";1-01-01 18:15:58;"Motorist Overtaking - Other /";NA;2012;"B: Evident Injury";"Commercial";"20-24";24;"No";"31-35 mph";"O: No Injury";"White";"Female";"Passenger Car";"No";"No";"Daylight";"Urban (>70% Developed)";"3 lanes";2;"Straight - Level";"Local Street";"Dry";"Two-Way, Divided, Unprotected Median";"None";"No Special Feature";"Smooth Asphalt";"Coastal";"Urban";"30 - 35  MPH";"No Control Present";"Clear";"No";"34.76933, -77.3941"
"4422";670;671;"Yes";"40-49";41;"No";"Facing Traffic";"C: Possible Injury";"Travel Lane";"White";"Male";"Greensboro";"Guilford";"No";"01-01-05";2012-09-14;"Motorist Failed to Yield - Sign-Controlled Intersection";13;"Intersection";"01-09-01";1-01-01 13:23:58;"Motorist Drive Out - Sign-Controlled Intersection";NA;2012;"C: Possible Injury";"Residential";"50-59";56;"No";"6-10 mph";"O: No Injury";"/Missing";"Male";"Passenger Car";"No";"No";"Daylight";"Urban (>70% Developed)";"5 lanes";2;"Straight - Level";"Local Street";"Dry";"Two-Way, Not Divided";"None";"T-Intersection";"Smooth Asphalt";"Piedmont";"Urban";"30 - 35  MPH";"Stop Sign";"Clear";"No";"36.06421, -79.8001"
"4423";673;674;"Yes";"25-29";25;"No";"With Traffic";"C: Possible Injury";"Travel Lane";"Black";"Male";"Greenville";"Pitt";"No";"01-01-05";2012-09-14;"Motorist Left Turn / Merge";12;"Intersection";"01-09-01";1-01-01 12:37:58;"Motorist Left Turn - Opposite Direction";NA;2012;"C: Possible Injury";"Commercial";"20-24";20;"No";"11-15 mph";"C: Possible Injury";"White";"Male";"Passenger Car";"No";"No";"Daylight";"Urban (>70% Developed)";"5 lanes";2;"Straight - Level";"Local Street";"Dry";"Two-Way, Divided, Unprotected Median";"None";"No Special Feature";"Coarse Asphalt";"Coastal";"Urban";"30 - 35  MPH";"No Control Present";"Clear";"No";"35.60271, -77.3752"
"4424";674;675;"Yes";"15-Nov";15;"No";"With Traffic";"B: Evident Injury";"Travel Lane";"Black";"Male";"Fairmont";"Robeson";"No";NA;2012-08-06;"Bicyclist Left Turn / Merge";17;"Non-Intersection";"01-08-01";1-01-01 17:33:58;"Bicyclist Left Turn - Same Direction";NA;2012;"B: Evident Injury";"Residential";"50-59";52;"No";"31-35 mph";"O: No Injury";"Black";"Male";"Van";"No";"No";"Daylight";"Mixed (30% To 70% Developed)";"2 lanes";2;"Straight - Level";"Local Street";"Wet";"Two-Way, Not Divided";"Road Surface Condition";"No Special Feature";"Gravel";"Coastal";"Rural";"30 - 35  MPH";"No Control Present";"Cloudy";"No";"34.49784, -79.1049"
"4425";676;677;"No";"40-49";44;"No";"With Traffic";"B: Evident Injury";"Travel Lane";"Black";"Male";"Charlotte";"Mecklenburg";"No";NA;2012-07-09;"Loss of Control / Turning Error";19;"Intersection";"01-07-01";1-01-01 19:58:58;"Bicyclist Lost Control - Other /";NA;2012;"B: Evident Injury";"Commercial";"30-39";30;"No";"21-25 mph";"O: No Injury";"Black";"Male";"Commercial Bus";"No";"No";"Daylight";"Urban (>70% Developed)";"1 lane";2;"Straight - Level";"Local Street";"Dry";"Two-Way, Not Divided";"None";"No Special Feature";"Smooth Asphalt";"Piedmont";"Urban";"40 - 45  MPH";"Stop Sign";"Clear";"No";"35.22431, -80.8886"
"4426";691;692;"Yes";"50-59";56;"No";"With Traffic";"B: Evident Injury";"Bike Lane / Paved Shoulder";"White";"Male";"None - Rural Crash";"Swain";"No";"01-01-04";2012-09-20;"Bicyclist Left Turn / Merge";14;"Intersection-Related";"01-09-01";1-01-01 14:36:58;"Bicyclist Left Turn - Same Direction";NA;2012;"B: Evident Injury";"Farms, Woods, Pastures";"70";70;"No";"36-40 mph";"O: No Injury";"White";"Male";"Sport Utility";"No";"No";"Daylight";"Rural (<30% Developed)";"2 lanes";2;"Straight - Grade";"US Route";"Dry";"Two-Way, Not Divided";"None";"No Special Feature";"Smooth Asphalt";"Mountains";"Rural";"50 - 55  MPH";"Double Yellow Line, No Passing Zone";"Clear";"No";"35.28513, -83.6701"
"4427";692;693;"No";"50-59";52;"No";"With Traffic";"B: Evident Injury";"Travel Lane";"White";"Male";"None - Rural Crash";"Columbus";"No";NA;2012-09-17;"Motorist Overtaking Bicyclist";20;"Non-Intersection";"01-09-01";1-01-01 20:40:58;"Motorist Overtaking - Other /";NA;2012;"B: Evident Injury";"Residential";"70";70;"No";"51-55 mph";"O: No Injury";"White";"Female";"Passenger Car";"No";"No";"Dark - Roadway Not Lighted";"Rural (<30% Developed)";"2 lanes";2;"Straight - Level";"State Secondary Route";"Dry";"Two-Way, Not Divided";"None";"No Special Feature";"Coarse Asphalt";"Coastal";"Rural";"50 - 55  MPH";"Double Yellow Line, No Passing Zone";"Clear";"No";"34.36106, -78.7513"
"4428";697;698;"Yes";"25-29";26;"Missing";"With Traffic";"B: Evident Injury";"Travel Lane";"White";"Male";"Charlotte";"Mecklenburg";"No";"01-01-05";2012-09-21;"Motorist Left Turn / Merge";13;"Intersection";"01-09-01";1-01-01 13:24:58;"Motorist Left Turn - Opposite Direction";NA;2012;"B: Evident Injury";"Residential";"70";70;"No";"6-10 mph";"O: No Injury";"White";"Male";"Passenger Car";"No";"No";"Daylight";"Urban (>70% Developed)";"4 lanes";2;"Straight - Hillcrest";"Local Street";"Dry";"Two-Way, Divided, Unprotected Median";"None";"T-Intersection";"Smooth Asphalt";"Piedmont";"Urban";"30 - 35  MPH";"Stop Sign";"Clear";"No";"35.19299, -80.8368"
"4429";698;699;"Yes";"20-24";24;"No";"With Traffic";"C: Possible Injury";"Sidewalk / Crosswalk / Driveway Crossing";"White";"Male";"Huntersville";"Mecklenburg";"No";"01-01-03";2012-09-12;"Motorist Right Turn / Merge";15;"Intersection";"01-09-01";1-01-01 15:29:58;"Motorist Right Turn - Same Direction";NA;2012;"C: Possible Injury";"Commercial";NA;NA;"Missing";NA;"Injury";"/Missing";NA;NA;"No";"Yes";"Daylight";"Urban (>70% Developed)";"3 lanes";2;"Straight - Level";"Local Street";"Dry";"Two-Way, Divided, Unprotected Median";"None";"Related To Intersection";"Smooth Asphalt";"Piedmont";"Urban";"40 - 45  MPH";"Stop And Go Signal";"Clear";"No";"35.44189, -80.8633"
"4430";700;701;"Yes";"15-Nov";12;"No";"Facing Traffic";"B: Evident Injury";"Travel Lane";"White";"Male";"Albemarle";"Stanly";"No";"01-01-04";2012-09-13;"Motorist Right Turn / Merge";19;"Intersection";"01-09-01";1-01-01 19:49:58;"Motorist Right Turn - Opposite Direction";NA;2012;"B: Evident Injury";"Commercial";NA;NA;"No";"11-15 mph";"Injury";"/Missing";NA;NA;"No";"Yes";"Dark - Lighted Roadway";"Urban (>70% Developed)";"3 lanes";2;"Straight - Grade";"Local Street";"Dry";"Two-Way, Not Divided";"None";"Four-Way Intersection";"Smooth Asphalt";"Piedmont";"Urban";"20 - 25  MPH";"Stop And Go Signal";"Clear";"No";"35.35034, -80.2009"
"4431";703;704;"No";"30-39";36;"No";"With Traffic";"O: No Injury";"Travel Lane";"White";"Female";"Raleigh";"Wake";"No";NA;2012-09-24;"Motorist Left Turn / Merge";8;"Intersection";"01-09-01";1-01-01 08:21:58;"Motorist Left Turn - Opposite Direction";NA;2012;"O: No Injury";"Institutional";"20-24";21;"No";"16-20 mph";"O: No Injury";"White";"Male";"Passenger Car";"No";"No";"Daylight";"Urban (>70% Developed)";"8 lanes";2;"Straight - Level";"Local Street";"Dry";"Two-Way, Divided, Unprotected Median";"None";"No Special Feature";"Smooth Asphalt";"Piedmont";"Urban";"30 - 35  MPH";"Stop And Go Signal";"Clear";"No";"35.78888, -78.6732"
"4432";711;712;"Yes";"10-Jun";10;"No";"With Traffic";"C: Possible Injury";"Travel Lane";"Black";"Male";"Greensboro";"Guilford";"No";"01-01-06";2012-09-22;"Bicyclist Failed to Yield - Sign-Controlled Intersection";17;"Intersection";"01-09-01";1-01-01 17:48:58;"Bicyclist Ride Through - Sign-Controlled Intersection";NA;2012;"C: Possible Injury";"Residential";"0-19";19;"No";"31-35 mph";"O: No Injury";"Black";"Male";"Sport Utility";"No";"No";"Daylight";"Mixed (30% To 70% Developed)";"2 lanes";2;"Straight - Level";"Local Street";"Dry";"Two-Way, Not Divided";"None";"T-Intersection";"Coarse Asphalt";"Piedmont";"Urban";"30 - 35  MPH";"Stop Sign";"Clear";"No";"36.05251, -79.8136"
"4433";723;724;"No";"16-19";18;"No";"Facing Traffic";"B: Evident Injury";"Sidewalk / Crosswalk / Driveway Crossing";"White";"Male";"Raleigh";"Wake";"No";"01-01-02";2012-09-18;"Motorist Failed to Yield - Sign-Controlled Intersection";11;"Intersection";"01-09-01";1-01-01 11:13:58;"Motorist Drive Out - Sign-Controlled Intersection";NA;2012;"B: Evident Injury";"Institutional";"25-29";29;"No";"0-5 mph";"O: No Injury";"White";"Male";"Pickup";"No";"No";"Daylight";"Urban (>70% Developed)";"4 lanes";2;"Straight - Grade";"Local Street";"Wet";"Two-Way, Not Divided";"None";"T-Intersection";"Smooth Asphalt";"Piedmont";"Urban";"20 - 25  MPH";"Stop Sign";"Rain";"No";"35.78375, -78.6772"
"4434";725;726;"Yes";"50-59";55;"No";"With Traffic";"B: Evident Injury";"Travel Lane";"Black";"Male";"None - Rural Crash";"Onslow";"No";NA;2012-10-01;"Motorist Overtaking Bicyclist";12;"Non-Intersection";"01-10-01";1-01-01 12:29:58;"Motorist Overtaking - Misjudged Space";NA;2012;"B: Evident Injury";"Commercial";NA;NA;"Missing";"41-45 mph";"Injury";"/Missing";NA;"Pickup";"No";"Yes";"Dark - Roadway Not Lighted";"Urban (>70% Developed)";"5 lanes";2;"Straight - Level";"US Route";"Wet";"Two-Way, Not Divided";"None";"Driveway, Public";"Coarse Asphalt";"Coastal";"Rural";"40 - 45  MPH";"No Control Present";"Rain";"No";"34.75396, -77.471"
"4435";728;729;"No";"16-19";18;"No";"With Traffic";"B: Evident Injury";"Bike Lane / Paved Shoulder";"White";"Male";"Boone";"Watauga";"No";"01-01-05";2012-09-28;"Motorist Right Turn / Merge";7;"Intersection";"01-09-01";1-01-01 07:32:58;"Motorist Right Turn - Same Direction";NA;2012;"B: Evident Injury";"Commercial";"0-19";19;"No";"6-10 mph";"O: No Injury";"White";"Female";"Passenger Car";"No";"No";"Daylight";"Urban (>70% Developed)";"4 lanes";2;"Straight - Level";"Local Street";"Dry";"Two-Way, Not Divided";"None";"Four-Way Intersection";"Smooth Asphalt";"Mountains";"Urban";"20 - 25  MPH";"Stop And Go Signal";"Clear";"No";"36.21728, -81.6852"
"4436";729;730;"Yes";"16-19";18;"No";"With Traffic";"C: Possible Injury";"Sidewalk / Crosswalk / Driveway Crossing";"White";"Male";"Greenville";"Pitt";"No";"01-01-05";2012-09-21;"Bicyclist Failed to Yield - Sign-Controlled Intersection";20;"Intersection";"01-09-01";1-01-01 20:14:58;"Bicyclist Ride Out - Sign-Controlled Intersection";NA;2012;"C: Possible Injury";"Commercial";"40-49";42;"No";"31-35 mph";"O: No Injury";"Black";"Male";"Van";"No";"No";"Daylight";"Urban (>70% Developed)";"5 lanes";2;"Straight - Level";"Local Street";"Dry";"Two-Way, Not Divided";"None";"Four-Way Intersection";"Smooth Asphalt";"Coastal";"Urban";"30 - 35  MPH";"Stop And Go Signal";"Clear";"No";"35.60388, -77.3619"
"4437";733;734;"Yes";"30-39";31;"No";"With Traffic";"B: Evident Injury";"Travel Lane";"Black";"Male";"Salisbury";"Rowan";"No";NA;2012-10-01;"Motorist Right Turn / Merge";17;"Intersection";"01-10-01";1-01-01 17:14:58;"Motorist Right Turn - Same Direction";NA;2012;"B: Evident Injury";"Commercial";"30-39";37;"No";"26-30 mph";"O: No Injury";"White";"Male";"Pickup";"No";"No";"Daylight";"Urban (>70% Developed)";"4 lanes";2;"Straight - Grade";"Local Street";"Wet";"Two-Way, Not Divided";"None";"Four-Way Intersection";"Smooth Asphalt";"Piedmont";"Urban";"30 - 35  MPH";"Stop And Go Signal";"Cloudy";"No";"35.6619, -80.4638"
"4438";736;737;"Yes";"25-29";27;"No";"With Traffic";"B: Evident Injury";"Travel Lane";"White";"Male";"Raleigh";"Wake";"No";"01-01-02";2012-09-11;"Bicyclist Overtaking Motorist";9;"Intersection";"01-09-01";1-01-01 09:52:58;"Bicyclist Overtaking - Passing on Right";NA;2012;"B: Evident Injury";"Institutional";"25-29";27;"No";NA;"O: No Injury";"Hispanic";"Female";"Passenger Car";"No";"No";"Daylight";"Urban (>70% Developed)";"2 lanes";2;"Other";"Local Street";"Dry";"Two-Way, Divided, Unprotected Median";"None";"T-Intersection";"Smooth Asphalt";"Piedmont";"Urban";"20 - 25  MPH";"Stop Sign";"Clear";"No";"35.78367, -78.6772"
"4439";737;738;"Yes";"15-Nov";15;"No";"With Traffic";"C: Possible Injury";"Bike Lane / Paved Shoulder";"White";"Male";"Charlotte";"Mecklenburg";"No";"01-01-03";2012-09-26;"Motorist Right Turn / Merge";10;"Non-Intersection";"01-09-01";1-01-01 10:22:58;"Motorist Right Turn - Same Direction";NA;2012;"C: Possible Injury";"Commercial";"20-24";23;"No";"0-5 mph";"O: No Injury";"White";"Male";"Passenger Car";"No";"No";"Daylight";"Urban (>70% Developed)";"2 lanes";2;"Straight - Level";"Local Street";"Dry";"Two-Way, Not Divided";"None";"No Special Feature";"Smooth Asphalt";"Piedmont";"Urban";"30 - 35  MPH";"No Control Present";"Clear";"No";"35.19924, -80.841"
"4440";740;741;"Yes";"60-69";65;"No";"With Traffic";"C: Possible Injury";"Travel Lane";"White";"Male";"None - Rural Crash";"Person";"No";"01-01-04";2012-09-27;"Motorist Overtaking Bicyclist";20;"Non-Intersection";"01-09-01";1-01-01 20:10:58;"Motorist Overtaking - Other /";NA;2012;"C: Possible Injury";"Farms, Woods, Pastures";"70";70;"No";"41-45 mph";"O: No Injury";"White";"Female";"Passenger Car";"No";"No";"Daylight";"Rural (<30% Developed)";"2 lanes";2;"Straight - Hillcrest";"State Secondary Route";"Dry";"Two-Way, Not Divided";"None";"No Special Feature";"Smooth Asphalt";"Piedmont";"Rural";"40 - 45  MPH";"Double Yellow Line, No Passing Zone";"Clear";"No";"36.23702, -78.9873"
"4441";743;744;"Yes";"30-39";30;"No";"Facing Traffic";"C: Possible Injury";"Sidewalk / Crosswalk / Driveway Crossing";"Black";"Male";"Shelby";"Cleveland";"No";"01-01-04";2012-09-27;"Crossing Paths - Other Circumstances";20;"Intersection";"01-09-01";1-01-01 20:32:58;"Signalized Intersection - Other /";NA;2012;"C: Possible Injury";"Commercial";"60-69";64;"No";"21-25 mph";"O: No Injury";"White";"Female";"Passenger Car";"No";"No";"Dark - Lighted Roadway";"Urban (>70% Developed)";"3 lanes";2;"Straight - Level";"Local Street";"Dry";"Two-Way, Not Divided";"None";"Four-Way Intersection";"Smooth Asphalt";"Mountains";"Urban";"30 - 35  MPH";"Stop And Go Signal";"Clear";"No";"35.30134, -81.5396"
"4442";755;756;"Yes";"25-29";28;"No";"With Traffic";"C: Possible Injury";"Travel Lane";"White";"Male";"Elizabeth City";"Pasquotank";"No";"01-01-02";2012-09-25;"Backing Vehicle";12;"Intersection-Related";"01-09-01";1-01-01 12:29:58;"Backing Vehicle";NA;2012;"C: Possible Injury";"Institutional";"0-19";19;"No";"0-5 mph";"O: No Injury";"White";"Male";"Van";"No";"No";"Daylight";"Urban (>70% Developed)";"2 lanes";2;"Straight - Level";"Local Street";"Dry";"Two-Way, Not Divided";"None";"T-Intersection";"Smooth Asphalt";"Coastal";"Urban";"5 - 15 MPH";"Stop Sign";"Clear";"No";"36.32573, -76.2227"
"4443";758;759;"Yes";"40-49";42;"No";"With Traffic";"C: Possible Injury";"Travel Lane";"Other";"Male";"None - Rural Crash";"Durham";"No";"01-01-04";2012-10-11;"Motorist Left Turn / Merge";7;"Intersection";"01-10-01";1-01-01 07:44:58;"Motorist Left Turn - Opposite Direction";NA;2012;"C: Possible Injury";"Farms, Woods, Pastures";"40-49";44;"No";"41-45 mph";"O: No Injury";"White";"Male";"Passenger Car";"No";"No";"Daylight";"Rural (<30% Developed)";"4 lanes";2;"Straight - Grade";"NC Route";"Dry";"Two-Way, Divided, Unprotected Median";"None";"Four-Way Intersection";"Smooth Asphalt";"Piedmont";"Rural";"40 - 45  MPH";"Stop And Go Signal";"Clear";"No";"35.89901, -78.8801"
"4444";759;760;"Yes";"50-59";57;"Yes";"Facing Traffic";"K: Killed";"Travel Lane";"White";"Male";"None - Rural Crash";"Brunswick";"Yes";"01-01-04";2012-10-11;"Bicyclist Right Turn / Merge";14;"Non-Intersection";"01-10-01";1-01-01 14:19:58;"Bicyclist Right Turn - Same Direction";NA;2012;"K: Killed";"Residential";"50-59";52;"No";"46-50 mph";"O: No Injury";"White";"Female";"Van";"No";"No";"Daylight";"Rural (<30% Developed)";"2 lanes";2;"Straight - Level";"NC Route";"Dry";"Two-Way, Not Divided";"None";"No Special Feature";"Smooth Asphalt";"Coastal";"Rural";"50 - 55  MPH";"No Control Present";"Clear";"No";"33.93076, -78.4096"
"4445";770;771;"Yes";"20-24";21;"No";"With Traffic";"B: Evident Injury";"Travel Lane";"White";"Male";"Charlotte";"Mecklenburg";"No";NA;2012-10-15;"Bicyclist Failed to Yield - Signalized Intersection";17;"Intersection";"01-10-01";1-01-01 17:29:58;"Bicyclist Ride Out - Signalized  Intersection";NA;2012;"B: Evident Injury";"Commercial";"30-39";33;"No";"26-30 mph";"O: No Injury";"Black";"Female";"Sport Utility";"No";"No";"Daylight";"Urban (>70% Developed)";"4 lanes";2;"Straight - Level";"Local Street";"Dry";"Two-Way, Not Divided";"None";"T-Intersection";"Smooth Asphalt";"Piedmont";"Urban";"30 - 35  MPH";"Stop And Go Signal";"Clear";"No";"35.22036, -80.8121"
"4446";771;772;"Yes";"40-49";49;"Yes";"With Traffic";"B: Evident Injury";"Travel Lane";"White";"Male";"Lenoir";"Caldwell";"Yes";NA;2012-10-15;"Motorist Overtaking Bicyclist";23;"Non-Intersection";"01-10-01";1-01-01 23:24:58;"Motorist Overtaking - Other /";NA;2012;"B: Evident Injury";"Commercial";"20-24";21;"No";"41-45 mph";"O: No Injury";"White";"Male";"Pickup";"No";"No";"Dark - Lighted Roadway";"Urban (>70% Developed)";"5 lanes";2;"Straight - Level";"US Route";"Dry";"Two-Way, Not Divided";"None";"No Special Feature";"Smooth Asphalt";"Mountains";"Urban";"40 - 45  MPH";"No Control Present";"Cloudy";"No";"35.89663, -81.5607"
"4447";780;781;"Yes";"50-59";57;"No";"With Traffic";"B: Evident Injury";"Travel Lane";"White";"Male";"Raleigh";"Wake";"No";"01-01-02";2012-10-16;"Motorist Left Turn / Merge";11;"Non-Intersection";"01-10-01";1-01-01 11:21:58;"Motorist Left Turn - Opposite Direction";NA;2012;"B: Evident Injury";"Commercial";"60-69";64;"No";"0-5 mph";"O: No Injury";"White";"Male";"Sport Utility";"No";"No";"Daylight";"Mixed (30% To 70% Developed)";"3 lanes";2;"Straight - Grade";"Local Street";"Dry";"Two-Way, Not Divided";"None";"No Special Feature";"Smooth Asphalt";"Piedmont";"Urban";"30 - 35  MPH";"No Control Present";"Clear";"No";"35.88302, -78.7409"
"4448";787;788;"No";"50-59";54;"No";"With Traffic";"C: Possible Injury";"Travel Lane";"White";"Male";"None - Rural Crash";"Brunswick";"No";"01-01-04";2012-10-18;"Motorist Overtaking Bicyclist";18;"Non-Intersection";"01-10-01";1-01-01 18:10:58;"Motorist Overtaking - Other /";NA;2012;"C: Possible Injury";"Commercial";"30-39";32;"No";"41-45 mph";"O: No Injury";"White";"Male";"Pickup";"No";"No";"Daylight";"Urban (>70% Developed)";"2 lanes";2;"Straight - Level";"NC Route";"Dry";"Two-Way, Not Divided";"None";"No Special Feature";"Coarse Asphalt";"Coastal";"Rural";"40 - 45  MPH";"No Control Present";"Clear";"No";"33.95316, -78.0514"
"4449";788;789;"Yes";"30-39";38;"No";"Facing Traffic";"B: Evident Injury";"Sidewalk / Crosswalk / Driveway Crossing";"White";"Male";"Greensboro";"Guilford";"No";"01-01-04";2012-10-18;"Motorist Failed to Yield - Midblock";17;"Non-Intersection";"01-10-01";1-01-01 17:01:58;"Motorist Drive Out - Commercial Driveway / Alley";NA;2012;"B: Evident Injury";"Commercial";"30-39";34;"No";"6-10 mph";"O: No Injury";"White";"Female";"Passenger Car";"No";"No";"Daylight";"Urban (>70% Developed)";"2 lanes";2;"Straight - Level";"Public Vehicular Area";"Dry";"Two-Way, Not Divided";"None";"Driveway, Public";"Smooth Asphalt";"Piedmont";"Urban";"5 - 15 MPH";"No Control Present";"Clear";"No";"36.04636, -79.8388"
"4450";1013;1014;"No";"25-29";27;"No";"With Traffic";"C: Possible Injury";"Travel Lane";"White";"Female";"Chapel Hill";"Orange";"No";"01-01-02";2012-12-11;"Motorist Failed to Yield - Midblock";13;"Non-Intersection";"01-12-01";1-01-01 13:29:58;"Motorist Drive Out - Residential Driveway";NA;2012;"C: Possible Injury";"Farms, Woods, Pastures";"20-24";21;"No";"0-5 mph";"O: No Injury";"White";"Male";"Passenger Car";"No";"No";"Daylight";"Urban (>70% Developed)";"2 lanes";2;"Straight - Grade";"Local Street";"Dry";"Two-Way, Not Divided";"None";"No Special Feature";"Smooth Asphalt";"Piedmont";"Urban";"20 - 25  MPH";"Double Yellow Line, No Passing Zone";"Clear";"No";"35.92208, -79.0517"
"4451";1016;1017;"Yes";"10-Jun";6;"No";"With Traffic";"B: Evident Injury";"Travel Lane";"Asian";"Male";"New Bern";"Craven";"No";"01-01-05";2012-05-25;"Bicyclist Failed to Yield - Sign-Controlled Intersection";19;"Intersection";"01-05-01";1-01-01 19:02:58;"Bicyclist Ride Through - Sign-Controlled Intersection";NA;2012;"B: Evident Injury";"Institutional";"40-49";41;"No";"21-25 mph";"O: No Injury";"White";"Female";"Sport Utility";"No";"No";"Daylight";"Urban (>70% Developed)";"2 lanes";2;"Straight - Level";"Local Street";"Dry";"Two-Way, Not Divided";"None";"T-Intersection";"Smooth Asphalt";"Coastal";"Urban";"20 - 25  MPH";"Stop Sign";"Clear";"No";"35.11179, -77.0848"
"4452";1018;1019;"Yes";"30-39";37;"No";"With Traffic";"B: Evident Injury";"Travel Lane";"Black";"Female";"Burlington";"Alamance";"No";"01-01-02";2012-08-21;"Backing Vehicle";15;"Intersection";"01-08-01";1-01-01 15:50:58;"Backing Vehicle";NA;2012;"B: Evident Injury";"Residential";"50-59";52;"No";"6-10 mph";"O: No Injury";"White";"Female";"Pickup";"No";"Yes";"Daylight";"Urban (>70% Developed)";"2 lanes";2;"Straight - Level";"Local Street";"Dry";"Two-Way, Not Divided";"None";"T-Intersection";"Coarse Asphalt";"Piedmont";"Urban";"30 - 35  MPH";"Stop Sign";"Clear";"No";"36.10777, -79.4236"
"4453";1;2;"Yes";"20-24";20;"No";"Facing Traffic";"C: Possible Injury";"Sidewalk / Crosswalk / Driveway Crossing";"Hispanic";"Male";"Cary";"Wake";"No";"01-01-05";2007-01-12;"Motorist Failed to Yield - Signalized Intersection";9;"Intersection";NA;1-01-01 09:33:58;"Motorist Drive Out - Right Turn on Red";132151;2007;"C: Possible Injury";"Residential";"60-69";64;"No";"0-5 mph";"O: No Injury";"White";"Male";"Passenger Car";"No";"No";"Daylight";"Urban (>70% Developed)";"3 lanes";2;"Straight - Grade";"Local Street";"Dry";"Two-Way, Divided, Unprotected Median";"None";"Four-Way Intersection";"Smooth Asphalt";"Piedmont";"Urban";"30 - 35  MPH";"Stop And Go Signal";"Clear";"No";"35.751118, -78.7828"
"4454";4;5;"Yes";"40-49";45;"No";"With Traffic";"B: Evident Injury";"Travel Lane";"Black";"Male";"Fayetteville";"Cumberland";"No";"01-01-05";2007-01-12;"Motorist Overtaking Bicyclist";12;"Non-Intersection";NA;1-01-01 12:40:58;"Motorist Overtaking - Bicyclist Swerved";311235;2007;"B: Evident Injury";"Commercial";"50-59";51;"No";"31-35 mph";"O: No Injury";"Black";"Female";"Van";"No";"No";"Daylight";"Urban (>70% Developed)";"2 lanes";2;"Straight - Level";"Local Street";"Dry";"Two-Way, Not Divided";"None";"No Special Feature";"Coarse Asphalt";"Coastal";"Urban";"30 - 35  MPH";"Double Yellow Line, No Passing Zone";"Clear";"No";"34.999428, -78.90445"