"FID";"OBJECTID";"AmbulanceR";"BikeAge_Gr";"Bike_Age";"Bike_Alc_D";"Bike_Dir";"Bike_Injur";"Bike_Pos";"Bike_Race";"Bike_Sex";"City";"County";"CrashAlcoh";"CrashDay";"Crash_Date";"Crash_Grp";"Crash_Hour";"Crash_Loc";"Crash_Mont";"Crash_Time";"Crash_Type";"Crash_Ty_1";"Crash_Year";"Crsh_Sevri";"Developmen";"DrvrAge_Gr";"Drvr_Age";"Drvr_Alc_D";"Drvr_EstSp";"Drvr_Injur";"Drvr_Race";"Drvr_Sex";"Drvr_VehTy";"ExcsSpdInd";"Hit_Run";"Light_Cond";"Locality";"Num_Lanes";"Num_Units";"Rd_Charact";"Rd_Class";"Rd_Conditi";"Rd_Config";"Rd_Defects";"Rd_Feature";"Rd_Surface";"Region";"Rural_Urba";"Speed_Limi";"Traff_Cntr";"Weather";"Workzone_I";"Location"
"4529";749;750;"No";"16-19";18;"No";NA;"B: Evident Injury";"Sidewalk / Crosswalk / Driveway Crossing";"White";"Male";"Raleigh";"Wake";"No";NA;2009-11-23;"Motorist Left Turn / Merge";12;"Intersection";"01-11-01";1-01-01 12:12:58;"Motorist Left Turn - Opposite Direction";139212;2009;"B: Evident Injury";"Commercial";"20-24";21;"No";"6-10 mph";"O: No Injury";"White";"Female";"Passenger Car";"No";"No";"Daylight";"Urban (>70% Developed)";"2 lanes";2;"Straight - Level";"Local Street";"Wet";"Two-Way, Not Divided";"None";"No Special Feature";"Smooth Asphalt";"Piedmont";"Urban";"20 - 25  MPH";"No Control Present";"Rain";"No";"35.78189, -78.66763"
"4530";759;760;"Yes";"20-24";20;"No";"Facing Traffic";"B: Evident Injury";"Travel Lane";"Other";"Male";"None - Rural Crash";"Cumberland";"No";"01-01-04";2009-12-24;"Parallel Paths - Other Circumstances";20;"Non-Intersection";"01-12-01";1-01-01 20:52:58;"Parallel Paths - Other /";312280;2009;"B: Evident Injury";"Residential";NA;NA;"Missing";"41-45 mph";"Injury";"/Missing";NA;"Pickup";"No";"Yes";"Dark - Roadway Not Lighted";"Urban (>70% Developed)";"2 lanes";2;"Straight - Level";"State Secondary Route";"Dry";"Two-Way, Not Divided";"None";"No Special Feature";"Smooth Asphalt";"Coastal";"Rural";"40 - 45  MPH";"Double Yellow Line, No Passing Zone";"Clear";"No";"34.955032, -78.94595"
"4531";761;762;"Yes";"60-69";69;"No";"Facing Traffic";"C: Possible Injury";"Travel Lane";"Black";"Male";"Kinston";"Lenoir";"No";"01-01-04";2009-12-17;"Motorist Failed to Yield - Sign-Controlled Intersection";15;"Intersection";"01-12-01";1-01-01 15:43:58;"Motorist Drive Out - Sign-Controlled Intersection";112141;2009;"C: Possible Injury";"Commercial";"30-39";36;"No";"0-5 mph";"O: No Injury";"White";"Male";"Pickup";"No";"No";"Daylight";"Urban (>70% Developed)";"5 lanes";2;"Straight - Level";"Local Street";"Dry";"Two-Way, Not Divided";"None";"Four-Way Intersection";"Coarse Asphalt";"Coastal";"Urban";"30 - 35  MPH";"Stop Sign";"Clear";"No";"35.268936, -77.58425"
"4532";769;770;"No";"40-49";44;"No";"With Traffic";"O: No Injury";"Travel Lane";"Black";"Male";"Wilson";"Wilson";"No";"01-01-04";2009-10-08;"Motorist Overtaking Bicyclist";17;"Non-Intersection";"01-10-01";1-01-01 17:50:58;"Motorist Overtaking - Undetected Bicyclist";311231;2009;"O: No Injury";"Residential";"0-19";19;"No";"16-20 mph";"O: No Injury";"Black";"Male";"Passenger Car";"No";"No";"Daylight";"Urban (>70% Developed)";"2 lanes";2;"Straight - Grade";"Local Street";"Dry";"Two-Way, Not Divided";"None";"No Special Feature";"Smooth Asphalt";"Coastal";"Urban";"30 - 35  MPH";"No Control Present";"Clear";"No";"35.71809, -77.9245"
"4533";770;771;"Yes";"25-29";29;"No";"With Traffic";"B: Evident Injury";"Travel Lane";"Black";"Male";"Wilson";"Wilson";"No";"01-01-03";2009-11-04;"Bicyclist Failed to Yield - Sign-Controlled Intersection";11;"Intersection";"01-11-01";1-01-01 11:45:58;"Bicyclist Ride Out - Sign-Controlled Intersection";111142;2009;"B: Evident Injury";"Residential";"70+";NA;"No";"31-35 mph";"O: No Injury";"Black";"Female";"Passenger Car";"No";"No";"Daylight";"Mixed (30% To 70% Developed)";"2 lanes";2;"Straight - Level";"Local Street";"Dry";"Two-Way, Not Divided";"None";"No Special Feature";"Coarse Asphalt";"Coastal";"Urban";"30 - 35  MPH";"Stop Sign";"Clear";"No";"35.717308, -77.89352"
"4534";776;777;"No";"30-39";35;"No";"Not Applicable";"O: No Injury";"Non-Roadway";"Black";"Male";"Wilson";"Wilson";"No";"01-01-05";2009-08-28;"Non-Roadway";13;"Non-Roadway";"01-08-01";1-01-01 13:39:58;"Non-Roadway";460910;2009;"O: No Injury";"Commercial";"70+";NA;"No";"11-15 mph";"O: No Injury";"Black";"Female";"Passenger Car";"No";"No";"Daylight";"Urban (>70% Developed)";"2 lanes";2;"Straight - Level";"Private Road, Driveway";"Dry";"Two-Way, Not Divided";"None";"No Special Feature";"Gravel";"Coastal";"Urban";"30 - 35  MPH";"No Control Present";"Clear";"No";"35.723755, -77.9119"
"4535";778;779;"No";"40-49";49;"No";"Facing Traffic";"C: Possible Injury";"Sidewalk / Crosswalk / Driveway Crossing";"Black";"Male";"Charlotte";"Mecklenburg";"No";"01-01-07";2009-11-15;"Motorist Failed to Yield - Midblock";13;"Non-Intersection";"01-11-01";1-01-01 13:08:58;"Motorist Drive Out - Commercial Driveway / Alley";332322;2009;"C: Possible Injury";"Commercial";"30-39";37;"No";"0-5 mph";"O: No Injury";"White";"Female";"Passenger Car";"No";"No";"Daylight";"Urban (>70% Developed)";"5 lanes";2;"Straight - Grade";"Local Street";"Dry";"Two-Way, Not Divided";"None";"Driveway, Private";"Concrete";"Piedmont";"Urban";"5 - 15 MPH";"Stop Sign";"Clear";"No";"35.1428, -80.74088"
"4536";787;788;"No";"20-24";23;"No";"Facing Traffic";"C: Possible Injury";"Travel Lane";"Hispanic";"Male";"Charlotte";"Mecklenburg";"No";"01-01-04";2009-08-27;"Motorist Left Turn / Merge";20;"Non-Intersection";"01-08-01";1-01-01 20:26:58;"Motorist Left Turn - Same Direction";312211;2009;"C: Possible Injury";"Commercial";"40-49";42;"No";"0-5 mph";"O: No Injury";"Black";"Male";"Sport Utility";"No";"No";"Dark - Lighted Roadway";"Mixed (30% To 70% Developed)";"2 lanes";2;"Straight - Level";"Local Street";"Dry";"Two-Way, Not Divided";"None";"No Special Feature";"Smooth Asphalt";"Piedmont";"Urban";"30 - 35  MPH";"No Control Present";"Clear";"No";"35.301636, -80.80244"
"4537";500;501;"No";"40-49";49;"No";"With Traffic";"C: Possible Injury";"Travel Lane";"White";"Male";"Raleigh";"Wake";"No";NA;2008-07-14;"Motorist Failed to Yield - Sign-Controlled Intersection";16;"Intersection";"01-07-01";1-01-01 16:42:58;"Motorist Drive Out - Sign-Controlled Intersection";111141;2008;"C: Possible Injury";"Commercial";"60-69";66;"No";"6-10 mph";"O: No Injury";"White";"Male";"Pickup";"No";"No";"Daylight";"Urban (>70% Developed)";"2 lanes";2;"Straight - Level";"Local Street";"Dry";"Two-Way, Not Divided";"None";"No Special Feature";"Smooth Asphalt";"Piedmont";"Urban";"30 - 35  MPH";"Stop Sign";"Clear";"No";"0.0, 0.0"
"4538";501;502;"Yes";"20-24";23;"No";"With Traffic";"B: Evident Injury";"Sidewalk / Crosswalk / Driveway Crossing";"White";"Male";"Raleigh";"Wake";"No";"01-01-02";2008-06-10;"Motorist Failed to Yield - Midblock";10;"Non-Intersection";"01-06-01";1-01-01 10:43:58;"Motorist Drive Out - Residential Driveway";331321;2008;"B: Evident Injury";"Residential";"60-69";61;"No";"0-5 mph";"O: No Injury";"White";"Female";"Passenger Car";"No";"No";"Daylight";"Mixed (30% To 70% Developed)";NA;2;"Straight - Level";"Public Vehicular Area";"Dry";"Two-Way, Not Divided";"None";"No Special Feature";"Smooth Asphalt";"Piedmont";"Urban";"20 - 25  MPH";"No Control Present";"Clear";"No";"0.0, 0.0"
"4539";502;503;"Yes";"16-19";17;"No";"Facing Traffic";"C: Possible Injury";"Sidewalk / Crosswalk / Driveway Crossing";"Black";"Male";"Charlotte";"Mecklenburg";"No";"01-01-05";2008-08-01;"Motorist Right Turn / Merge";15;"Non-Intersection";"01-08-01";1-01-01 15:52:58;"Motorist Right Turn - Opposite Direction";332214;2008;"C: Possible Injury";"Commercial";"40-49";47;"No";"11-15 mph";"O: No Injury";"Black";"Female";"Passenger Car";"No";"No";"Daylight";"Mixed (30% To 70% Developed)";"2 lanes";2;"Straight - Level";"Public Vehicular Area";"Dry";"Two-Way, Not Divided";"None";"No Special Feature";"Smooth Asphalt";"Piedmont";"Urban";"5 - 15 MPH";"No Control Present";"Clear";"No";"0.0, 0.0"
"4540";221;222;"No";"16-19";17;"No";"With Traffic";"C: Possible Injury";"Travel Lane";"White";"Male";"Charlotte";"Mecklenburg";"No";NA;2008-05-26;"Motorist Failed to Yield - Sign-Controlled Intersection";21;"Intersection";"01-05-01";1-01-01 21:38:58;"Motorist Drive Out - Sign-Controlled Intersection";111141;2008;"C: Possible Injury";"Residential";"40-49";46;"No";NA;"O: No Injury";"White";"Female";"Passenger Car";"No";"No";"Dark - Roadway Not Lighted";"Urban (>70% Developed)";"2 lanes";2;"Straight - Level";"Local Street";"Dry";"Two-Way, Not Divided";"None";"No Special Feature";"Smooth Asphalt";"Piedmont";"Urban";NA;"Stop Sign";"Clear";"No";"0.0, 0.0"
"4541";223;224;"Yes";"30-39";37;"No";"With Traffic";"A: Disabling Injury";"Travel Lane";"White";"Male";"Asheboro";"Randolph";"No";"01-01-02";2008-04-22;"Motorist Failed to Yield - Midblock";5;"Non-Intersection";"01-04-01";1-01-01 05:56:58;"Motorist Drive Out - Commercial Driveway / Alley";311322;2008;"A: Disabling Injury";"Commercial";"70+";NA;"No";"0-5 mph";"O: No Injury";"White";"Male";"Pickup";"No";"No";"Dark - Lighted Roadway";"Urban (>70% Developed)";"4 lanes";2;"Straight - Level";"US Route";"Wet";"Two-Way, Not Divided";"None";"No Special Feature";"Smooth Asphalt";"Piedmont";"Urban";"30 - 35  MPH";"No Control Present";"Rain";"No";"0.0, 0.0"
"4542";227;228;"Yes";"50-59";52;"No";"With Traffic";"C: Possible Injury";"Travel Lane";"Native American";"Male";"None - Rural Crash";"Robeson";"No";"01-01-05";2008-04-11;"Motorist Overtaking Bicyclist";15;"Non-Intersection";"01-04-01";1-01-01 15:49:58;"Motorist Overtaking - Bicyclist Swerved";311235;2008;"C: Possible Injury";"Farms, Woods, Pastures";"20-24";24;"No";"41-45 mph";"O: No Injury";"Black";"Male";"Pickup";"No";"No";"Daylight";"Rural (<30% Developed)";"2 lanes";2;"Straight - Level";"State Secondary Route";"Dry";"Two-Way, Not Divided";"None";"No Special Feature";"Smooth Asphalt";"Coastal";"Rural";"40 - 45  MPH";"No Control Present";"Clear";"No";"0.0, 0.0"
"4543";228;229;"Yes";"15-Nov";13;"No";NA;"K: Killed";"Travel Lane";"Black";"Female";"Charlotte";"Mecklenburg";"No";"01-01-05";2008-05-23;"Other /  - Insufficient Details";15;"Intersection";"01-05-01";1-01-01 15:33:58;"Approach Paths";1190970;2008;"K: Killed";"Commercial";"30-39";33;"No";"26-30 mph";"O: No Injury";"Black";"Female";"School Bus";"No";"No";"Daylight";"Urban (>70% Developed)";"4 lanes";2;"Straight - Level";"Local Street";"Dry";"Two-Way, Not Divided";"None";"No Special Feature";"Smooth Asphalt";"Piedmont";"Urban";"30 - 35  MPH";"Stop And Go Signal";"Clear";"No";"0.0, 0.0"
"4544";233;234;"Yes";"50-59";53;"Yes";"With Traffic";"A: Disabling Injury";"Travel Lane";"Black";"Male";"Charlotte";"Mecklenburg";"Yes";"01-01-06";2008-05-31;"Bicyclist Failed to Yield - Sign-Controlled Intersection";19;"Intersection";"01-05-01";1-01-01 19:23:58;"Bicyclist Ride Through - Sign-Controlled Intersection";111144;2008;"A: Disabling Injury";"Residential";"25-29";26;"No";"41-45 mph";"O: No Injury";"Black";"Female";"Passenger Car";"No";"No";"Daylight";"Urban (>70% Developed)";"2 lanes";3;"Straight - Bottom";"Local Street";"Dry";"Two-Way, Not Divided";"None";"T-Intersection";"Coarse Asphalt";"Piedmont";"Urban";"30 - 35  MPH";"Stop Sign";"Clear";"No";"0.0, 0.0"
"4545";242;243;"Yes";"25-29";29;"No";"With Traffic";"C: Possible Injury";"Sidewalk / Crosswalk / Driveway Crossing";"White";"Male";"Wilmington";"New Hanover";"No";"01-01-04";2008-04-17;"Motorist Failed to Yield - Signalized Intersection";13;"Intersection";"01-04-01";1-01-01 13:02:58;"Motorist Drive Through - Signalized Intersection";131154;2008;"C: Possible Injury";"Commercial";"25-29";26;"No";"41-45 mph";"O: No Injury";"Black";"Male";"Passenger Car";"No";"No";"Daylight";"Urban (>70% Developed)";"6 lanes";2;"Straight - Level";"Local Street";"Dry";"Two-Way, Divided, Unprotected Median";"None";"Four-Way Intersection";"Smooth Asphalt";"Coastal";"Urban";"40 - 45  MPH";"Stop And Go Signal";"Clear";"No";"0.0, 0.0"
"4546";245;246;"Yes";"30-39";35;"No";"With Traffic";"B: Evident Injury";"Sidewalk / Crosswalk / Driveway Crossing";"White";"Male";"Raleigh";"Wake";"No";"01-01-04";2008-04-17;"Motorist Left Turn / Merge";18;"Intersection";"01-04-01";1-01-01 18:25:58;"Motorist Left Turn - Opposite Direction";131212;2008;"B: Evident Injury";"Commercial";"25-29";29;"No";"6-10 mph";"O: No Injury";"Other";"Female";"Van";"No";"No";"Daylight";"Urban (>70% Developed)";"8 lanes";2;"Straight - Level";"Local Street";"Dry";"Two-Way, Not Divided";"None";"Four-Way Intersection";"Smooth Asphalt";"Piedmont";"Urban";"30 - 35  MPH";"Stop And Go Signal";"Clear";"No";"0.0, 0.0"
"4547";247;248;"No";"20-24";20;"No";"With Traffic";"Injury";"Bike Lane / Paved Shoulder";"White";"Male";"Greensboro";"Guilford";"No";"01-01-04";2008-04-17;"Motorist Right Turn / Merge";19;"Non-Intersection";"01-04-01";1-01-01 19:15:58;"Motorist Right Turn - Same Direction";321213;2008;"O: No Injury";"Institutional";"70+";NA;"No";NA;"O: No Injury";"White";"Male";"Passenger Car";"No";"No";"Daylight";"Urban (>70% Developed)";"3 lanes";3;"Straight - Level";"Local Street";"Dry";"Two-Way, Not Divided";"None";"Shared-Use Paths Or Trails";"Smooth Asphalt";"Piedmont";"Urban";"20 - 25  MPH";"No Control Present";"Clear";"No";"0.0, 0.0"
"4548";251;252;"No";"10-Jun";7;"No";"With Traffic";"O: No Injury";"Travel Lane";"Black";"Female";"Rocky Mount";"Edgecombe";"No";"01-01-06";2008-04-26;"Bicyclist Failed to Yield - Sign-Controlled Intersection";16;"Intersection";"01-04-01";1-01-01 16:32:58;"Bicyclist Ride Through - Sign-Controlled Intersection";111144;2008;"O: No Injury";"Residential";"40-49";45;"No";"31-35 mph";"O: No Injury";"Black";"Male";"Light Truck (Mini-Van, Panel)";"No";"No";"Daylight";"Urban (>70% Developed)";"4 lanes";2;"Straight - Level";"Local Street";"Dry";"Two-Way, Not Divided";"None";"No Special Feature";"Smooth Asphalt";"Coastal";"Urban";"30 - 35  MPH";"Stop Sign";"Clear";"No";"0.0, 0.0"
"4549";252;253;"No";"20-24";22;"No";"With Traffic";"C: Possible Injury";"Travel Lane";"White";"Female";"Raleigh";"Wake";"No";"01-01-07";2008-04-27;"Motorist Failed to Yield - Signalized Intersection";20;"Intersection";"01-04-01";1-01-01 20:09:58;"Motorist Drive Out - Right Turn on Red";111151;2008;"C: Possible Injury";"Commercial";"30-39";36;"No";"6-10 mph";"O: No Injury";"White";"Female";"Passenger Car";"No";"No";"Dusk";"Urban (>70% Developed)";"4 lanes";2;"Straight - Level";"Local Street";"Wet";"Two-Way, Not Divided";"None";"No Special Feature";"Concrete";"Piedmont";"Urban";"20 - 25  MPH";"Stop And Go Signal";"Cloudy";"No";"0.0, 0.0"
"4550";253;254;"No";"15-Nov";14;"No";"With Traffic";"O: No Injury";"Sidewalk / Crosswalk / Driveway Crossing";"Black";"Male";"Rocky Mount";"Nash";"No";"01-01-07";2008-04-20;"Bicyclist Failed to Yield - Sign-Controlled Intersection";17;"Intersection";"01-04-01";1-01-01 17:03:58;"Bicyclist Ride Through - Sign-Controlled Intersection";131144;2008;"O: No Injury";"Residential";"40-49";46;"No";"31-35 mph";"O: No Injury";"Black";"Female";"Passenger Car";"No";"No";"Daylight";"Urban (>70% Developed)";"2 lanes";2;"Straight - Level";"Local Street";"Dry";"One-Way, Not Divided";"None";"T-Intersection";"Coarse Asphalt";"Coastal";"Urban";"30 - 35  MPH";"Stop Sign";"Cloudy";"No";"0.0, 0.0"
"4551";270;271;"Yes";"16-19";17;"No";NA;"C: Possible Injury";NA;"White";"Male";"Stanley";"Gaston";"No";"01-01-02";2008-04-29;"Other /  - Insufficient Details";19;"Location";"01-04-01";1-01-01 19:26:58;"Location";999980;2008;"C: Possible Injury";"Commercial";NA;NA;"No";NA;"Injury";"/Missing";NA;NA;"No";"Yes";"Daylight";"Mixed (30% To 70% Developed)";"2 lanes";2;"Straight - Level";"Local Street";"Dry";"Two-Way, Divided, Unprotected Median";"None";"No Special Feature";"Smooth Asphalt";"Piedmont";"Rural";"40 - 45  MPH";"No Control Present";"Clear";"No";"0.0, 0.0"
"4552";275;276;"Yes";"15-Nov";12;"No";"Facing Traffic";"B: Evident Injury";"Sidewalk / Crosswalk / Driveway Crossing";"White";"Male";"Hendersonville";"Henderson";"No";"01-01-07";2008-04-27;"Motorist Failed to Yield - Signalized Intersection";14;"Intersection";"01-04-01";1-01-01 14:06:58;"Motorist Drive Out - Right Turn on Red";132151;2008;"B: Evident Injury";"Commercial";"40-49";48;"No";"0-5 mph";"O: No Injury";"White";"Male";"Passenger Car";"No";"No";"Daylight";"Urban (>70% Developed)";"2 lanes";2;"Curve - Grade";"Local Street";"Wet";"Two-Way, Divided, Unprotected Median";"None";"Four-Way Intersection";"Smooth Asphalt";"Mountains";"Urban";"30 - 35  MPH";"Stop And Go Signal";"Cloudy";"No";"0.0, 0.0"
"4553";277;278;"Yes";"15-Nov";12;"No";"Facing Traffic";"C: Possible Injury";"Travel Lane";"Black";"Female";"Kannapolis";"Rowan";"No";"01-01-07";2008-04-27;"Bicyclist Failed to Yield - Sign-Controlled Intersection";16;"Intersection";"01-04-01";1-01-01 16:35:58;"Bicyclist Ride Through - Sign-Controlled Intersection";112144;2008;"C: Possible Injury";"Commercial";"60-69";61;"No";"36-40 mph";"O: No Injury";"White";"Male";"Light Truck (Mini-Van, Panel)";"No";"No";"Daylight";"Urban (>70% Developed)";"3 lanes";2;"Straight - Level";"US Route";"Dry";"Two-Way, Not Divided";"None";"T-Intersection";"Smooth Asphalt";"Piedmont";"Urban";"40 - 45  MPH";"Stop Sign";"Cloudy";"No";"0.0, 0.0"
"4554";278;279;"Yes";"25-29";29;"No";"With Traffic";"C: Possible Injury";"Travel Lane";"White";"Male";"Aberdeen";"Moore";"No";"01-01-07";2008-04-27;"Motorist Failed to Yield - Sign-Controlled Intersection";13;"Intersection";"01-04-01";1-01-01 13:39:58;"Motorist Drive Out - Sign-Controlled Intersection";111141;2008;"C: Possible Injury";"Residential";"30-39";34;"No";"0-5 mph";"C: Possible Injury";"White";"Male";"Passenger Car";"No";"No";"Daylight";"Rural (<30% Developed)";"2 lanes";2;"Straight - Level";"Local Street";"Wet";"Two-Way, Not Divided";"None";"No Special Feature";"Coarse Asphalt";"Piedmont";"Rural";"30 - 35  MPH";"Missing";"Rain";"No";"0.0, 0.0"
"4555";282;283;"Yes";"16-19";19;"No";"With Traffic";"C: Possible Injury";"Travel Lane";"White";"Male";"Mooresville";"Iredell";"No";"01-01-02";2008-04-29;"Bicyclist Left Turn / Merge";15;"Intersection";"01-04-01";1-01-01 15:57:58;"Bicyclist Left Turn - Same Direction";111221;2008;"C: Possible Injury";"Residential";"70+";NA;"No";"31-35 mph";"O: No Injury";"Black";"Female";"Passenger Car";"No";"No";"Daylight";"Urban (>70% Developed)";"4 lanes";2;"Straight - Level";"Local Street";"Dry";"Two-Way, Not Divided";"None";"Four-Way Intersection";"Smooth Asphalt";"Piedmont";"Urban";"30 - 35  MPH";"Missing";"Clear";"No";"0.0, 0.0"
"4556";284;285;"Yes";"30-39";31;"No";"Facing Traffic";"C: Possible Injury";"Sidewalk / Crosswalk / Driveway Crossing";"White";"Female";"Wilmington";"New Hanover";"No";"01-01-03";2008-04-30;"Parallel Paths - Other Circumstances";15;"Non-Intersection";"01-04-01";1-01-01 15:54:58;"Bicyclist Ride Out - Parallel Path";332225;2008;"C: Possible Injury";"Commercial";"25-29";25;"No";"16-20 mph";"O: No Injury";"Black";"Male";"Passenger Car";"No";"No";"Daylight";"Urban (>70% Developed)";"2 lanes";2;"Straight - Level";"Local Street";"Dry";"Two-Way, Not Divided";"None";"No Special Feature";"Smooth Asphalt";"Coastal";"Urban";"20 - 25  MPH";"No Control Present";"Clear";"No";"0.0, 0.0"
"4557";287;288;"Yes";"16-19";18;"No";"With Traffic";"B: Evident Injury";"Sidewalk / Crosswalk / Driveway Crossing";"White";"Male";"Fayetteville";"Cumberland";"No";"01-01-05";2008-05-02;"Motorist Failed to Yield - Midblock";13;"Non-Intersection";"01-05-01";1-01-01 13:21:58;"Motorist Drive Out - Commercial Driveway / Alley";331322;2008;"B: Evident Injury";"Commercial";"20-24";20;"No";"0-5 mph";"O: No Injury";"Black";"Male";"Passenger Car";"No";"No";"Daylight";"Urban (>70% Developed)";NA;2;"Straight - Grade";"Local Street";"Dry";"Two-Way, Not Divided";"None";"No Special Feature";"Concrete";"Coastal";"Urban";NA;"No Control Present";"Cloudy";"No";"0.0, 0.0"
"4558";289;290;"Yes";"15-Nov";14;"No";"With Traffic";"B: Evident Injury";"Travel Lane";"White";"Male";"None - Rural Crash";"Carteret";"No";"01-01-06";2008-05-03;"Motorist Overtaking Bicyclist";16;"Intersection";"01-05-01";1-01-01 15:59:58;"Motorist Overtaking - Misjudged Space";111232;2008;"B: Evident Injury";"Commercial";"70+";NA;"No";"6-10 mph";"O: No Injury";"White";"Female";"Passenger Car";"No";"No";"Daylight";"Mixed (30% To 70% Developed)";"2 lanes";2;"Straight - Level";"NC Route";"Dry";"Two-Way, Not Divided";"None";"Four-Way Intersection";"Coarse Asphalt";"Coastal";"Rural";"30 - 35  MPH";"Stop And Go Signal";"Clear";"No";"0.0, 0.0"
"4559";292;293;"Yes";"16-19";17;"No";"Facing Traffic";"C: Possible Injury";"Travel Lane";"White";"Female";"Eden";"Rockingham";"No";"01-01-04";2008-06-12;"Motorist Failed to Yield - Sign-Controlled Intersection";16;"Intersection";"01-06-01";1-01-01 16:14:58;"Motorist Drive Out - Sign-Controlled Intersection";112141;2008;"C: Possible Injury";"Commercial";"50-59";58;"No";"6-10 mph";"O: No Injury";"White";"Female";"Passenger Car";"No";"No";"Daylight";"Urban (>70% Developed)";"5 lanes";2;"Straight - Level";"Local Street";"Dry";"Two-Way, Not Divided";"None";"Four-Way Intersection";"Smooth Asphalt";"Piedmont";"Urban";"40 - 45  MPH";"Stop Sign";"Cloudy";"No";"0.0, 0.0"
"4560";304;305;"Yes";"25-29";27;"Yes";"Not Applicable";"B: Evident Injury";"Non-Roadway";"White";"Male";"Mount Holly";"Gaston";"Yes";"01-01-03";2008-05-07;"Non-Roadway";21;"Non-Roadway";"01-05-01";1-01-01 21:23:58;"Non-Roadway";460910;2008;"B: Evident Injury";"Residential";"20-24";21;"No";"0-5 mph";"O: No Injury";"White";"Male";"Sport Utility";"No";"No";"Dark - Roadway Not Lighted";"Urban (>70% Developed)";NA;2;"Straight - Level";"Local Street";"Dry";"Two-Way, Not Divided";"None";"No Special Feature";"Smooth Asphalt";"Piedmont";"Urban";NA;"No Control Present";"Clear";"No";"0.0, 0.0"
"4561";311;312;"Yes";"20-24";23;"No";"With Traffic";"O: No Injury";"Sidewalk / Crosswalk / Driveway Crossing";"White";"Female";"Winston-Salem";"Forsyth";"No";"01-01-05";2008-05-09;"Backing Vehicle";15;"Non-Intersection";"01-05-01";1-01-01 15:51:58;"Backing Vehicle";331600;2008;"C: Possible Injury";"Residential";"30-39";33;"No";NA;"C: Possible Injury";"Black";"Female";"Pedestrian";"No";"No";"Daylight";"Urban (>70% Developed)";"2 lanes";2;"Straight - Hillcrest";"Local Street";"Dry";"Two-Way, Divided, Unprotected Median";"None";"Driveway, Private";"Smooth Asphalt";"Piedmont";"Urban";NA;"Missing";"Clear";"No";"0.0, 0.0"
"4562";319;320;"Yes";"40-49";46;"No";"With Traffic";"B: Evident Injury";"Travel Lane";"White";"Male";"Raleigh";"Wake";"No";"01-01-04";2008-05-01;"Motorist Failed to Yield - Sign-Controlled Intersection";7;"Intersection";"01-05-01";1-01-01 07:04:58;"Motorist Drive Out - Sign-Controlled Intersection";111141;2008;"B: Evident Injury";"Residential";"50-59";50;"No";NA;"O: No Injury";"Other";"Male";"Passenger Car";"No";"No";"Daylight";"Urban (>70% Developed)";"5 lanes";2;"Straight - Grade";"Local Street";"Dry";"Two-Way, Not Divided";"None";"Four-Way Intersection";"Smooth Asphalt";"Piedmont";"Urban";"30 - 35  MPH";"Stop Sign";"Clear";"No";"0.0, 0.0"
"4563";321;322;"Yes";"25-29";29;"No";"Facing Traffic";"B: Evident Injury";"Sidewalk / Crosswalk / Driveway Crossing";"White";"Female";"Raleigh";"Wake";"No";"01-01-03";2008-05-07;"Motorist Failed to Yield - Signalized Intersection";14;"Intersection";"01-05-01";1-01-01 14:47:58;"Motorist Drive Out - Right Turn on Red";132151;2008;"B: Evident Injury";"Commercial";"0-19";18;"No";"0-5 mph";"O: No Injury";"White";"Female";"Passenger Car";"No";"No";"Daylight";"Rural (<30% Developed)";"5 lanes";2;"Straight - Level";"Local Street";"Dry";"Two-Way, Not Divided";"None";"No Special Feature";"Smooth Asphalt";"Piedmont";"Urban";"40 - 45  MPH";"Stop And Go Signal";"Clear";"No";"0.0, 0.0"
"4564";325;326;"No";"0-5";1;"No";"Facing Traffic";"B: Evident Injury";"Sidewalk / Crosswalk / Driveway Crossing";"White";"Female";"Greensboro";"Guilford";"No";NA;2008-05-12;"Crossing Paths - Other Circumstances";16;"Intersection";"01-05-01";1-01-01 16:31:58;"Signalized Intersection - Other /";132158;2008;"B: Evident Injury";"Commercial";"60-69";61;"No";"0-5 mph";"O: No Injury";"White";"Male";"Passenger Car";"No";"No";"Daylight";"Urban (>70% Developed)";"2 lanes";2;"Straight - Level";"Local Street";"Dry";"Two-Way, Not Divided";"None";"Four-Way Intersection";"Smooth Asphalt";"Piedmont";"Urban";"30 - 35  MPH";"Stop And Go Signal";"Cloudy";"No";"0.0, 0.0"
"4565";334;335;"Yes";NA;NA;"Missing";"With Traffic";"Injury";"Travel Lane";"/Missing";NA;"Wilmington";"New Hanover";"No";"01-01-04";2008-05-15;"Motorist Overtaking Bicyclist";23;"Non-Intersection";"01-05-01";1-01-01 23:49:58;"Motorist Overtaking - Misjudged Space";311232;2008;"B: Evident Injury";"Residential";NA;NA;"Missing";NA;"Injury";"/Missing";NA;NA;"No";"Yes";"Dark - Lighted Roadway";"Urban (>70% Developed)";"4 lanes";3;"Straight - Level";"Local Street";"Dry";"Two-Way, Divided, Unprotected Median";"None";"No Special Feature";"Coarse Asphalt";"Coastal";"Urban";NA;"Missing";"Cloudy";"No";"0.0, 0.0"