"FID";"OBJECTID";"AmbulanceR";"BikeAge_Gr";"Bike_Age";"Bike_Alc_D";"Bike_Dir";"Bike_Injur";"Bike_Pos";"Bike_Race";"Bike_Sex";"City";"County";"CrashAlcoh";"CrashDay";"Crash_Date";"Crash_Grp";"Crash_Hour";"Crash_Loc";"Crash_Mont";"Crash_Time";"Crash_Type";"Crash_Ty_1";"Crash_Year";"Crsh_Sevri";"Developmen";"DrvrAge_Gr";"Drvr_Age";"Drvr_Alc_D";"Drvr_EstSp";"Drvr_Injur";"Drvr_Race";"Drvr_Sex";"Drvr_VehTy";"ExcsSpdInd";"Hit_Run";"Light_Cond";"Locality";"Num_Lanes";"Num_Units";"Rd_Charact";"Rd_Class";"Rd_Conditi";"Rd_Config";"Rd_Defects";"Rd_Feature";"Rd_Surface";"Region";"Rural_Urba";"Speed_Limi";"Traff_Cntr";"Weather";"Workzone_I";"Location"
"4566";340;341;"Yes";"15-Nov";11;"No";"With Traffic";"B: Evident Injury";"Travel Lane";"White";"Male";"Whiteville";"Columbus";"No";NA;2008-05-19;"Bicyclist Failed to Yield - Sign-Controlled Intersection";15;"Intersection";"01-05-01";1-01-01 15:14:58;"Bicyclist Ride Through - Sign-Controlled Intersection";111144;2008;"B: Evident Injury";"Residential";"30-39";30;"No";"31-35 mph";"O: No Injury";"White";"Female";"Sport Utility";"No";"No";"Daylight";"Urban (>70% Developed)";NA;2;"Straight - Level";"Local Street";"Dry";"Two-Way, Not Divided";"None";"Four-Way Intersection";"Smooth Asphalt";"Coastal";"Urban";"30 - 35  MPH";"Stop Sign";"Clear";"No";"0.0, 0.0"
"4567";346;347;"Yes";"40-49";43;"No";"Facing Traffic";"C: Possible Injury";"Travel Lane";"Black";"Male";"Raleigh";"Wake";"No";"01-01-07";2008-01-13;"Bicyclist Overtaking Motorist";15;"Intersection-Related";NA;1-01-01 15:07:58;"Bicyclist Overtaking - Other /";212249;2008;"C: Possible Injury";"Residential";"50-59";51;"No";NA;"O: No Injury";"White";"Male";"Van";"No";"No";"Daylight";"Urban (>70% Developed)";"2 lanes";2;"Straight - Grade";"Local Street";"Dry";"Two-Way, Not Divided";"None";"T-Intersection";"Smooth Asphalt";"Piedmont";"Urban";"30 - 35  MPH";"Missing";"Cloudy";"No";"0.0, 0.0"
"4568";349;350;"No";"50-59";54;"No";"With Traffic";"O: No Injury";"Travel Lane";"White";"Male";"Wesley Chapel";"Union";"No";"01-01-03";2008-05-21;"Motorist Failed to Yield - Sign-Controlled Intersection";10;"Intersection";"01-05-01";1-01-01 10:24:58;"Motorist Drive Out - Sign-Controlled Intersection";111141;2008;"C: Possible Injury";"Farms, Woods, Pastures";"60-69";69;"No";"0-5 mph";"C: Possible Injury";"White";"Male";"Sport Utility";"No";"No";"Daylight";"Rural (<30% Developed)";"2 lanes";2;"Straight - Level";"State Secondary Route";"Dry";"Two-Way, Not Divided";"None";"Four-Way Intersection";"Smooth Asphalt";"Piedmont";"Rural";"40 - 45  MPH";"Stop Sign";"Clear";"No";"0.0, 0.0"
"4569";356;357;"No";"40-49";41;"No";"With Traffic";"C: Possible Injury";"Travel Lane";"White";"Male";"Cary";"Wake";"No";NA;2008-06-23;"Motorist Right Turn / Merge";14;"Non-Intersection";"01-06-01";1-01-01 14:44:58;"Motorist Right Turn - Same Direction";311213;2008;"C: Possible Injury";"Commercial";"20-24";24;"No";"41-45 mph";"O: No Injury";"White";"Female";"Passenger Car";"No";"No";"Daylight";"Urban (>70% Developed)";"4 lanes";2;"Straight - Level";"State Secondary Route";"Dry";"Two-Way, Divided, Positive Median Barrier";"None";"No Special Feature";"Coarse Asphalt";"Piedmont";"Urban";"40 - 45  MPH";"No Control Present";"Clear";"No";"0.0, 0.0"
"4570";358;359;"No";"50-59";54;"No";"With Traffic";"B: Evident Injury";"Travel Lane";"White";"Male";"Charlotte";"Mecklenburg";"No";"01-01-02";2008-06-24;"Motorist Right Turn / Merge";16;"Non-Intersection";"01-06-01";1-01-01 16:41:58;"Motorist Right Turn - Same Direction";311213;2008;"B: Evident Injury";"Commercial";"30-39";30;"No";"21-25 mph";"O: No Injury";"Other";"Male";"Passenger Car";"No";"No";"Daylight";"Urban (>70% Developed)";"4 lanes";2;"Straight - Level";"Local Street";"Dry";"Two-Way, Divided, Unprotected Median";"None";"Related To Intersection";"Smooth Asphalt";"Piedmont";"Urban";"30 - 35  MPH";"No Control Present";"Clear";"No";"0.0, 0.0"
"4571";363;364;"Yes";"20-24";24;"No";"Not Applicable";"C: Possible Injury";"Non-Roadway";"Black";"Male";"Wilmington";"New Hanover";"No";"01-01-07";2008-06-01;"Non-Roadway";20;"Non-Roadway";"01-06-01";1-01-01 20:42:58;"Non-Roadway";460910;2008;"C: Possible Injury";"Commercial";"30-39";33;"No";"0-5 mph";"O: No Injury";"Black";"Male";"Passenger Car";"No";"No";"Dark - Lighted Roadway";"Urban (>70% Developed)";"2 lanes";2;"Straight - Grade";"Public Vehicular Area";"Wet";"Two-Way, Not Divided";"None";"No Special Feature";"Coarse Asphalt";"Coastal";"Urban";"5 - 15 MPH";"No Control Present";"Rain";"No";"0.0, 0.0"
"4572";374;375;"No";"16-19";16;"No";"With Traffic";"B: Evident Injury";"Travel Lane";"Black";"Female";"Rocky Mount";"Edgecombe";"No";"01-01-05";2008-05-30;"Bicyclist Failed to Yield - Sign-Controlled Intersection";15;"Intersection";"01-05-01";1-01-01 15:17:58;"Bicyclist Ride Through - Sign-Controlled Intersection";111144;2008;"B: Evident Injury";"Residential";"30-39";36;"No";"31-35 mph";"O: No Injury";"Black";"Male";"Passenger Car";"No";"No";"Daylight";"Urban (>70% Developed)";"4 lanes";2;"Straight - Level";"Local Street";"Dry";"Two-Way, Divided, Unprotected Median";"None";"Four-Way Intersection";"Smooth Asphalt";"Coastal";"Urban";"30 - 35  MPH";"Stop Sign";"Clear";"No";"0.0, 0.0"
"4573";378;379;"Yes";"20-24";24;"No";"Facing Traffic";"C: Possible Injury";"Sidewalk / Crosswalk / Driveway Crossing";"White";"Male";"Raleigh";"Wake";"No";"01-01-05";2008-05-30;"Motorist Failed to Yield - Sign-Controlled Intersection";15;"Intersection";"01-05-01";1-01-01 15:39:58;"Motorist Drive Out - Sign-Controlled Intersection";132141;2008;"C: Possible Injury";"Residential";"30-39";39;"No";"0-5 mph";"O: No Injury";"Black";"Male";"Sport Utility";"No";"No";"Daylight";"Urban (>70% Developed)";"2 lanes";2;"Straight - Grade";"Local Street";"Dry";"Two-Way, Divided, Unprotected Median";"None";"No Special Feature";"Smooth Asphalt";"Piedmont";"Urban";"30 - 35  MPH";"Stop Sign";"Clear";"No";"0.0, 0.0"
"4574";385;386;"Yes";"50-59";50;"No";"With Traffic";"B: Evident Injury";"Travel Lane";"White";"Male";"None - Rural Crash";"Chatham";"No";"01-01-07";2008-06-29;"Motorist Left Turn / Merge";10;"Non-Intersection";"01-06-01";1-01-01 10:02:58;"Motorist Left Turn - Opposite Direction";311212;2008;"B: Evident Injury";"Farms, Woods, Pastures";"50-59";56;"No";"0-5 mph";"O: No Injury";"White";"Male";"Passenger Car";"No";"No";"Daylight";"Rural (<30% Developed)";"2 lanes";3;"Straight - Level";"State Secondary Route";"Dry";"Two-Way, Not Divided";"None";"No Special Feature";"Coarse Asphalt";"Piedmont";"Rural";"50 - 55  MPH";"Double Yellow Line, No Passing Zone";"Clear";"No";"0.0, 0.0"
"4575";387;388;"Yes";"15-Nov";12;"No";"With Traffic";"B: Evident Injury";"Travel Lane";"White";"Male";"None - Rural Crash";"Johnston";"No";"01-01-06";2008-06-07;"Bicyclist Left Turn / Merge";15;"Non-Intersection";"01-06-01";1-01-01 15:19:58;"Bicyclist Left Turn - Same Direction";311221;2008;"B: Evident Injury";"Farms, Woods, Pastures";"20-24";20;"No";"31-35 mph";"O: No Injury";"White";"Female";"Passenger Car";"No";"No";"Daylight";"Rural (<30% Developed)";"2 lanes";2;"Straight - Level";"State Secondary Route";"Dry";"Two-Way, Not Divided";"None";"No Special Feature";"Smooth Asphalt";"Coastal";"Rural";"50 - 55  MPH";"No Control Present";"Clear";"No";"0.0, 0.0"
"4576";389;390;"Yes";"20-24";20;"No";"With Traffic";"B: Evident Injury";"Travel Lane";"White";"Male";"Greensboro";"Guilford";"No";"01-01-04";2008-06-12;"Motorist Overtaking Bicyclist";23;"Intersection";"01-06-01";1-01-01 23:10:58;"Motorist Overtaking - Other /";111239;2008;"B: Evident Injury";"Commercial";NA;NA;"Missing";NA;"Injury";"/Missing";NA;NA;"No";"Yes";"Dark - Lighted Roadway";"Urban (>70% Developed)";"4 lanes";2;"Straight - Level";"Local Street";"Dry";"Two-Way, Divided, Unprotected Median";NA;"Four-Way Intersection";"Smooth Asphalt";"Piedmont";"Urban";"30 - 35  MPH";"Stop And Go Signal";"Clear";"No";"0.0, 0.0"
"4577";390;391;"No";"16-19";19;"No";"Facing Traffic";"B: Evident Injury";"Sidewalk / Crosswalk / Driveway Crossing";"White";"Male";"Chapel Hill";"Orange";"No";"01-01-04";2008-06-12;"Crossing Paths - Other Circumstances";12;"Intersection";"01-06-01";1-01-01 12:50:58;"Sign-Controlled Intersection - Other /";132148;2008;"B: Evident Injury";"Residential";NA;NA;"Missing";"0-5 mph";"Injury";"/Missing";NA;NA;"No";"Yes";"Daylight";"Urban (>70% Developed)";"2 lanes";2;"Straight - Level";"Local Street";"Dry";"Two-Way, Not Divided";"None";"No Special Feature";"Smooth Asphalt";"Piedmont";"Urban";NA;"Stop Sign";"Clear";"No";"0.0, 0.0"
"4578";393;394;"No";"16-19";17;"No";"Facing Traffic";"B: Evident Injury";"Travel Lane";"White";"Male";"None - Rural Crash";"Mcdowell";"No";"01-01-02";2008-07-01;"Loss of Control / Turning Error";11;"Non-Intersection";"01-07-01";1-01-01 10:59:58;"Motorist Lost Control - Other /";312139;2008;"B: Evident Injury";"Farms, Woods, Pastures";NA;NA;"Missing";"31-35 mph";"Injury";"/Missing";NA;"Sport Utility";"No";"Yes";"Daylight";"Rural (<30% Developed)";"2 lanes";2;"Curve - Grade";"State Secondary Route";"Sand, Mud, Dirt, Gravel";"Two-Way, Not Divided";"None";"No Special Feature";"Gravel";"Mountains";"Rural";"50 - 55  MPH";"No Control Present";"Clear";"No";"0.0, 0.0"
"4579";395;396;"Yes";"15-Nov";12;"No";"With Traffic";"B: Evident Injury";"Travel Lane";"White";"Female";"None - Rural Crash";"Johnston";"No";NA;2008-05-12;"Bicyclist Failed to Yield - Sign-Controlled Intersection";17;"Intersection";"01-05-01";1-01-01 17:36:58;"Bicyclist Ride Through - Sign-Controlled Intersection";111144;2008;"B: Evident Injury";"Residential";"40-49";44;"No";"16-20 mph";"O: No Injury";"White";"Female";"Passenger Car";"No";"No";"Daylight";"Mixed (30% To 70% Developed)";"2 lanes";2;"Straight - Grade";"Local Street";"Dry";"Two-Way, Not Divided";"None";"T-Intersection";"Smooth Asphalt";"Coastal";"Rural";"20 - 25  MPH";"Stop Sign";"Cloudy";"No";"0.0, 0.0"
"4580";397;398;"No";"60-69";67;"No";"With Traffic";"B: Evident Injury";"Travel Lane";"White";"Male";"None - Rural Crash";"Wake";"No";"01-01-04";2008-06-26;"Motorist Left Turn / Merge";10;"Intersection";"01-06-01";1-01-01 10:07:58;"Motorist Left Turn - Same Direction";111211;2008;"B: Evident Injury";"Residential";"40-49";46;"No";"0-5 mph";"O: No Injury";"White";"Male";"Truck/Trailer";"No";"No";"Daylight";"Rural (<30% Developed)";"4 lanes";2;"Straight - Level";"NC Route";"Dry";"Two-Way, Divided, Unprotected Median";"None";"Four-Way Intersection";"Coarse Asphalt";"Piedmont";"Rural";"40 - 45  MPH";"Stop And Go Signal";"Clear";"No";"0.0, 0.0"
"4581";400;401;"Yes";"60-69";60;"No";NA;"O: No Injury";NA;"White";"Male";"Jacksonville";"Onslow";"No";"01-01-05";2008-06-06;"Crossing Paths - Other Circumstances";17;"Intersection";"01-06-01";1-01-01 17:27:58;"Signalized Intersection - Other /";199158;2008;"C: Possible Injury";"Commercial";"40-49";44;"No";NA;"C: Possible Injury";"Black";"Male";"Pedalcycle";"No";"No";"Daylight";"Urban (>70% Developed)";"7 lanes";2;"Straight - Level";"Local Street";"Dry";"Two-Way, Not Divided";"None";"No Special Feature";"Smooth Asphalt";"Coastal";"Urban";NA;"Stop And Go Signal";"Clear";"No";"0.0, 0.0"
"4582";406;407;"Yes";"40-49";47;"No";"Facing Traffic";"O: No Injury";"Sidewalk / Crosswalk / Driveway Crossing";"Black";"Female";"Rocky Mount";"Nash";"No";"01-01-02";2008-06-10;"Motorist Failed to Yield - Midblock";8;"Non-Intersection";"01-06-01";1-01-01 08:09:58;"Motorist Drive Out - Commercial Driveway / Alley";332322;2008;"O: No Injury";"Commercial";"30-39";35;"No";"0-5 mph";"O: No Injury";"White";"Female";"Light Truck (Mini-Van, Panel)";"No";"No";"Daylight";"Urban (>70% Developed)";NA;2;"Straight - Level";"Public Vehicular Area";"Dry";"One-Way, Not Divided";"None";"T-Intersection";"Concrete";"Coastal";"Urban";"20 - 25  MPH";"No Control Present";"Clear";"No";"0.0, 0.0"
"4583";408;409;"No";"16-19";16;"No";"Not Applicable";"B: Evident Injury";"Driveway / Alley";"Black";"Male";"None - Rural Crash";"Vance";"No";"01-01-03";2008-06-11;"Bicyclist Failed to Yield - Midblock";19;"Non-Intersection";"01-06-01";1-01-01 19:42:58;"Bicyclist Ride Out - Residential Driveway";353311;2008;"B: Evident Injury";"Residential";"40-49";42;"No";"36-40 mph";"O: No Injury";"White";"Female";"Light Truck (Mini-Van, Panel)";"No";"No";"Daylight";"Rural (<30% Developed)";"2 lanes";2;"Straight - Level";"State Secondary Route";"Dry";"Two-Way, Not Divided";"None";"No Special Feature";"Smooth Asphalt";"Piedmont";"Rural";"40 - 45  MPH";"Double Yellow Line, No Passing Zone";"Clear";"No";"0.0, 0.0"
"4584";416;417;"Yes";"60-69";62;"No";"Facing Traffic";"B: Evident Injury";"Travel Lane";"Black";"Male";"Salisbury";"Rowan";"No";"01-01-06";2008-07-12;"Head-On";13;"Non-Intersection";"01-07-01";1-01-01 13:51:58;"Head-On - Bicyclist";312250;2008;"B: Evident Injury";"Residential";"30-39";38;"No";"21-25 mph";"O: No Injury";"Black";"Female";"Passenger Car";"No";"No";"Daylight";"Urban (>70% Developed)";"2 lanes";2;"Straight - Level";"Local Street";"Dry";"Two-Way, Not Divided";"None";"No Special Feature";"Smooth Asphalt";"Piedmont";"Urban";"20 - 25  MPH";"No Control Present";"Clear";"No";"0.0, 0.0"
"4585";421;422;"Yes";"20-24";24;"No";NA;"B: Evident Injury";NA;"Black";"Male";"Charlotte";"Mecklenburg";"No";"01-01-02";2008-07-15;"Bicyclist Failed to Yield - Midblock";15;"Non-Intersection";"01-07-01";1-01-01 15:09:58;"Bicyclist Ride Out - Midblock -";399319;2008;"B: Evident Injury";"Commercial";"25-29";25;"No";"31-35 mph";"O: No Injury";"White";"Male";"Passenger Car";"No";"No";"Daylight";"Urban (>70% Developed)";"4 lanes";2;"Straight - Hillcrest";"Local Street";"Dry";"Two-Way, Not Divided";"None";"No Special Feature";"Smooth Asphalt";"Piedmont";"Urban";"30 - 35  MPH";"No Control Present";"Clear";"No";"0.0, 0.0"
"4586";423;424;"No";"20-24";21;"No";"Facing Traffic";"B: Evident Injury";"Bike Lane / Paved Shoulder";"White";"Male";"Kitty Hawk";"Dare";"No";"01-01-06";2008-06-14;"Motorist Failed to Yield - Sign-Controlled Intersection";8;"Intersection";"01-06-01";1-01-01 08:21:58;"Motorist Drive Out - Sign-Controlled Intersection";122141;2008;"B: Evident Injury";"Commercial";"20-24";21;"No";"0-5 mph";"O: No Injury";"White";"Male";"Sport Utility";"No";"No";"Daylight";"Mixed (30% To 70% Developed)";"5 lanes";2;"Straight - Level";"Local Street";"Dry";"Two-Way, Not Divided";"None";"T-Intersection";"Coarse Asphalt";"Coastal";"Rural";"20 - 25  MPH";"Stop Sign";"Fog, Smog, Smoke";"No";"0.0, 0.0"
"4587";431;432;"Yes";"30-39";30;"Yes";"With Traffic";"B: Evident Injury";"Travel Lane";"White";"Male";"None - Rural Crash";"Vance";"Yes";"01-01-07";2008-06-15;"Motorist Overtaking Bicyclist";14;"Non-Intersection";"01-06-01";1-01-01 14:43:58;"Motorist Overtaking - Bicyclist Swerved";311235;2008;"B: Evident Injury";"Farms, Woods, Pastures";"60-69";69;"No";"51-55 mph";"O: No Injury";"Black";"Male";"Passenger Car";"No";"No";"Daylight";"Rural (<30% Developed)";"2 lanes";2;"Straight - Level";"NC Route";"Dry";"Two-Way, Not Divided";"None";"No Special Feature";"Smooth Asphalt";"Piedmont";"Rural";"50 - 55  MPH";"No Control Present";"Clear";"No";"0.0, 0.0"
"4588";434;435;"Yes";"16-19";19;"No";"With Traffic";"C: Possible Injury";"Sidewalk / Crosswalk / Driveway Crossing";"Black";"Male";"Wilmington";"New Hanover";"No";NA;2008-06-16;"Motorist Failed to Yield - Midblock";21;"Non-Intersection";"01-06-01";1-01-01 21:20:58;"Motorist Drive Out - Commercial Driveway / Alley";331322;2008;"C: Possible Injury";"Commercial";NA;NA;"Missing";"6-10 mph";"Injury";"/Missing";NA;"Passenger Car";"No";"Yes";"Dark - Lighted Roadway";"Urban (>70% Developed)";"4 lanes";2;"Straight - Level";"Local Street";"Dry";"Two-Way, Divided, Unprotected Median";"None";"No Special Feature";"Smooth Asphalt";"Coastal";"Urban";"40 - 45  MPH";"No Control Present";"Clear";"No";"0.0, 0.0"
"4589";436;437;"No";"50-59";56;"No";"With Traffic";"C: Possible Injury";"Travel Lane";"White";"Male";"Kannapolis";"Cabarrus";"No";"01-01-03";2008-06-18;"Motorist Overtaking Bicyclist";5;"Non-Intersection";"01-06-01";1-01-01 05:04:58;"Motorist Overtaking - Misjudged Space";311232;2008;"C: Possible Injury";"Commercial";"70+";NA;"No";"41-45 mph";"O: No Injury";"White";"Male";"Sport Utility";"No";"No";"Dark - Lighted Roadway";"Urban (>70% Developed)";"4 lanes";2;"Straight - Level";"US Route";"Dry";NA;"None";"No Special Feature";"Smooth Asphalt";"Piedmont";"Urban";"40 - 45  MPH";"No Control Present";"Clear";"No";"0.0, 0.0"
"4590";444;445;"No";"40-49";47;"No";"Facing Traffic";"O: No Injury";"Sidewalk / Crosswalk / Driveway Crossing";"Black";"Male";"Raleigh";"Wake";"No";NA;2008-06-30;"Motorist Failed to Yield - Sign-Controlled Intersection";11;"Intersection";"01-06-01";1-01-01 11:17:58;"Motorist Drive Out - Sign-Controlled Intersection";132141;2008;"O: No Injury";"Commercial";"20-24";20;"No";"26-30 mph";"O: No Injury";"White";"Female";"Sport Utility";"No";"No";"Daylight";"Urban (>70% Developed)";"2 lanes";2;"Straight - Level";"Local Street";"Dry";"Two-Way, Not Divided";"None";"T-Intersection";"Coarse Asphalt";"Piedmont";"Urban";"30 - 35  MPH";"Stop Sign";"Clear";"No";"0.0, 0.0"
"4591";448;449;"Yes";"20-24";23;"No";"Facing Traffic";"B: Evident Injury";"Sidewalk / Crosswalk / Driveway Crossing";"Black";"Female";"Greensboro";"Guilford";"No";NA;2008-05-12;"Motorist Failed to Yield - Sign-Controlled Intersection";13;"Intersection";"01-05-01";1-01-01 13:53:58;"Motorist Drive Out - Sign-Controlled Intersection";132141;2008;"B: Evident Injury";"Institutional";"40-49";47;"No";"0-5 mph";"O: No Injury";"Black";"Female";"Passenger Car";"No";"No";"Daylight";"Urban (>70% Developed)";"2 lanes";2;"Straight - Level";"Local Street";"Dry";"Two-Way, Not Divided";"None";"Four-Way Intersection";"Smooth Asphalt";"Piedmont";"Urban";"20 - 25  MPH";"Stop Sign";"Clear";"No";"0.0, 0.0"
"4592";449;450;"Yes";"15-Nov";15;"No";"With Traffic";"C: Possible Injury";"Travel Lane";"Asian";"Male";"Greensboro";"Guilford";"No";"01-01-07";2008-06-15;"Crossing Paths - Other Circumstances";16;"Intersection";"01-06-01";1-01-01 16:35:58;"Sign-Controlled Intersection - Other /";111148;2008;"C: Possible Injury";"Residential";NA;NA;"Missing";NA;"Injury";"/Missing";NA;"Passenger Car";"No";"Yes";"Daylight";"Urban (>70% Developed)";"2 lanes";2;"Straight - Level";"Local Street";"Dry";"Two-Way, Divided, Unprotected Median";"None";"Four-Way Intersection";"Smooth Asphalt";"Piedmont";"Urban";"30 - 35  MPH";"Stop Sign";"Clear";"No";"0.0, 0.0"
"4593";451;452;"No";NA;NA;"No";"Facing Traffic";"C: Possible Injury";"Sidewalk / Crosswalk / Driveway Crossing";"Black";"Male";"Chapel Hill";"Orange";"No";"01-01-06";2008-06-21;"Motorist Failed to Yield - Sign-Controlled Intersection";13;"Intersection";"01-06-01";1-01-01 13:39:58;"Motorist Drive Out - Sign-Controlled Intersection";132141;2008;"C: Possible Injury";"Commercial";"50-59";51;"No";NA;"O: No Injury";"White";"Female";"Passenger Car";"No";"No";"Daylight";"Urban (>70% Developed)";"2 lanes";2;"Straight - Level";"Local Street";"Dry";"Two-Way, Not Divided";"None";"No Special Feature";"Smooth Asphalt";"Piedmont";"Urban";"20 - 25  MPH";"Stop Sign";"Clear";"No";"0.0, 0.0"
"4594";467;468;"Yes";"15-Nov";13;"No";"With Traffic";"B: Evident Injury";"Travel Lane";"Black";"Male";"Forest City";"Rutherford";"No";NA;2008-06-30;"Motorist Failed to Yield - Sign-Controlled Intersection";14;"Intersection";"01-06-01";1-01-01 14:30:58;"Motorist Drive Out - Sign-Controlled Intersection";111141;2008;"B: Evident Injury";"Residential";"40-49";40;"No";NA;"O: No Injury";"White";"Female";"Passenger Car";"No";"No";"Daylight";"Urban (>70% Developed)";"2 lanes";2;"Straight - Grade";"Local Street";"Dry";"Two-Way, Not Divided";"None";"No Special Feature";"Smooth Asphalt";"Mountains";"Urban";"30 - 35  MPH";"Missing";"Clear";"No";"0.0, 0.0"
"4595";484;485;"No";"20-24";22;"No";"Facing Traffic";"B: Evident Injury";"Multi-use Path";"White";"Male";"Fayetteville";"Cumberland";"No";"01-01-06";2008-06-21;"Motorist Failed to Yield - Sign-Controlled Intersection";12;"Intersection";"01-06-01";1-01-01 12:49:58;"Motorist Drive Out - Sign-Controlled Intersection";142141;2008;"B: Evident Injury";"Residential";"25-29";26;"No";"0-5 mph";"O: No Injury";"Black";"Male";"Single Unit Truck (2-Axle, 6-Tire)";"No";"No";"Daylight";"Urban (>70% Developed)";"2 lanes";2;"Straight - Level";"Local Street";"Dry";"Two-Way, Not Divided";"None";"No Special Feature";"Smooth Asphalt";"Coastal";"Urban";"20 - 25  MPH";"Stop Sign";"Cloudy";"No";"0.0, 0.0"
"4596";490;491;"Yes";"10-Jun";7;"No";"Facing Traffic";"Injury";"Sidewalk / Crosswalk / Driveway Crossing";"Hispanic";"Male";"Charlotte";"Mecklenburg";"No";"01-01-06";2008-08-02;"Crossing Paths - Other Circumstances";19;"Intersection";"01-08-01";1-01-01 19:10:58;"Sign-Controlled Intersection - Other /";132148;2008;"O: No Injury";"Residential";"50-59";54;"No";"26-30 mph";"O: No Injury";"Black";"Male";"Passenger Car";"No";"No";"Dawn";"Urban (>70% Developed)";"2 lanes";2;"Straight - Level";"Local Street";"Dry";"Two-Way, Not Divided";"None";"No Special Feature";"Smooth Asphalt";"Piedmont";"Urban";"30 - 35  MPH";"No Control Present";"Clear";"No";"0.0, 0.0"
"4597";494;495;"Yes";"16-19";17;"No";"Not Applicable";"C: Possible Injury";"Non-Roadway";"Black";"Female";"None - Rural Crash";"Wayne";"No";NA;2008-07-07;"Non-Roadway";18;"Non-Roadway";"01-07-01";1-01-01 18:52:58;"Non-Roadway";460910;2008;"C: Possible Injury";"Residential";"30-39";33;"No";"6-10 mph";"O: No Injury";"Black";"Male";"Pickup";"No";"No";"Daylight";"Mixed (30% To 70% Developed)";"2 lanes";2;"Straight - Level";"Public Vehicular Area";"Dry";"Two-Way, Not Divided";"None";"Driveway, Public";"Coarse Asphalt";"Coastal";"Rural";NA;"No Control Present";"Clear";"No";"0.0, 0.0"
"4598";495;496;"Yes";"30-39";34;"No";"With Traffic";"C: Possible Injury";"Travel Lane";"Black";"Male";"None - Rural Crash";"Cumberland";"No";"01-01-02";2008-07-08;"Motorist Overtaking Bicyclist";23;"Non-Intersection";"01-07-01";1-01-01 23:04:58;"Motorist Overtaking - Other /";311239;2008;"C: Possible Injury";"Commercial";NA;NA;"Missing";"31-35 mph";"Injury";"/Missing";NA;NA;"No";"Yes";"Dark - Roadway Not Lighted";"Mixed (30% To 70% Developed)";"5 lanes";2;"Straight - Level";"State Secondary Route";"Wet";"Two-Way, Not Divided";"None";"No Special Feature";"Coarse Asphalt";"Coastal";"Rural";"40 - 45  MPH";"Missing";"Cloudy";"No";"0.0, 0.0"
"4599";498;499;"Yes";"15-Nov";15;"No";"With Traffic";"C: Possible Injury";"Travel Lane";"White";"Male";"None - Rural Crash";"Cumberland";"No";"01-01-03";2008-07-09;"Motorist Overtaking Bicyclist";22;"Non-Intersection";"01-07-01";1-01-01 22:48:58;"Motorist Overtaking - Undetected Bicyclist";311231;2008;"C: Possible Injury";"Farms, Woods, Pastures";NA;NA;"Missing";"51-55 mph";"Injury";"/Missing";NA;NA;"No";"Yes";"Dark - Roadway Not Lighted";"Rural (<30% Developed)";"2 lanes";2;"Straight - Level";"State Secondary Route";"Dry";"Two-Way, Not Divided";"None";"T-Intersection";"Coarse Asphalt";"Coastal";"Rural";"50 - 55  MPH";"Double Yellow Line, No Passing Zone";"Clear";"No";"0.0, 0.0"
"4600";461;462;"No";"50-59";51;"No";"With Traffic";"C: Possible Injury";"Travel Lane";"White";"Male";"Morganton";"Burke";"No";"01-01-05";2008-06-27;"Motorist Overtaking Bicyclist";7;"Intersection";"01-06-01";1-01-01 07:58:58;"Motorist Overtaking - Misjudged Space";111232;2008;"C: Possible Injury";"Commercial";"50-59";50;"No";"0-5 mph";"O: No Injury";"Black";"Female";"Passenger Car";"No";"No";"Daylight";"Urban (>70% Developed)";"5 lanes";2;"Straight - Level";"Local Street";"Dry";"Two-Way, Divided, Unprotected Median";"None";"No Special Feature";"Smooth Asphalt";"Mountains";"Urban";"30 - 35  MPH";"Stop And Go Signal";"Clear";"No";"0.0, 0.0"
"4601";195;196;"No";"16-19";19;"No";"With Traffic";"C: Possible Injury";"Sidewalk / Crosswalk / Driveway Crossing";"Black";"Male";"None - Rural Crash";"Guilford";"No";"01-01-05";2011-04-29;"Motorist Failed to Yield - Midblock";9;"Non-Intersection";"01-04-01";1-01-01 09:11:58;"Motorist Drive Out - Commercial Driveway / Alley";331322;2011;"C: Possible Injury";"Commercial";"40-49";40;"No";"0-5 mph";"O: No Injury";"White";"Male";"Passenger Car";"No";"No";"Daylight";"Mixed (30% To 70% Developed)";NA;2;"Straight - Level";"Public Vehicular Area";"Dry";NA;"None";"Driveway, Private";"Smooth Asphalt";"Piedmont";"Rural";NA;"No Control Present";"Clear";"No";"36.00956, -79.8052"
"4602";200;201;"No";"40-49";48;"No";"Facing Traffic";"B: Evident Injury";"Sidewalk / Crosswalk / Driveway Crossing";"Black";"Male";"Charlotte";"Mecklenburg";"No";"01-01-02";2011-04-26;"Motorist Failed to Yield - Midblock";21;"Non-Intersection";"01-04-01";1-01-01 21:38:58;"Motorist Drive Out - Commercial Driveway / Alley";332322;2011;"B: Evident Injury";"Commercial";"60-69";60;"No";NA;"O: No Injury";"Black";"Male";"Pickup";"No";"No";"Dark - Lighted Roadway";"Urban (>70% Developed)";NA;2;"Straight - Hillcrest";"Public Vehicular Area";"Dry";"Two-Way, Not Divided";"None";"No Special Feature";"Smooth Asphalt";"Piedmont";"Urban";"40 - 45  MPH";"No Control Present";"Clear";"No";"35.27048, -80.8553"