"FID";"OBJECTID";"AmbulanceR";"BikeAge_Gr";"Bike_Age";"Bike_Alc_D";"Bike_Dir";"Bike_Injur";"Bike_Pos";"Bike_Race";"Bike_Sex";"City";"County";"CrashAlcoh";"CrashDay";"Crash_Date";"Crash_Grp";"Crash_Hour";"Crash_Loc";"Crash_Mont";"Crash_Time";"Crash_Type";"Crash_Ty_1";"Crash_Year";"Crsh_Sevri";"Developmen";"DrvrAge_Gr";"Drvr_Age";"Drvr_Alc_D";"Drvr_EstSp";"Drvr_Injur";"Drvr_Race";"Drvr_Sex";"Drvr_VehTy";"ExcsSpdInd";"Hit_Run";"Light_Cond";"Locality";"Num_Lanes";"Num_Units";"Rd_Charact";"Rd_Class";"Rd_Conditi";"Rd_Config";"Rd_Defects";"Rd_Feature";"Rd_Surface";"Region";"Rural_Urba";"Speed_Limi";"Traff_Cntr";"Weather";"Workzone_I";"Location"
"4640";575;576;"Yes";"16-19";18;"No";"Facing Traffic";"B: Evident Injury";"Travel Lane";"White";"Male";"None - Rural Crash";"Brunswick";"No";NA;2011-08-22;"Head-On";15;"Non-Intersection";"01-08-01";1-01-01 15:24:58;"Head-On - Bicyclist";312250;2011;"B: Evident Injury";"Farms, Woods, Pastures";"25-29";29;"No";"41-45 mph";"O: No Injury";"White";"Female";"Sport Utility";"No";"No";"Daylight";"Rural (<30% Developed)";"2 lanes";2;"Straight - Level";"State Secondary Route";"Wet";"Two-Way, Not Divided";"None";"No Special Feature";"Coarse Asphalt";"Coastal";"Rural";"40 - 45  MPH";"No Control Present";"Rain";"No";"33.94205, -78.3512"
"4641";579;580;"Yes";"60-69";61;"No";"With Traffic";"B: Evident Injury";"Travel Lane";"White";"Male";"Fayetteville";"Cumberland";"No";"01-01-04";2011-09-01;"Motorist Overtaking Bicyclist";7;"Intersection-Related";"01-09-01";1-01-01 07:22:58;"Motorist Overtaking - Undetected Bicyclist";211231;2011;"B: Evident Injury";"Residential";"30-39";31;"No";"21-25 mph";"O: No Injury";"Asian";"Female";"Passenger Car";"No";"No";"Daylight";"Urban (>70% Developed)";"2 lanes";2;"Straight - Level";"Local Street";"Dry";"Two-Way, Not Divided";"None";"No Special Feature";"Smooth Asphalt";"Coastal";"Urban";"20 - 25  MPH";"No Control Present";"Clear";"No";"35.04541, -78.9602"
"4642";583;584;"No";"40-49";43;"No";"Facing Traffic";"C: Possible Injury";"Sidewalk / Crosswalk / Driveway Crossing";"Black";"Male";"Charlotte";"Mecklenburg";"No";"01-01-06";2011-08-27;"Loss of Control / Turning Error";17;"Intersection";"01-08-01";1-01-01 17:42:58;"Motorist Turning Error - Right Turn";132112;2011;"C: Possible Injury";"Commercial";"50-59";54;"No";"0-5 mph";"O: No Injury";"White";"Male";"Van";"No";"No";"Daylight";"Mixed (30% To 70% Developed)";"4 lanes";2;"Straight - Level";"Local Street";"Dry";"Two-Way, Not Divided";"None";"No Special Feature";"Smooth Asphalt";"Piedmont";"Urban";"40 - 45  MPH";"Stop And Go Signal";"Clear";"No";"35.16962, -80.9047"
"4643";585;586;"Yes";"40-49";40;"No";"Not Applicable";"C: Possible Injury";"Non-Roadway";"White";"Male";"None - Rural Crash";"Brunswick";"No";NA;2011-08-29;"Non-Roadway";2;"Non-Roadway";"01-08-01";1-01-01 02:01:58;"Non-Roadway";460910;2011;"C: Possible Injury";"Residential";"60-69";61;"No";"0-5 mph";"O: No Injury";"White";"Male";"Pickup";"No";"No";"Dark - Roadway Not Lighted";"Mixed (30% To 70% Developed)";"2 lanes";2;"Straight - Level";"Public Vehicular Area";"Dry";"Two-Way, Divided, Unprotected Median";"None";"Driveway, Private";"Coarse Asphalt";"Coastal";"Rural";NA;"No Control Present";"Clear";"No";"33.94721, -78.5758"
"4644";586;587;"Yes";"15-Nov";15;"No";"Not Applicable";"B: Evident Injury";"Driveway / Alley";"Black";"Male";"None - Rural Crash";"Warren";"No";NA;2011-09-05;"Bicyclist Failed to Yield - Midblock";10;"Non-Intersection";"01-09-01";1-01-01 10:36:58;"Bicyclist Ride Out - Residential Driveway";353311;2011;"B: Evident Injury";"Farms, Woods, Pastures";"0-19";19;"No";"16-20 mph";"O: No Injury";"Black";"Male";"Van";"No";"No";"Daylight";"Rural (<30% Developed)";"2 lanes";2;"Straight - Hillcrest";"State Secondary Route";"Dry";"Two-Way, Not Divided";"None";"Driveway, Private";"Smooth Asphalt";"Piedmont";"Rural";"50 - 55  MPH";"Double Yellow Line, No Passing Zone";"Clear";"No";"36.4264, -78.0822"
"4645";591;592;"Yes";"20-24";20;"No";NA;"B: Evident Injury";"Travel Lane";"White";"Male";"Raleigh";"Wake";"No";"01-01-03";2011-08-31;"Motorist Failed to Yield - Sign-Controlled Intersection";20;"Intersection";"01-08-01";1-01-01 20:53:58;"Motorist Drive Out - Sign-Controlled Intersection";119141;2011;"B: Evident Injury";"Institutional";"20-24";21;"No";"0-5 mph";"O: No Injury";"Black";"Male";"Passenger Car";"No";"No";"Dark - Lighted Roadway";"Urban (>70% Developed)";"2 lanes";2;"Straight - Level";"Local Street";"Dry";"Two-Way, Not Divided";"None";"Four-Way Intersection";"Smooth Asphalt";"Piedmont";"Urban";"5 - 15 MPH";"Stop Sign";"Clear";"No";"35.78658, -78.681"
"4646";592;593;"Yes";"16-19";19;"No";"With Traffic";"B: Evident Injury";"Travel Lane";"White";"Female";"Raleigh";"Wake";"No";"01-01-02";2011-08-30;"Motorist Right Turn / Merge";11;"Non-Intersection";"01-08-01";1-01-01 11:44:58;"Motorist Right Turn - Same Direction";311213;2011;"B: Evident Injury";"Institutional";"0-19";19;"No";"11-15 mph";"O: No Injury";"White";"Female";"Passenger Car";"No";"No";"Daylight";"Urban (>70% Developed)";"2 lanes";2;"Straight - Level";"Local Street";"Dry";"Two-Way, Not Divided";"None";"Driveway, Public";"Coarse Asphalt";"Piedmont";"Urban";"20 - 25  MPH";"No Control Present";"Clear";"No";"35.78515, -78.6756"
"4647";597;598;"No";"50-59";57;"No";"With Traffic";"B: Evident Injury";"Travel Lane";"White";"Male";"None - Rural Crash";"Orange";"No";"01-01-03";2011-09-07;"Bicyclist Left Turn / Merge";19;"Non-Intersection";"01-09-01";1-01-01 19:04:58;"Bicyclist Left Turn - Same Direction";311221;2011;"B: Evident Injury";"Farms, Woods, Pastures";"50-59";59;"No";"31-35 mph";"O: No Injury";"Black";"Male";"Passenger Car";"No";"No";"Daylight";"Rural (<30% Developed)";"2 lanes";2;"Straight - Hillcrest";"State Secondary Route";"Dry";"Two-Way, Not Divided";"None";"Driveway, Private";"Smooth Asphalt";"Piedmont";"Rural";"30 - 35  MPH";"Double Yellow Line, No Passing Zone";"Clear";"No";"36.0523, -79.1323"
"4648";599;600;"Yes";"25-29";29;"No";"With Traffic";"B: Evident Injury";"Travel Lane";"White";"Male";"Winston-Salem";"Forsyth";"No";NA;2011-08-29;"Motorist Left Turn / Merge";22;"Intersection-Related";"01-08-01";1-01-01 22:38:58;"Motorist Left Turn - Opposite Direction";211212;2011;"B: Evident Injury";"Commercial";"40-49";46;"No";"6-10 mph";"O: No Injury";"Black";"Male";"Sport Utility";"No";"No";"Dark - Lighted Roadway";"Urban (>70% Developed)";"4 lanes";2;"Straight - Level";"Local Street";"Dry";"Two-Way, Not Divided";"None";"No Special Feature";"Coarse Asphalt";"Piedmont";"Urban";"30 - 35  MPH";"No Control Present";"Clear";"No";"36.09261, -80.2651"
"4649";603;604;"No";"15-Nov";11;"No";"With Traffic";"C: Possible Injury";"Travel Lane";"White";"Male";"None - Rural Crash";"Buncombe";"No";"01-01-05";2011-09-09;"Bicyclist Failed to Yield - Sign-Controlled Intersection";18;"Intersection";"01-09-01";1-01-01 18:27:58;"Bicyclist Ride Through - Sign-Controlled Intersection";111144;2011;"C: Possible Injury";"Residential";"70+";NA;"No";"11-15 mph";"O: No Injury";"White";"Male";"Passenger Car";"No";"No";"Daylight";"Urban (>70% Developed)";"2 lanes";2;"Curve - Grade";"State Secondary Route";"Dry";"Two-Way, Not Divided";"None";"T-Intersection";"Coarse Asphalt";"Mountains";"Rural";"20 - 25  MPH";"Stop Sign";"Clear";"No";"35.623, -82.6247"
"4650";606;607;"No";"70+";NA;"No";"With Traffic";"O: No Injury";"Travel Lane";"White";"Male";"Fayetteville";"Cumberland";"No";"01-01-02";2011-08-30;"Motorist Overtaking Bicyclist";19;"Non-Intersection";"01-08-01";1-01-01 19:47:58;"Motorist Overtaking - Other /";311239;2011;"O: No Injury";"Commercial";"40-49";41;"No";"6-10 mph";"O: No Injury";"Native American";"Female";"Passenger Car";"No";"No";"Dusk";"Urban (>70% Developed)";"5 lanes";2;"Straight - Level";"Local Street";"Dry";"Two-Way, Not Divided";"None";"No Special Feature";"Coarse Asphalt";"Coastal";"Urban";"40 - 45  MPH";"No Control Present";"Clear";"No";"35.04103, -78.9342"
"4651";711;712;"No";"16-19";16;"No";"With Traffic";"C: Possible Injury";"Travel Lane";"White";"Male";"None - Rural Crash";"Rockingham";"No";NA;2011-10-17;"Motorist Overtaking Bicyclist";18;"Non-Intersection";"01-10-01";1-01-01 17:59:58;"Motorist Overtaking - Misjudged Space";311232;2011;"C: Possible Injury";"Farms, Woods, Pastures";NA;NA;"No";"51-55 mph";"Injury";"/Missing";NA;"Passenger Car";"No";"Yes";"Daylight";"Rural (<30% Developed)";"2 lanes";2;"Straight - Grade";"NC Route";"Dry";"Two-Way, Not Divided";"None";"No Special Feature";"Smooth Asphalt";"Piedmont";"Rural";"50 - 55  MPH";"No Control Present";"Clear";"No";"36.46988, -79.9592"
"4652";712;713;"Yes";"20-24";20;"No";"With Traffic";"C: Possible Injury";"Sidewalk / Crosswalk / Driveway Crossing";"White";"Female";"Wilmington";"New Hanover";"No";"01-01-05";2011-10-07;"Bicyclist Failed to Yield - Signalized Intersection";13;"Intersection";"01-10-01";1-01-01 13:46:58;"Bicyclist Ride Out - Signalized  Intersection";131153;2011;"C: Possible Injury";"Commercial";"60-69";64;"No";"11-15 mph";"O: No Injury";"White";"Male";"Passenger Car";"No";"No";"Daylight";"Urban (>70% Developed)";"2 lanes";2;"Straight - Level";"Local Street";"Dry";"Two-Way, Not Divided";"None";"No Special Feature";"Coarse Asphalt";"Coastal";"Urban";"30 - 35  MPH";"Stop And Go Signal";"Clear";"No";"34.23715, -77.8676"
"4653";713;714;"Yes";"30-39";31;"No";"With Traffic";"B: Evident Injury";"Travel Lane";"Black";"Female";"Wilmington";"New Hanover";"No";"01-01-05";2011-10-07;"Parallel Paths - Other Circumstances";23;"Intersection";"01-10-01";1-01-01 23:37:58;"Parallel Paths - Other /";111280;2011;"B: Evident Injury";"Residential";NA;NA;"Missing";"11-15 mph";"Injury";"/Missing";NA;NA;"No";"Yes";"Dark - Lighted Roadway";"Urban (>70% Developed)";"2 lanes";2;"Straight - Level";"Local Street";"Dry";"Two-Way, Not Divided";"None";"No Special Feature";"Smooth Asphalt";"Coastal";"Urban";"20 - 25  MPH";"Stop Sign";"Clear";"No";"34.23514, -77.9366"
"4654";723;724;"Yes";"50-59";59;"No";"Facing Traffic";"C: Possible Injury";"Sidewalk / Crosswalk / Driveway Crossing";"Black";"Male";"Benson";"Johnston";"No";"01-01-07";2011-05-15;"Motorist Failed to Yield - Midblock";15;"Non-Intersection";"01-05-01";1-01-01 15:54:58;"Motorist Drive Out - Commercial Driveway / Alley";332322;2011;"C: Possible Injury";"Commercial";"20-24";20;"No";"6-10 mph";"O: No Injury";"Hispanic";"Female";"Pickup";"No";"No";"Daylight";"Urban (>70% Developed)";"4 lanes";2;"Straight - Level";"Local Street";"Dry";"Two-Way, Divided, Unprotected Median";"None";"T-Intersection";"Smooth Asphalt";"Coastal";"Rural";"30 - 35  MPH";"Stop And Go Signal";"Clear";"No";"35.37787, -78.542"
"4655";724;725;"Yes";"15-Nov";11;"No";"With Traffic";"B: Evident Injury";"Travel Lane";"White";"Male";"Winston-Salem";"Forsyth";"Yes";"01-01-02";2011-10-04;"Loss of Control / Turning Error";14;"Intersection";"01-10-01";1-01-01 14:56:58;"Bicyclist Turning Error - Right Turn";111115;2011;"B: Evident Injury";"Residential";"40-49";44;"Yes";NA;"O: No Injury";"Black";"Male";"Sport Utility";"No";"No";"Daylight";"Urban (>70% Developed)";"2 lanes";2;"Straight - Grade";"Local Street";"Dry";"Two-Way, Not Divided";"None";"Related To Intersection";"Smooth Asphalt";"Piedmont";"Urban";"5 - 15 MPH";"Stop Sign";"Clear";"No";"36.1785, -80.2827"
"4656";726;727;"Yes";"30-39";30;"No";"With Traffic";"B: Evident Injury";"Travel Lane";"White";"Male";"None - Rural Crash";"Carteret";"No";"01-01-07";2011-10-23;"Motorist Overtaking Bicyclist";21;"Non-Intersection";"01-10-01";1-01-01 21:29:58;"Motorist Overtaking - Other /";311239;2011;"B: Evident Injury";"Residential";"60-69";68;"No";"31-35 mph";"O: No Injury";"White";"Male";"Sport Utility";"No";"No";"Dark - Roadway Not Lighted";"Rural (<30% Developed)";"2 lanes";2;"Curve - Level";"NC Route";"Dry";"Two-Way, Not Divided";"None";"No Special Feature";"Smooth Asphalt";"Coastal";"Rural";"50 - 55  MPH";"Double Yellow Line, No Passing Zone";"Clear";"No";"34.74952, -76.6512"
"4657";741;742;"Yes";"50-59";58;"No";"Facing Traffic";"C: Possible Injury";"Travel Lane";"White";"Male";"Rocky Mount";"Nash";"No";"01-01-06";2011-10-15;"Bicyclist Failed to Yield - Signalized Intersection";11;"Intersection";"01-10-01";1-01-01 11:08:58;"Bicyclist Ride Out - Signalized  Intersection";112153;2011;"C: Possible Injury";"Commercial";"25-29";29;"No";"11-15 mph";"O: No Injury";"White";"Female";"Passenger Car";"No";"No";"Daylight";"Urban (>70% Developed)";"3 lanes";2;"Straight - Level";"Local Street";"Dry";"One-Way, Not Divided";"None";"Four-Way Intersection";"Smooth Asphalt";"Coastal";"Urban";"20 - 25  MPH";"Stop And Go Signal";"Clear";"No";"35.94464, -77.7962"
"4658";745;746;"Yes";"70+";NA;"No";"With Traffic";"A: Disabling Injury";"Travel Lane";"White";"Male";"None - Rural Crash";"Moore";"No";"01-01-02";2011-10-25;"Motorist Overtaking Bicyclist";10;"Non-Intersection";"01-10-01";1-01-01 10:51:58;"Motorist Overtaking - Other /";311239;2011;"A: Disabling Injury";"Farms, Woods, Pastures";"70+";NA;"No";"41-45 mph";"O: No Injury";"White";"Male";"Van";"No";"No";"Daylight";"Rural (<30% Developed)";"2 lanes";2;"Straight - Level";"State Secondary Route";"Dry";"Two-Way, Not Divided";"None";"No Special Feature";"Smooth Asphalt";"Piedmont";"Rural";"50 - 55  MPH";"No Control Present";"Clear";"No";"35.21363, -79.3777"
"4659";757;758;"No";"50-59";57;"No";"With Traffic";"C: Possible Injury";"Travel Lane";"Black";"Male";"Rocky Mount";"Nash";"No";"01-01-07";2011-09-11;"Motorist Failed to Yield - Sign-Controlled Intersection";15;"Intersection";"01-09-01";1-01-01 15:36:58;"Motorist Drive Through - Sign-Controlled Intersection";111143;2011;"C: Possible Injury";"Residential";"70+";NA;"No";"6-10 mph";"O: No Injury";"Black";"Female";"Passenger Car";"No";"No";"Daylight";"Urban (>70% Developed)";"2 lanes";2;"Straight - Level";"Local Street";"Dry";"Two-Way, Divided, Unprotected Median";"None";"No Special Feature";"Coarse Asphalt";"Coastal";"Urban";"20 - 25  MPH";"Stop Sign";"Clear";"No";"35.94543, -77.7992"
"4660";762;763;"No";"25-29";26;"No";"With Traffic";"O: No Injury";"Travel Lane";"White";"Female";"Durham";"Durham";"No";"01-01-02";2011-11-01;"Motorist Failed to Yield - Signalized Intersection";21;"Intersection";"01-11-01";1-01-01 21:24:58;"Motorist Drive Out - Right Turn on Red";111151;2011;"O: No Injury";"Commercial";NA;NA;"Missing";"0-5 mph";"Injury";"/Missing";NA;"Passenger Car";"No";"Yes";"Daylight";"Urban (>70% Developed)";"2 lanes";2;"Straight - Level";"Local Street";"Wet";"Two-Way, Not Divided";"None";"Four-Way Intersection";"Smooth Asphalt";"Piedmont";"Urban";"30 - 35  MPH";"Stop And Go Signal";"Rain";"No";"35.99698, -78.9103"
"4661";765;766;"Yes";"0-5";4;"No";"With Traffic";"B: Evident Injury";"Travel Lane";"Black";"Male";"Gastonia";"Gaston";"No";"01-01-07";2011-10-23;"Bicyclist Failed to Yield - Sign-Controlled Intersection";16;"Intersection";"01-10-01";1-01-01 16:22:58;"Bicyclist Ride Through - Sign-Controlled Intersection";111144;2011;"B: Evident Injury";"Residential";"50-59";51;"No";"31-35 mph";"O: No Injury";"White";"Male";"Sport Utility";"No";"No";"Daylight";"Urban (>70% Developed)";"2 lanes";2;"Straight - Grade";"Local Street";"Dry";"Two-Way, Not Divided";"None";"T-Intersection";"Smooth Asphalt";"Piedmont";"Urban";"30 - 35  MPH";"Stop Sign";"Clear";"No";"35.27127, -81.1821"
"4662";777;778;"Yes";"20-24";24;"No";"Facing Traffic";"C: Possible Injury";"Travel Lane";"Black";"Male";"Charlotte";"Mecklenburg";"No";"01-01-03";2011-10-26;"Loss of Control / Turning Error";22;"Non-Intersection";"01-10-01";1-01-01 22:37:58;"Motorist Turning Error - Right Turn";312112;2011;"C: Possible Injury";"Residential";NA;NA;"Missing";"16-20 mph";"Injury";"/Missing";NA;NA;"No";"Yes";"Dark - Lighted Roadway";"Urban (>70% Developed)";"6 lanes";2;"Straight - Level";"Local Street";"Dry";"Two-Way, Divided, Unprotected Median";"None";"No Special Feature";"Smooth Asphalt";"Piedmont";"Urban";"30 - 35  MPH";"No Control Present";"Clear";"No";"35.21393, -80.7713"
"4663";782;783;"Yes";"40-49";43;"No";"With Traffic";"B: Evident Injury";"Travel Lane";"White";"Male";"Hendersonville";"Henderson";"No";"01-01-03";2011-10-05;"Motorist Overtaking Bicyclist";7;"Non-Intersection";"01-10-01";1-01-01 07:54:58;"Motorist Overtaking - Other /";311239;2011;"B: Evident Injury";"Commercial";"25-29";25;"No";"21-25 mph";"O: No Injury";"White";"Female";"Sport Utility";"No";"No";"Daylight";"Urban (>70% Developed)";"5 lanes";2;"Straight - Hillcrest";"US Route";"Dry";"Two-Way, Not Divided";"None";"Bridge Approach";"Coarse Asphalt";"Mountains";"Urban";"30 - 35  MPH";"No Control Present";"Clear";"No";"35.30582, -82.4483"
"4664";790;791;"No";NA;NA;"Missing";"Facing Traffic";"Injury";"Travel Lane";"/Missing";NA;"Raleigh";"Wake";"No";NA;2011-11-14;"Bicyclist Failed to Yield - Signalized Intersection";14;"Intersection";"01-11-01";1-01-01 14:11:58;"Bicyclist Ride Through - Signalized Intersection";112155;2011;"O: No Injury";"Commercial";"20-24";22;"No";"0-5 mph";"O: No Injury";"White";"Female";"Passenger Car";"No";"No";"Daylight";"Urban (>70% Developed)";"2 lanes";2;"Straight - Level";NA;"Dry";"Two-Way, Not Divided";"None";"Four-Way Intersection";"Smooth Asphalt";"Piedmont";"Urban";"30 - 35  MPH";"Stop And Go Signal";"Clear";"No";"35.7867, -78.664"
"4665";792;793;"Yes";"10-Jun";7;"No";"Not Applicable";"B: Evident Injury";"Driveway / Alley";"Asian";"Male";"Greensboro";"Guilford";"No";"01-01-02";2011-10-25;"Bicyclist Failed to Yield - Midblock";18;"Non-Intersection";"01-10-01";1-01-01 18:03:58;"Bicyclist Ride Out - Residential Driveway";353311;2011;"B: Evident Injury";"Residential";"50-59";51;"No";"16-20 mph";"O: No Injury";"White";"Male";"Passenger Car";"No";"No";"Daylight";"Urban (>70% Developed)";"2 lanes";2;"Straight - Hillcrest";"Local Street";"Dry";"Two-Way, Not Divided";"None";"No Special Feature";"Coarse Asphalt";"Piedmont";"Urban";"20 - 25  MPH";"No Control Present";"Clear";"No";"36.09316, -79.7759"
"4666";807;808;"No";"50-59";52;"No";"With Traffic";"C: Possible Injury";"Travel Lane";"White";"Male";"Greensboro";"Guilford";"No";"01-01-02";2011-11-01;"Motorist Overtaking Bicyclist";22;"Non-Intersection";"01-11-01";1-01-01 22:27:58;"Motorist Overtaking - Other /";311239;2011;"C: Possible Injury";"Residential";"0-19";19;"No";"31-35 mph";"O: No Injury";"Black";"Male";"Passenger Car";"No";"No";"Dark - Lighted Roadway";"Mixed (30% To 70% Developed)";"4 lanes";2;"Straight - Level";"Local Street";"Dry";"Two-Way, Divided, Unprotected Median";"None";"No Special Feature";"Smooth Asphalt";"Piedmont";"Urban";"30 - 35  MPH";"No Control Present";"Clear";"No";"36.15023, -79.8355"
"4667";808;809;"Yes";"20-24";22;"No";"With Traffic";"C: Possible Injury";"Sidewalk / Crosswalk / Driveway Crossing";"White";"Female";"Greensboro";"Guilford";"No";"01-01-02";2011-11-01;"Motorist Left Turn / Merge";12;"Intersection";"01-11-01";1-01-01 12:29:58;"Motorist Left Turn - Opposite Direction";131212;2011;"C: Possible Injury";"Commercial";"20-24";21;"No";"0-5 mph";"O: No Injury";"Black";"Female";"Passenger Car";"No";"No";"Daylight";"Urban (>70% Developed)";"4 lanes";2;"Straight - Bottom";"Local Street";"Dry";"Two-Way, Not Divided";NA;"No Special Feature";"Smooth Asphalt";"Piedmont";"Urban";"20 - 25  MPH";"No Control Present";"Clear";"No";"36.06485, -79.8152"
"4668";814;815;"Yes";"40-49";46;"Yes";"With Traffic";"B: Evident Injury";"Travel Lane";"Hispanic";"Male";"Charlotte";"Mecklenburg";"Yes";"01-01-06";2011-11-26;"Bicyclist Failed to Yield - Signalized Intersection";17;"Intersection-Related";"01-11-01";1-01-01 17:44:58;"Bicyclist Ride Through - Signalized Intersection";211155;2011;"B: Evident Injury";"Commercial";"40-49";44;"No";"31-35 mph";"O: No Injury";"Black";"Female";"Sport Utility";"No";"No";"Dark - Lighted Roadway";"Urban (>70% Developed)";"4 lanes";2;"Straight - Level";"Local Street";"Dry";"Two-Way, Divided, Unprotected Median";"None";"No Special Feature";"Smooth Asphalt";"Piedmont";"Urban";"30 - 35  MPH";"Stop And Go Signal";"Clear";"No";"35.24833, -80.8292"
"4669";816;817;"No";"40-49";47;"No";"With Traffic";"C: Possible Injury";"Travel Lane";"White";"Male";"None - Rural Crash";"Yancey";"No";"01-01-06";2011-11-26;"Motorist Overtaking Bicyclist";14;"Non-Intersection";"01-11-01";1-01-01 14:39:58;"Motorist Overtaking - Misjudged Space";311232;2011;"C: Possible Injury";"Farms, Woods, Pastures";"25-29";25;"No";"51-55 mph";"O: No Injury";"White";"Male";"Passenger Car";"No";"No";"Daylight";"Rural (<30% Developed)";"2 lanes";2;"Straight - Level";"US Route";"Dry";"Two-Way, Not Divided";"None";"No Special Feature";"Smooth Asphalt";"Mountains";"Rural";"50 - 55  MPH";"Double Yellow Line, No Passing Zone";"Clear";"Yes";"35.91316, -82.4356"
"4670";817;818;"Yes";"20-24";23;"No";"Not Applicable";"C: Possible Injury";"Travel Lane";"White";"Male";"Wilmington";"New Hanover";"No";"01-01-05";2011-11-04;"Bicyclist Failed to Yield - Signalized Intersection";10;"Intersection-Related";"01-11-01";1-01-01 10:48:58;"Bicyclist Ride Out - Signalized  Intersection";213153;2011;"C: Possible Injury";"Commercial";"25-29";29;"No";"41-45 mph";"O: No Injury";"White";"Female";"Van";"No";"No";"Daylight";"Urban (>70% Developed)";"9 or more lanes";2;"Straight - Level";"NC Route";"Dry";"Two-Way, Not Divided";"None";"No Special Feature";"Coarse Asphalt";"Coastal";"Urban";"40 - 45  MPH";"Stop And Go Signal";"Cloudy";"No";"34.23669, -77.8726"
"4671";819;820;"Yes";"30-39";39;"No";"With Traffic";"B: Evident Injury";"Travel Lane";"Black";"Female";"Cary";"Wake";"No";"01-01-06";2011-11-05;"Motorist Failed to Yield - Sign-Controlled Intersection";13;"Intersection";"01-11-01";1-01-01 13:56:58;"Motorist Drive Out - Sign-Controlled Intersection";111141;2011;"B: Evident Injury";"Residential";"0-19";17;"No";"16-20 mph";"O: No Injury";"/Missing";"Male";"Passenger Car";"No";"No";"Daylight";"Mixed (30% To 70% Developed)";"2 lanes";2;"Straight - Level";"State Secondary Route";"Dry";"Two-Way, Divided, Unprotected Median";"None";"T-Intersection";"Smooth Asphalt";"Piedmont";"Urban";"30 - 35  MPH";"Stop Sign";"Clear";"No";"35.80159, -78.9133"
"4672";820;821;"Yes";"20-24";21;"No";"With Traffic";"C: Possible Injury";"Travel Lane";"Black";"Male";"Wilson";"Wilson";"No";"01-01-07";2011-10-23;"Loss of Control / Turning Error";12;"Intersection-Related";"01-10-01";1-01-01 12:29:58;"Motorist Turning Error - Right Turn";211112;2011;"C: Possible Injury";"Residential";"0-19";19;"No";"0-5 mph";"O: No Injury";"Black";"Female";"Passenger Car";"No";"No";"Daylight";"Urban (>70% Developed)";"3 lanes";2;"Straight - Level";"Local Street";"Dry";"Two-Way, Not Divided";"Road Surface Condition";"T-Intersection";"Coarse Asphalt";"Coastal";"Urban";"30 - 35  MPH";"Stop Sign";"Clear";"No";"35.74952, -77.9167"
"4673";822;823;"Yes";"30-39";39;"No";"Not Applicable";"B: Evident Injury";"Travel Lane";"White";"Male";"Gastonia";"Gaston";"No";"01-01-02";2011-11-08;"Bicyclist Failed to Yield - Midblock";12;"Non-Intersection";"01-11-01";1-01-01 12:25:58;"Multiple Threat - Midblock";313357;2011;"B: Evident Injury";"Commercial";"50-59";57;"No";"16-20 mph";"O: No Injury";"White";"Female";"Passenger Car";"No";"No";"Daylight";"Urban (>70% Developed)";"5 lanes";2;"Straight - Grade";"NC Route";"Dry";"Two-Way, Not Divided";"None";"No Special Feature";"Smooth Asphalt";"Piedmont";"Urban";"30 - 35  MPH";"No Control Present";"Clear";"No";"35.25288, -81.1766"
"4674";826;827;"No";"50-59";55;"Yes";"With Traffic";"C: Possible Injury";"Travel Lane";"Black";"Male";"Burlington";"Alamance";"Yes";NA;2011-11-07;"Motorist Left Turn / Merge";18;"Intersection";"01-11-01";1-01-01 18:44:58;"Motorist Left Turn - Opposite Direction";111212;2011;"C: Possible Injury";"Commercial";"50-59";56;"No";"26-30 mph";"O: No Injury";"White";"Female";"Sport Utility";"No";"No";"Dark - Roadway Not Lighted";"Urban (>70% Developed)";"4 lanes";2;"Straight - Level";"Local Street";"Dry";"Two-Way, Not Divided";"None";"Four-Way Intersection";"Coarse Asphalt";"Piedmont";"Urban";"30 - 35  MPH";"Stop Sign";"Clear";"No";"36.10111, -79.4122"
"4675";828;829;"Yes";"40-49";48;"No";"With Traffic";"B: Evident Injury";"Travel Lane";"White";"Male";"None - Rural Crash";"Lincoln";"No";"01-01-04";2011-12-01;"Motorist Failed to Yield - Midblock";21;"Non-Intersection";"01-12-01";1-01-01 21:11:58;"Motorist Drive Out - Residential Driveway";311321;2011;"B: Evident Injury";"Residential";"40-49";44;"No";"0-5 mph";"O: No Injury";"White";"Female";"Van";"No";"No";"Dark - Roadway Not Lighted";"Mixed (30% To 70% Developed)";"2 lanes";2;"Straight - Level";"US Route";"Dry";"Two-Way, Not Divided";"None";"No Special Feature";"Smooth Asphalt";"Piedmont";"Rural";"30 - 35  MPH";"No Control Present";"Clear";"No";"35.41128, -81.203"
"4676";832;833;"Yes";"10-Jun";8;"No";"With Traffic";"B: Evident Injury";"Travel Lane";"Black";"Male";"Chapel Hill";"Orange";"No";"01-01-06";2011-11-12;"Bicyclist Failed to Yield - Sign-Controlled Intersection";15;"Intersection";"01-11-01";1-01-01 15:54:58;"Bicyclist Ride Through - Sign-Controlled Intersection";111144;2011;"B: Evident Injury";"Residential";"40-49";46;"No";NA;"O: No Injury";"Black";"Male";"Sport Utility";"No";"No";"Daylight";"Urban (>70% Developed)";"2 lanes";2;"Straight - Grade";"Local Street";"Dry";"Two-Way, Not Divided";"None";"Four-Way Intersection";"Smooth Asphalt";"Piedmont";"Urban";"20 - 25  MPH";"Stop Sign";"Clear";"No";"35.91458, -79.0658"