"FID";"OBJECTID";"AmbulanceR";"BikeAge_Gr";"Bike_Age";"Bike_Alc_D";"Bike_Dir";"Bike_Injur";"Bike_Pos";"Bike_Race";"Bike_Sex";"City";"County";"CrashAlcoh";"CrashDay";"Crash_Date";"Crash_Grp";"Crash_Hour";"Crash_Loc";"Crash_Mont";"Crash_Time";"Crash_Type";"Crash_Ty_1";"Crash_Year";"Crsh_Sevri";"Developmen";"DrvrAge_Gr";"Drvr_Age";"Drvr_Alc_D";"Drvr_EstSp";"Drvr_Injur";"Drvr_Race";"Drvr_Sex";"Drvr_VehTy";"ExcsSpdInd";"Hit_Run";"Light_Cond";"Locality";"Num_Lanes";"Num_Units";"Rd_Charact";"Rd_Class";"Rd_Conditi";"Rd_Config";"Rd_Defects";"Rd_Feature";"Rd_Surface";"Region";"Rural_Urba";"Speed_Limi";"Traff_Cntr";"Weather";"Workzone_I";"Location"
"4677";834;835;"Yes";"16-19";19;"No";"Facing Traffic";"B: Evident Injury";"Sidewalk / Crosswalk / Driveway Crossing";"White";"Female";"Wilmington";"New Hanover";"No";"01-01-06";2011-11-12;"Motorist Failed to Yield - Midblock";13;"Non-Intersection";"01-11-01";1-01-01 13:18:58;"Motorist Drive Out - Commercial Driveway / Alley";332322;2011;"B: Evident Injury";"Commercial";"20-24";23;"No";"0-5 mph";"O: No Injury";"White";"Male";"Sport Utility";"No";"No";"Daylight";"Urban (>70% Developed)";"2 lanes";3;"Straight - Level";"Local Street";"Dry";"Two-Way, Not Divided";"None";"No Special Feature";"Smooth Asphalt";"Coastal";"Urban";"20 - 25  MPH";"No Control Present";"Clear";"No";"34.2321, -77.8711"
"4678";840;841;"No";"0-5";5;"No";"Not Applicable";"B: Evident Injury";"Driveway / Alley";"Black";"Female";"Laurinburg";"Scotland";"No";"01-01-03";2011-11-16;"Non-Roadway";14;"Non-Roadway";"01-11-01";1-01-01 14:34:58;"Non-Roadway";450910;2011;"B: Evident Injury";"Farms, Woods, Pastures";"20-24";21;"No";NA;"O: No Injury";"Black";"Female";"Van";"No";"No";"Daylight";"Mixed (30% To 70% Developed)";NA;2;"Straight - Level";"Private Road, Driveway";"Other";NA;"None";"No Special Feature";"Sand";"Coastal";"Urban";NA;"No Control Present";"Cloudy";"No";"34.75722, -79.4694"
"4679";842;843;"Yes";"40-49";42;"No";"With Traffic";"B: Evident Injury";"Sidewalk / Crosswalk / Driveway Crossing";"Black";"Male";"Charlotte";"Mecklenburg";"No";"01-01-05";2011-12-09;"Motorist Right Turn / Merge";23;"Intersection";"01-12-01";1-01-01 23:21:58;"Motorist Right Turn on Red - Same Direction";131217;2011;"B: Evident Injury";"Residential";"25-29";26;"No";"6-10 mph";"O: No Injury";"Black";"Female";"Passenger Car";"No";"No";"Dark - Lighted Roadway";"Urban (>70% Developed)";"4 lanes";2;"Straight - Level";"Local Street";"Dry";"Two-Way, Not Divided";"None";"No Special Feature";"Concrete";"Piedmont";"Urban";"30 - 35  MPH";"Stop And Go Signal";"Clear";"No";"35.26299, -80.8547"
"4680";843;844;"Yes";"50-59";53;"Yes";"With Traffic";"B: Evident Injury";"Travel Lane";"White";"Male";"None - Rural Crash";"Randolph";"Yes";"01-01-06";2011-12-10;"Motorist Overtaking Bicyclist";20;"Non-Intersection";"01-12-01";1-01-01 20:30:58;"Motorist Overtaking - Undetected Bicyclist";311231;2011;"B: Evident Injury";"Commercial";"40-49";47;"No";"51-55 mph";"O: No Injury";"White";"Female";"Passenger Car";"No";"No";"Dark - Roadway Not Lighted";"Mixed (30% To 70% Developed)";"5 lanes";2;"Straight - Grade";"US Route";"Dry";"Two-Way, Not Divided";"None";"No Special Feature";"Smooth Asphalt";"Piedmont";"Rural";"50 - 55  MPH";"No Control Present";"Clear";"No";"35.72975, -79.6811"
"4681";850;851;"Yes";"20-24";21;"No";"Facing Traffic";"C: Possible Injury";"Sidewalk / Crosswalk / Driveway Crossing";"White";"Male";"Wilmington";"New Hanover";"No";"01-01-06";2011-11-26;"Bicyclist Failed to Yield - Signalized Intersection";13;"Intersection";"01-11-01";1-01-01 13:49:58;"Bicyclist Ride Through - Signalized Intersection";132155;2011;"C: Possible Injury";"Residential";"30-39";36;"No";"0-5 mph";"O: No Injury";"White";"Male";"Passenger Car";"No";"No";"Daylight";"Urban (>70% Developed)";"2 lanes";2;"Straight - Level";"Local Street";"Dry";"Two-Way, Not Divided";NA;"Related To Intersection";"Smooth Asphalt";"Coastal";"Urban";"20 - 25  MPH";"Stop And Go Signal";"Clear";"No";"34.2341, -77.8411"
"4682";869;870;"Yes";"16-19";17;"No";"Not Applicable";"B: Evident Injury";"Travel Lane";"White";"Male";"Jacksonville";"Onslow";"No";"01-01-02";2011-12-06;"Bicyclist Failed to Yield - Midblock";13;"Non-Intersection";"01-12-01";1-01-01 13:33:58;"Bicyclist Ride Out - Other Midblock";313318;2011;"B: Evident Injury";"Commercial";"50-59";50;"No";"26-30 mph";"O: No Injury";"White";"Male";"Passenger Car";"No";"No";"Daylight";"Urban (>70% Developed)";"7 lanes";2;"Straight - Level";"NC Route";"Dry";"Two-Way, Divided, Unprotected Median";"None";"No Special Feature";"Grooved Concrete";"Coastal";"Urban";"40 - 45  MPH";"No Control Present";"Clear";"No";"34.76843, -77.3852"
"4683";882;883;"Yes";"50-59";50;"Yes";"Not Applicable";"A: Disabling Injury";"Travel Lane";"Black";"Male";"Goldsboro";"Wayne";"Yes";"01-01-03";2011-12-14;"Bicyclist Failed to Yield - Midblock";17;"Non-Intersection";"01-12-01";1-01-01 17:43:58;"Bicyclist Ride Out - Midblock -";313319;2011;"A: Disabling Injury";"Commercial";"40-49";48;"No";"31-35 mph";"O: No Injury";"Black";"Male";"Passenger Car";"No";"No";"Dark - Lighted Roadway";"Urban (>70% Developed)";"4 lanes";2;"Straight - Level";"Local Street";"Dry";"Two-Way, Not Divided";"None";"No Special Feature";"Coarse Asphalt";"Coastal";"Urban";"30 - 35  MPH";"No Control Present";"Cloudy";"No";"35.38274, -77.9856"
"4684";891;892;"Yes";"30-39";35;"No";"With Traffic";"C: Possible Injury";"Travel Lane";"White";"Male";"Huntersville";"Mecklenburg";"No";NA;2011-12-26;"Motorist Left Turn / Merge";8;"Intersection";"01-12-01";1-01-01 08:02:58;"Motorist Left Turn - Opposite Direction";111212;2011;"C: Possible Injury";"Residential";"25-29";25;"No";"21-25 mph";"O: No Injury";"White";"Male";"Passenger Car";"No";"No";"Daylight";"Urban (>70% Developed)";"2 lanes";2;"Straight - Level";"Local Street";"Dry";"Two-Way, Not Divided";"None";"No Special Feature";"Smooth Asphalt";"Piedmont";"Urban";"20 - 25  MPH";"Stop Sign";"Clear";"No";"35.41019, -80.8687"
"4685";894;895;"Yes";"20-24";23;"No";"With Traffic";"B: Evident Injury";"Travel Lane";"White";"Male";"Benson";"Johnston";"No";"01-01-07";2011-10-23;"Motorist Overtaking Bicyclist";21;"Intersection-Related";"01-10-01";1-01-01 21:21:58;"Motorist Overtaking - Undetected Bicyclist";211231;2011;"B: Evident Injury";"Residential";"50-59";58;"No";"41-45 mph";"O: No Injury";"White";"Male";"Pickup";"No";"No";"Dark - Roadway Not Lighted";"Mixed (30% To 70% Developed)";"2 lanes";2;"Straight - Level";"NC Route";"Dry";"Two-Way, Not Divided";"None";"No Special Feature";"Coarse Asphalt";"Coastal";"Rural";"40 - 45  MPH";"No Control Present";"Clear";"No";"35.38766, -78.5636"
"4686";898;899;"No";"40-49";40;"No";"With Traffic";"O: No Injury";"Travel Lane";"Black";"Male";"None - Rural Crash";"Halifax";"No";"01-01-06";2011-05-14;"Motorist Overtaking Bicyclist";13;"Intersection";"01-05-01";1-01-01 12:59:58;"Motorist Overtaking - Other /";111239;2011;"O: No Injury";"Residential";"20-24";23;"No";NA;"O: No Injury";"Black";"Female";"Passenger Car";"No";"No";"Daylight";"Urban (>70% Developed)";"2 lanes";2;"Straight - Level";"Local Street";NA;"Two-Way, Not Divided";NA;"No Special Feature";"Coarse Asphalt";"Coastal";"Rural";"30 - 35  MPH";"Stop Sign";"Other";"No";"36.17545, -77.6672"
"4687";899;900;"No";"20-24";20;"No";"With Traffic";"C: Possible Injury";"Travel Lane";"White";"Male";"Greensboro";"Guilford";"No";"01-01-04";2011-02-17;"Motorist Right Turn / Merge";12;"Intersection";"01-02-01";1-01-01 12:21:58;"Motorist Right Turn - Same Direction";111213;2011;"C: Possible Injury";"Institutional";"20-24";21;"No";"0-5 mph";"O: No Injury";"White";"Male";"Passenger Car";"No";"No";"Daylight";"Rural (<30% Developed)";NA;2;NA;NA;"Dry";NA;"None";"No Special Feature";NA;"Piedmont";"Urban";"20 - 25  MPH";"No Control Present";"Clear";"No";"36.06858, -79.815"
"4688";3;4;"Yes";"30-39";30;"No";"With Traffic";"B: Evident Injury";"Travel Lane";"White";"Female";"Midway";"Davidson";"No";"01-01-05";2012-01-06;"Motorist Overtaking Bicyclist";15;"Non-Intersection";NA;1-01-01 15:26:58;"Motorist Overtaking - Misjudged Space";NA;2012;"B: Evident Injury";"Commercial";"70";70;"No";"31-35 mph";"O: No Injury";"Black";"Female";"Passenger Car";"No";"No";"Daylight";"Mixed (30% To 70% Developed)";"2 lanes";2;"Curve - Level";"State Secondary Route";"Dry";"Two-Way, Not Divided";"None";"T-Intersection";"Smooth Asphalt";"Piedmont";"Rural";"50 - 55  MPH";"Double Yellow Line, No Passing Zone";"Clear";"No";"35.96236, -80.2204"
"4689";12;13;"No";"50-59";52;"Yes";"With Traffic";"O: No Injury";"Travel Lane";"Black";"Male";"Wilson";"Wilson";"Yes";"01-01-04";2012-01-12;"Bicyclist Failed to Yield - Sign-Controlled Intersection";18;"Intersection";NA;1-01-01 18:15:58;"Bicyclist Ride Through - Sign-Controlled Intersection";NA;2012;"O: No Injury";"Residential";"25-29";25;"No";"21-25 mph";"O: No Injury";"Black";"Female";"Police";"No";"No";"Dark - Lighted Roadway";"Urban (>70% Developed)";"2 lanes";2;"Straight - Level";"Local Street";"Dry";"Two-Way, Not Divided";"None";"T-Intersection";"Smooth Asphalt";"Coastal";"Urban";"30 - 35  MPH";"Stop Sign";"Clear";"No";"35.73369, -77.9126"
"4690";13;14;"Yes";"20-24";23;"No";"With Traffic";"B: Evident Injury";"Travel Lane";"White";"Male";"Durham";"Durham";"No";"01-01-04";2012-01-19;"Bicyclist Left Turn / Merge";8;"Intersection";NA;1-01-01 08:28:58;"Bicyclist Left Turn - Opposite Direction";NA;2012;"B: Evident Injury";"Commercial";"30-39";30;"No";"21-25 mph";"O: No Injury";"Black";"Male";"Sport Utility";"No";"No";"Daylight";"Urban (>70% Developed)";"2 lanes";3;"Straight - Level";"Local Street";"Dry";"Two-Way, Not Divided";"None";"Four-Way Intersection";"Smooth Asphalt";"Piedmont";"Urban";"30 - 35  MPH";"Stop And Go Signal";"Clear";"No";"36.00811, -78.9293"
"4691";15;16;"No";NA;0;"No";"With Traffic";"Injury";"Travel Lane";"/Missing";NA;"Harrisburg";"Cabarrus";"No";"01-01-05";2012-01-06;"Motorist Overtaking Bicyclist";18;"Intersection";NA;1-01-01 18:50:58;"Motorist Overtaking - Other /";NA;2012;"Injury";"Residential";NA;NA;"Missing";"31-35 mph";"Injury";"/Missing";NA;NA;"No";"Yes";"Dark - Lighted Roadway";"Urban (>70% Developed)";"3 lanes";2;"Straight - Level";"Local Street";"Dry";"Two-Way, Not Divided";"None";"No Special Feature";"Smooth Asphalt";"Piedmont";"Urban";"30 - 35  MPH";"Stop Sign";"Clear";"No";"35.33246, -80.6451"
"4692";21;22;"No";"40-49";48;"Yes";"With Traffic";"B: Evident Injury";"Sidewalk / Crosswalk / Driveway Crossing";"Black";"Male";"Charlotte";"Mecklenburg";"Yes";"01-01-04";2012-01-26;"Motorist Left Turn / Merge";18;"Intersection";NA;1-01-01 18:11:58;"Motorist Left Turn - Opposite Direction";NA;2012;"B: Evident Injury";"Commercial";"40-49";41;"No";"0-5 mph";"O: No Injury";"Black";"Female";"Passenger Car";"No";"No";"Dark - Lighted Roadway";"Urban (>70% Developed)";"3 lanes";2;"Straight - Level";"Local Street";"Dry";"Two-Way, Not Divided";"None";"No Special Feature";"Smooth Asphalt";"Piedmont";"Urban";"30 - 35  MPH";"Stop And Go Signal";"Clear";"No";"35.26122, -80.8368"
"4693";24;25;"Yes";"30-39";33;"No";"With Traffic";"C: Possible Injury";"Travel Lane";"White";"Male";"Morrisville";"Wake";"No";"01-01-03";2012-02-01;"Motorist Failed to Yield - Sign-Controlled Intersection";12;"Intersection";"01-02-01";1-01-01 12:43:58;"Motorist Drive Out - Sign-Controlled Intersection";NA;2012;"C: Possible Injury";"Residential";"25-29";26;"No";"16-20 mph";"O: No Injury";"Other";"Female";"Passenger Car";"No";"No";"Daylight";"Urban (>70% Developed)";"4 lanes";2;"Straight - Level";"Local Street";"Dry";"One-Way, Not Divided";"None";"Four-Way Intersection";"Smooth Asphalt";"Piedmont";"Urban";"30 - 35  MPH";"Stop Sign";"Clear";"No";"35.83258, -78.8388"
"4694";28;29;"Yes";"30-39";37;"No";"With Traffic";"B: Evident Injury";"Travel Lane";"White";"Male";"Charlotte";"Mecklenburg";"No";"01-01-06";2012-01-28;"Motorist Left Turn / Merge";0;"Intersection";NA;1-01-01 00:40:58;"Motorist Left Turn - Opposite Direction";NA;2012;"B: Evident Injury";"Residential";"30-39";31;"No";"21-25 mph";"O: No Injury";"White";"Male";"Passenger Car";"No";"No";"Dark - Lighted Roadway";"Urban (>70% Developed)";"2 lanes";2;"Curve - Level";"Local Street";"Dry";"Two-Way, Not Divided";"None";"T-Intersection";"Smooth Asphalt";"Piedmont";"Urban";"20 - 25  MPH";"No Control Present";"Clear";"No";"35.21559, -80.815"
"4695";29;30;"No";"25-29";28;"No";"With Traffic";"O: No Injury";"Travel Lane";"Other";"Male";"Wrightsville Beach";"New Hanover";"No";"01-01-02";2012-02-07;"Bicyclist Overtaking Motorist";20;"Non-Intersection";"01-02-01";1-01-01 20:04:58;"Bicyclist Overtaking - Parked Vehicle";NA;2012;"O: No Injury";"Residential";"25-29";26;"Missing";"0-5 mph";"O: No Injury";"White";"Male";"Police";"No";"No";"Dark - Lighted Roadway";"Urban (>70% Developed)";"5 lanes";2;"Straight - Level";"US Route";"Dry";"Two-Way, Not Divided";"None";"No Special Feature";"Smooth Asphalt";"Coastal";"Rural";"30 - 35  MPH";"Double Yellow Line, No Passing Zone";"Clear";"No";"34.21307, -77.8045"
"4696";32;33;"Yes";"50-59";50;"Yes";"Facing Traffic";"B: Evident Injury";"Travel Lane";"White";"Male";"None - Rural Crash";"Brunswick";"Yes";"01-01-03";2012-02-08;"Bicyclist Right Turn / Merge";18;"Non-Intersection";"01-02-01";1-01-01 18:55:58;"Bicyclist Right Turn - Same Direction";NA;2012;"B: Evident Injury";"Farms, Woods, Pastures";"30-39";32;"No";"51-55 mph";"O: No Injury";"Hispanic";"Male";"Pickup";"No";"No";"Dark - Roadway Not Lighted";"Rural (<30% Developed)";"2 lanes";2;"Straight - Level";"State Secondary Route";"Dry";"Two-Way, Not Divided";"None";"No Special Feature";"Coarse Asphalt";"Coastal";"Rural";"50 - 55  MPH";"No Control Present";"Clear";"No";"34.261, -78.0552"
"4697";33;34;"Yes";"20-24";20;"No";"Facing Traffic";"B: Evident Injury";"Travel Lane";"Black";"Male";"None - Rural Crash";"Onslow";"No";"01-01-04";2012-02-09;"Head-On";19;"Non-Intersection";"01-02-01";1-01-01 19:53:58;"Head-On - Bicyclist";NA;2012;"B: Evident Injury";"Commercial";"30-39";33;"No";"46-50 mph";"O: No Injury";"White";"Female";"Sport Utility";"No";"No";"Dark - Roadway Not Lighted";"Mixed (30% To 70% Developed)";"5 lanes";2;"Straight - Level";"US Route";"Dry";"Two-Way, Not Divided";"None";"No Special Feature";"Coarse Asphalt";"Coastal";"Rural";"50 - 55  MPH";"No Control Present";"Clear";"No";"34.77117, -77.4905"
"4698";39;40;"Yes";"20-24";22;"No";"With Traffic";"C: Possible Injury";"Travel Lane";"Black";"Male";"Charlotte";"Mecklenburg";"No";"01-01-02";2012-02-14;"Motorist Failed to Yield - Sign-Controlled Intersection";18;"Intersection";"01-02-01";1-01-01 18:54:58;"Motorist Drive Through - Sign-Controlled Intersection";NA;2012;"C: Possible Injury";"Commercial";"60-69";60;"No";"0-5 mph";"O: No Injury";"Black";"Female";"Passenger Car";"No";"No";"Dark - Roadway Not Lighted";"Urban (>70% Developed)";"2 lanes";2;"Straight - Level";"Local Street";"Dry";"Two-Way, Not Divided";NA;"T-Intersection";"Smooth Asphalt";"Piedmont";"Urban";"20 - 25  MPH";"Stop Sign";"Clear";"No";"35.27529, -80.8547"
"4699";47;48;"Yes";"40-49";49;"No";"Facing Traffic";"B: Evident Injury";"Sidewalk / Crosswalk / Driveway Crossing";"Black";"Male";"Gastonia";"Gaston";"No";"01-01-05";2012-02-03;"Motorist Failed to Yield - Signalized Intersection";9;"Intersection";"01-02-01";1-01-01 09:08:58;"Motorist Drive Out - Right Turn on Red";NA;2012;"B: Evident Injury";"Commercial";"25-29";26;"No";"0-5 mph";"O: No Injury";"Black";"Female";"Pickup";"No";"No";"Daylight";"Urban (>70% Developed)";"3 lanes";2;"Straight - Level";"Local Street";"Dry";"Two-Way, Not Divided";"None";"Four-Way Intersection";"Coarse Asphalt";"Piedmont";"Urban";"30 - 35  MPH";"Stop And Go Signal";"Clear";"No";"35.2607, -81.207"
"4700";49;50;"Yes";"20-24";23;"No";"With Traffic";"B: Evident Injury";"Travel Lane";"Black";"Male";"Whiteville";"Columbus";"No";"01-01-02";2012-02-07;"Motorist Overtaking Bicyclist";18;"Intersection-Related";"01-02-01";1-01-01 18:30:58;"Motorist Overtaking - Other /";NA;2012;"B: Evident Injury";"Commercial";"70";70;"No";"26-30 mph";"O: No Injury";"White";"Male";"Pickup";"No";"No";"Dark -  Lighting";"Urban (>70% Developed)";"5 lanes";2;"Straight - Level";"Local Street";"Dry";"Two-Way, Not Divided";"None";"No Special Feature";"Smooth Asphalt";"Coastal";"Urban";"40 - 45  MPH";"No Control Present";"Clear";"No";"34.33162, -78.7079"
"4701";20;21;"Yes";"50-59";52;"No";"With Traffic";"C: Possible Injury";"Travel Lane";"Black";"Male";"Washington";"Beaufort";"No";"01-01-06";2011-01-15;"Motorist Overtaking Bicyclist";18;"Non-Intersection";NA;1-01-01 18:07:58;"Motorist Overtaking - Misjudged Space";311232;2011;"C: Possible Injury";"Residential";"70+";NA;"No";"41-45 mph";"O: No Injury";"White";"Female";"Sport Utility";"No";"No";"Dark - Lighted Roadway";"Mixed (30% To 70% Developed)";"4 lanes";2;"Straight - Level";"Local Street";"Dry";"Two-Way, Not Divided";"None";"No Special Feature";"Smooth Asphalt";"Coastal";"Urban";"40 - 45  MPH";"No Control Present";"Clear";"No";"35.55909, -77.0433"
"4702";23;24;"Yes";"15-Nov";15;"No";"With Traffic";"B: Evident Injury";"Sidewalk / Crosswalk / Driveway Crossing";"White";"Male";"Matthews";"Mecklenburg";"No";"01-01-07";2011-01-30;"Bicyclist Failed to Yield - Signalized Intersection";19;"Intersection";NA;1-01-01 19:57:58;"Bicyclist Ride Out - Signalized  Intersection";131153;2011;"B: Evident Injury";"Residential";"50-59";54;"No";"31-35 mph";"O: No Injury";"White";"Male";"Pickup";"No";"No";"Dark - Lighted Roadway";"Urban (>70% Developed)";"3 lanes";2;"Straight - Level";"Local Street";"Dry";"Two-Way, Not Divided";"None";"No Special Feature";"Smooth Asphalt";"Piedmont";"Urban";"30 - 35  MPH";"Stop And Go Signal";"Clear";"No";"35.10814, -80.7292"
"4703";25;26;"Yes";"16-19";18;"No";"Facing Traffic";"C: Possible Injury";"Sidewalk / Crosswalk / Driveway Crossing";"White";"Male";"Charlotte";"Mecklenburg";"No";"01-01-03";2011-02-02;"Motorist Failed to Yield - Midblock";9;"Non-Intersection";"01-02-01";1-01-01 09:23:58;"Motorist Drive Out - Commercial Driveway / Alley";332322;2011;"C: Possible Injury";"Commercial";"40-49";47;"No";"0-5 mph";"O: No Injury";"Hispanic";"Male";"Sport Utility";"No";"No";"Daylight";"Urban (>70% Developed)";NA;2;"Straight - Level";"Public Vehicular Area";"Wet";"Two-Way, Not Divided";"None";"Driveway, Public";"Concrete";"Piedmont";"Urban";"20 - 25  MPH";"No Control Present";"Clear";"No";"35.20294, -80.7388"
"4704";39;40;"Yes";"40-49";48;"No";"With Traffic";"K: Killed";"Travel Lane";"Black";"Male";"Raleigh";"Wake";"No";"01-01-04";2011-01-20;"Bicyclist Failed to Yield - Sign-Controlled Intersection";12;"Intersection";NA;1-01-01 12:58:58;"Bicyclist Ride Through - Sign-Controlled Intersection";111144;2011;"K: Killed";"Commercial";"50-59";57;"No";"11-15 mph";"O: No Injury";"Black";"Female";"School Bus";"No";"No";"Daylight";"Mixed (30% To 70% Developed)";"4 lanes";2;"Straight - Grade";"Local Street";"Dry";"Two-Way, Divided, Unprotected Median";"None";"Driveway, Public";"Smooth Asphalt";"Piedmont";"Urban";"40 - 45  MPH";"Stop And Go Signal";"Clear";"No";"35.77443, -78.6215"
"4705";41;42;"Yes";"50-59";53;"No";"With Traffic";"B: Evident Injury";"Travel Lane";"White";"Male";"None - Rural Crash";"Nash";"No";"01-01-06";2011-02-19;"Motorist Overtaking Bicyclist";10;"Non-Intersection";"01-02-01";1-01-01 10:56:58;"Motorist Overtaking - Other /";311239;2011;"B: Evident Injury";"Farms, Woods, Pastures";"50-59";55;"No";"51-55 mph";"O: No Injury";"White";"Male";"Pickup";"No";"No";"Daylight";"Rural (<30% Developed)";"2 lanes";2;"Straight - Grade";"NC Route";"Dry";"Two-Way, Not Divided";"None";"No Special Feature";"Coarse Asphalt";"Coastal";"Rural";"50 - 55  MPH";"Double Yellow Line, No Passing Zone";"Clear";"No";"35.86028, -78.1347"
"4706";126;127;"No";"60-69";61;"No";"Facing Traffic";"C: Possible Injury";"Travel Lane";"White";"Male";"Concord";"Cabarrus";"No";"01-01-04";2011-03-31;"Motorist Failed to Yield - Sign-Controlled Intersection";16;"Intersection";"01-03-01";1-01-01 16:12:58;"Motorist Drive Out - Sign-Controlled Intersection";112141;2011;"C: Possible Injury";"Commercial";"60-69";64;"No";"0-5 mph";"O: No Injury";"White";"Male";"Passenger Car";"No";"No";"Daylight";"Urban (>70% Developed)";"2 lanes";2;"Straight - Level";"Local Street";"Dry";"Two-Way, Not Divided";"None";"No Special Feature";"Smooth Asphalt";"Piedmont";"Urban";"30 - 35  MPH";"Stop Sign";"Cloudy";"No";"35.43642, -80.6044"
"4707";127;128;"No";"16-19";19;"No";"Facing Traffic";"O: No Injury";"Sidewalk / Crosswalk / Driveway Crossing";"White";"Male";"Boone";"Watauga";"No";"01-01-04";2011-03-31;"Motorist Failed to Yield - Sign-Controlled Intersection";20;"Intersection";"01-03-01";1-01-01 20:25:58;"Motorist Drive Out - Sign-Controlled Intersection";132141;2011;"O: No Injury";"Commercial";"20-24";21;"No";"6-10 mph";"O: No Injury";"White";"Female";"Sport Utility";"No";"No";"Dark - Roadway Not Lighted";"Mixed (30% To 70% Developed)";"3 lanes";2;"Straight - Level";"Local Street";"Wet";"Two-Way, Not Divided";"None";"T-Intersection";"Smooth Asphalt";"Mountains";"Urban";"20 - 25  MPH";"Stop Sign";"Rain";"No";"36.20252, -81.6643"
"4708";133;134;"No";"15-Nov";11;"No";"With Traffic";"O: No Injury";"Sidewalk / Crosswalk / Driveway Crossing";"Black";"Male";"Cary";"Wake";"No";NA;2011-04-04;"Bicyclist Failed to Yield - Signalized Intersection";6;"Intersection";"01-04-01";1-01-01 06:29:58;"Bicyclist Ride Out - Signalized  Intersection";131153;2011;"O: No Injury";"Residential";NA;NA;"No";"16-20 mph";"Injury";"/Missing";NA;"Passenger Car";"No";"Yes";"Dawn";"Urban (>70% Developed)";"4 lanes";2;"Straight - Level";"State Secondary Route";"Dry";"Two-Way, Not Divided";"None";"Four-Way Intersection";"Smooth Asphalt";"Piedmont";"Urban";"30 - 35  MPH";"Stop And Go Signal";"Clear";"No";"35.79426, -78.7989"
"4709";142;143;"No";"0-5";4;"No";"Not Applicable";"C: Possible Injury";"Driveway / Alley";"Black";"Male";"Salisbury";"Rowan";"No";"01-01-07";2011-04-17;"Bicyclist Failed to Yield - Midblock";15;"Non-Intersection";"01-04-01";1-01-01 15:07:58;"Bicyclist Ride Out - Residential Driveway";353311;2011;"C: Possible Injury";"Residential";"30-39";39;"No";"26-30 mph";"O: No Injury";"White";"Female";"Passenger Car";"No";"No";"Daylight";"Urban (>70% Developed)";"2 lanes";2;"Straight - Level";"Local Street";"Dry";"Two-Way, Not Divided";"None";"No Special Feature";"Smooth Asphalt";"Piedmont";"Urban";"30 - 35  MPH";"No Control Present";"Clear";"No";"35.65965, -80.4925"
"4710";150;151;"Yes";"15-Nov";12;"No";"With Traffic";"C: Possible Injury";"Travel Lane";"White";"Female";"None - Rural Crash";"Onslow";"No";"01-01-03";2011-04-20;"Bicyclist Failed to Yield - Sign-Controlled Intersection";17;"Intersection";"01-04-01";1-01-01 17:24:58;"Bicyclist Ride Out - Sign-Controlled Intersection";111142;2011;"C: Possible Injury";"Residential";"30-39";32;"No";"31-35 mph";"O: No Injury";"White";"Female";"Passenger Car";"No";"No";"Daylight";"Urban (>70% Developed)";"2 lanes";2;"Straight - Level";"State Secondary Route";"Dry";"Two-Way, Not Divided";"None";"T-Intersection";"Smooth Asphalt";"Coastal";"Rural";"40 - 45  MPH";"Stop Sign";"Clear";"No";"34.74453, -77.4823"
"4711";155;156;"Yes";"15-Nov";15;"No";"With Traffic";"C: Possible Injury";"Travel Lane";"White";"Male";"None - Rural Crash";"Pasquotank";"No";"01-01-05";2011-04-22;"Bicyclist Left Turn / Merge";15;"Non-Intersection";"01-04-01";1-01-01 15:09:58;"Bicyclist Left Turn - Same Direction";311221;2011;"C: Possible Injury";"Residential";"30-39";32;"No";"6-10 mph";"O: No Injury";"Black";"Female";"Van";"No";"No";"Daylight";"Mixed (30% To 70% Developed)";"2 lanes";2;"Straight - Level";"State Secondary Route";"Dry";"Two-Way, Not Divided";"None";"No Special Feature";"Coarse Asphalt";"Coastal";"Rural";"20 - 25  MPH";"No Control Present";"Clear";"No";"36.33663, -76.2712"
"4712";162;163;"Yes";"40-49";49;"No";"Facing Traffic";"C: Possible Injury";"Travel Lane";"Black";"Male";"Dunn";"Harnett";"No";"01-01-06";2011-04-16;"Head-On";20;"Intersection";"01-04-01";1-01-01 20:29:58;"Head-On - Bicyclist";112250;2011;"C: Possible Injury";"Commercial";"20-24";21;"No";"0-5 mph";"O: No Injury";"White";"Female";"Sport Utility";"No";"No";"Dark - Roadway Not Lighted";"Urban (>70% Developed)";"2 lanes";2;"Straight - Level";"State Secondary Route";"Wet";"Two-Way, Not Divided";"None";"Four-Way Intersection";"Smooth Asphalt";"Coastal";"Urban";"30 - 35  MPH";"Stop Sign";"Clear";"No";"35.3045, -78.6062"
"4713";164;165;"Yes";"40-49";48;"No";"With Traffic";"B: Evident Injury";"Travel Lane";"White";"Male";"Charlotte";"Mecklenburg";"No";"01-01-02";2011-04-12;"Motorist Left Turn / Merge";19;"Intersection";"01-04-01";1-01-01 19:15:58;"Motorist Left Turn - Opposite Direction";111212;2011;"B: Evident Injury";"Residential";"25-29";26;"No";"41-45 mph";"O: No Injury";"Black";"Male";"Passenger Car";"No";"No";"Daylight";"Urban (>70% Developed)";"2 lanes";2;"Straight - Bottom";"Local Street";"Dry";"Two-Way, Not Divided";"None";"T-Intersection";"Smooth Asphalt";"Piedmont";"Urban";"40 - 45  MPH";"No Control Present";"Clear";"No";"35.15227, -80.9598"