"FID";"OBJECTID";"AmbulanceR";"BikeAge_Gr";"Bike_Age";"Bike_Alc_D";"Bike_Dir";"Bike_Injur";"Bike_Pos";"Bike_Race";"Bike_Sex";"City";"County";"CrashAlcoh";"CrashDay";"Crash_Date";"Crash_Grp";"Crash_Hour";"Crash_Loc";"Crash_Mont";"Crash_Time";"Crash_Type";"Crash_Ty_1";"Crash_Year";"Crsh_Sevri";"Developmen";"DrvrAge_Gr";"Drvr_Age";"Drvr_Alc_D";"Drvr_EstSp";"Drvr_Injur";"Drvr_Race";"Drvr_Sex";"Drvr_VehTy";"ExcsSpdInd";"Hit_Run";"Light_Cond";"Locality";"Num_Lanes";"Num_Units";"Rd_Charact";"Rd_Class";"Rd_Conditi";"Rd_Config";"Rd_Defects";"Rd_Feature";"Rd_Surface";"Region";"Rural_Urba";"Speed_Limi";"Traff_Cntr";"Weather";"Workzone_I";"Location"
"4751";443;444;"No";"15-Nov";14;"No";"With Traffic";"B: Evident Injury";"Travel Lane";"Native American";"Male";"Lumberton";"Robeson";"No";"01-01-07";2011-07-24;"Bicyclist Left Turn / Merge";19;"Intersection-Related";"01-07-01";1-01-01 19:03:58;"Bicyclist Left Turn - Opposite Direction";211222;2011;"B: Evident Injury";"Residential";"70+";NA;"No";"26-30 mph";"O: No Injury";"White";"Male";"Passenger Car";"No";"No";"Daylight";"Urban (>70% Developed)";"2 lanes";2;"Straight - Level";"Local Street";"Wet";"Two-Way, Not Divided";"None";"No Special Feature";"Coarse Asphalt";"Coastal";"Urban";"30 - 35  MPH";"No Control Present";"Rain";"No";"34.61149, -78.9754"
"4752";451;452;"Yes";"20-24";22;"No";"With Traffic";"A: Disabling Injury";"Travel Lane";"White";"Male";"Asheboro";"Randolph";"No";"01-01-07";2011-07-10;"Motorist Overtaking Bicyclist";20;"Non-Intersection";"01-07-01";1-01-01 20:39:58;"Motorist Overtaking - Other /";311239;2011;"A: Disabling Injury";"Residential";NA;NA;"Missing";NA;"Injury";"/Missing";NA;NA;"No";"Yes";"Dusk";"Urban (>70% Developed)";"2 lanes";2;"Straight - Grade";"US Route";"Water (Standing, Moving)";"Two-Way, Not Divided";"None";"No Special Feature";"Smooth Asphalt";"Piedmont";"Urban";"40 - 45  MPH";"No Control Present";"Clear";"No";"35.76329, -79.8065"
"4753";452;453;"Yes";"30-39";37;"No";"With Traffic";"C: Possible Injury";"Travel Lane";"White";"Male";"Boone";"Watauga";"No";"01-01-02";2011-07-12;"Other / Unusual Circumstances";23;"Non-Intersection";"01-07-01";1-01-01 23:46:58;"Bicycle Only";311400;2011;"Injury";"Commercial";NA;NA;"Missing";NA;"Injury";"/Missing";NA;NA;"No";"No";"Dark - Lighted Roadway";"Urban (>70% Developed)";"3 lanes";1;"Straight - Grade";"US Route";"Dry";"Two-Way, Not Divided";"None";"No Special Feature";"Smooth Asphalt";"Mountains";"Rural";NA;"Double Yellow Line, No Passing Zone";"Clear";"No";"36.21743, -81.6816"
"4754";453;454;"No";"15-Nov";12;"No";"Facing Traffic";"C: Possible Injury";"Travel Lane";"White";"Male";"None - Rural Crash";"New Hanover";"No";"01-01-02";2011-07-26;"Bicyclist Failed to Yield - Sign-Controlled Intersection";18;"Intersection";"01-07-01";1-01-01 18:00:58;"Bicyclist Ride Through - Sign-Controlled Intersection";112144;2011;"C: Possible Injury";"Residential";"50-59";57;"No";"16-20 mph";"O: No Injury";"White";"Male";"Pickup";"No";"No";"Daylight";"Urban (>70% Developed)";"2 lanes";2;"Straight - Level";"State Secondary Route";"Wet";"Two-Way, Not Divided";"None";"T-Intersection";"Smooth Asphalt";"Coastal";"Rural";"30 - 35  MPH";"Stop Sign";"Cloudy";"No";"34.31165, -77.8822"
"4755";460;461;"Yes";"20-24";20;"No";"With Traffic";"B: Evident Injury";"Travel Lane";"White";"Female";"Raleigh";"Wake";"No";"01-01-03";2011-07-27;"Loss of Control / Turning Error";23;"Intersection";"01-07-01";1-01-01 23:27:58;"Bicyclist Lost Control - Other /";111129;2011;"B: Evident Injury";"Residential";"30-39";33;"No";"31-35 mph";"O: No Injury";"White";"Male";"Passenger Car";"No";"No";"Dark - Roadway Not Lighted";"Mixed (30% To 70% Developed)";"2 lanes";2;"Straight - Grade";"Local Street";"Dry";"Two-Way, Not Divided";"None";"Four-Way Intersection";"Smooth Asphalt";"Piedmont";"Urban";"30 - 35  MPH";"Stop Sign";"Clear";"No";"35.8366, -78.6216"
"4756";473;474;"Yes";"16-19";16;"No";"Facing Traffic";"B: Evident Injury";"Travel Lane";"Black";"Male";"Fayetteville";"Cumberland";"No";"01-01-02";2011-07-26;"Motorist Right Turn / Merge";21;"Intersection";"01-07-01";1-01-01 21:27:58;"Motorist Right Turn - Opposite Direction";112214;2011;"B: Evident Injury";"Residential";"25-29";26;"No";"21-25 mph";"O: No Injury";"White";"Male";"Passenger Car";"No";"No";"Dark - Lighted Roadway";"Urban (>70% Developed)";"2 lanes";2;"Straight - Grade";"Local Street";"Dry";"Two-Way, Not Divided";"None";"Four-Way Intersection";"Coarse Asphalt";"Coastal";"Urban";"40 - 45  MPH";"Stop And Go Signal";"Clear";"No";"35.02572, -78.9423"
"4757";492;493;"Yes";"50-59";56;"No";"Facing Traffic";"C: Possible Injury";"Sidewalk / Crosswalk / Driveway Crossing";"Black";"Male";"High Point";"Guilford";"No";NA;2011-07-25;"Bicyclist Failed to Yield - Signalized Intersection";10;"Intersection";"01-07-01";1-01-01 10:43:58;"Bicyclist Ride Through - Signalized Intersection";132155;2011;"C: Possible Injury";"Commercial";"50-59";51;"No";"26-30 mph";"O: No Injury";"White";"Female";"Other Bus";"No";"No";"Daylight";"Urban (>70% Developed)";"4 lanes";2;"Straight - Level";"Local Street";"Dry";"Two-Way, Not Divided";"None";"Four-Way Intersection";"Coarse Asphalt";"Piedmont";"Urban";"30 - 35  MPH";"Stop And Go Signal";"Clear";"No";"35.9578, -80.0085"
"4758";498;499;"Yes";"20-24";21;"No";"Facing Traffic";"C: Possible Injury";"Sidewalk / Crosswalk / Driveway Crossing";"Hispanic";"Male";"Raleigh";"Wake";"No";NA;2011-08-01;"Motorist Failed to Yield - Sign-Controlled Intersection";14;"Intersection";"01-08-01";1-01-01 14:26:58;"Motorist Drive Out - Sign-Controlled Intersection";132141;2011;"C: Possible Injury";"Residential";"20-24";20;"No";"0-5 mph";"O: No Injury";"White";"Female";"Sport Utility";"No";"No";"Daylight";"Urban (>70% Developed)";"2 lanes";2;"Straight - Level";"Local Street";"Dry";"Two-Way, Not Divided";"None";"T-Intersection";"Smooth Asphalt";"Piedmont";"Urban";"30 - 35  MPH";"Stop Sign";"Clear";"No";"35.82435, -78.5692"
"4759";500;501;"Yes";"16-19";18;"No";"With Traffic";"B: Evident Injury";"Travel Lane";"Black";"Male";"Charlotte";"Mecklenburg";"No";"01-01-02";2011-07-26;"Bicyclist Left Turn / Merge";20;"Non-Intersection";"01-07-01";1-01-01 20:27:58;"Bicyclist Left Turn - Same Direction";311221;2011;"B: Evident Injury";"Residential";"40-49";40;"No";"31-35 mph";"O: No Injury";"Hispanic";"Female";"Passenger Car";"No";"No";"Dusk";"Urban (>70% Developed)";"2 lanes";2;"Straight - Level";"Local Street";"Dry";"Two-Way, Not Divided";"None";"No Special Feature";"Concrete";"Piedmont";"Urban";"30 - 35  MPH";"No Control Present";"Clear";"No";"35.2954, -80.8146"
"4760";501;502;"No";"16-19";16;"No";"Facing Traffic";"C: Possible Injury";"Sidewalk / Crosswalk / Driveway Crossing";"Black";"Male";"Chapel Hill";"Orange";"No";"01-01-02";2011-07-19;"Motorist Failed to Yield - Midblock";15;"Non-Intersection";"01-07-01";1-01-01 14:59:58;"Motorist Drive Out - Commercial Driveway / Alley";332322;2011;"C: Possible Injury";"Commercial";"0-19";19;"No";"0-5 mph";"O: No Injury";"White";"Female";"Passenger Car";"No";"No";"Daylight";"Urban (>70% Developed)";NA;2;"Straight - Level";"Public Vehicular Area";"Dry";"Two-Way, Not Divided";"None";"Driveway, Private";"Smooth Asphalt";"Piedmont";"Urban";"5 - 15 MPH";"No Control Present";"Clear";"No";"35.91188, -79.0587"
"4761";504;505;"No";"30-39";32;"No";"Not Applicable";"O: No Injury";"Travel Lane";"White";"Male";"Wilmington";"New Hanover";"No";"01-01-06";2011-07-09;"Bicyclist Failed to Yield - Midblock";21;"Non-Intersection";"01-07-01";1-01-01 21:43:58;"Bicyclist Ride Out - Other Midblock";313318;2011;"O: No Injury";"Commercial";"30-39";30;"No";"36-40 mph";"O: No Injury";"White";"Female";"Passenger Car";"No";"No";"Dark - Lighted Roadway";"Urban (>70% Developed)";NA;2;"Straight - Level";"Local Street";"Dry";NA;"None";"No Special Feature";"Coarse Asphalt";"Coastal";"Urban";"40 - 45  MPH";"No Control Present";"Clear";"No";"34.22013, -77.8162"
"4762";506;507;"Yes";"20-24";20;"Yes";"With Traffic";"B: Evident Injury";"Travel Lane";"White";"Male";"Charlotte";"Mecklenburg";"Yes";"01-01-03";2011-08-03;"Motorist Overtaking Bicyclist";2;"Non-Intersection";"01-08-01";1-01-01 02:15:58;"Motorist Overtaking - Other /";311239;2011;"B: Evident Injury";"Commercial";NA;NA;"Missing";"41-45 mph";"Injury";"/Missing";NA;NA;"No";"Yes";"Dark - Lighted Roadway";"Urban (>70% Developed)";"2 lanes";2;"Straight - Level";"Local Street";"Dry";"Two-Way, Divided, Unprotected Median";"None";"No Special Feature";"Smooth Asphalt";"Piedmont";"Urban";"40 - 45  MPH";"No Control Present";"Clear";"No";"35.26457, -80.9753"
"4763";510;511;"No";"60-69";63;"No";"Facing Traffic";"C: Possible Injury";"Travel Lane";"White";"Male";"Winston-Salem";"Forsyth";"No";"01-01-05";2011-07-15;"Motorist Failed to Yield - Midblock";16;"Non-Intersection";"01-07-01";1-01-01 16:16:58;"Motorist Drive Out - Commercial Driveway / Alley";312322;2011;"C: Possible Injury";"Commercial";"20-24";20;"No";"0-5 mph";"O: No Injury";"White";"Female";"Sport Utility";"No";"No";"Daylight";"Urban (>70% Developed)";"9 or more lanes";2;"Straight - Level";"State Secondary Route";"Dry";"Two-Way, Not Divided";"None";"Four-Way Intersection";"Smooth Asphalt";"Piedmont";"Urban";"30 - 35  MPH";"No Control Present";"Clear";"No";"36.09351, -80.2793"
"4764";518;519;"Yes";"16-19";19;"No";"With Traffic";"B: Evident Injury";"Travel Lane";"Black";"Male";"Charlotte";"Mecklenburg";"No";NA;2011-08-08;"Motorist Right Turn / Merge";14;"Intersection";"01-08-01";1-01-01 14:40:58;"Motorist Right Turn on Red - Same Direction";111217;2011;"B: Evident Injury";"Commercial";"40-49";49;"No";"6-10 mph";"O: No Injury";"Black";"Female";"Pickup";"No";"No";"Daylight";"Urban (>70% Developed)";"4 lanes";2;"Straight - Level";"Local Street";"Dry";"Two-Way, Not Divided";"None";"T-Intersection";"Smooth Asphalt";"Piedmont";"Urban";"30 - 35  MPH";"Stop And Go Signal";"Clear";"No";"35.24107, -80.7967"
"4765";520;521;"Yes";"15-Nov";12;"No";"With Traffic";"B: Evident Injury";"Travel Lane";"Black";"Male";"Raleigh";"Wake";"No";"01-01-07";2011-08-14;"Bicyclist Failed to Yield - Sign-Controlled Intersection";19;"Intersection";"01-08-01";1-01-01 19:34:58;"Bicyclist Ride Through - Sign-Controlled Intersection";111144;2011;"B: Evident Injury";"Residential";"25-29";26;"No";"11-15 mph";"O: No Injury";"Hispanic";"Male";"Passenger Car";"No";"Yes";"Daylight";"Urban (>70% Developed)";"2 lanes";2;"Straight - Grade";"Local Street";"Dry";"Two-Way, Not Divided";"None";"T-Intersection";"Coarse Asphalt";"Piedmont";"Urban";"20 - 25  MPH";"Stop Sign";"Clear";"No";"35.76883, -78.6022"
"4766";523;524;"Yes";"60-69";66;"No";"With Traffic";"B: Evident Injury";"Travel Lane";"White";"Male";"Wilmington";"New Hanover";"No";"01-01-06";2011-08-06;"Motorist Overtaking Bicyclist";16;"Non-Intersection";"01-08-01";1-01-01 16:21:58;"Motorist Overtaking - Bicyclist Swerved";311235;2011;"B: Evident Injury";"Residential";"50-59";56;"No";"21-25 mph";"O: No Injury";"White";"Male";"Passenger Car";"No";"No";"Daylight";"Rural (<30% Developed)";"2 lanes";3;"Straight - Level";"Local Street";"Dry";"Two-Way, Not Divided";"None";"No Special Feature";"Coarse Asphalt";"Coastal";"Urban";"20 - 25  MPH";"No Control Present";"Clear";"No";"34.23883, -77.9331"
"4767";529;530;"No";"20-24";23;"No";"With Traffic";"B: Evident Injury";"Travel Lane";"White";"Female";"None - Rural Crash";"Wake";"No";"01-01-03";2011-07-27;"Motorist Overtaking Bicyclist";22;"Non-Intersection";"01-07-01";1-01-01 22:17:58;"Motorist Overtaking - Other /";311239;2011;"B: Evident Injury";"Farms, Woods, Pastures";NA;NA;"Missing";"41-45 mph";"Injury";"/Missing";NA;"Passenger Car";"No";"Yes";"Dark - Roadway Not Lighted";"Rural (<30% Developed)";"2 lanes";2;"Straight - Grade";"State Secondary Route";"Dry";"Two-Way, Not Divided";"None";"No Special Feature";"Smooth Asphalt";"Piedmont";"Rural";"40 - 45  MPH";"Double Yellow Line, No Passing Zone";"Clear";"No";"35.97987, -78.5097"
"4768";536;537;"No";"0-5";3;"No";"Not Applicable";"O: No Injury";"Non-Roadway";"/Missing";NA;"Mount Airy";"Surry";"No";"01-01-06";2011-08-13;"Non-Roadway";14;"Non-Roadway";"01-08-01";1-01-01 14:58:58;"Non-Roadway";460910;2011;"O: No Injury";"Commercial";"60-69";66;"No";"6-10 mph";"O: No Injury";"Black";"Female";"Passenger Car";"No";"No";"Daylight";"Urban (>70% Developed)";NA;2;"Straight - Level";"Public Vehicular Area";"Dry";"Two-Way, Not Divided";"None";"Driveway, Public";"Smooth Asphalt";"Mountains";"Urban";NA;"No Control Present";"Clear";"No";"36.50566, -80.6021"
"4769";547;548;"Yes";"10-Jun";10;"No";"With Traffic";"B: Evident Injury";"Travel Lane";"Black";"Male";"Gastonia";"Gaston";"No";NA;2011-08-01;"Bicyclist Left Turn / Merge";14;"Non-Intersection";"01-08-01";1-01-01 14:24:58;"Bicyclist Left Turn - Opposite Direction";311222;2011;"B: Evident Injury";"Residential";"60-69";63;"No";"26-30 mph";"O: No Injury";"White";"Male";"Pickup";"No";"No";"Daylight";"Urban (>70% Developed)";"2 lanes";2;"Straight - Level";"State Secondary Route";"Dry";"Two-Way, Not Divided";"None";"No Special Feature";"Smooth Asphalt";"Piedmont";"Urban";"30 - 35  MPH";"No Control Present";"Clear";"No";"35.25142, -81.2231"
"4770";553;554;"Yes";"40-49";42;"No";"With Traffic";"C: Possible Injury";"Travel Lane";"White";"Female";"Durham";"Durham";"No";"01-01-05";2011-08-26;"Motorist Left Turn / Merge";11;"Intersection";"01-08-01";1-01-01 11:54:58;"Motorist Left Turn - Opposite Direction";111212;2011;"C: Possible Injury";"Residential";"0-19";19;"No";"16-20 mph";"O: No Injury";"Black";"Female";"Passenger Car";"No";"No";"Daylight";"Urban (>70% Developed)";"4 lanes";2;"Straight - Level";"NC Route";"Dry";"Two-Way, Not Divided";"None";"Four-Way Intersection";"Smooth Asphalt";"Piedmont";"Urban";"40 - 45  MPH";"Stop And Go Signal";"Clear";"No";"35.9055, -78.9173"
"4771";563;564;"Yes";"25-29";27;"No";"With Traffic";"B: Evident Injury";"Travel Lane";"White";"Female";"Charlotte";"Mecklenburg";"No";"01-01-02";2011-08-23;"Bicyclist Failed to Yield - Signalized Intersection";19;"Intersection";"01-08-01";1-01-01 19:32:58;"Bicyclist Ride Through - Signalized Intersection";111155;2011;"B: Evident Injury";"Commercial";"70+";NA;"No";"0-5 mph";"O: No Injury";"White";"Male";"Passenger Car";"No";"No";"Daylight";"Urban (>70% Developed)";"5 lanes";2;"Straight - Level";"Local Street";"Dry";"Two-Way, Divided, Unprotected Median";"None";"No Special Feature";"Smooth Asphalt";"Piedmont";"Urban";"30 - 35  MPH";"Stop And Go Signal";"Clear";"No";"35.20289, -80.836"
"4772";566;567;"Yes";"20-24";21;"No";"With Traffic";"B: Evident Injury";"Travel Lane";"White";"Female";"Raleigh";"Wake";"No";NA;2011-08-29;"Motorist Left Turn / Merge";12;"Intersection";"01-08-01";1-01-01 12:39:58;"Motorist Left Turn - Opposite Direction";111212;2011;"B: Evident Injury";"Commercial";"0-19";19;"No";"0-5 mph";"O: No Injury";"White";"Male";"Passenger Car";"No";"No";"Daylight";"Urban (>70% Developed)";"3 lanes";2;"Straight - Level";"Local Street";"Dry";"Two-Way, Not Divided";"None";"Four-Way Intersection";"Smooth Asphalt";"Piedmont";"Urban";"30 - 35  MPH";"Stop And Go Signal";"Clear";"No";"35.78888, -78.6732"
"4773";582;583;"No";"10-Jun";8;"No";"Not Applicable";"O: No Injury";"Non-Roadway";"Black";"Male";"Holly Springs";"Wake";"No";"01-01-03";2011-08-31;"Non-Roadway";17;"Non-Roadway";"01-08-01";1-01-01 17:46:58;"Non-Roadway";460910;2011;"O: No Injury";"Commercial";"30-39";33;"No";"6-10 mph";"O: No Injury";"Black";"Female";"Passenger Car";"No";"No";"Daylight";"Urban (>70% Developed)";"2 lanes";2;"Straight - Level";"Public Vehicular Area";"Dry";"Two-Way, Not Divided";"None";"No Special Feature";"Smooth Asphalt";"Piedmont";"Urban";"20 - 25  MPH";"No Control Present";"Clear";"No";"35.65971, -78.8066"
"4774";584;585;"No";"40-49";45;"No";"With Traffic";"C: Possible Injury";"Travel Lane";"White";"Male";"Burlington";"Alamance";"No";NA;2011-08-29;"Motorist Left Turn / Merge";19;"Non-Intersection";"01-08-01";1-01-01 19:57:58;"Motorist Left Turn - Opposite Direction";311212;2011;"C: Possible Injury";"Commercial";"70+";NA;"No";"0-5 mph";"O: No Injury";"Black";"Male";"Passenger Car";"No";"No";"Dark - Lighted Roadway";"Urban (>70% Developed)";"3 lanes";2;"Straight - Level";"Local Street";"Dry";"Two-Way, Not Divided";"None";"No Special Feature";"Smooth Asphalt";"Piedmont";"Urban";"30 - 35  MPH";"No Control Present";"Cloudy";"No";"36.09749, -79.4141"
"4775";594;595;"Yes";"20-24";20;"No";"Facing Traffic";"C: Possible Injury";"Sidewalk / Crosswalk / Driveway Crossing";"Black";"Female";"Raleigh";"Wake";"No";"01-01-02";2011-08-30;"Motorist Failed to Yield - Midblock";21;"Non-Intersection";"01-08-01";1-01-01 21:30:58;"Motorist Drive Out - Commercial Driveway / Alley";332322;2011;"C: Possible Injury";"Residential";"50-59";54;"No";"31-35 mph";"O: No Injury";"Black";"Male";"Passenger Car";"No";"No";"Dark - Roadway Not Lighted";"Mixed (30% To 70% Developed)";"2 lanes";2;"Straight - Level";"Local Street";"Dry";"Two-Way, Not Divided";"None";"No Special Feature";"Smooth Asphalt";"Piedmont";"Urban";"40 - 45  MPH";"No Control Present";"Clear";"Yes";"35.73328, -78.5752"
"4776";600;601;"No";"15-Nov";13;"No";"Not Applicable";"B: Evident Injury";"Non-Roadway";"Black";"Male";"Charlotte";"Mecklenburg";"No";"01-01-05";2011-09-02;"Non-Roadway";18;"Non-Roadway";"01-09-01";1-01-01 18:18:58;"Non-Roadway";460910;2011;"B: Evident Injury";"Commercial";"20-24";20;"No";"11-15 mph";"O: No Injury";"Black";"Female";"Passenger Car";"No";"No";"Daylight";"Urban (>70% Developed)";NA;2;"Straight - Level";"Public Vehicular Area";"Dry";"Two-Way, Not Divided";"None";"No Special Feature";"Smooth Asphalt";"Piedmont";"Urban";"30 - 35  MPH";"Stop Sign";"Clear";"No";"35.31035, -80.7523"
"4777";602;603;"No";"50-59";58;"No";"With Traffic";"C: Possible Injury";"Travel Lane";"Black";"Male";"None - Rural Crash";"Durham";"No";"01-01-07";2011-08-28;"Motorist Overtaking Bicyclist";11;"Non-Intersection";"01-08-01";1-01-01 11:04:58;"Motorist Overtaking - Misjudged Space";311232;2011;"C: Possible Injury";"Residential";NA;NA;"No";"21-25 mph";"Injury";"/Missing";NA;"Single Unit Truck (2-Axle, 6-Tire)";"No";"Yes";"Daylight";"Mixed (30% To 70% Developed)";"2 lanes";2;"Straight - Grade";"State Secondary Route";"Dry";"Two-Way, Not Divided";"None";"Driveway, Private";"Smooth Asphalt";"Piedmont";"Rural";"30 - 35  MPH";"Double Yellow Line, No Passing Zone";"Clear";"No";"35.95124, -78.8474"
"4778";610;611;"Yes";"16-19";18;"No";"With Traffic";"B: Evident Injury";"Travel Lane";"White";"Male";"None - Rural Crash";"Lenoir";"No";"01-01-04";2011-09-08;"Bicyclist Left Turn / Merge";12;"Non-Intersection";"01-09-01";1-01-01 12:25:58;"Bicyclist Left Turn - Same Direction";311221;2011;"B: Evident Injury";"Residential";"25-29";25;"No";"41-45 mph";"O: No Injury";"Hispanic";"Male";"Pickup";"No";"No";"Daylight";"Rural (<30% Developed)";"2 lanes";2;"Curve - Level";"NC Route";"Dry";"Two-Way, Not Divided";"None";"No Special Feature";"Coarse Asphalt";"Coastal";"Rural";"50 - 55  MPH";"Double Yellow Line, No Passing Zone";"Clear";"No";"35.18867, -77.8111"
"4779";611;612;"Yes";"16-19";16;"No";"With Traffic";"B: Evident Injury";"Travel Lane";"Black";"Male";"None - Rural Crash";"Pitt";"No";"01-01-07";2011-09-11;"Motorist Overtaking Bicyclist";16;"Non-Intersection";"01-09-01";1-01-01 16:38:58;"Motorist Overtaking - Misjudged Space";311232;2011;"B: Evident Injury";"Residential";"0-19";19;"No";"46-50 mph";"O: No Injury";"Black";"Female";"Passenger Car";"No";"No";"Daylight";"Rural (<30% Developed)";"2 lanes";2;"Straight - Level";"State Secondary Route";"Dry";"Two-Way, Not Divided";"None";"No Special Feature";"Coarse Asphalt";"Coastal";"Rural";"50 - 55  MPH";"Double Yellow Line, No Passing Zone";"Clear";"No";"35.66015, -77.4315"
"4780";619;620;"Yes";"50-59";52;"No";"With Traffic";"B: Evident Injury";"Travel Lane";"Black";"Male";"Wendell";"Wake";"No";"01-01-03";2011-09-14;"Bicyclist Right Turn / Merge";12;"Intersection";"01-09-01";1-01-01 12:24:58;"Bicyclist Right Turn - Same Direction";111223;2011;"B: Evident Injury";"Residential";"50-59";54;"No";"31-35 mph";"O: No Injury";"White";"Female";"Passenger Car";"No";"No";"Daylight";"Urban (>70% Developed)";"2 lanes";2;"Straight - Level";"Local Street";"Dry";"Two-Way, Not Divided";"None";"T-Intersection";"Coarse Asphalt";"Piedmont";"Urban";"30 - 35  MPH";"Stop Sign";"Clear";"No";"35.77811, -78.362"
"4781";709;710;"No";"16-19";16;"No";"Facing Traffic";"C: Possible Injury";"Sidewalk / Crosswalk / Driveway Crossing";"Black";"Male";"Charlotte";"Mecklenburg";"No";"01-01-05";2011-10-07;"Motorist Failed to Yield - Midblock";21;"Non-Intersection";"01-10-01";1-01-01 20:59:58;"Motorist Drive Out - Commercial Driveway / Alley";332322;2011;"C: Possible Injury";"Residential";NA;NA;"Missing";"6-10 mph";"Injury";"/Missing";NA;NA;"No";"Yes";"Dark -  Lighting";"Urban (>70% Developed)";"2 lanes";2;"Straight - Grade";"Local Street";"Dry";"Two-Way, Not Divided";"None";"Driveway, Public";"Concrete";"Piedmont";"Urban";"5 - 15 MPH";"No Control Present";"Clear";"No";"35.25238, -80.7803"
"4782";716;717;"Yes";"30-39";39;"No";"With Traffic";"B: Evident Injury";"Sidewalk / Crosswalk / Driveway Crossing";"White";"Male";"Cary";"Wake";"No";NA;2011-10-10;"Parallel Paths - Other Circumstances";13;"Non-Intersection";"01-10-01";1-01-01 13:40:58;"Bicyclist Ride Out - Parallel Path";331225;2011;"B: Evident Injury";"Residential";"40-49";40;"No";"31-35 mph";"O: No Injury";"White";"Female";"Passenger Car";"No";"No";"Daylight";"Urban (>70% Developed)";"4 lanes";2;"Straight - Grade";"State Secondary Route";"Dry";"Two-Way, Not Divided";"None";"No Special Feature";"Coarse Asphalt";"Piedmont";"Urban";"30 - 35  MPH";"No Control Present";"Cloudy";"No";"35.7666, -78.7731"
"4783";720;721;"Yes";"15-Nov";14;"No";"Facing Traffic";"C: Possible Injury";"Sidewalk / Crosswalk / Driveway Crossing";"Black";"Male";"Raleigh";"Wake";"No";"01-01-04";2011-10-20;"Motorist Failed to Yield - Sign-Controlled Intersection";18;"Intersection";"01-10-01";1-01-01 18:50:58;"Motorist Drive Out - Sign-Controlled Intersection";132141;2011;"C: Possible Injury";"Commercial";"0-19";19;"No";"0-5 mph";"O: No Injury";"White";"Female";"Passenger Car";"No";"No";"Dark - Lighted Roadway";"Mixed (30% To 70% Developed)";"2 lanes";2;"Straight - Level";"Public Vehicular Area";"Dry";"Two-Way, Not Divided";"None";"Driveway, Private";"Smooth Asphalt";"Piedmont";"Urban";"20 - 25  MPH";"Stop Sign";"Clear";"No";"35.78467, -78.688"
"4784";725;726;"No";"25-29";26;"No";"With Traffic";"C: Possible Injury";"Travel Lane";"White";"Male";"Raleigh";"Wake";"No";"01-01-06";2011-10-22;"Motorist Left Turn / Merge";17;"Non-Intersection";"01-10-01";1-01-01 17:22:58;"Motorist Left Turn - Same Direction";311211;2011;"C: Possible Injury";"Residential";NA;NA;"Missing";"0-5 mph";"Injury";"/Missing";NA;"Commercial Bus";"No";"Yes";"Daylight";"Urban (>70% Developed)";"5 lanes";2;"Straight - Level";"Local Street";"Dry";"Two-Way, Not Divided";"None";"No Special Feature";"Smooth Asphalt";"Piedmont";"Urban";"30 - 35  MPH";"No Control Present";"Clear";"No";"35.78572, -78.6613"
"4785";727;728;"Yes";"20-24";20;"Yes";"Not Applicable";"B: Evident Injury";"Travel Lane";"White";"Male";"None - Rural Crash";"New Hanover";"Yes";"01-01-06";2011-10-22;"Bicyclist Failed to Yield - Midblock";5;"Non-Intersection";"01-10-01";1-01-01 05:44:58;"Bicyclist Ride Out - Commercial Driveway / Alley";313312;2011;"B: Evident Injury";"Residential";"40-49";48;"No";"51-55 mph";"O: No Injury";"White";"Female";"Passenger Car";"No";"No";"Dark - Roadway Not Lighted";"Urban (>70% Developed)";"5 lanes";2;"Straight - Grade";"US Route";"Dry";"Two-Way, Divided, Unprotected Median";"None";"Related To Intersection";"Coarse Asphalt";"Coastal";"Rural";"50 - 55  MPH";"No Control Present";"Cloudy";"No";"34.26826, -77.869"
"4786";728;729;"Yes";"40-49";40;"No";"Facing Traffic";"B: Evident Injury";"Travel Lane";"White";"Female";"Goldsboro";"Wayne";"No";"01-01-04";2011-10-13;"Motorist Failed to Yield - Sign-Controlled Intersection";17;"Intersection";"01-10-01";1-01-01 17:34:58;"Motorist Drive Out - Sign-Controlled Intersection";112141;2011;"B: Evident Injury";"Residential";"30-39";32;"No";"0-5 mph";"O: No Injury";"White";"Male";"Passenger Car";"No";"No";"Daylight";"Urban (>70% Developed)";"3 lanes";2;"Straight - Level";"Local Street";"Dry";"Two-Way, Not Divided";"None";"No Special Feature";"Smooth Asphalt";"Coastal";"Urban";"30 - 35  MPH";"Stop Sign";"Clear";"No";"35.3893, -77.9222"
"4787";733;734;"Yes";"20-24";21;"No";"Facing Traffic";"C: Possible Injury";"Sidewalk / Crosswalk / Driveway Crossing";"White";"Male";"Jacksonville";"Onslow";"No";"01-01-04";2011-10-06;"Motorist Failed to Yield - Midblock";16;"Non-Intersection";"01-10-01";1-01-01 16:09:58;"Motorist Drive Out - Commercial Driveway / Alley";332322;2011;"C: Possible Injury";"Commercial";"50-59";51;"No";"0-5 mph";"O: No Injury";"White";"Male";"Passenger Car";"No";"No";"Daylight";"Urban (>70% Developed)";NA;2;"Straight - Level";"Public Vehicular Area";"Dry";"Two-Way, Not Divided";"None";"Driveway, Private";"Smooth Asphalt";"Coastal";"Urban";NA;"No Control Present";"Clear";"No";"34.75181, -77.4444"