"FID";"OBJECTID";"AmbulanceR";"BikeAge_Gr";"Bike_Age";"Bike_Alc_D";"Bike_Dir";"Bike_Injur";"Bike_Pos";"Bike_Race";"Bike_Sex";"City";"County";"CrashAlcoh";"CrashDay";"Crash_Date";"Crash_Grp";"Crash_Hour";"Crash_Loc";"Crash_Mont";"Crash_Time";"Crash_Type";"Crash_Ty_1";"Crash_Year";"Crsh_Sevri";"Developmen";"DrvrAge_Gr";"Drvr_Age";"Drvr_Alc_D";"Drvr_EstSp";"Drvr_Injur";"Drvr_Race";"Drvr_Sex";"Drvr_VehTy";"ExcsSpdInd";"Hit_Run";"Light_Cond";"Locality";"Num_Lanes";"Num_Units";"Rd_Charact";"Rd_Class";"Rd_Conditi";"Rd_Config";"Rd_Defects";"Rd_Feature";"Rd_Surface";"Region";"Rural_Urba";"Speed_Limi";"Traff_Cntr";"Weather";"Workzone_I";"Location"
"4788";735;736;"No";"60-69";61;"No";"Not Applicable";"O: No Injury";"Travel Lane";"Black";"Male";"Rocky Mount";"Edgecombe";"No";"01-01-03";2011-09-28;"Parallel Paths - Other Circumstances";11;"Non-Intersection";"01-09-01";1-01-01 11:58:58;"Bicyclist Ride Out - Parallel Path";313225;2011;"O: No Injury";"Residential";"20-24";24;"No";"6-10 mph";"O: No Injury";"Black";"Male";"Sport Utility";"No";"No";"Daylight";"Urban (>70% Developed)";"2 lanes";2;"Straight - Level";"Local Street";"Dry";"Two-Way, Not Divided";"None";"Four-Way Intersection";"Smooth Asphalt";"Coastal";"Urban";"30 - 35  MPH";"Stop Sign";"Clear";"No";"35.95023, -77.7854"
"4789";736;737;"No";"70+";NA;"No";"Facing Traffic";"C: Possible Injury";"Travel Lane";"Black";"Male";"Rocky Mount";"Edgecombe";"No";NA;2011-10-17;"Motorist Failed to Yield - Sign-Controlled Intersection";13;"Intersection";"01-10-01";1-01-01 13:24:58;"Motorist Drive Out - Sign-Controlled Intersection";112141;2011;"C: Possible Injury";"Residential";"25-29";27;"No";"31-35 mph";"O: No Injury";"White";"Male";"Pickup";"No";"No";"Daylight";"Urban (>70% Developed)";"2 lanes";2;"Straight - Level";"Local Street";"Dry";"Two-Way, Not Divided";"None";"No Special Feature";"Coarse Asphalt";"Coastal";"Urban";"30 - 35  MPH";"Stop Sign";"Clear";"No";"35.94099, -77.7877"
"4790";737;738;"No";"20-24";22;"No";"With Traffic";"B: Evident Injury";"Travel Lane";"White";"Female";"Charlotte";"Mecklenburg";"No";"01-01-02";2011-10-18;"Motorist Overtaking Bicyclist";4;"Non-Intersection";"01-10-01";1-01-01 04:47:58;"Motorist Overtaking - Other /";311239;2011;"B: Evident Injury";"Residential";NA;NA;"Missing";"21-25 mph";"Injury";"/Missing";NA;NA;"No";"Yes";"Daylight";"Urban (>70% Developed)";"5 lanes";2;"Straight - Level";"Local Street";"Dry";"Two-Way, Divided, Positive Median Barrier";"None";"No Special Feature";"Smooth Asphalt";"Piedmont";"Urban";"40 - 45  MPH";"No Control Present";"Clear";"No";"35.11277, -80.8572"
"4791";743;744;"No";"50-59";56;"No";"With Traffic";"Injury";"Travel Lane";"/Missing";"Female";"Columbia";"Tyrrell";"No";"01-01-04";2011-10-06;"Motorist Overtaking Bicyclist";18;"Non-Intersection";"01-10-01";1-01-01 18:07:58;"Motorist Overtaking - Bicyclist Swerved";311235;2011;"O: No Injury";"Residential";"0-19";18;"No";"21-25 mph";"O: No Injury";"Black";"Male";"Passenger Car";"No";"No";"Daylight";"Urban (>70% Developed)";"1 lane";2;"Straight - Level";"Local Street";"Dry";"Two-Way, Not Divided";"None";"No Special Feature";"Smooth Asphalt";"Coastal";"Rural";"30 - 35  MPH";"No Control Present";"Clear";"No";"35.91603, -76.2498"
"4792";747;748;"Yes";"50-59";51;"No";"With Traffic";"B: Evident Injury";"Travel Lane";"White";"Male";"Raleigh";"Wake";"No";"01-01-07";2011-10-16;"Motorist Left Turn / Merge";7;"Non-Intersection";"01-10-01";1-01-01 07:36:58;"Motorist Left Turn - Opposite Direction";311212;2011;"B: Evident Injury";"Institutional";"20-24";21;"No";"6-10 mph";"O: No Injury";"White";"Female";"Passenger Car";"No";"No";"Dawn";"Urban (>70% Developed)";"2 lanes";2;"Straight - Level";"Local Street";"Dry";"Two-Way, Not Divided";"None";"Driveway, Public";"Coarse Asphalt";"Piedmont";"Urban";"20 - 25  MPH";"No Control Present";"Clear";"No";"35.78515, -78.6756"
"4793";752;753;"Yes";"16-19";17;"No";"With Traffic";"C: Possible Injury";"Travel Lane";"White";"Male";"None - Rural Crash";"Yadkin";"No";NA;2011-10-31;"Motorist Overtaking Bicyclist";22;"Non-Intersection";"01-10-01";1-01-01 22:27:58;"Motorist Overtaking - Undetected Bicyclist";311231;2011;"C: Possible Injury";"Farms, Woods, Pastures";"0-19";18;"No";"46-50 mph";"O: No Injury";"White";"Female";"Passenger Car";"No";"No";"Dark - Roadway Not Lighted";"Rural (<30% Developed)";"2 lanes";2;"Straight - Level";"State Secondary Route";"Dry";"Two-Way, Not Divided";"None";"No Special Feature";"Coarse Asphalt";"Mountains";"Rural";"50 - 55  MPH";"No Control Present";"Clear";"No";"36.20137, -80.5035"
"4794";758;759;"No";"50-59";59;"No";"With Traffic";"B: Evident Injury";"Sidewalk / Crosswalk / Driveway Crossing";"White";"Male";"Wilmington";"New Hanover";"No";"01-01-07";2011-10-16;"Bicyclist Failed to Yield - Signalized Intersection";10;"Intersection";"01-10-01";1-01-01 10:57:58;"Bicyclist Ride Out - Signalized  Intersection";131153;2011;"B: Evident Injury";"Commercial";"30-39";32;"No";"31-35 mph";"O: No Injury";"White";"Male";"Single Unit Truck (2-Axle, 6-Tire)";"No";"No";"Daylight";"Urban (>70% Developed)";"9 or more lanes";2;"Straight - Level";"Local Street";"Dry";"Two-Way, Divided, Unprotected Median";"None";"No Special Feature";"Coarse Asphalt";"Coastal";"Urban";"30 - 35  MPH";"Stop And Go Signal";"Clear";"No";"34.24819, -77.9476"
"4795";763;764;"Yes";"15-Nov";14;"No";"Facing Traffic";"B: Evident Injury";"Travel Lane";"Hispanic";"Male";"None - Rural Crash";"Beaufort";"No";"01-01-02";2011-10-11;"Bicyclist Right Turn / Merge";17;"Non-Intersection";"01-10-01";1-01-01 17:12:58;"Bicyclist Right Turn - Same Direction";312223;2011;"B: Evident Injury";"Residential";"20-24";20;"No";"41-45 mph";"O: No Injury";"Black";"Female";"Passenger Car";"No";"No";"Daylight";"Urban (>70% Developed)";"2 lanes";2;"Straight - Level";"State Secondary Route";"Dry";"Two-Way, Not Divided";"None";"No Special Feature";"Coarse Asphalt";"Coastal";"Rural";"40 - 45  MPH";"Double Yellow Line, No Passing Zone";"Clear";"No";"35.52382, -77.0096"
"4796";769;770;"Yes";"20-24";21;"No";"Facing Traffic";"B: Evident Injury";"Sidewalk / Crosswalk / Driveway Crossing";"White";"Male";"Raleigh";"Wake";"No";"01-01-05";2011-11-04;"Motorist Failed to Yield - Sign-Controlled Intersection";16;"Intersection";"01-11-01";1-01-01 16:33:58;"Motorist Drive Out - Sign-Controlled Intersection";132141;2011;"B: Evident Injury";"Commercial";"30-39";38;"No";"0-5 mph";"O: No Injury";"Other";"Female";"Sport Utility";"No";"No";"Daylight";"Urban (>70% Developed)";"2 lanes";2;"Straight - Grade";"Local Street";"Wet";"Two-Way, Not Divided";"Road Surface Condition";"T-Intersection";"Smooth Asphalt";"Piedmont";"Urban";"20 - 25  MPH";"Stop Sign";"Cloudy";"No";"35.7721, -78.6386"
"4797";771;772;"No";"50-59";56;"No";"With Traffic";"B: Evident Injury";"Bike Lane / Paved Shoulder";"White";"Male";"Wilmington";"New Hanover";"No";"01-01-07";2011-10-23;"Loss of Control / Turning Error";2;"Non-Intersection";"01-10-01";1-01-01 02:29:58;"Motorist Lost Control - Other /";321139;2011;"B: Evident Injury";"Residential";NA;NA;"Missing";"51-55 mph";"Injury";"/Missing";NA;NA;"No";"Yes";"Dark - Roadway Not Lighted";"Mixed (30% To 70% Developed)";"6 lanes";2;"Straight - Level";"US Route";"Dry";"Two-Way, Divided, Unprotected Median";"None";"No Special Feature";"Smooth Asphalt";"Coastal";"Urban";"50 - 55  MPH";"No Control Present";"Clear";"No";"34.25471, -77.8793"
"4798";772;773;"No";"16-19";16;"No";"With Traffic";"C: Possible Injury";"Sidewalk / Crosswalk / Driveway Crossing";"Black";"Female";"Charlotte";"Mecklenburg";"No";"01-01-05";2011-10-07;"Crossing Paths - Other Circumstances";18;"Intersection";"01-10-01";1-01-01 18:29:58;"Signalized Intersection - Other /";131158;2011;"C: Possible Injury";"Residential";"0-19";19;"No";"16-20 mph";"O: No Injury";"Black";"Male";"Passenger Car";"No";"No";"Daylight";"Urban (>70% Developed)";"2 lanes";2;"Straight - Level";"Local Street";"Dry";"Two-Way, Divided, Unprotected Median";"None";"No Special Feature";"Smooth Asphalt";"Piedmont";"Urban";"30 - 35  MPH";"Stop And Go Signal";"Clear";"No";"35.23805, -80.8753"
"4799";785;786;"No";"25-29";26;"No";"With Traffic";"C: Possible Injury";"Travel Lane";"White";"Male";"Asheville";"Buncombe";"No";"01-01-04";2011-10-27;"Motorist Failed to Yield - Signalized Intersection";13;"Intersection";"01-10-01";1-01-01 13:29:58;"Motorist Drive Out - Signalized Intersection";111152;2011;"C: Possible Injury";"Commercial";NA;NA;"Missing";"11-15 mph";"Injury";"/Missing";NA;NA;"No";"Yes";"Daylight";"Urban (>70% Developed)";"4 lanes";2;"Straight - Grade";"US Route";"Dry";"Two-Way, Not Divided";"None";"No Special Feature";"Smooth Asphalt";"Mountains";"Urban";"20 - 25  MPH";"Double Yellow Line, No Passing Zone";"Clear";"Yes";"35.59311, -82.5513"
"4800";787;788;"Yes";"60-69";65;"No";"With Traffic";"C: Possible Injury";"Travel Lane";"White";"Male";"None - Rural Crash";"Randolph";"No";"01-01-06";2011-11-12;"Motorist Overtaking Bicyclist";14;"Intersection-Related";"01-11-01";1-01-01 14:43:58;"Motorist Overtaking - Misjudged Space";211232;2011;"C: Possible Injury";"Commercial";NA;NA;"No";"31-35 mph";"Injury";"/Missing";NA;"Passenger Car";"No";"Yes";"Daylight";"Urban (>70% Developed)";"3 lanes";2;"Straight - Level";"US Route";"Dry";"Two-Way, Not Divided";"None";"T-Intersection";"Smooth Asphalt";"Piedmont";"Rural";"40 - 45  MPH";"Stop And Go Signal";"Clear";"No";"35.66957, -79.8217"
"4801";974;975;"Yes";"20-24";24;"No";"With Traffic";"B: Evident Injury";"Travel Lane";"White";"Female";"Charlotte";"Mecklenburg";"No";"01-01-04";2008-10-16;"Bicyclist Overtaking Motorist";11;"Intersection";"01-10-01";1-01-01 11:54:58;"Bicyclist Overtaking - Other /";111249;2008;"B: Evident Injury";"Commercial";"30-39";31;"No";"0-5 mph";"O: No Injury";"Hispanic";"Male";"Sport Utility";"No";"No";"Daylight";"Urban (>70% Developed)";"4 lanes";2;"Straight - Level";"Local Street";"Dry";"Two-Way, Divided, Positive Median Barrier";"None";"T-Intersection";"Concrete";"Piedmont";"Urban";"30 - 35  MPH";"Flashing Signal Without Stop Sign";"Clear";"No";"0.0, 0.0"
"4802";989;990;"No";"15-Nov";13;"No";"Facing Traffic";"C: Possible Injury";"Travel Lane";"Hispanic";"Male";"None - Rural Crash";"Catawba";"No";"01-01-03";2008-12-31;"Bicyclist Right Turn / Merge";17;"Non-Intersection";"01-12-01";1-01-01 17:38:58;"Bicyclist Right Turn - Same Direction";312223;2008;"C: Possible Injury";"Residential";"0-19";19;"No";"16-20 mph";"O: No Injury";"White";"Female";"Passenger Car";"No";"No";"Dusk";"Mixed (30% To 70% Developed)";"2 lanes";2;"Straight - Level";"State Secondary Route";"Dry";"Two-Way, Not Divided";"None";"No Special Feature";"Smooth Asphalt";"Piedmont";"Rural";"30 - 35  MPH";"No Control Present";"Clear";"No";"0.0, 0.0"
"4803";991;992;"Yes";"15-Nov";14;"No";"Not Applicable";"B: Evident Injury";"Bike Lane / Paved Shoulder";"Black";"Male";"Raleigh";"Wake";"No";NA;2008-11-24;"Bicyclist Failed to Yield - Midblock";17;"Non-Intersection";"01-11-01";1-01-01 17:21:58;"Bicyclist Ride Out - Midblock -";323319;2008;"B: Evident Injury";"Commercial";"50-59";51;"No";"16-20 mph";"O: No Injury";"White";"Male";"Passenger Car";"No";"No";"Dusk";"Urban (>70% Developed)";"2 lanes";2;"Straight - Level";"Local Street";"Dry";"Two-Way, Not Divided";"None";"No Special Feature";"Coarse Asphalt";"Piedmont";"Urban";"30 - 35  MPH";"Missing";"Clear";"No";"0.0, 0.0"
"4804";992;993;"No";"10-Jun";8;"No";"With Traffic";"C: Possible Injury";"Travel Lane";"White";"Male";"Raleigh";"Wake";"No";"01-01-02";2008-10-21;"Motorist Overtaking Bicyclist";17;"Non-Intersection";"01-10-01";1-01-01 17:34:58;"Motorist Overtaking - Other /";311239;2008;"C: Possible Injury";"Residential";NA;NA;"Missing";"6-10 mph";"Injury";"/Missing";NA;NA;"No";"Yes";"Daylight";"Urban (>70% Developed)";"2 lanes";2;"Straight - Grade";"Local Street";"Dry";"Two-Way, Not Divided";"None";"No Special Feature";"Smooth Asphalt";"Piedmont";"Urban";"20 - 25  MPH";"Missing";"Clear";"No";"0.0, 0.0"
"4805";995;996;"Yes";"40-49";49;"Yes";"Not Applicable";"B: Evident Injury";NA;"Black";"Male";"Greensboro";"Guilford";"Yes";"01-01-04";2008-12-25;"Bicyclist Failed to Yield - Midblock";18;"Non-Intersection";"01-12-01";1-01-01 18:45:58;"Bicyclist Ride Out - Midblock -";393319;2008;"B: Evident Injury";"Residential";"50-59";56;"No";"26-30 mph";"O: No Injury";"Black";"Male";"Passenger Car";"No";"No";"Dark - Roadway Not Lighted";"Mixed (30% To 70% Developed)";"2 lanes";2;"Straight - Bottom";"Local Street";"Dry";"Two-Way, Not Divided";"None";"Bridge Approach";"Smooth Asphalt";"Piedmont";"Urban";"30 - 35  MPH";"Missing";"Clear";"No";"0.0, 0.0"
"4806";511;512;"Yes";"50-59";50;"No";"With Traffic";"C: Possible Injury";"Travel Lane";"Black";"Male";"Kinston";"Lenoir";"No";"01-01-02";2008-08-12;"Motorist Overtaking Bicyclist";6;"Non-Intersection";"01-08-01";1-01-01 06:46:58;"Motorist Overtaking - Undetected Bicyclist";311231;2008;"C: Possible Injury";"Commercial";"20-24";21;"No";"46-50 mph";"O: No Injury";"White";"Male";"Passenger Car";"No";"No";"Daylight";"Urban (>70% Developed)";"2 lanes";2;"Straight - Level";"US Route";"Dry";"Two-Way, Not Divided";"None";"No Special Feature";"Coarse Asphalt";"Coastal";"Urban";"40 - 45  MPH";"No Control Present";"Clear";"No";"0.0, 0.0"
"4807";512;513;"Yes";"50-59";53;"No";"With Traffic";"C: Possible Injury";"Travel Lane";"Native American";"Male";"None - Rural Crash";"Robeson";"Yes";"01-01-07";2008-07-13;"Motorist Overtaking Bicyclist";21;"Non-Intersection";"01-07-01";1-01-01 21:44:58;"Motorist Overtaking - Misjudged Space";311232;2008;"C: Possible Injury";"Farms, Woods, Pastures";"20-24";22;"Yes";"51-55 mph";"O: No Injury";"White";"Male";"Passenger Car";"No";"No";"Daylight";"Rural (<30% Developed)";"2 lanes";2;"Straight - Level";"NC Route";"Dry";"Two-Way, Not Divided";"None";"No Special Feature";"Smooth Asphalt";"Coastal";"Rural";"50 - 55  MPH";"No Control Present";"Clear";"No";"0.0, 0.0"
"4808";514;515;"Yes";"20-24";20;"No";"With Traffic";"C: Possible Injury";"Sidewalk / Crosswalk / Driveway Crossing";"White";"Male";"Charlotte";"Mecklenburg";"No";"01-01-02";2008-08-12;"Bicyclist Failed to Yield - Signalized Intersection";14;"Intersection";"01-08-01";1-01-01 14:14:58;"Bicyclist Failed to Clear - Trapped";131156;2008;"C: Possible Injury";"Commercial";"20-24";20;"No";"0-5 mph";"O: No Injury";"White";"Male";"Pickup";"No";"No";"Daylight";"Mixed (30% To 70% Developed)";"3 lanes";2;"Straight - Level";"Local Street";"Dry";"Two-Way, Divided, Unprotected Median";"None";"No Special Feature";"Smooth Asphalt";"Piedmont";"Urban";"40 - 45  MPH";"Stop And Go Signal";"Clear";"No";"0.0, 0.0"
"4809";516;517;"Yes";"16-19";16;"No";"With Traffic";"C: Possible Injury";"Bike Lane / Paved Shoulder";"White";"Male";"Kannapolis";"Cabarrus";"No";"01-01-02";2008-07-15;"Crossing Paths - Other Circumstances";19;"Intersection";"01-07-01";1-01-01 19:49:58;"Signalized Intersection - Other /";121158;2008;"C: Possible Injury";"Commercial";"0-19";19;"No";"26-30 mph";"O: No Injury";"Hispanic";"Female";"Sport Utility";"No";"No";"Daylight";"Urban (>70% Developed)";"4 lanes";2;"Straight - Level";"Local Street";"Dry";"Two-Way, Not Divided";"None";"Four-Way Intersection";"Smooth Asphalt";"Piedmont";"Urban";"30 - 35  MPH";"Stop And Go Signal";"Clear";"No";"0.0, 0.0"
"4810";524;525;"No";"15-Nov";12;"No";"With Traffic";"O: No Injury";"Travel Lane";"Black";"Male";"Fayetteville";"Cumberland";"No";"01-01-05";2008-08-15;"Motorist Overtaking Bicyclist";16;"Non-Intersection";"01-08-01";1-01-01 16:40:58;"Motorist Overtaking - Bicyclist Swerved";311235;2008;"O: No Injury";"Residential";"25-29";25;"No";"21-25 mph";"O: No Injury";"Black";"Female";"Passenger Car";"No";"No";"Daylight";"Urban (>70% Developed)";"2 lanes";2;"Straight - Level";"Local Street";"Dry";"Two-Way, Not Divided";"None";"No Special Feature";"Smooth Asphalt";"Coastal";"Urban";"20 - 25  MPH";"No Control Present";"Clear";"No";"0.0, 0.0"
"4811";529;530;"Yes";"25-29";27;"No";"With Traffic";"B: Evident Injury";"Travel Lane";"White";"Male";"None - Rural Crash";"Catawba";"No";"01-01-06";2008-08-16;"Motorist Overtaking Bicyclist";10;"Non-Intersection";"01-08-01";1-01-01 10:14:58;"Motorist Overtaking - Misjudged Space";311232;2008;"B: Evident Injury";"Farms, Woods, Pastures";"50-59";56;"No";"31-35 mph";"O: No Injury";"White";"Male";"Passenger Car";"No";"No";"Daylight";"Rural (<30% Developed)";"2 lanes";2;"Curve - Grade";"State Secondary Route";"Dry";"Two-Way, Not Divided";"None";"No Special Feature";"Coarse Asphalt";"Piedmont";"Rural";"50 - 55  MPH";"Double Yellow Line, No Passing Zone";"Clear";"No";"0.0, 0.0"
"4812";676;677;"Yes";"50-59";52;"No";"Facing Traffic";"C: Possible Injury";"Travel Lane";"White";"Male";"Washington";"Beaufort";"No";"01-01-02";2010-09-14;"Motorist Failed to Yield - Midblock";14;"Non-Intersection";"01-09-01";1-01-01 14:13:58;"Motorist Drive Out - Commercial Driveway / Alley";0;2010;"C: Possible Injury";"Commercial";"0-19";17;"No";"0-5 mph";"O: No Injury";"Black";"Female";"Passenger Car";"No";"No";"Daylight";"Urban (>70% Developed)";"5 lanes";2;"Straight - Level";"Local Street";"Dry";"Two-Way, Not Divided";"None";"Driveway, Public";"Coarse Asphalt";"Coastal";"Urban";"40 - 45  MPH";"No Control Present";"Clear";"No";"35.546524, -77.03274"
"4813";692;693;"Yes";"50-59";50;"No";"Facing Traffic";"B: Evident Injury";"Sidewalk / Crosswalk / Driveway Crossing";"Black";"Male";"Raleigh";"Wake";"No";"01-01-02";2010-08-31;"Motorist Failed to Yield - Signalized Intersection";23;"Intersection";"01-08-01";1-01-01 23:35:58;"Motorist Drive Out - Signalized Intersection";0;2010;"B: Evident Injury";"Commercial";"30-39";38;"No";"0-5 mph";"O: No Injury";"Black";"Female";"Passenger Car";"No";"No";"Dark - Lighted Roadway";"Urban (>70% Developed)";"3 lanes";2;"Straight - Level";"Local Street";"Dry";"Two-Way, Divided, Positive Median Barrier";"None";"On or Off Ramp";"Smooth Asphalt";"Piedmont";"Urban";"40 - 45  MPH";"Stop And Go Signal";"Clear";"No";"35.753788, -78.649216"
"4814";713;714;"Yes";"30-39";36;"No";"Facing Traffic";"C: Possible Injury";"Travel Lane";"Black";"Male";"High Point";"Guilford";"No";"01-01-05";2010-09-17;"Crossing Paths - Other Circumstances";9;"Intersection";"01-09-01";1-01-01 09:40:58;"Sign-Controlled Intersection - Other /";0;2010;"C: Possible Injury";"Commercial";"70+";NA;"No";NA;"O: No Injury";"White";"Male";"Passenger Car";"No";"No";"Daylight";"Urban (>70% Developed)";"2 lanes";2;"Straight - Level";"Local Street";"Dry";"Two-Way, Not Divided";"None";"T-Intersection";"Coarse Asphalt";"Piedmont";"Urban";"30 - 35  MPH";"Stop Sign";"Cloudy";"No";"35.944515, -80.03408"
"4815";720;721;"No";"40-49";45;"No";"With Traffic";"C: Possible Injury";"Travel Lane";"Black";"Male";"Burlington";"Alamance";"No";"01-01-02";2010-09-28;"Crossing Paths - Other Circumstances";17;"Intersection-Related";"01-09-01";1-01-01 17:23:58;"Crossing Paths - Intersection - Other /";0;2010;"C: Possible Injury";"Commercial";"40-49";42;"No";"41-45 mph";"O: No Injury";"White";"Male";"Passenger Car";"No";"No";"Daylight";"Urban (>70% Developed)";"5 lanes";2;"Straight - Level";"Local Street";"Dry";"Two-Way, Not Divided";"None";"No Special Feature";"Grooved Concrete";"Piedmont";"Urban";"40 - 45  MPH";"No Control Present";"Clear";"No";"36.06763, -79.42614"
"4816";723;724;"Yes";"20-24";20;"No";"With Traffic";"C: Possible Injury";"Sidewalk / Crosswalk / Driveway Crossing";"Black";"Male";"Cary";"Wake";"No";"01-01-05";2010-10-01;"Crossing Paths - Other Circumstances";12;"Intersection";"01-10-01";1-01-01 12:12:58;"Signalized Intersection - Other /";0;2010;"C: Possible Injury";"Commercial";"50-59";52;"No";"0-5 mph";"O: No Injury";"White";"Male";"Sport Utility";"No";"No";"Daylight";"Urban (>70% Developed)";"5 lanes";2;"Straight - Level";"State Secondary Route";"Dry";"Two-Way, Not Divided";"None";"Four-Way Intersection";"Smooth Asphalt";"Piedmont";"Urban";"30 - 35  MPH";"Stop And Go Signal";"Cloudy";"No";"35.767426, -78.7826"
"4817";731;732;"No";"20-24";22;"No";"Facing Traffic";"C: Possible Injury";"Travel Lane";"White";"Female";"Fayetteville";"Cumberland";"No";NA;2010-10-04;"Motorist Failed to Yield - Midblock";15;"Non-Intersection";"01-10-01";1-01-01 15:23:58;"Motorist Drive Out - Other Midblock";0;2010;"C: Possible Injury";"Commercial";"50-59";56;"No";"6-10 mph";"O: No Injury";"Black";"Male";"Passenger Car";"No";"No";"Daylight";"Urban (>70% Developed)";"5 lanes";2;"Straight - Level";"Local Street";"Dry";"Two-Way, Not Divided";"None";"No Special Feature";"Coarse Asphalt";"Coastal";"Urban";"40 - 45  MPH";"No Control Present";"Clear";"No";"35.086502, -78.97817"
"4818";735;736;"Yes";"50-59";57;"No";"Facing Traffic";"B: Evident Injury";"Sidewalk / Crosswalk / Driveway Crossing";"White";"Male";"Charlotte";"Mecklenburg";"No";"01-01-05";2010-10-01;"Motorist Failed to Yield - Signalized Intersection";16;"Intersection";"01-10-01";1-01-01 16:54:58;"Motorist Drive Out - Right Turn on Red";0;2010;"B: Evident Injury";"Commercial";"30-39";37;"No";"0-5 mph";"O: No Injury";"White";"Male";"Sport Utility";"No";"No";"Daylight";"Urban (>70% Developed)";"2 lanes";2;"Straight - Level";"Local Street";"Dry";"Two-Way, Not Divided";"None";"No Special Feature";"Smooth Asphalt";"Piedmont";"Urban";"30 - 35  MPH";"Stop And Go Signal";"Clear";"No";"35.212296, -80.76272"
"4819";736;737;"No";"30-39";36;"No";"With Traffic";"C: Possible Injury";"Travel Lane";"White";"Male";"Durham";"Durham";"No";"01-01-05";2010-10-08;"Crossing Paths - Other Circumstances";7;"Intersection";"01-10-01";1-01-01 07:04:58;"Crossing Paths - Intersection - Other /";0;2010;"C: Possible Injury";"Residential";"20-24";23;"No";"0-5 mph";"O: No Injury";"Hispanic";"Male";"Passenger Car";"No";"No";"Dawn";"Urban (>70% Developed)";"2 lanes";2;"Straight - Level";"Local Street";"Dry";"Two-Way, Not Divided";"None";"No Special Feature";"Smooth Asphalt";"Piedmont";"Urban";"20 - 25  MPH";"No Control Present";"Clear";"No";"35.97247, -78.93758"
"4820";737;738;"No";"30-39";38;"No";"With Traffic";"B: Evident Injury";"Travel Lane";"White";"Male";"Charlotte";"Mecklenburg";"No";"01-01-06";2010-10-02;"Motorist Left Turn / Merge";10;"Intersection";"01-10-01";1-01-01 10:44:58;"Motorist Left Turn - Opposite Direction";0;2010;"B: Evident Injury";"Commercial";"50-59";53;"No";"11-15 mph";"O: No Injury";"White";"Male";"Passenger Car";"No";"No";"Daylight";"Mixed (30% To 70% Developed)";"4 lanes";2;"Straight - Level";"NC Route";"Dry";"Two-Way, Divided, Positive Median Barrier";"None";"No Special Feature";"Smooth Asphalt";"Piedmont";"Urban";"40 - 45  MPH";"Stop And Go Signal";"Clear";"No";"35.066433, -80.84499"
"4821";739;740;"Yes";"40-49";46;"No";"With Traffic";"B: Evident Injury";"Sidewalk / Crosswalk / Driveway Crossing";"Black";"Male";"Charlotte";"Mecklenburg";"No";"01-01-07";2010-10-03;"Motorist Right Turn / Merge";13;"Non-Intersection";"01-10-01";1-01-01 13:42:58;"Motorist Right Turn - Same Direction";0;2010;"B: Evident Injury";"Commercial";"30-39";32;"No";"0-5 mph";"O: No Injury";"Black";"Male";"Passenger Car";"No";"No";"Daylight";"Urban (>70% Developed)";"2 lanes";2;"Straight - Level";"Local Street";"Dry";"Two-Way, Not Divided";"None";"No Special Feature";"Concrete";"Piedmont";"Urban";"30 - 35  MPH";"No Control Present";"Cloudy";"No";"35.200977, -80.843475"
"4822";769;770;"No";"30-39";39;"No";"With Traffic";"C: Possible Injury";"Travel Lane";"Hispanic";"Male";"None - Rural Crash";"Johnston";"No";"01-01-02";2010-10-12;"Motorist Overtaking Bicyclist";19;"Non-Intersection";"01-10-01";1-01-01 19:29:58;"Motorist Overtaking - Other /";0;2010;"C: Possible Injury";"Farms, Woods, Pastures";NA;NA;"No";"41-45 mph";"Injury";"/Missing";NA;"Passenger Car";"No";"Yes";"Dark - Roadway Not Lighted";"Rural (<30% Developed)";"2 lanes";2;"Straight - Level";"State Secondary Route";"Dry";"Two-Way, Not Divided";"None";"No Special Feature";"Coarse Asphalt";"Coastal";"Rural";"40 - 45  MPH";"Double Yellow Line, No Passing Zone";"Clear";"No";"35.673233, -78.48581"
"4823";777;778;"Yes";"25-29";25;"No";"Facing Traffic";"C: Possible Injury";"Sidewalk / Crosswalk / Driveway Crossing";"Hispanic";"Male";"Charlotte";"Mecklenburg";"No";"01-01-06";2010-06-19;"Bicyclist Failed to Yield - Signalized Intersection";9;"Intersection";"01-06-01";1-01-01 09:11:58;"Bicyclist Ride Through - Signalized Intersection";0;2010;"C: Possible Injury";"Commercial";"20-24";23;"No";"6-10 mph";"O: No Injury";"Black";"Female";"Sport Utility";"No";"No";"Daylight";"Urban (>70% Developed)";"4 lanes";2;"Straight - Level";"Local Street";"Dry";"Two-Way, Not Divided";"None";"Four-Way Intersection";"Smooth Asphalt";"Piedmont";"Urban";"40 - 45  MPH";"Stop And Go Signal";"Clear";"No";"35.300465, -80.75353"
"4824";780;781;"Yes";"20-24";23;"No";"With Traffic";"B: Evident Injury";"Travel Lane";"White";"Female";"Salisbury";"Rowan";"No";"01-01-03";2010-10-20;"Motorist Overtaking Bicyclist";22;"Non-Intersection";"01-10-01";1-01-01 22:08:58;"Motorist Overtaking - Other /";0;2010;"B: Evident Injury";"Residential";NA;NA;"Missing";"36-40 mph";"Injury";"/Missing";NA;"Van";"No";"Yes";"Dark - Roadway Not Lighted";"Urban (>70% Developed)";"2 lanes";2;"Straight - Grade";"Local Street";"Dry";"Two-Way, Not Divided";"None";"No Special Feature";"Coarse Asphalt";"Piedmont";"Urban";"40 - 45  MPH";"No Control Present";"Clear";"No";"35.650772, -80.48696"