"FID";"OBJECTID";"AmbulanceR";"BikeAge_Gr";"Bike_Age";"Bike_Alc_D";"Bike_Dir";"Bike_Injur";"Bike_Pos";"Bike_Race";"Bike_Sex";"City";"County";"CrashAlcoh";"CrashDay";"Crash_Date";"Crash_Grp";"Crash_Hour";"Crash_Loc";"Crash_Mont";"Crash_Time";"Crash_Type";"Crash_Ty_1";"Crash_Year";"Crsh_Sevri";"Developmen";"DrvrAge_Gr";"Drvr_Age";"Drvr_Alc_D";"Drvr_EstSp";"Drvr_Injur";"Drvr_Race";"Drvr_Sex";"Drvr_VehTy";"ExcsSpdInd";"Hit_Run";"Light_Cond";"Locality";"Num_Lanes";"Num_Units";"Rd_Charact";"Rd_Class";"Rd_Conditi";"Rd_Config";"Rd_Defects";"Rd_Feature";"Rd_Surface";"Region";"Rural_Urba";"Speed_Limi";"Traff_Cntr";"Weather";"Workzone_I";"Location"
"4825";786;787;"No";"10-Jun";9;"No";"Not Applicable";"C: Possible Injury";"Non-Roadway";"White";"Male";"None - Rural Crash";"Brunswick";"No";"01-01-02";2010-10-19;"Non-Roadway";16;"Non-Roadway";"01-10-01";1-01-01 16:42:58;"Non-Roadway";0;2010;"C: Possible Injury";"Residential";"20-24";24;"No";"6-10 mph";"O: No Injury";"Hispanic";"Male";"Passenger Car";"No";"No";"Daylight";"Rural (<30% Developed)";"2 lanes";2;"Straight - Level";"Public Vehicular Area";"Dry";"Two-Way, Not Divided";"None";"No Special Feature";"Soil";"Coastal";"Rural";"5 - 15 MPH";"No Control Present";"Clear";"No";"34.019638, -78.46999"
"4826";794;795;"Yes";"60-69";60;"No";"With Traffic";"B: Evident Injury";"Travel Lane";"White";"Male";"Raleigh";"Wake";"No";"01-01-02";2010-09-21;"Motorist Failed to Yield - Sign-Controlled Intersection";8;"Intersection";"01-09-01";1-01-01 08:40:58;"Motorist Drive Out - Sign-Controlled Intersection";0;2010;"B: Evident Injury";"Residential";"30-39";33;"No";"21-25 mph";"O: No Injury";"White";"Female";"Passenger Car";"No";"No";"Daylight";"Urban (>70% Developed)";"4 lanes";2;"Straight - Level";"Local Street";"Dry";"Two-Way, Divided, Unprotected Median";"None";"Four-Way Intersection";"Concrete";"Piedmont";"Urban";"40 - 45  MPH";"Stop Sign";"Clear";"No";"35.89551, -78.59954"
"4827";797;798;"Yes";"50-59";50;"No";"With Traffic";"C: Possible Injury";"Travel Lane";"White";"Male";"None - Rural Crash";"Wayne";"No";"01-01-05";2010-10-15;"Motorist Overtaking Bicyclist";7;"Non-Intersection";"01-10-01";1-01-01 07:50:58;"Motorist Overtaking - Undetected Bicyclist";0;2010;"C: Possible Injury";"Farms, Woods, Pastures";"40-49";41;"No";"31-35 mph";"O: No Injury";"White";"Female";"Sport Utility";"No";"No";"Daylight";"Rural (<30% Developed)";"2 lanes";2;"Curve - Level";"State Secondary Route";"Dry";"Two-Way, Not Divided";"None";"No Special Feature";"Coarse Asphalt";"Coastal";"Rural";"50 - 55  MPH";"Double Yellow Line, No Passing Zone";"Clear";"No";"35.40912, -78.087685"
"4828";802;803;"Yes";"40-49";47;"No";"With Traffic";"A: Disabling Injury";"Travel Lane";"Black";"Male";"Fayetteville";"Cumberland";"No";"01-01-03";2010-10-20;"Bicyclist Failed to Yield - Sign-Controlled Intersection";20;"Intersection";"01-10-01";1-01-01 20:35:58;"Bicyclist Ride Through - Sign-Controlled Intersection";0;2010;"A: Disabling Injury";"Industrial";"60-69";66;"No";"51-55 mph";"O: No Injury";"Native American";"Female";"Passenger Car";"No";"No";"Dark - Lighted Roadway";"Urban (>70% Developed)";"4 lanes";2;"Curve - Level";"Local Street";"Dry";"Two-Way, Not Divided";"None";"Four-Way Intersection";"Coarse Asphalt";"Coastal";"Urban";"50 - 55  MPH";"Stop Sign";"Clear";"No";"35.029667, -78.87181"
"4829";803;804;"No";"20-24";21;"No";"With Traffic";"B: Evident Injury";"Sidewalk / Crosswalk / Driveway Crossing";"Black";"Male";"Greensboro";"Guilford";"No";"01-01-03";2010-10-20;"Motorist Right Turn / Merge";15;"Intersection";"01-10-01";1-01-01 15:27:58;"Motorist Right Turn - Same Direction";0;2010;"B: Evident Injury";"Residential";NA;NA;"Missing";NA;"Injury";"/Missing";NA;NA;"No";"Yes";"Daylight";"Urban (>70% Developed)";"2 lanes";2;"Straight - Level";"Local Street";"Dry";"Two-Way, Not Divided";"None";"T-Intersection";"Smooth Asphalt";"Piedmont";"Urban";"30 - 35  MPH";"Stop Sign";"Clear";"No";"36.099064, -79.819435"
"4830";805;806;"Yes";"20-24";20;"No";"With Traffic";"B: Evident Injury";"Sidewalk / Crosswalk / Driveway Crossing";"Asian";"Female";"Chapel Hill";"Orange";"No";"01-01-04";2010-10-21;"Parallel Paths - Other Circumstances";15;"Non-Intersection";"01-10-01";1-01-01 15:33:58;"Bicyclist Ride Out - Parallel Path";0;2010;"B: Evident Injury";"Institutional";"25-29";27;"No";"11-15 mph";"Injury";"Black";"Male";"Other Bus";"No";"No";"Daylight";"Mixed (30% To 70% Developed)";"4 lanes";2;"Straight - Level";"Local Street";"Dry";"Two-Way, Not Divided";"None";"No Special Feature";"Smooth Asphalt";"Piedmont";"Urban";"20 - 25  MPH";"Stop And Go Signal";"Clear";"No";"35.903206, -79.04793"
"4831";822;823;"Yes";"20-24";21;"No";"Facing Traffic";"B: Evident Injury";"Travel Lane";"White";"Male";"Chapel Hill";"Orange";"No";"01-01-04";2010-10-28;"Motorist Failed to Yield - Midblock";23;"Non-Intersection";"01-10-01";1-01-01 23:49:58;"Motorist Drive Out - Commercial Driveway / Alley";0;2010;"B: Evident Injury";"Commercial";"20-24";23;"No";"0-5 mph";"O: No Injury";"White";"Male";"Passenger Car";"No";"No";"Dark - Lighted Roadway";"Urban (>70% Developed)";"4 lanes";2;"Straight - Grade";"Local Street";"Dry";"Two-Way, Not Divided";"None";"No Special Feature";"Smooth Asphalt";"Piedmont";"Urban";"20 - 25  MPH";"No Control Present";"Clear";"No";"35.911804, -79.062035"
"4832";828;829;"Yes";"20-24";23;"No";"With Traffic";"B: Evident Injury";"Bike Lane / Paved Shoulder";"White";"Female";"Boone";"Watauga";"No";"01-01-02";2010-11-02;"Motorist Left Turn / Merge";7;"Non-Intersection";"01-11-01";1-01-01 07:45:58;"Motorist Left Turn - Opposite Direction";0;2010;"B: Evident Injury";"Institutional";"25-29";26;"No";"0-5 mph";"O: No Injury";"White";"Female";"Passenger Car";"No";"No";"Dawn";"Urban (>70% Developed)";"4 lanes";2;"Straight - Level";"Local Street";"Dry";"Two-Way, Not Divided";"None";"Driveway, Public";"Smooth Asphalt";"Mountains";"Urban";"20 - 25  MPH";"No Control Present";"Clear";"No";"36.212574, -81.68099"
"4833";832;833;"Yes";"30-39";32;"No";"With Traffic";"B: Evident Injury";"Travel Lane";"Black";"Male";"None - Rural Crash";"Guilford";"No";"01-01-04";2010-11-04;"Motorist Overtaking Bicyclist";6;"Non-Intersection";"01-11-01";1-01-01 06:32:58;"Motorist Overtaking - Undetected Bicyclist";0;2010;"B: Evident Injury";"Farms, Woods, Pastures";"40-49";49;"No";"41-45 mph";"O: No Injury";"Black";"Male";"Passenger Car";"No";"No";"Dark - Roadway Not Lighted";"Rural (<30% Developed)";"2 lanes";2;"Straight - Level";"State Secondary Route";"Wet";"Two-Way, Not Divided";"None";"No Special Feature";"Smooth Asphalt";"Piedmont";"Rural";"40 - 45  MPH";"No Control Present";"Cloudy";"No";"36.023403, -79.70553"
"4834";840;841;"No";"20-24";24;"No";"With Traffic";"O: No Injury";"Travel Lane";"White";"Male";"Raleigh";"Wake";"No";"01-01-07";2010-10-17;"Bicyclist Left Turn / Merge";0;"Intersection";"01-10-01";1-01-01 00:01:58;"Bicyclist Left Turn - Opposite Direction";0;2010;"O: No Injury";"Commercial";"0-19";19;"No";"16-20 mph";"O: No Injury";"Black";"Male";"Passenger Car";"No";"No";"Dark - Lighted Roadway";"Urban (>70% Developed)";"2 lanes";2;"Straight - Level";"Local Street";"Dry";"Two-Way, Not Divided";"None";"No Special Feature";"Smooth Asphalt";"Piedmont";"Urban";"30 - 35  MPH";"Stop And Go Signal";"Clear";"No";"35.776928, -78.639275"
"4835";845;846;"Yes";"60-69";60;"No";"Facing Traffic";"B: Evident Injury";"Travel Lane";"Black";"Male";"None - Rural Crash";"Gates";"No";"01-01-03";2010-11-10;"Head-On";16;"Non-Intersection";"01-11-01";1-01-01 16:49:58;"Head-On - Bicyclist";0;2010;"B: Evident Injury";"Farms, Woods, Pastures";"30-39";30;"No";"51-55 mph";"O: No Injury";"White";"Male";"Van";"No";"No";"Daylight";"Rural (<30% Developed)";"2 lanes";2;"Straight - Level";"State Secondary Route";"Dry";"Two-Way, Not Divided";"None";"No Special Feature";"Coarse Asphalt";"Coastal";"Rural";"50 - 55  MPH";"No Control Present";"Clear";"No";"36.478985, -76.713905"
"4836";846;847;"Yes";"60-69";63;"No";"With Traffic";"B: Evident Injury";"Travel Lane";"White";"Male";"None - Rural Crash";"Onslow";"No";NA;2010-11-08;"Motorist Overtaking Bicyclist";22;"Non-Intersection";"01-11-01";1-01-01 22:21:58;"Motorist Overtaking - Misjudged Space";0;2010;"B: Evident Injury";"Farms, Woods, Pastures";NA;NA;"No";"41-45 mph";"Injury";"/Missing";NA;"Passenger Car";"No";"Yes";"Dark - Roadway Not Lighted";"Rural (<30% Developed)";"2 lanes";2;"Straight - Level";"State Secondary Route";"Dry";"Two-Way, Not Divided";"None";"No Special Feature";"Coarse Asphalt";"Coastal";"Rural";"40 - 45  MPH";"Double Yellow Line, No Passing Zone";"Clear";"No";"34.526165, -77.431595"
"4837";858;859;"No";"30-39";36;"No";NA;"Injury";"Sidewalk / Crosswalk / Driveway Crossing";"Hispanic";"Male";"Andrews";"Cherokee";"No";"01-01-02";2010-09-14;"Motorist Failed to Yield - Midblock";20;"Non-Intersection";"01-09-01";1-01-01 20:34:58;"Motorist Drive Out - Commercial Driveway / Alley";0;2010;"O: No Injury";"Commercial";"0-19";19;"No";NA;"O: No Injury";"White";"Male";"Pickup";"No";"No";"Dark - Lighted Roadway";"Mixed (30% To 70% Developed)";"2 lanes";2;"Straight - Level";NA;"Dry";"Two-Way, Divided, Unprotected Median";"Other";"Other";"Smooth Asphalt";"Mountains";"Rural";"30 - 35  MPH";"No Control Present";"Cloudy";"No";"35.199894, -83.8303"
"4838";860;861;"Yes";"50-59";55;"Yes";"Facing Traffic";"C: Possible Injury";"Sidewalk / Crosswalk / Driveway Crossing";"Black";"Male";"Gastonia";"Gaston";"Yes";"01-01-02";2010-11-09;"Motorist Failed to Yield - Signalized Intersection";13;"Intersection";"01-11-01";1-01-01 13:32:58;"Motorist Drive Out - Right Turn on Red";0;2010;"C: Possible Injury";"Commercial";"50-59";52;"No";"0-5 mph";"O: No Injury";"White";"Male";"Pickup";"No";"No";"Daylight";"Urban (>70% Developed)";"2 lanes";2;"Straight - Grade";"Local Street";"Dry";"Two-Way, Not Divided";"None";"Four-Way Intersection";"Smooth Asphalt";"Piedmont";"Urban";"30 - 35  MPH";"Stop And Go Signal";"Clear";"No";"35.262466, -81.168365"
"4839";862;863;"Yes";"50-59";55;"No";"With Traffic";"K: Killed";"Travel Lane";"Black";"Male";"None - Rural Crash";"Nash";"No";"01-01-05";2010-11-19;"Motorist Overtaking Bicyclist";13;"Non-Intersection";"01-11-01";1-01-01 13:57:58;"Motorist Overtaking - Other /";0;2010;"K: Killed";"Farms, Woods, Pastures";"30-39";32;"No";"41-45 mph";"O: No Injury";"Black";"Female";"Light Truck (Mini-Van, Panel)";"No";"No";"Daylight";"Rural (<30% Developed)";"2 lanes";2;"Straight - Level";"State Secondary Route";"Dry";"Two-Way, Not Divided";"None";"No Special Feature";"Coarse Asphalt";"Coastal";"Rural";"40 - 45  MPH";"No Control Present";"Clear";"No";"36.027058, -77.96428"
"4840";865;866;"No";"20-24";23;"No";"With Traffic";"O: No Injury";"Travel Lane";"White";"Female";"Raleigh";"Wake";"No";"01-01-05";2010-10-29;"Motorist Failed to Yield - Midblock";16;"Non-Intersection";"01-10-01";1-01-01 16:44:58;"Motorist Drive Out - Commercial Driveway / Alley";0;2010;"O: No Injury";"Commercial";"60-69";68;"No";"0-5 mph";"O: No Injury";"White";"Female";"Passenger Car";"No";"No";"Daylight";"Urban (>70% Developed)";"2 lanes";2;"Straight - Grade";"Local Street";"Dry";"Two-Way, Not Divided";"None";"No Special Feature";"Smooth Asphalt";"Piedmont";"Urban";"5 - 15 MPH";"No Control Present";"Clear";"No";"35.791992, -78.662186"
"4841";870;871;"No";"40-49";43;"No";"With Traffic";"Injury";"Bike Lane / Paved Shoulder";"/Missing";NA;"Fayetteville";"Cumberland";"No";"01-01-05";2010-11-12;"Motorist Failed to Yield - Midblock";8;"Non-Intersection";"01-11-01";1-01-01 08:51:58;"Motorist Drive Out - Commercial Driveway / Alley";0;2010;"Injury";"Commercial";NA;NA;"Missing";NA;"Injury";"/Missing";NA;NA;"No";"Yes";"Daylight";"Urban (>70% Developed)";"7 lanes";2;"Straight - Level";"Local Street";"Dry";"Two-Way, Not Divided";"None";"No Special Feature";"Coarse Asphalt";"Coastal";"Urban";NA;"No Control Present";"Clear";"No";"35.043423, -78.95513"
"4842";876;877;"Yes";"20-24";22;"No";"With Traffic";"B: Evident Injury";"Travel Lane";"White";"Male";"Greensboro";"Guilford";"No";"01-01-05";2010-11-12;"Motorist Left Turn / Merge";9;"Intersection";"01-11-01";1-01-01 09:10:58;"Motorist Left Turn - Opposite Direction";0;2010;"B: Evident Injury";"Commercial";"50-59";50;"No";"21-25 mph";"O: No Injury";"Black";"Female";"Passenger Car";"No";"No";"Daylight";"Urban (>70% Developed)";"3 lanes";2;"Curve - Bottom";"Local Street";"Dry";"Two-Way, Not Divided";"None";"T-Intersection";"Smooth Asphalt";"Piedmont";"Urban";"20 - 25  MPH";"Stop Sign";"Clear";"No";"36.068127, -79.78996"
"4843";879;880;"Yes";"10-Jun";7;"No";"Not Applicable";"C: Possible Injury";"Travel Lane";"Black";"Male";"None - Rural Crash";"Catawba";"No";"01-01-06";2010-11-27;"Bicyclist Failed to Yield - Midblock";13;"Non-Intersection";"01-11-01";1-01-01 13:03:58;"Bicyclist Ride Out - Residential Driveway";0;2010;"C: Possible Injury";"Residential";"40-49";41;"No";"41-45 mph";"O: No Injury";"White";"Male";"Van";"No";"No";"Daylight";"Rural (<30% Developed)";"2 lanes";2;"Straight - Level";"State Secondary Route";"Dry";"Two-Way, Not Divided";"None";"No Special Feature";"Smooth Asphalt";"Piedmont";"Rural";"40 - 45  MPH";"Double Yellow Line, No Passing Zone";"Clear";"No";"35.60822, -81.31936"
"4844";890;891;"Yes";"25-29";27;"No";"With Traffic";"C: Possible Injury";"Travel Lane";"Black";"Male";"High Point";"Guilford";"No";"01-01-03";2010-11-17;"Backing Vehicle";15;"Intersection";"01-11-01";1-01-01 15:14:58;"Backing Vehicle";0;2010;"C: Possible Injury";"Residential";"30-39";39;"No";"0-5 mph";"O: No Injury";"Black";"Male";"Passenger Car";"No";"No";"Daylight";"Rural (<30% Developed)";"2 lanes";2;"Straight - Level";"Local Street";"Dry";"Two-Way, Not Divided";"None";"T-Intersection";"Coarse Asphalt";"Piedmont";"Urban";"30 - 35  MPH";"Stop Sign";"Clear";"No";"35.98946, -79.960205"
"4845";918;919;"Yes";"40-49";43;"No";NA;"C: Possible Injury";"Travel Lane";"Hispanic";"Male";"Charlotte";"Mecklenburg";"No";NA;2010-09-27;"Crossing Paths - Other Circumstances";16;"Intersection";"01-09-01";1-01-01 16:52:58;"Signalized Intersection - Other /";0;2010;"C: Possible Injury";"Commercial";"40-49";46;"No";"31-35 mph";"O: No Injury";"Black";"Female";"Passenger Car";"No";"No";"Daylight";"Urban (>70% Developed)";"2 lanes";2;"Straight - Level";"Local Street";"Wet";"Two-Way, Not Divided";"None";"No Special Feature";"Smooth Asphalt";"Piedmont";"Urban";"30 - 35  MPH";"Stop And Go Signal";"Rain";"No";"35.240402, -80.919716"
"4846";932;933;"Yes";"16-19";18;"No";"With Traffic";"B: Evident Injury";"Travel Lane";"White";"Male";"Raleigh";"Wake";"No";NA;2010-12-06;"Loss of Control / Turning Error";16;"Intersection";"01-12-01";1-01-01 16:16:58;"Bicyclist Lost Control - Mechanical Problems";0;2010;"B: Evident Injury";"Residential";"70+";NA;"No";"31-35 mph";"O: No Injury";"White";"Male";"Passenger Car";"No";"No";"Daylight";"Urban (>70% Developed)";"4 lanes";2;"Straight - Hillcrest";"Local Street";"Dry";"Two-Way, Divided, Unprotected Median";"None";"Four-Way Intersection";"Coarse Asphalt";"Piedmont";"Urban";"30 - 35  MPH";"Stop Sign";"Clear";"No";"35.962467, -78.55279"
"4847";933;934;"Yes";"16-19";19;"No";"Not Applicable";"C: Possible Injury";"Driveway / Alley";"Black";"Male";"Raleigh";"Wake";"No";"01-01-05";2010-12-03;"Crossing Paths - Other Circumstances";18;"Intersection-Related";"01-12-01";1-01-01 18:42:58;"Crossing Paths - Uncontrolled Intersection";0;2010;"C: Possible Injury";"Residential";"60-69";63;"No";"6-10 mph";"O: No Injury";"Black";"Male";"Sport Utility";"No";"No";"Dark - Lighted Roadway";"Urban (>70% Developed)";"2 lanes";2;"Straight - Level";"Local Street";"Dry";"Two-Way, Divided, Unprotected Median";"None";"T-Intersection";"Smooth Asphalt";"Piedmont";"Urban";"20 - 25  MPH";"No Control Present";"Clear";"No";"35.764496, -78.63235"
"4848";937;938;"Yes";"15-Nov";11;"No";"With Traffic";"B: Evident Injury";"Sidewalk / Crosswalk / Driveway Crossing";"Black";"Male";"Havelock";"Craven";"No";"01-01-05";2010-11-12;"Motorist Left Turn / Merge";15;"Non-Intersection";"01-11-01";1-01-01 15:06:58;"Motorist Left Turn - Opposite Direction";0;2010;"B: Evident Injury";"Commercial";"40-49";42;"No";"0-5 mph";"O: No Injury";"Black";"Male";"Passenger Car";"No";"No";"Daylight";"Urban (>70% Developed)";NA;2;"Straight - Level";"Public Vehicular Area";"Dry";"Two-Way, Not Divided";"None";"Driveway, Public";"Smooth Asphalt";"Coastal";"Urban";"5 - 15 MPH";"No Control Present";"Clear";"No";"34.877342, -76.8969"
"4849";940;941;"No";"60-69";61;"No";"With Traffic";"C: Possible Injury";"Bike Lane / Paved Shoulder";"White";"Male";"None - Rural Crash";"New Hanover";"No";"01-01-05";2010-12-24;"Bicyclist Failed to Yield - Signalized Intersection";13;"Intersection";"01-12-01";1-01-01 13:14:58;"Bicyclist Ride Through - Signalized Intersection";0;2010;"C: Possible Injury";"Commercial";"70+";NA;"No";"6-10 mph";"O: No Injury";"White";"Male";"Passenger Car";"No";"No";"Daylight";"Mixed (30% To 70% Developed)";"3 lanes";2;"Straight - Level";"State Secondary Route";"Dry";"Two-Way, Not Divided";"None";"Driveway, Public";"Coarse Asphalt";"Coastal";"Rural";"40 - 45  MPH";"Stop And Go Signal";"Clear";"No";"34.267063, -77.92171"
"4850";942;943;"Yes";"40-49";48;"No";"With Traffic";"C: Possible Injury";"Travel Lane";"Native American";"Male";"None - Rural Crash";"Robeson";"No";"01-01-05";2010-11-12;"Motorist Overtaking Bicyclist";20;"Non-Intersection";"01-11-01";1-01-01 20:29:58;"Motorist Overtaking - Other /";0;2010;"C: Possible Injury";"Farms, Woods, Pastures";NA;NA;"Missing";"46-50 mph";"Injury";"/Missing";NA;NA;"No";"Yes";"Dark - Roadway Not Lighted";"Rural (<30% Developed)";"2 lanes";2;"Straight - Level";"NC Route";"Dry";"Two-Way, Not Divided";"None";"No Special Feature";"Coarse Asphalt";"Coastal";"Rural";"50 - 55  MPH";"No Control Present";"Clear";"No";"34.563046, -79.059685"
"4851";943;944;"Yes";"40-49";40;"No";"Not Applicable";"B: Evident Injury";"Travel Lane";"White";"Male";"Wilmington";"New Hanover";"No";"01-01-02";2010-12-14;"Bicyclist Failed to Yield - Midblock";11;"Non-Intersection";"01-12-01";1-01-01 11:34:58;"Bicyclist Ride Out - Other Midblock";0;2010;"B: Evident Injury";"Commercial";"40-49";49;"No";"6-10 mph";"O: No Injury";"White";"Female";"Passenger Car";"No";"No";"Daylight";"Urban (>70% Developed)";NA;2;"Straight - Level";"Public Vehicular Area";"Dry";"One-Way, Not Divided";"None";"No Special Feature";"Smooth Asphalt";"Coastal";"Urban";NA;"No Control Present";"Clear";"No";"34.26177, -77.8281"
"4852";950;951;"Yes";"10-Jun";10;"No";"Facing Traffic";"B: Evident Injury";"Travel Lane";"White";"Male";"Mooresville";"Iredell";"No";NA;2010-12-20;"Motorist Right Turn / Merge";15;"Intersection";"01-12-01";1-01-01 15:47:58;"Motorist Right Turn - Opposite Direction";0;2010;"B: Evident Injury";"Commercial";"60-69";66;"No";"11-15 mph";"O: No Injury";"White";"Male";"Passenger Car";"No";"No";"Daylight";"Urban (>70% Developed)";"5 lanes";2;"Straight - Level";"NC Route";"Dry";"Two-Way, Not Divided";"None";"Four-Way Intersection";"Smooth Asphalt";"Piedmont";"Urban";"40 - 45  MPH";"Stop And Go Signal";"Clear";"No";"35.595383, -80.81679"
"4853";951;952;"Yes";"20-24";23;"No";"With Traffic";"A: Disabling Injury";"Travel Lane";"White";"Male";"Greensboro";"Guilford";"No";"01-01-02";2010-12-28;"Motorist Overtaking Bicyclist";3;"Non-Intersection";"01-12-01";1-01-01 03:01:58;"Motorist Overtaking - Undetected Bicyclist";0;2010;"A: Disabling Injury";"Commercial";"50-59";54;"No";"36-40 mph";"O: No Injury";"White";"Male";"Van";"No";"No";"Dark - Roadway Not Lighted";"Urban (>70% Developed)";"2 lanes";2;"Straight - Level";"Local Street";"Dry";"Two-Way, Not Divided";"None";"No Special Feature";"Coarse Asphalt";"Piedmont";"Urban";"30 - 35  MPH";"No Control Present";"Clear";"No";"36.093277, -79.78856"
"4854";957;958;"Yes";"50-59";56;"No";"With Traffic";"O: No Injury";"Bike Lane / Paved Shoulder";"Black";"Male";"Greensboro";"Guilford";"No";"01-01-04";2010-12-30;"Motorist Overtaking Bicyclist";5;"Non-Intersection";"01-12-01";1-01-01 05:45:58;"Motorist Overtaking - Misjudged Space";0;2010;"C: Possible Injury";"Commercial";"50-59";56;"No";"36-40 mph";"O: No Injury";"Black";"Male";"Passenger Car";"No";"No";"Dawn";"Urban (>70% Developed)";"4 lanes";2;"Straight - Level";"Local Street";"Dry";"Two-Way, Not Divided";"Obstruction In Roadway";"No Special Feature";"Smooth Asphalt";"Piedmont";"Urban";"40 - 45  MPH";"No Control Present";"Clear";"No";"36.088425, -79.923164"
"4855";958;959;"Yes";"40-49";47;"No";"With Traffic";"O: No Injury";"Travel Lane";"Black";"Male";"Rocky Mount";"Nash";"No";"01-01-06";2010-12-18;"Motorist Right Turn / Merge";15;"Intersection-Related";"01-12-01";1-01-01 15:18:58;"Motorist Right Turn - Same Direction";0;2010;"B: Evident Injury";"Commercial";"0-19";19;"No";"11-15 mph";"B: Evident Injury";"White";"Male";"Passenger Car";"No";"No";"Daylight";"Urban (>70% Developed)";"5 lanes";2;"Straight - Level";"Local Street";"Dry";"Two-Way, Divided, Unprotected Median";"None";"Four-Way Intersection";"Smooth Asphalt";"Coastal";"Urban";"30 - 35  MPH";"Stop And Go Signal";"Clear";"No";"35.97831, -77.80614"
"4856";962;963;"No";"30-39";35;"No";"Facing Traffic";"C: Possible Injury";"Travel Lane";"White";"Male";"Concord";"Cabarrus";"No";"01-01-03";2010-01-20;"Motorist Failed to Yield - Sign-Controlled Intersection";16;"Intersection";NA;1-01-01 16:46:58;"Motorist Drive Out - Sign-Controlled Intersection";0;2010;"C: Possible Injury";"Commercial";NA;NA;"No";"0-5 mph";"Injury";"/Missing";NA;"Light Truck (Mini-Van, Panel)";"No";"Yes";"Daylight";"Urban (>70% Developed)";"2 lanes";2;"Straight - Level";"Local Street";"Dry";"Two-Way, Not Divided";"None";"T-Intersection";"Smooth Asphalt";"Piedmont";"Urban";"20 - 25  MPH";"Stop Sign";"Clear";"No";"35.41191, -80.58301"
"4857";965;966;"No";"20-24";22;"No";"Facing Traffic";"C: Possible Injury";"Sidewalk / Crosswalk / Driveway Crossing";"White";"Male";"None - Rural Crash";"Alamance";"No";"01-01-04";2010-05-06;"Motorist Failed to Yield - Midblock";16;"Non-Intersection";"01-05-01";1-01-01 15:59:58;"Motorist Drive Out - Other Midblock";0;2010;"C: Possible Injury";"Institutional";"50-59";58;"No";"0-5 mph";"O: No Injury";"White";"Female";"Passenger Car";"No";"No";"Daylight";"Mixed (30% To 70% Developed)";"2 lanes";2;"Straight - Level";"State Secondary Route";"Dry";"Two-Way, Not Divided";"None";"Driveway, Public";"Smooth Asphalt";"Piedmont";"Rural";"20 - 25  MPH";"No Control Present";"Clear";"No";"36.10313, -79.50022"
"4858";966;967;"Yes";"20-24";22;"No";"With Traffic";"C: Possible Injury";"Travel Lane";"White";"Male";"None - Rural Crash";"Alamance";"No";NA;2010-04-26;"Motorist Right Turn / Merge";14;"Intersection";"01-04-01";1-01-01 14:08:58;"Motorist Right Turn - Same Direction";0;2010;"C: Possible Injury";"Institutional";"30-39";39;"No";"21-25 mph";"O: No Injury";"White";"Female";"Single Unit Truck (2-Axle, 6-Tire)";"No";"No";"Daylight";"Urban (>70% Developed)";"2 lanes";2;"Straight - Grade";"State Secondary Route";"Dry";"Two-Way, Not Divided";"None";"Four-Way Intersection";"Smooth Asphalt";"Piedmont";"Rural";"20 - 25  MPH";"Stop And Go Signal";"Clear";"No";"36.10351, -79.497314"
"4859";967;968;"Yes";"16-19";19;"No";"Not Applicable";"C: Possible Injury";"Sidewalk / Crosswalk / Driveway Crossing";"White";"Male";"None - Rural Crash";"Alamance";"No";"01-01-04";2010-04-01;"Bicyclist Failed to Yield - Signalized Intersection";18;"Intersection";"01-04-01";1-01-01 17:59:58;"Bicyclist Ride Through - Signalized Intersection";0;2010;"C: Possible Injury";"Institutional";"30-39";39;"No";"21-25 mph";"O: No Injury";"White";"Female";"Sport Utility";"No";"No";"Daylight";"Urban (>70% Developed)";"2 lanes";2;"Straight - Grade";"Local Street";"Dry";"Two-Way, Not Divided";"None";"T-Intersection";"Smooth Asphalt";"Piedmont";"Rural";"20 - 25  MPH";"Stop And Go Signal";"Clear";"No0";"36.103054, -79.502495"
"4860";1;2;"Yes";"15-Nov";11;"No";"Not Applicable";"C: Possible Injury";"Non-Roadway";"Black";"Female";"Cary";"Wake";"No";"01-01-04";2011-01-06;"Non-Roadway";16;"Non-Roadway";NA;1-01-01 16:24:58;"Non-Roadway";460910;2011;"C: Possible Injury";"Residential";NA;NA;"No";"0-5 mph";"Injury";"/Missing";NA;"Sport Utility";"No";"Yes";"Daylight";"Urban (>70% Developed)";NA;2;"Straight - Grade";"Private Road, Driveway";"Dry";"Two-Way, Not Divided";"None";"Driveway, Private";"Smooth Asphalt";"Piedmont";"Urban";"5 - 15 MPH";"No Control Present";"Clear";"No";"35.81226, -78.7858"
"4861";4;5;"Yes";"40-49";44;"No";"With Traffic";"C: Possible Injury";"Travel Lane";"White";"Male";"None - Rural Crash";"Randolph";"No";"01-01-05";2011-01-07;"Motorist Failed to Yield - Midblock";7;"Non-Intersection";NA;1-01-01 07:39:58;"Motorist Drive Out - Other Midblock";311328;2011;"C: Possible Injury";"Commercial";"25-29";25;"No";"0-5 mph";"O: No Injury";"White";"Female";"Passenger Car";"No";"No";"Daylight";"Urban (>70% Developed)";"3 lanes";2;"Straight - Level";"US Route";"Dry";"Two-Way, Not Divided";"None";"Driveway, Public";"Smooth Asphalt";"Piedmont";"Rural";"40 - 45  MPH";"No Control Present";"Clear";"No";"35.67315, -79.8204"