"FID";"OBJECTID";"AmbulanceR";"BikeAge_Gr";"Bike_Age";"Bike_Alc_D";"Bike_Dir";"Bike_Injur";"Bike_Pos";"Bike_Race";"Bike_Sex";"City";"County";"CrashAlcoh";"CrashDay";"Crash_Date";"Crash_Grp";"Crash_Hour";"Crash_Loc";"Crash_Mont";"Crash_Time";"Crash_Type";"Crash_Ty_1";"Crash_Year";"Crsh_Sevri";"Developmen";"DrvrAge_Gr";"Drvr_Age";"Drvr_Alc_D";"Drvr_EstSp";"Drvr_Injur";"Drvr_Race";"Drvr_Sex";"Drvr_VehTy";"ExcsSpdInd";"Hit_Run";"Light_Cond";"Locality";"Num_Lanes";"Num_Units";"Rd_Charact";"Rd_Class";"Rd_Conditi";"Rd_Config";"Rd_Defects";"Rd_Feature";"Rd_Surface";"Region";"Rural_Urba";"Speed_Limi";"Traff_Cntr";"Weather";"Workzone_I";"Location"
"4862";7;8;"Yes";"30-39";36;"No";"With Traffic";"C: Possible Injury";"Travel Lane";"White";"Male";"Greensboro";"Guilford";"No";NA;2011-01-03;"Motorist Overtaking Bicyclist";16;"Non-Intersection";NA;1-01-01 16:22:58;"Motorist Overtaking - Undetected Bicyclist";311231;2011;"C: Possible Injury";"Commercial";"60-69";69;"No";"11-15 mph";"O: No Injury";"White";"Male";"Passenger Car";"No";"No";"Daylight";"Urban (>70% Developed)";"6 lanes";2;"Curve - Level";"Local Street";"Dry";"Two-Way, Divided, Positive Median Barrier";"None";"On or Off Ramp";"Smooth Asphalt";"Piedmont";"Urban";"40 - 45  MPH";"No Control Present";"Clear";"No";"36.06217, -79.86"
"4863";8;9;"No";"16-19";17;"No";"Facing Traffic";"C: Possible Injury";"Sidewalk / Crosswalk / Driveway Crossing";"Asian";"Male";"Cary";"Wake";"No";"01-01-05";2011-01-14;"Motorist Failed to Yield - Sign-Controlled Intersection";17;"Intersection";NA;1-01-01 17:39:58;"Motorist Drive Out - Sign-Controlled Intersection";132141;2011;"C: Possible Injury";"Residential";"0-19";17;"No";"0-5 mph";"O: No Injury";"White";"Female";"Sport Utility";"No";"No";"Dark - Lighted Roadway";"Urban (>70% Developed)";"2 lanes";2;"Straight - Hillcrest";"Local Street";"Dry";"Two-Way, Not Divided";"None";"T-Intersection";"Smooth Asphalt";"Piedmont";"Urban";"20 - 25  MPH";"Stop Sign";"Clear";"No";"35.74997, -78.8127"
"4864";9;10;"Yes";"10-Jun";9;"No";"Not Applicable";"B: Evident Injury";"Travel Lane";"Native American";"Female";"None - Rural Crash";"Robeson";"No";NA;2011-01-17;"Non-Roadway";12;"Non-Roadway";NA;1-01-01 12:09:58;"Non-Roadway";410910;2011;"B: Evident Injury";"Residential";"60-69";66;"No";"6-10 mph";"O: No Injury";"White";"Male";"Passenger Car";"No";"No";"Daylight";"Rural (<30% Developed)";"2 lanes";2;"Straight - Level";"State Secondary Route";"Dry";"Two-Way, Not Divided";"None";"Driveway, Private";"Coarse Asphalt";"Coastal";"Rural";"50 - 55  MPH";"No Control Present";"Clear";"No";"34.64756, -79.0548"
"4865";24;25;"Yes";"40-49";48;"No";"With Traffic";"Injury";"Travel Lane";"White";"Male";"Chapel Hill";"Orange";"No";"01-01-03";2011-02-02;"Motorist Right Turn / Merge";17;"Intersection";"01-02-01";1-01-01 17:21:58;"Motorist Right Turn - Same Direction";111213;2011;"O: No Injury";"Commercial";"25-29";28;"No";"0-5 mph";"O: No Injury";"White";"Male";"Van";"No";"No";"Daylight";"Urban (>70% Developed)";"2 lanes";2;"Straight - Level";"Local Street";"Dry";"Two-Way, Not Divided";"None";"Four-Way Intersection";"Smooth Asphalt";"Piedmont";"Urban";"20 - 25  MPH";"Stop And Go Signal";"Clear";"No";"35.91318, -79.0588"
"4866";29;30;"No";"70+";NA;"No";"With Traffic";"B: Evident Injury";"Travel Lane";"White";"Male";"Hampstead";"Pender";"No";NA;2011-02-07;"Motorist Overtaking Bicyclist";9;"Non-Intersection";"01-02-01";1-01-01 08:59:58;"Motorist Overtaking - Misjudged Space";311232;2011;"B: Evident Injury";"Residential";NA;NA;"No";NA;"Injury";"/Missing";NA;"Passenger Car";"No";"Yes";"Daylight";"Urban (>70% Developed)";"2 lanes";2;"Straight - Level";"Local Street";"Dry";"Two-Way, Not Divided";"None";"No Special Feature";"Coarse Asphalt";"Coastal";"Rural";NA;"No Control Present";"Clear";"No";"34.39926, -77.6495"
"4867";30;31;"Yes";"30-39";37;"No";"Facing Traffic";"C: Possible Injury";"Travel Lane";"Black";"Male";"Fayetteville";"Cumberland";"No";"01-01-05";2011-02-04;"Motorist Failed to Yield - Sign-Controlled Intersection";18;"Intersection";"01-02-01";1-01-01 18:31:58;"Motorist Drive Out - Sign-Controlled Intersection";112141;2011;"C: Possible Injury";"Residential";NA;NA;"Missing";"0-5 mph";"Injury";"/Missing";NA;NA;"No";"Yes";"Dark - Roadway Not Lighted";"Urban (>70% Developed)";"2 lanes";2;"Straight - Level";"Local Street";"Wet";"Two-Way, Divided, Unprotected Median";"None";"No Special Feature";"Coarse Asphalt";"Coastal";"Urban";"40 - 45  MPH";"Stop Sign";"Rain";"No";"35.13181, -78.9005"
"4868";32;33;"No";"25-29";25;"Yes";"Not Applicable";"O: No Injury";"Non-Roadway";"White";"Female";"Raleigh";"Wake";"Yes";"01-01-06";2011-01-15;"Bicyclist Failed to Yield - Midblock";16;"Non-Intersection";NA;1-01-01 15:59:58;"Bicyclist Ride Out - Commercial Driveway / Alley";363312;2011;"O: No Injury";"Industrial";"30-39";34;"No";"11-15 mph";"O: No Injury";"Black";"Male";"Passenger Car";"No";"No";"Daylight";"Urban (>70% Developed)";"2 lanes";2;"Straight - Grade";"Local Street";"Dry";"Two-Way, Not Divided";"None";"No Special Feature";"Smooth Asphalt";"Piedmont";"Urban";"30 - 35  MPH";"No Control Present";"Clear";"No";"35.78099, -78.6558"
"4869";36;37;"Yes";"25-29";26;"No";"With Traffic";"B: Evident Injury";"Travel Lane";"White";"Female";"Durham";"Durham";"No";"01-01-02";2011-02-15;"Motorist Left Turn / Merge";9;"Intersection";"01-02-01";1-01-01 09:29:58;"Motorist Left Turn - Opposite Direction";111212;2011;"B: Evident Injury";"Residential";"20-24";21;"No";"11-15 mph";"O: No Injury";"White";"Male";"Passenger Car";"No";"No";"Daylight";"Urban (>70% Developed)";"2 lanes";2;"Straight - Grade";"Local Street";"Dry";"Two-Way, Divided, Unprotected Median";"None";"No Special Feature";"Smooth Asphalt";"Piedmont";"Urban";"30 - 35  MPH";"No Control Present";"Clear";"No";"35.99796, -78.9272"
"4870";42;43;"No";"40-49";44;"No";"With Traffic";"C: Possible Injury";"Sidewalk / Crosswalk / Driveway Crossing";"Black";"Male";"Charlotte";"Mecklenburg";"No";NA;2011-02-07;"Motorist Failed to Yield - Sign-Controlled Intersection";10;"Intersection";"01-02-01";1-01-01 10:25:58;"Motorist Drive Out - Sign-Controlled Intersection";131141;2011;"C: Possible Injury";"Commercial";NA;NA;"Missing";"0-5 mph";"Injury";"/Missing";NA;NA;"No";"Yes";"Daylight";"Urban (>70% Developed)";"2 lanes";2;"Straight - Level";"Local Street";"Dry";"Two-Way, Not Divided";"None";"Four-Way Intersection";"Smooth Asphalt";"Piedmont";"Urban";"30 - 35  MPH";"Stop Sign";"Cloudy";"No";"35.21837, -80.8538"
"4871";52;53;"No";"10-Jun";7;"No";"Not Applicable";"C: Possible Injury";"Driveway / Alley";"Black";"Male";"Charlotte";"Mecklenburg";"No";"01-01-03";2011-02-16;"Bicyclist Failed to Yield - Midblock";17;"Non-Intersection";"01-02-01";1-01-01 17:20:58;"Bicyclist Ride Out - Residential Driveway";353311;2011;"C: Possible Injury";"Residential";"25-29";29;"No";"11-15 mph";"O: No Injury";"Black";"Female";"Passenger Car";"No";"No";"Daylight";"Urban (>70% Developed)";"2 lanes";2;"Straight - Level";"Local Street";"Dry";"Two-Way, Not Divided";"None";"T-Intersection";"Smooth Asphalt";"Piedmont";"Urban";"20 - 25  MPH";"No Control Present";"Clear";"No";"35.13845, -80.8978"
"4872";57;58;"No";"25-29";28;"No";"With Traffic";"C: Possible Injury";"Travel Lane";"Hispanic";"Male";"Charlotte";"Mecklenburg";"No";"01-01-06";2011-02-19;"Motorist Left Turn / Merge";10;"Intersection";"01-02-01";1-01-01 10:43:58;"Motorist Left Turn - Opposite Direction";111212;2011;"C: Possible Injury";"Residential";"50-59";55;"No";"31-35 mph";"O: No Injury";"Black";"Male";"Light Truck (Mini-Van, Panel)";"No";"No";"Dawn";"Urban (>70% Developed)";"4 lanes";2;"Straight - Bottom";"Local Street";"Dry";"Two-Way, Not Divided";"None";"No Special Feature";"Coarse Asphalt";"Piedmont";"Urban";"30 - 35  MPH";"Stop Sign";"Clear";"No";"35.22709, -80.8431"
"4873";58;59;"Yes";"16-19";18;"No";"Facing Traffic";"C: Possible Injury";"Sidewalk / Crosswalk / Driveway Crossing";"White";"Female";"Wilmington";"New Hanover";"No";"01-01-05";2011-02-18;"Motorist Failed to Yield - Midblock";14;"Non-Intersection";"01-02-01";1-01-01 14:30:58;"Motorist Drive Out - Commercial Driveway / Alley";332322;2011;"C: Possible Injury";"Commercial";"20-24";23;"No";"0-5 mph";"O: No Injury";"White";"Male";"Sport Utility";"No";"No";"Daylight";"Urban (>70% Developed)";NA;3;"Straight - Level";"Public Vehicular Area";"Dry";"Two-Way, Not Divided";"None";"Driveway, Public";"Coarse Asphalt";"Coastal";"Urban";NA;"Stop Sign";"Clear";"No";"34.23693, -77.8282"
"4874";61;62;"No";"20-24";22;"No";"Not Applicable";"O: No Injury";"Non-Roadway";"White";"Male";"Salisbury";"Rowan";"No";"01-01-04";2011-03-03;"Non-Roadway";11;"Non-Roadway";"01-03-01";1-01-01 11:01:58;"Non-Roadway";460910;2011;"O: No Injury";"Institutional";"25-29";28;"Missing";"0-5 mph";"O: No Injury";"White";"Male";"Pickup";"No";"No";"Daylight";"Urban (>70% Developed)";NA;2;"Straight - Level";"Public Vehicular Area";"Dry";"One-Way, Not Divided";"None";"Driveway, Public";"Other";"Piedmont";"Urban";"30 - 35  MPH";"No Control Present";"Clear";"No";"35.69158, -80.4822"
"4875";65;66;"No";"30-39";36;"No";"With Traffic";"C: Possible Injury";"Travel Lane";"White";"Male";"Asheville";"Buncombe";"No";"01-01-03";2011-02-16;"Bicyclist Overtaking Motorist";12;"Non-Intersection";"01-02-01";1-01-01 12:14:58;"Bicyclist Overtaking - Passing on Right";311241;2011;"C: Possible Injury";"Institutional";"0-19";19;"No";"0-5 mph";"O: No Injury";"Other";"Male";"Passenger Car";"No";"No";"Daylight";"Urban (>70% Developed)";"2 lanes";2;"Straight - Level";"Local Street";"Dry";"Two-Way, Not Divided";"None";"Driveway, Public";"Smooth Asphalt";"Mountains";"Urban";"30 - 35  MPH";"No Control Present";"Clear";"No";"35.59639, -82.5488"
"4876";69;70;"No";NA;NA;"Missing";"With Traffic";"Injury";"Travel Lane";"/Missing";NA;"None - Rural Crash";"Sampson";"No";"01-01-02";2011-03-08;"Bicyclist Left Turn / Merge";15;"Non-Intersection";"01-03-01";1-01-01 15:31:58;"Bicyclist Left Turn - Same Direction";311221;2011;"C: Possible Injury";"Farms, Woods, Pastures";NA;NA;"Missing";NA;"Injury";"/Missing";NA;NA;"No";"No";"Daylight";"Rural (<30% Developed)";"2 lanes";2;"Straight - Level";"State Secondary Route";"Dry";"Two-Way, Not Divided";"None";"No Special Feature";"Coarse Asphalt";"Coastal";"Rural";NA;"Double Yellow Line, No Passing Zone";"Clear";"No";"34.95779, -78.4286"
"4877";71;72;"No";"50-59";58;"No";"With Traffic";"O: No Injury";"Sidewalk / Crosswalk / Driveway Crossing";"Black";"Male";"Charlotte";"Mecklenburg";"No";"01-01-04";2011-02-24;"Motorist Right Turn / Merge";16;"Intersection";"01-02-01";1-01-01 16:19:58;"Motorist Right Turn - Same Direction";131213;2011;"O: No Injury";"Commercial";"40-49";40;"No";"0-5 mph";"O: No Injury";"White";"Male";"Police";"No";"No";"Daylight";"Urban (>70% Developed)";"5 lanes";2;"Straight - Level";"Local Street";"Dry";"Two-Way, Divided, Unprotected Median";"None";"No Special Feature";"Smooth Asphalt";"Piedmont";"Urban";"30 - 35  MPH";"Stop And Go Signal";"Cloudy";"No";"35.21352, -80.884"
"4878";80;81;"Yes";"0-5";5;"No";"Not Applicable";"C: Possible Injury";"Driveway / Alley";"Black";"Male";"Greensboro";"Guilford";"No";"01-01-02";2011-03-08;"Bicyclist Failed to Yield - Midblock";16;"Non-Intersection";"01-03-01";1-01-01 16:48:58;"Bicyclist Ride Out - Residential Driveway";353311;2011;"C: Possible Injury";"Residential";"20-24";20;"No";"21-25 mph";"O: No Injury";"Asian";"Female";"Passenger Car";"No";"No";"Daylight";"Urban (>70% Developed)";"2 lanes";2;"Straight - Grade";"Local Street";"Dry";"Two-Way, Not Divided";"None";"No Special Feature";"Smooth Asphalt";"Piedmont";"Urban";"30 - 35  MPH";"No Control Present";"Clear";"No";"36.0448, -79.8618"
"4879";91;92;"Yes";"30-39";36;"No";"Facing Traffic";"B: Evident Injury";"Travel Lane";"Black";"Male";"Greenville";"Pitt";"No";"01-01-07";2011-03-06;"Bicyclist Failed to Yield - Signalized Intersection";11;"Intersection";"01-03-01";1-01-01 11:47:58;"Bicyclist Ride Out - Signalized  Intersection";112153;2011;"B: Evident Injury";"Commercial";"70+";NA;"No";"41-45 mph";"O: No Injury";"Black";"Male";"Sport Utility";"No";"No";"Daylight";"Urban (>70% Developed)";"6 lanes";2;"Straight - Grade";"Local Street";"Wet";"Two-Way, Divided, Unprotected Median";"None";"Four-Way Intersection";"Coarse Asphalt";"Coastal";"Urban";"40 - 45  MPH";"Stop And Go Signal";"Rain";"No";"35.61312, -77.3929"
"4880";92;93;"Yes";"16-19";16;"No";"With Traffic";"C: Possible Injury";"Bike Lane / Paved Shoulder";"White";"Male";"None - Rural Crash";"Moore";"No";"01-01-02";2011-03-22;"Motorist Overtaking Bicyclist";10;"Non-Intersection";"01-03-01";1-01-01 10:14:58;"Motorist Overtaking - Other /";321239;2011;"C: Possible Injury";"Farms, Woods, Pastures";NA;NA;"No";"31-35 mph";"Injury";"/Missing";NA;"Pickup";"No";"Yes";"Daylight";"Rural (<30% Developed)";"2 lanes";2;"Straight - Grade";"State Secondary Route";"Dry";"Two-Way, Not Divided";"None";"No Special Feature";"Coarse Asphalt";"Piedmont";"Rural";"50 - 55  MPH";"No Control Present";"Clear";"No";"35.33279, -79.3287"
"4881";96;97;"Yes";"50-59";52;"No";"With Traffic";"A: Disabling Injury";"Travel Lane";"White";"Male";"Wrightsville Beach";"New Hanover";"No";"01-01-06";2011-02-12;"Crossing Paths - Other Circumstances";12;"Non-Intersection";"01-02-01";1-01-01 12:25:58;"Crossing Paths - Midblock - Other /";311380;2011;"A: Disabling Injury";"Residential";NA;NA;"Missing";NA;"Injury";"/Missing";NA;"Passenger Car";"No";"No";"Daylight";"Urban (>70% Developed)";"2 lanes";2;"Straight - Level";"US Route";"Dry";"Two-Way, Not Divided";"None";"No Special Feature";"Smooth Asphalt";"Coastal";"Rural";"20 - 25  MPH";"No Control Present";"Clear";"No";"34.21261, -77.7923"
"4882";97;98;"No";"20-24";20;"No";"With Traffic";"O: No Injury";"Bike Lane / Paved Shoulder";"White";"Male";"Greenville";"Pitt";"No";"01-01-03";2011-02-23;"Bicyclist Failed to Yield - Signalized Intersection";12;"Intersection";"01-02-01";1-01-01 12:32:58;"Bicyclist Failed to Clear - Trapped";121156;2011;"O: No Injury";"Residential";"25-29";27;"No";"0-5 mph";"O: No Injury";"White";"Female";"Passenger Car";"No";"No";"Daylight";"Urban (>70% Developed)";"2 lanes";2;"Straight - Level";"Private Road, Driveway";"Dry";"Two-Way, Divided, Positive Median Barrier";"Other";"Driveway, Private";"Coarse Asphalt";"Coastal";"Urban";"5 - 15 MPH";"Stop And Go Signal";"Clear";"No";"35.55946, -77.3654"
"4883";103;104;"Yes";"16-19";18;"No";"Not Applicable";"A: Disabling Injury";"Travel Lane";"Black";"Male";"Jacksonville";"Onslow";"No";"01-01-06";2011-03-05;"Bicyclist Failed to Yield - Midblock";13;"Non-Intersection";"01-03-01";1-01-01 13:12:58;"Multiple Threat - Midblock";313357;2011;"A: Disabling Injury";"Commercial";"25-29";29;"No";"36-40 mph";"O: No Injury";"Black";"Female";"Passenger Car";"No";"No";"Daylight";"Urban (>70% Developed)";"4 lanes";3;"Straight - Level";"US Route";"Dry";"Two-Way, Divided, Unprotected Median";"None";"No Special Feature";"Smooth Asphalt";"Coastal";"Urban";"40 - 45  MPH";"Double Yellow Line, No Passing Zone";"Clear";"No";"34.76059, -77.4156"
"4884";106;107;"Yes";"50-59";55;"No";"With Traffic";"C: Possible Injury";"Sidewalk / Crosswalk / Driveway Crossing";"Black";"Male";"Durham";"Durham";"No";"01-01-04";2011-03-24;"Motorist Failed to Yield - Signalized Intersection";16;"Intersection";"01-03-01";1-01-01 16:00:58;"Motorist Drive Out - Signalized Intersection";131152;2011;"C: Possible Injury";"Commercial";"40-49";45;"No";"6-10 mph";"O: No Injury";"Hispanic";"Male";"Passenger Car";"No";"No";"Daylight";"Urban (>70% Developed)";"3 lanes";2;"Straight - Level";"Local Street";"Dry";"Two-Way, Not Divided";"None";"Four-Way Intersection";"Coarse Asphalt";"Piedmont";"Urban";"30 - 35  MPH";"Stop And Go Signal";"Cloudy";"No";"36.01003, -78.922"
"4885";108;109;"Yes";"30-39";34;"No";"With Traffic";"B: Evident Injury";"Travel Lane";"White";"Female";"Fayetteville";"Cumberland";"No";"01-01-05";2011-03-18;"Motorist Overtaking Bicyclist";1;"Non-Intersection";"01-03-01";1-01-01 01:54:58;"Motorist Overtaking - Other /";311239;2011;"B: Evident Injury";"Commercial";NA;NA;"Missing";NA;"Injury";"/Missing";NA;NA;"No";"Yes";"Dark - Lighted Roadway";"Urban (>70% Developed)";"4 lanes";2;"Straight - Level";"Local Street";"Dry";"Two-Way, Divided, Unprotected Median";"None";"No Special Feature";"Coarse Asphalt";"Coastal";"Urban";NA;"No Control Present";"Clear";"Yes";"35.11166, -78.9609"
"4886";113;114;"Yes";"60-69";60;"No";"With Traffic";"C: Possible Injury";"Travel Lane";"White";"Female";"Monroe";"Union";"No";"01-01-04";2011-03-24;"Bicyclist Failed to Yield - Sign-Controlled Intersection";20;"Intersection";"01-03-01";1-01-01 20:16:58;"Bicyclist Ride Out - Sign-Controlled Intersection";111142;2011;"C: Possible Injury";"Commercial";"70+";NA;"No";"36-40 mph";"O: No Injury";"White";"Male";"Van";"No";"No";"Dark - Lighted Roadway";"Urban (>70% Developed)";"2 lanes";2;"Straight - Level";"State Secondary Route";"Dry";"Two-Way, Not Divided";"None";"No Special Feature";"Smooth Asphalt";"Piedmont";"Urban";"40 - 45  MPH";"Stop Sign";"Clear";"No";"35.01803, -80.6058"
"4887";117;118;"No";"40-49";48;"No";"With Traffic";"B: Evident Injury";"Travel Lane";"White";"Male";"None - Rural Crash";"Union";"No";"01-01-06";2011-03-19;"Motorist Overtaking Bicyclist";11;"Non-Intersection";"01-03-01";1-01-01 11:35:58;"Motorist Overtaking - Misjudged Space";311232;2011;"B: Evident Injury";"Farms, Woods, Pastures";"30-39";39;"No";"41-45 mph";"O: No Injury";"White";"Male";"Pickup";"No";"No";"Daylight";"Rural (<30% Developed)";"2 lanes";2;"Straight - Level";"State Secondary Route";"Dry";"Two-Way, Not Divided";"None";"No Special Feature";"Coarse Asphalt";"Piedmont";"Rural";"50 - 55  MPH";"Double Yellow Line, No Passing Zone";"Clear";"No";"34.90045, -80.5073"
"4888";119;120;"Yes";"10-Jun";10;"No";"With Traffic";"C: Possible Injury";"Travel Lane";"White";"Male";"Raleigh";"Wake";"No";"01-01-06";2011-03-05;"Bicyclist Left Turn / Merge";17;"Non-Intersection";"01-03-01";1-01-01 17:01:58;"Bicyclist Left Turn - Opposite Direction";311222;2011;"C: Possible Injury";"Residential";"20-24";23;"No";"21-25 mph";"O: No Injury";"White";"Female";"Sport Utility";"No";"No";"Daylight";"Urban (>70% Developed)";"2 lanes";2;"Curve - Grade";"Local Street";"Dry";"Two-Way, Not Divided";"None";"No Special Feature";"Smooth Asphalt";"Piedmont";"Urban";"20 - 25  MPH";"No Control Present";"Clear";"No";"35.8707, -78.5255"
"4889";124;125;"Yes";"16-19";16;"No";"With Traffic";"B: Evident Injury";"Sidewalk / Crosswalk / Driveway Crossing";"White";"Male";"Charlotte";"Mecklenburg";"No";"01-01-04";2011-03-31;"Motorist Overtaking Bicyclist";21;"Intersection-Related";"01-03-01";1-01-01 21:25:58;"Motorist Overtaking - Other /";231239;2011;"B: Evident Injury";"Commercial";NA;NA;"Missing";"11-15 mph";"Injury";"/Missing";NA;NA;"No";"Yes";"Dark - Lighted Roadway";"Urban (>70% Developed)";"5 lanes";2;"Straight - Level";"Local Street";"Dry";"Two-Way, Divided, Unprotected Median";"None";"Driveway, Public";"Concrete";"Piedmont";"Urban";"30 - 35  MPH";"No Control Present";"Rain";"No";"35.21567, -80.7808"
"4890";129;130;"Yes";"20-24";20;"No";"With Traffic";"A: Disabling Injury";"Travel Lane";"Black";"Male";"None - Rural Crash";"Craven";"No";"01-01-04";2011-04-07;"Motorist Overtaking Bicyclist";7;"Non-Intersection";"01-04-01";1-01-01 07:50:58;"Motorist Overtaking - Other /";311239;2011;"A: Disabling Injury";"Farms, Woods, Pastures";"40-49";41;"No";"41-45 mph";"O: No Injury";"Black";"Female";"Sport Utility";"No";"No";"Daylight";"Rural (<30% Developed)";"2 lanes";2;"Straight - Level";"State Secondary Route";"Dry";"Two-Way, Not Divided";"None";"No Special Feature";"Smooth Asphalt";"Coastal";"Rural";"50 - 55  MPH";"No Control Present";"Clear";"No";"35.28879, -77.3874"
"4891";130;131;"Yes";"15-Nov";13;"No";"With Traffic";"C: Possible Injury";"Travel Lane";"White";"Female";"Apex";"Wake";"No";"01-01-06";2011-04-09;"Bicyclist Left Turn / Merge";13;"Intersection";"01-04-01";1-01-01 13:45:58;"Bicyclist Left Turn - Same Direction";111221;2011;"C: Possible Injury";"Residential";"50-59";57;"No";"36-40 mph";"O: No Injury";"Other";"Female";"Passenger Car";"No";"No";"Daylight";"Urban (>70% Developed)";"4 lanes";2;"Straight - Level";"Local Street";"Dry";"Two-Way, Not Divided";"None";"T-Intersection";"Smooth Asphalt";"Piedmont";"Urban";"40 - 45  MPH";"No Control Present";"Cloudy";"No";"35.73546, -78.8342"
"4892";132;133;"Yes";"40-49";44;"Yes";"With Traffic";"B: Evident Injury";"Travel Lane";"Black";"Male";"Raleigh";"Wake";"Yes";"01-01-07";2011-03-27;"Motorist Overtaking Bicyclist";20;"Non-Intersection";"01-03-01";1-01-01 20:31:58;"Motorist Overtaking - Undetected Bicyclist";311231;2011;"B: Evident Injury";"Commercial";"20-24";20;"No";"41-45 mph";"O: No Injury";"White";"Male";"Passenger Car";"No";"No";"Dark - Roadway Not Lighted";"Urban (>70% Developed)";"5 lanes";2;"Straight - Level";"Local Street";"Dry";"One-Way, Not Divided";"None";"No Special Feature";"Smooth Asphalt";"Piedmont";"Urban";"40 - 45  MPH";"No Control Present";"Clear";"No";"35.78063, -78.6457"
"4893";137;138;"No";"15-Nov";14;"No";"Facing Traffic";"C: Possible Injury";"Travel Lane";"Black";"Male";"Ahoskie";"Hertford";"No";"01-01-03";2011-03-02;"Crossing Paths - Other Circumstances";12;"Intersection";"01-03-01";1-01-01 12:16:58;"Sign-Controlled Intersection - Other /";112148;2011;"C: Possible Injury";"Residential";"40-49";40;"No";"0-5 mph";"O: No Injury";"Black";"Female";"Passenger Car";"No";"No";"Daylight";"Mixed (30% To 70% Developed)";"2 lanes";2;"Straight - Level";"Local Street";"Dry";"Two-Way, Not Divided";"None";"T-Intersection";"Smooth Asphalt";"Coastal";"Rural";"20 - 25  MPH";"Stop Sign";"Clear";"No";"36.27866, -76.9793"
"4894";143;144;"Yes";"10-Jun";9;"No";"Not Applicable";"B: Evident Injury";"Non-Roadway";"Black";"Female";"Winston-Salem";"Forsyth";"No";"01-01-07";2011-04-10;"Non-Roadway";18;"Non-Roadway";"01-04-01";1-01-01 18:36:58;"Non-Roadway";460910;2011;"B: Evident Injury";"Commercial";"50-59";50;"No";"0-5 mph";"O: No Injury";"Black";"Male";"Passenger Car";"No";"No";"Daylight";"Urban (>70% Developed)";NA;2;"Straight - Level";"Public Vehicular Area";"Dry";"Two-Way, Not Divided";"None";"No Special Feature";"Smooth Asphalt";"Piedmont";"Urban";NA;"No Control Present";"Clear";"No";"36.07159, -80.2909"
"4895";147;148;"Yes";"25-29";26;"No";"With Traffic";"B: Evident Injury";"Travel Lane";"White";"Male";"Charlotte";"Mecklenburg";"No";"01-01-03";2011-04-13;"Loss of Control / Turning Error";6;"Intersection";"01-04-01";1-01-01 06:42:58;"Motorist Turning Error - Other";111113;2011;"B: Evident Injury";"Residential";"40-49";46;"No";"31-35 mph";"O: No Injury";"White";"Female";"Sport Utility";"No";"No";"Daylight";"Urban (>70% Developed)";"4 lanes";2;"Straight - Level";"Local Street";"Dry";"Two-Way, Divided, Unprotected Median";"None";"Four-Way Intersection";"Smooth Asphalt";"Piedmont";"Urban";"30 - 35  MPH";"Stop And Go Signal";"Clear";"No";"35.20581, -80.8104"
"4896";151;152;"Yes";"40-49";44;"Yes";"With Traffic";"C: Possible Injury";"Travel Lane";"White";"Male";"None - Rural Crash";"Orange";"Yes";"01-01-04";2011-04-07;"Motorist Overtaking Bicyclist";0;"Intersection-Related";"01-04-01";1-01-01 00:48:58;"Motorist Overtaking - Other /";211239;2011;"C: Possible Injury";"Residential";NA;NA;"No";"26-30 mph";"Injury";"/Missing";NA;NA;"No";"Yes";"Dark - Roadway Not Lighted";"Mixed (30% To 70% Developed)";"9 or more lanes";2;"Straight - Grade";"State Secondary Route";"Dry";"Two-Way, Not Divided";"None";"No Special Feature";"Smooth Asphalt";"Piedmont";"Rural";"40 - 45  MPH";"Double Yellow Line, No Passing Zone";"Clear";"No";"36.03222, -78.9896"
"4897";152;153;"Yes";"40-49";42;"No";"With Traffic";"B: Evident Injury";"Travel Lane";"White";"Female";"Raleigh";"Wake";"No";"01-01-04";2011-04-07;"Motorist Left Turn / Merge";14;"Non-Intersection";"01-04-01";1-01-01 14:32:58;"Motorist Left Turn - Opposite Direction";311212;2011;"B: Evident Injury";"Residential";"20-24";20;"No";"0-5 mph";"O: No Injury";"White";"Female";"Sport Utility";"No";"No";"Daylight";"Urban (>70% Developed)";"2 lanes";2;"Curve - Grade";"Local Street";"Dry";"Two-Way, Not Divided";"None";"No Special Feature";"Coarse Asphalt";"Piedmont";"Urban";"30 - 35  MPH";"No Control Present";"Clear";"No";"35.82064, -78.653"
"4898";170;171;"No";"40-49";44;"No";"With Traffic";"C: Possible Injury";"Travel Lane";"White";"Male";"Matthews";"Mecklenburg";"No";"01-01-03";2011-04-20;"Motorist Failed to Yield - Signalized Intersection";10;"Intersection";"01-04-01";1-01-01 10:37:58;"Motorist Drive Through - Signalized Intersection";111154;2011;"C: Possible Injury";"Commercial";"25-29";25;"No";"6-10 mph";"O: No Injury";"White";"Female";"Van";"No";"No";"Daylight";"Urban (>70% Developed)";"4 lanes";2;"Straight - Level";"Local Street";"Dry";"Two-Way, Not Divided";"None";"No Special Feature";"Smooth Asphalt";"Piedmont";"Urban";"20 - 25  MPH";"Stop And Go Signal";"Cloudy";"No";"35.11833, -80.7202"