"FID";"OBJECTID";"AmbulanceR";"BikeAge_Gr";"Bike_Age";"Bike_Alc_D";"Bike_Dir";"Bike_Injur";"Bike_Pos";"Bike_Race";"Bike_Sex";"City";"County";"CrashAlcoh";"CrashDay";"Crash_Date";"Crash_Grp";"Crash_Hour";"Crash_Loc";"Crash_Mont";"Crash_Time";"Crash_Type";"Crash_Ty_1";"Crash_Year";"Crsh_Sevri";"Developmen";"DrvrAge_Gr";"Drvr_Age";"Drvr_Alc_D";"Drvr_EstSp";"Drvr_Injur";"Drvr_Race";"Drvr_Sex";"Drvr_VehTy";"ExcsSpdInd";"Hit_Run";"Light_Cond";"Locality";"Num_Lanes";"Num_Units";"Rd_Charact";"Rd_Class";"Rd_Conditi";"Rd_Config";"Rd_Defects";"Rd_Feature";"Rd_Surface";"Region";"Rural_Urba";"Speed_Limi";"Traff_Cntr";"Weather";"Workzone_I";"Location"
"4899";173;174;"No";"50-59";56;"No";"With Traffic";"O: No Injury";"Travel Lane";"White";"Male";"None - Rural Crash";"Forsyth";"No";"01-01-06";2011-04-30;"Motorist Overtaking Bicyclist";11;"Non-Intersection";"01-04-01";1-01-01 11:04:58;"Motorist Overtaking - Misjudged Space";311232;2011;"O: No Injury";"Residential";"40-49";47;"No";"41-45 mph";"O: No Injury";"White";"Male";"Sport Utility";"No";"No";"Daylight";"Rural (<30% Developed)";"2 lanes";2;"Straight - Level";"State Secondary Route";"Dry";"Two-Way, Not Divided";"Road Surface Condition";"No Special Feature";"Smooth Asphalt";"Piedmont";"Rural";"40 - 45  MPH";"No Control Present";"Clear";"No";"36.24709, -80.0859"
"4900";175;176;"No";"70+";NA;"No";"Facing Traffic";"C: Possible Injury";"Travel Lane";"White";"Male";"Wilmington";"New Hanover";"No";"01-01-03";2011-04-13;"Motorist Failed to Yield - Signalized Intersection";9;"Intersection";"01-04-01";1-01-01 09:18:58;"Motorist Drive Out - Right Turn on Red";112151;2011;"C: Possible Injury";"Commercial";"20-24";20;"No";"6-10 mph";"O: No Injury";"White";"Female";"Sport Utility";"No";"No";"Daylight";"Urban (>70% Developed)";"3 lanes";2;"Straight - Level";"Local Street";"Dry";"Two-Way, Divided, Unprotected Median";"None";"Four-Way Intersection";"Smooth Asphalt";"Coastal";"Urban";"40 - 45  MPH";"Stop And Go Signal";"Clear";"No";"34.24224, -77.8275"
"4901";197;198;"No";"15-Nov";13;"No";"With Traffic";"C: Possible Injury";NA;"Hispanic";"Male";"Troutman";"Iredell";"No";NA;2007-04-09;"Motorist Right Turn / Merge";17;"Non-Intersection";"01-04-01";1-01-01 17:48:58;"Motorist Right Turn - Same Direction";391213;2007;"C: Possible Injury";"Commercial";"50-59";55;"No";"0-5 mph";"O: No Injury";"White";"Female";"Passenger Car";"No";"No";"Daylight";"Mixed (30% To 70% Developed)";"2 lanes";2;"Straight - Level";"Local Street";"Dry";"Two-Way, Not Divided";"None";"Driveway, Public";"Smooth Asphalt";"Piedmont";"Rural";"30 - 35  MPH";"No Control Present";"Clear";"No";"35.701164, -80.8876"
"4902";206;207;"Yes";"25-29";25;"No";"With Traffic";"B: Evident Injury";"Travel Lane";"Hispanic";"Male";"Benson";"Johnston";"No";"01-01-07";2007-07-01;"Bicyclist Failed to Yield - Sign-Controlled Intersection";9;"Intersection";"01-07-01";1-01-01 09:47:58;"Bicyclist Ride Through - Sign-Controlled Intersection";111144;2007;"B: Evident Injury";"Residential";"50-59";52;"No";"31-35 mph";"O: No Injury";"White";"Female";"Passenger Car";"No";"No";"Daylight";"Mixed (30% To 70% Developed)";"2 lanes";2;"Straight - Level";"NC Route";"Dry";"Two-Way, Not Divided";"None";"Four-Way Intersection";"Smooth Asphalt";"Coastal";"Rural";"30 - 35  MPH";"Stop Sign";"Clear";"No";"35.38292, -78.5506"
"4903";212;213;"No";"0-5";5;"No";NA;"B: Evident Injury";"Non-Roadway";"Native American";"Male";"Red Springs";"Robeson";"No";"01-01-05";2007-04-13;"Non-Roadway";17;"Non-Roadway";"01-04-01";1-01-01 17:38:58;"Non-Roadway";460910;2007;"B: Evident Injury";"Residential";"20-24";23;"No";"0-5 mph";"O: No Injury";"Black";"Female";"Passenger Car";"No";"No";"Daylight";"Urban (>70% Developed)";"2 lanes";2;"Straight - Level";"Public Vehicular Area";"Dry";"Two-Way, Not Divided";"None";"No Special Feature";"Coarse Asphalt";"Coastal";"Rural";"5 - 15 MPH";"No Control Present";"Clear";"No";"34.818573, -79.19088"
"4904";214;215;"Yes";"40-49";45;"No";"With Traffic";"C: Possible Injury";"Travel Lane";"White";"Male";"North Wilkesboro";"Wilkes";"No";"01-01-05";2007-04-13;"Crossing Paths - Other Circumstances";1;"Intersection";"01-04-01";1-01-01 01:25:58;"Signalized Intersection - Other /";111158;2007;"C: Possible Injury";"Farms, Woods, Pastures";"70+";NA;"No";"0-5 mph";"O: No Injury";"White";"Female";"Passenger Car";"No";"No";"Dark - Roadway Not Lighted";"Urban (>70% Developed)";"4 lanes";2;"Curve - Level";"NC Route";"Dry";"Two-Way, Not Divided";"None";"Four-Way Intersection";"Smooth Asphalt";"Mountains";"Rural";"30 - 35  MPH";"Stop And Go Signal";"Clear";"No";"36.17664, -81.14423"
"4905";221;222;"Yes";"25-29";29;"No";"With Traffic";"C: Possible Injury";"Travel Lane";"Black";"Male";"Winston-Salem";"Forsyth";"No";"01-01-02";2007-04-17;"Motorist Overtaking Bicyclist";10;"Non-Intersection";"01-04-01";1-01-01 10:24:58;"Motorist Overtaking - Bicyclist Swerved";311235;2007;"C: Possible Injury";"Commercial";"70+";NA;"No";"16-20 mph";"O: No Injury";"White";"Male";"Passenger Car";"No";"No";"Daylight";"Urban (>70% Developed)";"2 lanes";2;"Straight - Level";"Local Street";"Dry";"Two-Way, Divided, Positive Median Barrier";"None";"No Special Feature";"Coarse Asphalt";"Piedmont";"Urban";"30 - 35  MPH";"Stop Sign";"Clear";"No";"36.10118, -80.26122"
"4906";236;237;"Yes";"10-Jun";6;"No";"With Traffic";"B: Evident Injury";"Travel Lane";"Hispanic";"Male";"Belmont";"Gaston";"No";"01-01-06";2007-04-21;"Bicyclist Failed to Yield - Sign-Controlled Intersection";13;"Intersection";"01-04-01";1-01-01 13:53:58;"Bicyclist Ride Through - Sign-Controlled Intersection";111144;2007;"B: Evident Injury";"Residential";"30-39";35;"No";"11-15 mph";"O: No Injury";"White";"Male";"Passenger Car";"No";"No";"Daylight";"Urban (>70% Developed)";"2 lanes";2;"Straight - Level";"Local Street";"Dry";"Two-Way, Not Divided";"None";"T-Intersection";"Coarse Asphalt";"Piedmont";"Urban";"30 - 35  MPH";"Stop Sign";"Clear";"No";"35.217793, -81.047104"
"4907";237;238;"Yes";"15-Nov";13;"No";"Facing Traffic";"B: Evident Injury";"Travel Lane";"White";"Male";"Granite Falls";"Caldwell";"No";"01-01-07";2007-04-22;"Bicyclist Failed to Yield - Sign-Controlled Intersection";17;"Intersection";"01-04-01";1-01-01 17:30:58;"Bicyclist Ride Through - Sign-Controlled Intersection";112144;2007;"B: Evident Injury";"Residential";"25-29";27;"No";"16-20 mph";"O: No Injury";"White";"Male";"Passenger Car";"No";"No";"Daylight";"Urban (>70% Developed)";"1 lane";2;"Straight - Grade";"Local Street";"Dry";"Two-Way, Not Divided";"None";"No Special Feature";"Smooth Asphalt";"Mountains";"Rural";"30 - 35  MPH";"Stop Sign";"Clear";"No";"35.794437, -81.4334"
"4908";239;240;"No";"50-59";59;"No";"Facing Traffic";"O: No Injury";"Travel Lane";"Native American";"Male";"None - Rural Crash";"Robeson";"No";"01-01-03";2007-04-25;"Bicyclist Failed to Yield - Sign-Controlled Intersection";19;"Intersection";"01-04-01";1-01-01 19:52:58;"Bicyclist Ride Through - Sign-Controlled Intersection";112144;2007;"O: No Injury";"Commercial";"40-49";44;"No";"51-55 mph";"O: No Injury";"Native American";"Female";"Van";"No";"No";"Daylight";"Mixed (30% To 70% Developed)";"2 lanes";2;"Straight - Level";"State Secondary Route";"Dry";"Two-Way, Not Divided";"None";"Four-Way Intersection";"Coarse Asphalt";"Coastal";"Rural";"50 - 55  MPH";"Double Yellow Line, No Passing Zone";"Clear";"No";"34.702442, -79.01924"
"4909";243;244;"No";"20-24";24;"No";"Not Applicable";"O: No Injury";"Non-Roadway";"White";"Male";"Hendersonville";"Henderson";"No";"01-01-02";2007-04-24;"Bicyclist Failed to Yield - Midblock";17;"Non-Intersection";"01-04-01";1-01-01 17:02:58;"Bicyclist Ride Out - Commercial Driveway / Alley";363312;2007;"O: No Injury";"Residential";"50-59";54;"No";"11-15 mph";"O: No Injury";"Black";"Male";"Pickup";"No";"No";"Daylight";"Urban (>70% Developed)";"2 lanes";2;"Straight - Level";"Local Street";"Dry";"Two-Way, Not Divided";"None";"No Special Feature";"Coarse Asphalt";"Mountains";"Urban";"30 - 35  MPH";"No Control Present";"Clear";"No";"35.30697, -82.46469"
"4910";250;251;"Yes";"10-Jun";10;"No";NA;"C: Possible Injury";"Non-Roadway";"White";"Male";"Morganton";"Burke";"No";"01-01-03";2007-04-25;"Non-Roadway";16;"Non-Roadway";"01-04-01";1-01-01 16:56:58;"Non-Roadway";460910;2007;"C: Possible Injury";"Commercial";"60-69";67;"No";"6-10 mph";"O: No Injury";"White";"Female";"Passenger Car";"No";"No";"Daylight";"Mixed (30% To 70% Developed)";"2 lanes";2;"Curve - Level";"Public Vehicular Area";"Dry";"Two-Way, Not Divided";"None";"No Special Feature";"Smooth Asphalt";"Mountains";"Urban";"5 - 15 MPH";"No Control Present";"Clear";"No";"35.733955, -81.695404"
"4911";253;254;"No";"15-Nov";12;"No";"With Traffic";"B: Evident Injury";"Travel Lane";"White";"Male";"Mooresville";"Iredell";"No";"01-01-04";2007-04-26;"Motorist Right Turn / Merge";18;"Non-Intersection";"01-04-01";1-01-01 18:49:58;"Motorist Right Turn - Same Direction";311213;2007;"B: Evident Injury";"Residential";"40-49";45;"No";"6-10 mph";"O: No Injury";"White";"Male";"Pickup";"No";"No";"Daylight";"Urban (>70% Developed)";"2 lanes";2;"Straight - Level";"Local Street";"Dry";"Two-Way, Not Divided";"None";"Driveway, Public";"Coarse Asphalt";"Piedmont";"Urban";"30 - 35  MPH";"No Control Present";"Clear";"No";"35.573746, -80.822266"
"4912";267;268;"Yes";"40-49";44;"No";"With Traffic";"C: Possible Injury";NA;"Black";"Male";"Monroe";"Union";"No";NA;2007-07-30;"Motorist Right Turn / Merge";8;"Intersection";"01-07-01";1-01-01 08:19:58;"Motorist Right Turn - Same Direction";191213;2007;"C: Possible Injury";"Commercial";"30-39";36;"No";"0-5 mph";"O: No Injury";"White";"Male";"Pickup";"No";"No";"Daylight";"Mixed (30% To 70% Developed)";"1 lane";2;"Straight - Grade";"Local Street";"Dry";"One-Way, Not Divided";"None";"T-Intersection";"Smooth Asphalt";"Piedmont";"Urban";"5 - 15 MPH";"No Control Present";"Cloudy";"No";"34.981567, -80.543274"
"4913";271;272;"No";"15-Nov";11;"No";NA;"C: Possible Injury";"Travel Lane";"White";"Male";"None - Rural Crash";"Union";"No";"01-01-02";2007-05-01;"Backing Vehicle";17;"Intersection";"01-05-01";1-01-01 16:59:58;"Backing Vehicle";119600;2007;"C: Possible Injury";"Residential";NA;NA;"Missing";"0-5 mph";"Injury";"/Missing";NA;NA;"No";"Yes";"Daylight";"Urban (>70% Developed)";"2 lanes";2;"Straight - Level";"State Secondary Route";"Dry";"Two-Way, Not Divided";"None";"No Special Feature";"Smooth Asphalt";"Piedmont";"Rural";"30 - 35  MPH";"No Control Present";"Clear";"No";"34.97867, -80.60186"
"4914";273;274;"Yes";"40-49";45;"No";"Facing Traffic";"C: Possible Injury";"Sidewalk / Crosswalk / Driveway Crossing";"Black";"Male";"Raleigh";"Wake";"No";"01-01-02";2007-05-01;"Motorist Failed to Yield - Signalized Intersection";16;"Intersection";"01-05-01";1-01-01 15:59:58;"Motorist Drive Out - Right Turn on Red";132151;2007;"C: Possible Injury";"Commercial";"30-39";32;"No";"0-5 mph";"O: No Injury";"White";"Male";"Passenger Car";"No";"No";"Daylight";"Urban (>70% Developed)";"5 lanes";2;"Straight - Grade";"Local Street";"Dry";"Two-Way, Not Divided";"None";"No Special Feature";"Smooth Asphalt";"Piedmont";"Urban";"30 - 35  MPH";"Stop And Go Signal";"Clear";"No";"35.76768, -78.57764"
"4915";279;280;"Yes";"20-24";20;"No";"With Traffic";"A: Disabling Injury";"Travel Lane";"White";"Male";"None - Rural Crash";"Buncombe";"No";"01-01-05";2007-05-04;"Bicyclist Left Turn / Merge";17;"Intersection";"01-05-01";1-01-01 17:29:58;"Bicyclist Left Turn - Same Direction";111221;2007;"A: Disabling Injury";"Farms, Woods, Pastures";"40-49";40;"No";"41-45 mph";"O: No Injury";"White";"Male";"Pickup";"No";"No";"Daylight";"Rural (<30% Developed)";"2 lanes";2;"Straight - Grade";"State Secondary Route";"Dry";"Two-Way, Not Divided";"None";"T-Intersection";"Smooth Asphalt";"Mountains";"Rural";"40 - 45  MPH";"Double Yellow Line, No Passing Zone";"Cloudy";"No";"35.48742, -82.47751"
"4916";288;289;"Yes";"40-49";49;"No";"With Traffic";"B: Evident Injury";NA;"White";"Male";"Elizabeth City";"Pasquotank";"No";"01-01-02";2007-05-08;"Motorist Left Turn / Merge";20;"Intersection";"01-05-01";1-01-01 20:55:58;"Motorist Left Turn - Opposite Direction";191212;2007;"B: Evident Injury";"Residential";"20-24";20;"No";"21-25 mph";"O: No Injury";"White";"Male";"Passenger Car";"No";"No";"Dark - Lighted Roadway";"Urban (>70% Developed)";"5 lanes";2;"Straight - Level";"Local Street";"Wet";"Two-Way, Divided, Unprotected Median";"None";"Four-Way Intersection";"Coarse Asphalt";"Coastal";"Urban";"50 - 55  MPH";"Stop And Go Signal";"Cloudy";"No";"36.281555, -76.223434"
"4917";291;292;"Yes";"20-24";23;"No";"With Traffic";"B: Evident Injury";"Travel Lane";"White";"Male";"Wilmington";"New Hanover";"No";"01-01-03";2007-05-09;"Motorist Overtaking Bicyclist";1;"Non-Intersection";"01-05-01";1-01-01 01:24:58;"Motorist Overtaking - Undetected Bicyclist";311231;2007;"B: Evident Injury";"Residential";NA;NA;"Missing";"31-35 mph";"Injury";"/Missing";NA;NA;"No";"Yes";"Dark - Lighted Roadway";"Mixed (30% To 70% Developed)";"2 lanes";2;"Straight - Level";"Public Vehicular Area";"Dry";"Two-Way, Not Divided";"None";"No Special Feature";"Smooth Asphalt";"Coastal";"Urban";"30 - 35  MPH";"No Control Present";"Cloudy";"No";"34.224724, -77.850746"
"4918";301;302;"Yes";"40-49";47;"Yes";"With Traffic";"C: Possible Injury";"Travel Lane";"Black";"Male";"Kinston";"Lenoir";"Yes";"01-01-04";2007-07-12;"Bicyclist Left Turn / Merge";17;"Non-Intersection";"01-07-01";1-01-01 17:43:58;"Bicyclist Left Turn - Opposite Direction";311222;2007;"C: Possible Injury";"Residential";"20-24";24;"No";"31-35 mph";"O: No Injury";"Black";"Male";"Sport Utility";"No";"No";"Daylight";"Urban (>70% Developed)";"2 lanes";2;"Straight - Level";"Local Street";"Dry";"Two-Way, Not Divided";"None";"Driveway, Private";"Smooth Asphalt";"Coastal";"Urban";"30 - 35  MPH";"No Control Present";"Clear";"No";"35.26491, -77.55592"
"4919";305;306;"Yes";"40-49";48;"No";"With Traffic";"A: Disabling Injury";"Travel Lane";"Other";"Male";"Charlotte";"Mecklenburg";"No";"01-01-07";2007-05-13;"Motorist Right Turn / Merge";16;"Non-Intersection";"01-05-01";1-01-01 16:43:58;"Motorist Right Turn - Same Direction";311213;2007;"A: Disabling Injury";"Residential";NA;NA;"Missing";"21-25 mph";"Injury";"/Missing";NA;NA;"No";"Yes";"Daylight";"Urban (>70% Developed)";"4 lanes";2;"Straight - Hillcrest";"Local Street";"Dry";"Two-Way, Divided, Unprotected Median";"None";"No Special Feature";"Smooth Asphalt";"Piedmont";"Urban";"30 - 35  MPH";"No Control Present";"Clear";"No";"35.16407, -80.87362"
"4920";306;307;"Yes";"10-Jun";8;"No";"With Traffic";"C: Possible Injury";NA;"Black";"Female";"Durham";"Durham";"No";NA;2007-08-13;"Bicyclist Failed to Yield - Signalized Intersection";17;"Intersection";"01-08-01";1-01-01 17:23:58;"Bicyclist Failed to Clear - Multiple Threat";191157;2007;"C: Possible Injury";"Residential";"50-59";58;"No";"0-5 mph";"O: No Injury";"Other";"Male";"Passenger Car";"No";"No";"Daylight";"Urban (>70% Developed)";"3 lanes";2;"Straight - Level";"Local Street";"Dry";"Two-Way, Not Divided";"None";"Four-Way Intersection";"Smooth Asphalt";"Piedmont";"Urban";"40 - 45  MPH";"Stop And Go Signal";"Clear";"No";"35.939487, -78.906654"
"4921";307;308;"Yes";"40-49";42;"No";"Facing Traffic";"C: Possible Injury";"Travel Lane";"Hispanic";"Male";"Raleigh";"Wake";"No";"01-01-07";2007-05-13;"Motorist Failed to Yield - Midblock";20;"Non-Intersection";"01-05-01";1-01-01 20:25:58;"Motorist Drive Out - Commercial Driveway / Alley";312322;2007;"C: Possible Injury";"Commercial";"25-29";26;"No";"0-5 mph";"O: No Injury";"White";"Male";"Sport Utility";"No";"No";"Dark - Lighted Roadway";"Urban (>70% Developed)";"3 lanes";2;"Straight - Level";"Public Vehicular Area";"Dry";"One-Way, Not Divided";"None";"Driveway, Public";"Smooth Asphalt";"Piedmont";"Urban";"40 - 45  MPH";"No Control Present";"Clear";"No";"35.74961, -78.649124"
"4922";309;310;"No";NA;NA;"Yes";"Facing Traffic";"C: Possible Injury";"Sidewalk / Crosswalk / Driveway Crossing";"Black";"Female";"Raleigh";"Wake";"Yes";"01-01-07";2007-05-06;"Parallel Paths - Other Circumstances";17;"Non-Intersection";"01-05-01";1-01-01 17:31:58;"Bicyclist Ride Out - Parallel Path";332225;2007;"C: Possible Injury";"Commercial";"25-29";25;"No";"16-20 mph";"O: No Injury";"White";"Male";"Sport Utility";"No";"No";"Daylight";"Urban (>70% Developed)";"4 lanes";2;"Straight - Level";"Local Street";"Wet";"Two-Way, Not Divided";"None";"No Special Feature";"Smooth Asphalt";"Piedmont";"Urban";"20 - 25  MPH";"No Control Present";"Clear";"No";"35.780373, -78.622314"
"4923";327;328;"Yes";"50-59";51;"No";"With Traffic";"B: Evident Injury";"Travel Lane";"White";"Male";"None - Rural Crash";"Iredell";"No";NA;2007-05-21;"Motorist Overtaking Bicyclist";7;"Non-Intersection";"01-05-01";1-01-01 07:04:58;"Motorist Overtaking - Undetected Bicyclist";311231;2007;"B: Evident Injury";"Farms, Woods, Pastures";"30-39";32;"No";"41-45 mph";"O: No Injury";"White";"Male";"Pickup";"No";"No";"Daylight";"Rural (<30% Developed)";"2 lanes";2;"Straight - Grade";"State Secondary Route";"Dry";"Two-Way, Not Divided";"None";"No Special Feature";"Coarse Asphalt";"Piedmont";"Rural";"50 - 55  MPH";"No Control Present";"Clear";"No";"35.774525, -81.024216"
"4924";330;331;"No";"15-Nov";11;"No";"With Traffic";"O: No Injury";"Sidewalk / Crosswalk / Driveway Crossing";"Black";"Male";"Waxhaw";"Union";"No";"01-01-07";2007-05-06;"Motorist Left Turn / Merge";19;"Intersection";"01-05-01";1-01-01 19:13:58;"Motorist Left Turn - Opposite Direction";131212;2007;"O: No Injury";"Residential";"30-39";36;"No";"0-5 mph";"O: No Injury";"Native American";"Female";"Passenger Car";"No";"No";"Daylight";"Urban (>70% Developed)";"2 lanes";2;"Straight - Level";"Local Street";"Dry";"Two-Way, Not Divided";"None";"No Special Feature";"Coarse Asphalt";"Piedmont";"Rural";NA;"No Control Present";"Clear";"No";"34.924225, -80.74722"
"4925";333;334;"Yes";"30-39";37;"No";NA;"C: Possible Injury";NA;"Black";"Male";"Durham";"Durham";"No";NA;2007-08-20;"Bicyclist Failed to Yield - Signalized Intersection";9;"Intersection-Related";"01-08-01";1-01-01 09:45:58;"Bicyclist Ride Through - Signalized Intersection";299155;2007;"C: Possible Injury";"Commercial";"30-39";37;"No";"11-15 mph";"O: No Injury";"Black";"Male";"Pickup";"No";"No";"Daylight";"Mixed (30% To 70% Developed)";"2 lanes";2;"Straight - Level";"Local Street";"Dry";"Two-Way, Not Divided";"None";"No Special Feature";"Smooth Asphalt";"Piedmont";"Urban";"30 - 35  MPH";"Stop And Go Signal";"Clear";"No";"35.99372, -78.87011"
"4926";334;335;"Yes";"60-69";68;"No";"With Traffic";"B: Evident Injury";"Travel Lane";"White";"Male";"Tarboro";"Edgecombe";"No";"01-01-02";2007-05-22;"Motorist Right Turn / Merge";12;"Non-Intersection";"01-05-01";1-01-01 12:48:58;"Motorist Right Turn - Same Direction";311213;2007;"B: Evident Injury";"Commercial";"50-59";57;"No";"16-20 mph";"Injury";"White";"Female";"Pickup";"No";"No";"Daylight";"Urban (>70% Developed)";"3 lanes";2;"Straight - Level";"Local Street";"Dry";"Two-Way, Not Divided";"None";"Driveway, Public";"Smooth Asphalt";"Coastal";"Urban";"30 - 35  MPH";"No Control Present";"Clear";"No";"35.896935, -77.54278"
"4927";335;336;"No";"10-Jun";7;"No";NA;"C: Possible Injury";"Travel Lane";"Black";"Female";"None - Rural Crash";"Johnston";"No";"01-01-02";2007-05-22;"Motorist Failed to Yield - Midblock";16;"Non-Intersection";"01-05-01";1-01-01 16:44:58;"Motorist Drive Out - Residential Driveway";319321;2007;"C: Possible Injury";"Residential";"20-24";22;"No";"0-5 mph";"O: No Injury";"White";"Female";"Passenger Car";"No";"No";"Daylight";"Rural (<30% Developed)";"2 lanes";2;"Straight - Level";"Local Street";"Dry";"Two-Way, Not Divided";"None";"Driveway, Public";"Grooved Concrete";"Coastal";"Rural";"5 - 15 MPH";"No Control Present";"Clear";"No";"35.266884, -78.45271"
"4928";340;341;"No";"70+";NA;"No";"With Traffic";"B: Evident Injury";"Travel Lane";"White";"Male";"Elizabeth City";"Pasquotank";"No";"01-01-03";2007-05-23;"Motorist Left Turn / Merge";7;"Intersection";"01-05-01";1-01-01 07:14:58;"Motorist Left Turn - Opposite Direction";111212;2007;"B: Evident Injury";"Commercial";"20-24";22;"No";"31-35 mph";"O: No Injury";"Black";"Male";"Passenger Car";"No";"No";"Daylight";"Urban (>70% Developed)";"2 lanes";2;"Straight - Grade";"Local Street";"Dry";"Two-Way, Not Divided";"None";"No Special Feature";"Smooth Asphalt";"Coastal";"Urban";"20 - 25  MPH";"Stop Sign";"Clear";"No";"36.299107, -76.22545"
"4929";341;342;"No";"16-19";16;"No";"With Traffic";"B: Evident Injury";"Sidewalk / Crosswalk / Driveway Crossing";"Black";"Male";"Raleigh";"Wake";"No";"01-01-03";2007-05-23;"Bicyclist Failed to Yield - Signalized Intersection";15;"Intersection";"01-05-01";1-01-01 15:35:58;"Bicyclist Ride Out - Signalized  Intersection";131153;2007;"B: Evident Injury";"Residential";"25-29";28;"No";"0-5 mph";"O: No Injury";"White";"Male";"Passenger Car";"No";"No";"Daylight";"Mixed (30% To 70% Developed)";"4 lanes";2;"Straight - Level";"Local Street";"Dry";"Two-Way, Not Divided";"None";"No Special Feature";"Smooth Asphalt";"Piedmont";"Urban";"40 - 45  MPH";"Stop And Go Signal";"Clear";"No";"35.873188, -78.69161"
"4930";343;344;"Yes";"40-49";48;"No";NA;"B: Evident Injury";"Non-Roadway";"Black";"Male";"Durham";"Durham";"No";"01-01-06";2007-08-25;"Non-Roadway";14;"Non-Roadway";"01-08-01";1-01-01 14:11:58;"Non-Roadway";460910;2007;"B: Evident Injury";"Commercial";NA;NA;"Missing";"0-5 mph";"Injury";"/Missing";NA;"Sport Utility";"No";"No";"Daylight";"Urban (>70% Developed)";NA;2;"Curve - Hillcrest";"Public Vehicular Area";"Dry";"Two-Way, Not Divided";"None";"No Special Feature";"Smooth Asphalt";"Piedmont";"Urban";"30 - 35  MPH";"No Control Present";"Clear";"No";"35.98682, -78.89774"
"4931";346;347;"Yes";"16-19";17;"No";NA;"C: Possible Injury";"Non-Roadway";"Black";"Male";"Jacksonville";"Onslow";"No";"01-01-04";2007-05-24;"Non-Roadway";14;"Non-Roadway";"01-05-01";1-01-01 14:30:58;"Non-Roadway";460910;2007;"C: Possible Injury";"Commercial";"30-39";38;"No";"0-5 mph";"O: No Injury";"White";"Male";"Pickup";"No";"No";"Daylight";"Urban (>70% Developed)";NA;2;"Straight - Level";"Public Vehicular Area";"Dry";"Two-Way, Not Divided";"None";"No Special Feature";"Concrete";"Coastal";"Urban";NA;"No Control Present";"Clear";"No";"34.782463, -77.38596"
"4932";352;353;"Yes";"50-59";57;"No";"With Traffic";"C: Possible Injury";"Travel Lane";"White";"Male";"Elizabeth City";"Pasquotank";"No";"01-01-05";2007-05-25;"Motorist Failed to Yield - Signalized Intersection";21;"Intersection";"01-05-01";1-01-01 21:11:58;"Motorist Drive Through - Signalized Intersection";111154;2007;"C: Possible Injury";"Commercial";NA;NA;"No";"41-45 mph";"Injury";"/Missing";NA;NA;"No";"Yes";"Dark - Lighted Roadway";"Urban (>70% Developed)";"5 lanes";2;"Straight - Level";"US Route";"Dry";"Two-Way, Divided, Unprotected Median";"None";"Four-Way Intersection";"Smooth Asphalt";"Coastal";"Urban";"40 - 45  MPH";"Stop And Go Signal";"Clear";"No";"36.300236, -76.22381"
"4933";359;360;"No";"15-Nov";14;"No";"Facing Traffic";"B: Evident Injury";"Sidewalk / Crosswalk / Driveway Crossing";"White";"Male";"Emerald Isle";"Carteret";"No";"01-01-07";2007-05-27;"Crossing Paths - Other Circumstances";21;"Intersection";"01-05-01";1-01-01 21:55:58;"Crossing Paths - Intersection - Other /";132180;2007;"B: Evident Injury";"Commercial";"40-49";47;"No";"26-30 mph";"O: No Injury";"White";"Male";"Pickup";"No";"No";"Dark - Lighted Roadway";"Urban (>70% Developed)";"3 lanes";2;"Straight - Level";"NC Route";"Dry";"Two-Way, Not Divided";"None";"Driveway, Public";"Smooth Asphalt";"Coastal";"Rural";"40 - 45  MPH";"No Control Present";"Clear";"No";"34.663315, -77.04197"
"4934";362;363;"No";"50-59";59;"No";NA;"B: Evident Injury";"Travel Lane";"White";"Male";"Charlotte";"Mecklenburg";"No";NA;2007-05-28;"Crossing Paths - Other Circumstances";9;"Intersection";"01-05-01";1-01-01 09:01:58;"Sign-Controlled Intersection - Other /";119148;2007;"B: Evident Injury";"Residential";"30-39";39;"No";"6-10 mph";"O: No Injury";"White";"Female";"Sport Utility";"No";"No";"Daylight";"Urban (>70% Developed)";"2 lanes";2;"Straight - Level";"Public Vehicular Area";"Dry";"Two-Way, Not Divided";"None";"No Special Feature";"Smooth Asphalt";"Piedmont";"Urban";"20 - 25  MPH";"Stop Sign";"Clear";"No";"35.228233, -80.80513"
"4935";363;364;"Yes";"16-19";16;"No";"With Traffic";"O: No Injury";"Travel Lane";"White";"Male";"Charlotte";"Mecklenburg";"No";NA;2007-05-28;"Head-On";21;"Intersection";"01-05-01";1-01-01 21:08:58;"Head-On - Motorist";111255;2007;"O: No Injury";"Residential";"60-69";65;"No";"6-10 mph";"O: No Injury";"White";"Male";"Passenger Car";"No";"No";"Dark - Roadway Not Lighted";"Urban (>70% Developed)";"2 lanes";2;"Straight - Level";"Public Vehicular Area";"Dry";"Two-Way, Not Divided";"None";"No Special Feature";"Smooth Asphalt";"Piedmont";"Urban";"20 - 25  MPH";"No Control Present";"Clear";"No";"35.192406, -80.84484"