"FID";"OBJECTID";"AmbulanceR";"BikeAge_Gr";"Bike_Age";"Bike_Alc_D";"Bike_Dir";"Bike_Injur";"Bike_Pos";"Bike_Race";"Bike_Sex";"City";"County";"CrashAlcoh";"CrashDay";"Crash_Date";"Crash_Grp";"Crash_Hour";"Crash_Loc";"Crash_Mont";"Crash_Time";"Crash_Type";"Crash_Ty_1";"Crash_Year";"Crsh_Sevri";"Developmen";"DrvrAge_Gr";"Drvr_Age";"Drvr_Alc_D";"Drvr_EstSp";"Drvr_Injur";"Drvr_Race";"Drvr_Sex";"Drvr_VehTy";"ExcsSpdInd";"Hit_Run";"Light_Cond";"Locality";"Num_Lanes";"Num_Units";"Rd_Charact";"Rd_Class";"Rd_Conditi";"Rd_Config";"Rd_Defects";"Rd_Feature";"Rd_Surface";"Region";"Rural_Urba";"Speed_Limi";"Traff_Cntr";"Weather";"Workzone_I";"Location"
"5010";733;734;"Yes";"20-24";23;"No";"With Traffic";"B: Evident Injury";"Travel Lane";"Black";"Male";"Wilmington";"New Hanover";"No";"01-01-02";2010-09-21;"Bicyclist Overtaking Motorist";16;"Intersection-Related";"01-09-01";1-01-01 15:59:58;"Bicyclist Overtaking - Passing on Right";0;2010;"B: Evident Injury";"Commercial";"60-69";60;"No";"0-5 mph";"O: No Injury";"Black";"Male";"Van";"No";"No";"Daylight";"Urban (>70% Developed)";"2 lanes";2;"Straight - Level";"Local Street";"Dry";"Two-Way, Not Divided";"None";"No Special Feature";"Smooth Asphalt";"Coastal";"Urban";"20 - 25  MPH";"No Control Present";"Clear";"No";"34.23899, -77.93163"
"5011";744;745;"Yes";"10-Jun";7;"No";"Not Applicable";"B: Evident Injury";"Non-Roadway";"White";"Male";"None - Rural Crash";"Gaston";"No";"01-01-06";2010-10-09;"Non-Roadway";19;"Non-Roadway";"01-10-01";1-01-01 19:12:58;"Non-Roadway";0;2010;"B: Evident Injury";"Residential";"40-49";45;"No";"0-5 mph";"O: No Injury";"White";"Male";"Van";"No";"No";"Dusk";"Urban (>70% Developed)";NA;2;"Straight - Level";"Public Vehicular Area";"Dry";"Two-Way, Not Divided";"None";"Driveway, Public";"Gravel";"Piedmont";"Rural";"5 - 15 MPH";"No Control Present";"Clear";"No";"35.313408, -81.151085"
"5012";745;746;"Yes";"15-Nov";12;"No";"Facing Traffic";"B: Evident Injury";"Sidewalk / Crosswalk / Driveway Crossing";"Black";"Male";"Raleigh";"Wake";"No";"01-01-04";2010-09-02;"Motorist Right Turn / Merge";17;"Intersection";"01-09-01";1-01-01 17:39:58;"Motorist Right Turn - Opposite Direction";0;2010;"B: Evident Injury";"Commercial";"20-24";22;"No";NA;"O: No Injury";"Black";"Female";"Passenger Car";"No";"No";"Daylight";"Urban (>70% Developed)";"6 lanes";2;"Straight - Level";"Local Street";"Dry";"Two-Way, Not Divided";"None";"No Special Feature";"Smooth Asphalt";"Piedmont";"Urban";"40 - 45  MPH";"Stop And Go Signal";"Cloudy";"No";"35.842888, -78.573326"
"5013";746;747;"No";"40-49";48;"No";"Facing Traffic";"B: Evident Injury";"Sidewalk / Crosswalk / Driveway Crossing";"White";"Male";"Raleigh";"Wake";"No";"01-01-04";2010-09-02;"Motorist Failed to Yield - Sign-Controlled Intersection";18;"Intersection";"01-09-01";1-01-01 18:19:58;"Motorist Drive Out - Sign-Controlled Intersection";0;2010;"B: Evident Injury";"Residential";"0-19";17;"No";"0-5 mph";"O: No Injury";"Black";"Male";"Passenger Car";"No";"No";"Daylight";"Urban (>70% Developed)";"2 lanes";2;"Straight - Level";"Local Street";"Dry";"Two-Way, Not Divided";"None";"T-Intersection";"Smooth Asphalt";"Piedmont";"Urban";"30 - 35  MPH";"Stop Sign";"Clear";"No";"35.894352, -78.635414"
"5014";747;748;"Yes";"50-59";58;"No";"With Traffic";"B: Evident Injury";"Travel Lane";"White";"Female";"None - Rural Crash";"Robeson";"No";"01-01-05";2010-10-01;"Motorist Overtaking Bicyclist";11;"Non-Intersection";"01-10-01";1-01-01 11:46:58;"Motorist Overtaking - Misjudged Space";0;2010;"B: Evident Injury";"Farms, Woods, Pastures";"50-59";57;"No";"36-40 mph";"O: No Injury";"Native American";"Female";"Passenger Car";"No";"No";"Daylight";"Rural (<30% Developed)";"2 lanes";3;"Curve - Level";"State Secondary Route";"Dry";"Two-Way, Not Divided";"None";"No Special Feature";"Smooth Asphalt";"Coastal";"Rural";"50 - 55  MPH";"Double Yellow Line, No Passing Zone";"Clear";"No";"34.62066, -78.95474"
"5015";749;750;"Yes";"50-59";51;"No";"Facing Traffic";"C: Possible Injury";"Travel Lane";"Black";"Male";"Raleigh";"Wake";"No";"01-01-03";2010-08-04;"Head-On";17;"Non-Intersection";"01-08-01";1-01-01 17:44:58;"Head-On - Bicyclist";0;2010;"C: Possible Injury";"Commercial";"25-29";25;"No";"0-5 mph";"O: No Injury";"White";"Male";"Passenger Car";"No";"No";"Daylight";"Urban (>70% Developed)";"2 lanes";2;"Straight - Level";"Local Street";"Dry";"One-Way, Not Divided";"None";"No Special Feature";"Smooth Asphalt";"Piedmont";"Urban";"30 - 35  MPH";"No Control Present";"Clear";"No";"35.743626, -78.64702"
"5016";751;752;"No";"25-29";29;"No";"Facing Traffic";"O: No Injury";"Sidewalk / Crosswalk / Driveway Crossing";"White";"Male";"Raleigh";"Wake";"No";"01-01-03";2010-09-01;"Crossing Paths - Other Circumstances";14;"Intersection-Related";"01-09-01";1-01-01 14:43:58;"Signalized Intersection - Other /";0;2010;"O: No Injury";"Commercial";"50-59";51;"No";"0-5 mph";"O: No Injury";"White";"Male";"Light Truck (Mini-Van, Panel)";"No";"No";"Daylight";"Urban (>70% Developed)";"5 lanes";2;"Straight - Level";"Local Street";"Dry";"Two-Way, Divided, Unprotected Median";"None";"No Special Feature";"Smooth Asphalt";"Piedmont";"Urban";"30 - 35  MPH";"Stop And Go Signal";"Clear";"No";"35.789207, -78.67437"
"5017";763;764;"Yes";"50-59";55;"Yes";"With Traffic";"C: Possible Injury";"Bike Lane / Paved Shoulder";"Hispanic";"Male";"None - Rural Crash";"Granville";"Yes";"01-01-07";2010-10-10;"Bicyclist Left Turn / Merge";18;"Intersection";"01-10-01";1-01-01 18:49:58;"Bicyclist Left Turn - Same Direction";0;2010;"C: Possible Injury";"Farms, Woods, Pastures";"30-39";37;"Yes";"46-50 mph";"O: No Injury";"White";"Male";"Passenger Car";"No";"No";"Dark - Roadway Not Lighted";"Rural (<30% Developed)";"2 lanes";2;"Straight - Grade";"NC Route";"Dry";"Two-Way, Not Divided";"None";"No Special Feature";"Smooth Asphalt";"Piedmont";"Rural";"50 - 55  MPH";"No Control Present";"Clear";"No";"36.14223, -78.57919"
"5018";765;766;"Yes";"30-39";31;"No";"With Traffic";"C: Possible Injury";"Travel Lane";"White";"Male";"None - Rural Crash";"Buncombe";"No";"01-01-04";2010-10-14;"Motorist Overtaking Bicyclist";17;"Intersection";"01-10-01";1-01-01 17:35:58;"Motorist Overtaking - Misjudged Space";0;2010;"C: Possible Injury";"Residential";"70+";NA;"No";"31-35 mph";"O: No Injury";"White";"Male";"Pickup";"No";"No";"Daylight";"Urban (>70% Developed)";"2 lanes";2;"Straight - Grade";"State Secondary Route";"Dry";"Two-Way, Not Divided";"None";"T-Intersection";"Coarse Asphalt";"Mountains";"Rural";"30 - 35  MPH";"Double Yellow Line, No Passing Zone";"Clear";"No";"35.56439, -82.67329"
"5019";771;772;"Yes";"40-49";46;"No";"Facing Traffic";"C: Possible Injury";"Sidewalk / Crosswalk / Driveway Crossing";"/Missing";"Female";"Charlotte";"Mecklenburg";"No";"01-01-03";2010-10-06;"Motorist Failed to Yield - Midblock";16;"Non-Intersection";"01-10-01";1-01-01 16:51:58;"Motorist Drive Out - Commercial Driveway / Alley";0;2010;"C: Possible Injury";"Residential";"50-59";59;"No";"0-5 mph";"O: No Injury";"Hispanic";"Male";"Light Truck (Mini-Van, Panel)";"No";"No";"Daylight";"Urban (>70% Developed)";"4 lanes";2;"Straight - Grade";"Local Street";"Dry";"Two-Way, Divided, Positive Median Barrier";"None";"No Special Feature";"Smooth Asphalt";"Piedmont";"Urban";"30 - 35  MPH";"No Control Present";"Clear";"No";"35.19785, -80.761475"
"5020";775;776;"No";"40-49";45;"No";"With Traffic";"C: Possible Injury";"Bike Lane / Paved Shoulder";"Black";"Male";"Greensboro";"Guilford";"No";"01-01-04";2010-10-07;"Motorist Right Turn / Merge";11;"Non-Intersection";"01-10-01";1-01-01 11:41:58;"Motorist Right Turn - Same Direction";0;2010;"C: Possible Injury";"Commercial";"40-49";46;"No";"0-5 mph";"O: No Injury";"White";"Male";"Passenger Car";"No";"No";"Daylight";"Urban (>70% Developed)";"2 lanes";2;"Straight - Level";"Local Street";"Dry";"Two-Way, Not Divided";"None";"Alley Intersection";"Smooth Asphalt";"Piedmont";"Urban";"30 - 35  MPH";"No Control Present";"Clear";"No";"36.06382, -79.82162"
"5021";778;779;"Yes";"16-19";16;"No";"With Traffic";"B: Evident Injury";"Travel Lane";"White";"Male";"None - Rural Crash";"Union";"No";"01-01-03";2010-10-20;"Bicyclist Left Turn / Merge";18;"Intersection-Related";"01-10-01";1-01-01 18:34:58;"Bicyclist Left Turn - Same Direction";0;2010;"B: Evident Injury";"Farms, Woods, Pastures";"40-49";45;"No";"41-45 mph";"O: No Injury";"White";"Female";"Van";"No";"No";"Daylight";"Rural (<30% Developed)";"2 lanes";2;"Straight - Grade";"State Secondary Route";"Dry";"Two-Way, Not Divided";"None";"T-Intersection";"Smooth Asphalt";"Piedmont";"Rural";"40 - 45  MPH";"Double Yellow Line, No Passing Zone";"Clear";"No";"35.01665, -80.70914"
"5022";781;782;"Yes";"60-69";60;"No";"With Traffic";"A: Disabling Injury";"Travel Lane";"White";"Female";"Wilmington";"New Hanover";"No";"01-01-05";2010-10-08;"Motorist Failed to Yield - Sign-Controlled Intersection";14;"Intersection";"01-10-01";1-01-01 14:52:58;"Motorist Drive Out - Sign-Controlled Intersection";0;2010;"A: Disabling Injury";"Commercial";"30-39";33;"No";"0-5 mph";"O: No Injury";"Black";"Female";"Sport Utility";"No";"No";"Daylight";"Urban (>70% Developed)";NA;2;"Straight - Grade";"Local Street";"Dry";"Two-Way, Divided, Unprotected Median";"None";"T-Intersection";"Smooth Asphalt";"Coastal";"Urban";"40 - 45  MPH";"Stop Sign";"Clear";"No";"34.197155, -77.92153"
"5023";782;783;"Yes";"50-59";52;"No";"With Traffic";"C: Possible Injury";"Travel Lane";"Native American";"Male";"Lumberton";"Robeson";"No";"01-01-04";2010-10-07;"Motorist Overtaking Bicyclist";19;"Intersection-Related";"01-10-01";1-01-01 19:30:58;"Motorist Overtaking - Misjudged Space";0;2010;"C: Possible Injury";"Farms, Woods, Pastures";"30-39";38;"No";"31-35 mph";"O: No Injury";"Native American";"Female";"Sport Utility";"No";"No";"Dark - Lighted Roadway";"Rural (<30% Developed)";NA;2;"Straight - Level";"State Secondary Route";"Dry";"Two-Way, Not Divided";"None";"No Special Feature";"Coarse Asphalt";"Coastal";"Urban";"40 - 45  MPH";"No Control Present";"Clear";"No";"34.69517, -79.01346"
"5024";787;788;"Yes";"30-39";31;"No";"With Traffic";"C: Possible Injury";"Sidewalk / Crosswalk / Driveway Crossing";"Black";"Male";"Raleigh";"Wake";"No";"01-01-03";2010-09-15;"Crossing Paths - Other Circumstances";9;"Intersection";"01-09-01";1-01-01 09:48:58;"Crossing Paths - Intersection - Other /";0;2010;"C: Possible Injury";"Residential";"50-59";54;"No";"0-5 mph";"O: No Injury";"Black";"Male";"Passenger Car";"No";"No";"Daylight";"Urban (>70% Developed)";"2 lanes";2;"Straight - Level";"Local Street";"Dry";"Two-Way, Not Divided";"None";"T-Intersection";"Smooth Asphalt";"Piedmont";"Urban";"30 - 35  MPH";"No Control Present";"Clear";"No";"35.78447, -78.63468"
"5025";789;790;"No";"40-49";47;"No";NA;"C: Possible Injury";NA;"Black";"Male";"Gibsonville";"Guilford";"Yes";"01-01-04";2010-10-14;"Other /  - Insufficient Details";0;"Non-Intersection";"01-10-01";1-01-01 00:29:58;"Approach Paths";0;2010;"C: Possible Injury";"Residential";"25-29";28;"Yes";"16-20 mph";"O: No Injury";"Black";"Male";"Passenger Car";"No";"No";"Dark - Roadway Not Lighted";"Urban (>70% Developed)";"2 lanes";2;"Straight - Level";"Local Street";"Dry";"Two-Way, Not Divided";"None";"No Special Feature";"Smooth Asphalt";"Piedmont";"Urban";"30 - 35  MPH";"No Control Present";"Clear";"No";"36.10054, -79.54199"
"5026";799;800;"Yes";"10-Jun";8;"No";"Not Applicable";"A: Disabling Injury";"Driveway / Alley";"Black";"Female";"Charlotte";"Mecklenburg";"No";"01-01-06";2010-10-16;"Bicyclist Failed to Yield - Midblock";13;"Non-Intersection";"01-10-01";1-01-01 13:57:58;"Bicyclist Ride Out - Residential Driveway";0;2010;"A: Disabling Injury";"Residential";"60-69";60;"No";"21-25 mph";"O: No Injury";"Black";"Male";"Passenger Car";"No";"No";"Daylight";"Urban (>70% Developed)";"2 lanes";2;"Straight - Grade";"Local Street";"Dry";"Two-Way, Not Divided";"None";"No Special Feature";"Smooth Asphalt";"Piedmont";"Urban";"20 - 25  MPH";"No Control Present";"Clear";"No";"35.214436, -80.87942"
"5027";800;801;"Yes";"15-Nov";15;"No";"With Traffic";"B: Evident Injury";"Travel Lane";"White";"Male";"Mooresville";"Iredell";"No";"01-01-03";2010-10-06;"Crossing Paths - Other Circumstances";17;"Intersection";"01-10-01";1-01-01 17:05:58;"Crossing Paths - Uncontrolled Intersection";0;2010;"B: Evident Injury";"Commercial";"60-69";62;"No";"31-35 mph";"O: No Injury";"White";"Female";"Sport Utility";"No";"No";"Daylight";"Urban (>70% Developed)";"2 lanes";2;"Straight - Level";"Local Street";"Dry";"Two-Way, Not Divided";"None";"T-Intersection";"Smooth Asphalt";"Piedmont";"Urban";"30 - 35  MPH";"No Control Present";"Clear";"No";"35.57993, -80.81658"
"5028";801;802;"Yes";"50-59";50;"No";"With Traffic";"B: Evident Injury";"Travel Lane";"White";"Male";"Hickory";"Catawba";"No";"01-01-03";2010-10-20;"Motorist Right Turn / Merge";17;"Non-Intersection";"01-10-01";1-01-01 17:14:58;"Motorist Right Turn - Same Direction";0;2010;"B: Evident Injury";"Commercial";"40-49";49;"No";"0-5 mph";"O: No Injury";"White";"Female";"Van";"No";"No";"Daylight";"Urban (>70% Developed)";"2 lanes";2;"Straight - Level";"Local Street";"Dry";"Two-Way, Not Divided";"None";"No Special Feature";"Smooth Asphalt";"Piedmont";"Urban";"30 - 35  MPH";"No Control Present";"Clear";"No";"35.769848, -81.32918"
"5029";807;808;"Yes";"16-19";18;"No";"With Traffic";"B: Evident Injury";"Travel Lane";"Black";"Male";"High Point";"Guilford";"No";"01-01-05";2010-10-22;"Motorist Overtaking Bicyclist";17;"Non-Intersection";"01-10-01";1-01-01 17:29:58;"Motorist Overtaking - Other /";0;2010;"B: Evident Injury";"Residential";NA;NA;"Missing";"31-35 mph";"Injury";"/Missing";NA;NA;"No";"Yes";"Dusk";"Urban (>70% Developed)";"5 lanes";2;"Straight - Level";"Local Street";"Dry";"Two-Way, Not Divided";"None";"No Special Feature";"Coarse Asphalt";"Piedmont";"Urban";"30 - 35  MPH";"No Control Present";"Clear";"No";"35.941853, -80.00432"
"5030";810;811;"Yes";"60-69";64;"No";"With Traffic";"C: Possible Injury";"Travel Lane";"Black";"Male";"Charlotte";"Mecklenburg";"No";"01-01-03";2010-10-20;"Motorist Right Turn / Merge";15;"Intersection";"01-10-01";1-01-01 15:11:58;"Motorist Right Turn on Red - Same Direction";0;2010;"C: Possible Injury";"Residential";"25-29";26;"No";"11-15 mph";"O: No Injury";"White";"Male";"Van";"No";"No";"Daylight";"Urban (>70% Developed)";"4 lanes";2;"Straight - Level";"Local Street";"Dry";"Two-Way, Not Divided";"None";"Four-Way Intersection";"Smooth Asphalt";"Piedmont";"Urban";"30 - 35  MPH";"Stop And Go Signal";"Clear";"No";"35.27231, -80.85442"
"5031";825;826;"No";"40-49";45;"No";"Not Applicable";"O: No Injury";"Travel Lane";"Black";"Male";"Wilson";"Wilson";"No";"01-01-05";2010-10-15;"Bicyclist Failed to Yield - Midblock";15;"Non-Intersection";"01-10-01";1-01-01 15:48:58;"Bicyclist Ride Out - Other Midblock";0;2010;"O: No Injury";"Residential";"30-39";32;"No";NA;"Injury";"White";"Female";"Sport Utility";"No";"No";"Daylight";"Urban (>70% Developed)";"3 lanes";2;"Straight - Level";"Local Street";"Dry";"Two-Way, Not Divided";"None";"No Special Feature";"Coarse Asphalt";"Coastal";"Urban";"30 - 35  MPH";"No Control Present";"Clear";"No";"35.73835, -77.91123"
"5032";827;828;"No";"20-24";22;"No";"With Traffic";"O: No Injury";"Travel Lane";"Black";"Male";"Salisbury";"Rowan";"No";"01-01-04";2010-10-28;"Motorist Overtaking Bicyclist";18;"Non-Intersection";"01-10-01";1-01-01 18:17:58;"Motorist Overtaking - Other /";0;2010;"O: No Injury";"Residential";"30-39";33;"No";"31-35 mph";"O: No Injury";"White";"Male";"Passenger Car";"No";"No";"Daylight";"Urban (>70% Developed)";"2 lanes";2;"Straight - Level";"Local Street";"Dry";"Two-Way, Not Divided";"None";"Driveway, Private";"Coarse Asphalt";"Piedmont";"Urban";"30 - 35  MPH";"No Control Present";"Clear";"No";"35.67823, -80.45077"
"5033";830;831;"Yes";"15-Nov";14;"No";"Facing Traffic";"B: Evident Injury";"Travel Lane";"Black";"Male";"Greensboro";"Guilford";"No";"01-01-07";2010-10-24;"Bicyclist Failed to Yield - Sign-Controlled Intersection";12;"Intersection";"01-10-01";1-01-01 12:35:58;"Bicyclist Ride Through - Sign-Controlled Intersection";0;2010;"B: Evident Injury";"Residential";"70+";NA;"No";"21-25 mph";"O: No Injury";"Native American";"Male";"Passenger Car";"No";"No";"Daylight";"Urban (>70% Developed)";"2 lanes";2;"Straight - Hillcrest";"Local Street";"Dry";"Two-Way, Not Divided";"None";"No Special Feature";"Coarse Asphalt";"Piedmont";"Urban";"30 - 35  MPH";"Stop Sign";"Clear";"No";"36.06304, -79.79098"
"5034";837;838;"Yes";"50-59";51;"No";"Facing Traffic";"C: Possible Injury";"Sidewalk / Crosswalk / Driveway Crossing";"Black";"Male";"Raleigh";"Wake";"No";"01-01-04";2010-10-07;"Motorist Failed to Yield - Sign-Controlled Intersection";19;"Intersection";"01-10-01";1-01-01 19:52:58;"Motorist Drive Out - Sign-Controlled Intersection";0;2010;"C: Possible Injury";"Commercial";"25-29";28;"No";"0-5 mph";"O: No Injury";"White";"Male";"Sport Utility";"No";"No";"Dark - Lighted Roadway";"Urban (>70% Developed)";"2 lanes";2;"Straight - Level";"Local Street";"Dry";"Two-Way, Divided, Unprotected Median";"None";"T-Intersection";"Smooth Asphalt";"Piedmont";"Urban";"30 - 35  MPH";"Stop Sign";"Clear";"No";"35.78412, -78.69533"
"5035";839;840;"Yes";"16-19";19;"No";"With Traffic";"B: Evident Injury";"Travel Lane";"White";"Female";"Carolina Beach";"New Hanover";"Yes";"01-01-04";2010-10-28;"Motorist Failed to Yield - Midblock";20;"Non-Intersection";"01-10-01";1-01-01 20:09:58;"Motorist Drive Out - Other Midblock";0;2010;"B: Evident Injury";"Commercial";"50-59";59;"Yes";NA;"O: No Injury";"White";"Male";"Pickup";"No";"No";"Dark - Lighted Roadway";"Urban (>70% Developed)";"5 lanes";2;"Straight - Level";"US Route";"Dry";"Two-Way, Not Divided";"None";"Shared-Use Paths Or Trails";"Smooth Asphalt";"Coastal";"Urban";"20 - 25  MPH";"No Control Present";"Cloudy";"No";"34.032726, -77.89445"
"5036";842;843;"Yes";"16-19";17;"No";"Not Applicable";"C: Possible Injury";"Travel Lane";"Black";"Male";"Kinston";"Lenoir";"No";"01-01-05";2010-10-22;"Crossing Paths - Other Circumstances";17;"Intersection";"01-10-01";1-01-01 17:50:58;"Crossing Paths - Intersection - Other /";0;2010;"C: Possible Injury";"Residential";"70+";NA;"No";"16-20 mph";"O: No Injury";"Black";"Female";"Van";"No";"Yes";"Daylight";"Urban (>70% Developed)";"2 lanes";2;"Straight - Level";"Local Street";"Dry";"Two-Way, Not Divided";"None";"T-Intersection";"Coarse Asphalt";"Coastal";"Urban";"30 - 35  MPH";"No Control Present";"Clear";"No";"35.262653, -77.57101"
"5037";852;853;"No";"20-24";23;"No";"With Traffic";"B: Evident Injury";"Travel Lane";"White";"Male";"Charlotte";"Mecklenburg";"No";"01-01-02";2010-10-05;"Loss of Control / Turning Error";6;"Intersection";"01-10-01";1-01-01 06:14:58;"Motorist Turning Error - Right Turn";0;2010;"B: Evident Injury";"Commercial";"40-49";48;"No";NA;"O: No Injury";"Black";"Male";"Pickup";"No";"No";"Dark - Lighted Roadway";"Urban (>70% Developed)";"4 lanes";2;"Straight - Level";"Local Street";"Dry";"Two-Way, Not Divided";"None";"Four-Way Intersection";"Smooth Asphalt";"Piedmont";"Urban";"30 - 35  MPH";"Stop And Go Signal";"Clear";"No";"35.220394, -80.81335"
"5038";861;862;"Yes";"50-59";57;"No";"Facing Traffic";"C: Possible Injury";"Travel Lane";"Black";"Male";"Gastonia";"Gaston";"No";"01-01-03";2010-11-10;"Motorist Failed to Yield - Signalized Intersection";15;"Intersection";"01-11-01";1-01-01 15:21:58;"Motorist Drive Out - Right Turn on Red";0;2010;"C: Possible Injury";"Commercial";"60-69";65;"No";NA;"O: No Injury";"White";"Male";"Pickup";"No";"No";"Daylight";"Urban (>70% Developed)";"5 lanes";2;"Straight - Grade";"US Route";"Dry";"Two-Way, Not Divided";"None";"Four-Way Intersection";"Smooth Asphalt";"Piedmont";"Urban";"40 - 45  MPH";"Stop And Go Signal";"Clear";"No";"35.233665, -81.19419"
"5039";864;865;"Yes";"20-24";22;"Yes";"With Traffic";"C: Possible Injury";"Travel Lane";"White";"Male";"Raleigh";"Wake";"Yes";"01-01-04";2010-10-21;"Motorist Left Turn / Merge";23;"Non-Intersection";"01-10-01";1-01-01 23:34:58;"Motorist Left Turn - Opposite Direction";0;2010;"C: Possible Injury";"Commercial";"20-24";20;"No";"0-5 mph";"O: No Injury";"Black";"Male";"Passenger Car";"No";"No";"Dark - Lighted Roadway";"Urban (>70% Developed)";"3 lanes";2;"Straight - Level";"Local Street";"Dry";"Two-Way, Not Divided";"None";"No Special Feature";"Smooth Asphalt";"Piedmont";"Urban";"30 - 35  MPH";"No Control Present";"Clear";"No";"35.779842, -78.64463"
"5040";871;872;"Yes";"50-59";51;"No";"With Traffic";"A: Disabling Injury";"Travel Lane";"Black";"Male";"None - Rural Crash";"Guilford";"No";"01-01-04";2010-11-11;"Motorist Overtaking Bicyclist";7;"Non-Intersection";"01-11-01";1-01-01 07:26:58;"Motorist Overtaking - Other /";0;2010;"A: Disabling Injury";"Residential";"30-39";30;"No";"31-35 mph";"O: No Injury";"White";"Male";"Van";"No";"No";"Daylight";"Mixed (30% To 70% Developed)";"2 lanes";2;"Straight - Level";"State Secondary Route";"Dry";"Two-Way, Not Divided";"None";"No Special Feature";"Smooth Asphalt";"Piedmont";"Rural";"30 - 35  MPH";"Double Yellow Line, No Passing Zone";"Clear";"No";"36.018875, -79.96786"
"5041";878;879;"Yes";"50-59";55;"Yes";"With Traffic";"B: Evident Injury";"Travel Lane";"Black";"Male";"None - Rural Crash";"Greene";"Yes";"01-01-02";2010-11-23;"Motorist Overtaking Bicyclist";21;"Non-Intersection";"01-11-01";1-01-01 21:28:58;"Motorist Overtaking - Other /";0;2010;"B: Evident Injury";"Farms, Woods, Pastures";"20-24";20;"No";"51-55 mph";"O: No Injury";"White";"Female";"Sport Utility";"No";"No";"Dark - Roadway Not Lighted";"Rural (<30% Developed)";"2 lanes";2;"Straight - Level";"State Secondary Route";"Dry";"Two-Way, Not Divided";"None";"No Special Feature";"Smooth Asphalt";"Coastal";"Rural";"50 - 55  MPH";"No Control Present";"Clear";"No";"35.439236, -77.5587"
"5042";881;882;"Yes";"15-Nov";13;"No";"With Traffic";"B: Evident Injury";"Travel Lane";"White";"Male";"None - Rural Crash";"Wake";"No";"01-01-06";2010-11-27;"Motorist Overtaking Bicyclist";16;"Non-Intersection";"01-11-01";1-01-01 16:37:58;"Motorist Overtaking - Misjudged Space";0;2010;"B: Evident Injury";"Residential";"30-39";32;"No";"26-30 mph";"O: No Injury";"Black";"Female";"Passenger Car";"No";"No";"Daylight";"Mixed (30% To 70% Developed)";"2 lanes";2;"Straight - Grade";"State Secondary Route";"Dry";"Two-Way, Not Divided";"None";"No Special Feature";"Smooth Asphalt";"Piedmont";"Rural";"30 - 35  MPH";"No Control Present";"Clear";"No";"35.72192, -78.55423"
"5043";887;888;"No";"30-39";38;"No";"With Traffic";"B: Evident Injury";"Travel Lane";"Black";"Male";"Wadesboro";"Anson";"No";"01-01-05";2010-11-12;"Motorist Overtaking Bicyclist";19;"Intersection-Related";"01-11-01";1-01-01 19:48:58;"Motorist Overtaking - Bicyclist Swerved";0;2010;"B: Evident Injury";"Residential";NA;NA;"Missing";"21-25 mph";"Injury";"/Missing";NA;"Passenger Car";"No";"Yes";"Dark - Lighted Roadway";"Mixed (30% To 70% Developed)";"1 lane";2;"Straight - Level";"Local Street";"Dry";"One-Way, Not Divided";"None";"No Special Feature";"Smooth Asphalt";"Piedmont";"Urban";"30 - 35  MPH";"No Control Present";"Clear";"No";"34.975983, -80.08534"
"5044";903;904;"Yes";"20-24";23;"No";"With Traffic";"C: Possible Injury";"Bike Lane / Paved Shoulder";"White";"Male";"Fayetteville";"Cumberland";"No";"01-01-04";2010-11-25;"Motorist Overtaking Bicyclist";15;"Non-Intersection";"01-11-01";1-01-01 15:49:58;"Motorist Overtaking - Misjudged Space";0;2010;"C: Possible Injury";"Commercial";NA;NA;"Missing";"31-35 mph";"Injury";"/Missing";NA;NA;"No";"Yes";"Daylight";"Urban (>70% Developed)";"2 lanes";2;"Straight - Level";"Local Street";"Dry";"Two-Way, Not Divided";"None";"No Special Feature";"Smooth Asphalt";"Coastal";"Urban";"30 - 35  MPH";"No Control Present";"Clear";"No";"35.012184, -78.9091"
"5045";905;906;"Yes";"50-59";55;"Yes";NA;"C: Possible Injury";"Travel Lane";"Black";"Male";"Williamston";"Martin";"Yes";"01-01-05";2010-11-26;"Parallel Paths - Other Circumstances";17;"Non-Intersection";"01-11-01";1-01-01 17:18:58;"Parallel Paths - Other /";0;2010;"C: Possible Injury";"Commercial";NA;NA;"Missing";NA;"Injury";"/Missing";NA;NA;"No";"Yes";"Dark - Roadway Not Lighted";"Urban (>70% Developed)";"2 lanes";2;"Straight - Level";"US Route";"Dry";"Two-Way, Divided, Unprotected Median";"None";"No Special Feature";"Smooth Asphalt";"Coastal";"Urban";NA;"No Control Present";"Clear";"No";"35.839966, -77.08651"
"5046";906;907;"No";"30-39";39;"No";"With Traffic";"C: Possible Injury";"Travel Lane";"Black";"Male";"Charlotte";"Mecklenburg";"No";NA;2010-11-29;"Motorist Left Turn / Merge";8;"Intersection";"01-11-01";1-01-01 07:59:58;"Motorist Left Turn - Opposite Direction";0;2010;"C: Possible Injury";"Commercial";"40-49";40;"No";"6-10 mph";"O: No Injury";"Black";"Male";"Passenger Car";"No";"No";"Daylight";"Urban (>70% Developed)";"2 lanes";2;"Straight - Grade";"Local Street";"Dry";"Two-Way, Not Divided";"None";"No Special Feature";"Smooth Asphalt";"Piedmont";"Urban";"30 - 35  MPH";"Stop Sign";"Cloudy";"No";"35.375313, -80.78522"