"FID";"OBJECTID";"AmbulanceR";"BikeAge_Gr";"Bike_Age";"Bike_Alc_D";"Bike_Dir";"Bike_Injur";"Bike_Pos";"Bike_Race";"Bike_Sex";"City";"County";"CrashAlcoh";"CrashDay";"Crash_Date";"Crash_Grp";"Crash_Hour";"Crash_Loc";"Crash_Mont";"Crash_Time";"Crash_Type";"Crash_Ty_1";"Crash_Year";"Crsh_Sevri";"Developmen";"DrvrAge_Gr";"Drvr_Age";"Drvr_Alc_D";"Drvr_EstSp";"Drvr_Injur";"Drvr_Race";"Drvr_Sex";"Drvr_VehTy";"ExcsSpdInd";"Hit_Run";"Light_Cond";"Locality";"Num_Lanes";"Num_Units";"Rd_Charact";"Rd_Class";"Rd_Conditi";"Rd_Config";"Rd_Defects";"Rd_Feature";"Rd_Surface";"Region";"Rural_Urba";"Speed_Limi";"Traff_Cntr";"Weather";"Workzone_I";"Location"
"5047";907;908;"No";"20-24";21;"No";"Facing Traffic";"O: No Injury";"Sidewalk / Crosswalk / Driveway Crossing";"White";"Male";"Raleigh";"Wake";"No";"01-01-02";2010-11-23;"Motorist Failed to Yield - Midblock";11;"Non-Intersection";"01-11-01";1-01-01 11:56:58;"Motorist Drive Out - Commercial Driveway / Alley";0;2010;"O: No Injury";"Residential";"20-24";24;"No";"0-5 mph";"O: No Injury";"White";"Male";"Passenger Car";"No";"No";"Daylight";"Urban (>70% Developed)";"4 lanes";2;"Straight - Level";"Local Street";"Dry";"Two-Way, Not Divided";"None";"No Special Feature";"Coarse Asphalt";"Piedmont";"Urban";"5 - 15 MPH";"No Control Present";"Clear";"No";"35.769623, -78.69049"
"5048";916;917;"Yes";"50-59";54;"No";"Not Applicable";"C: Possible Injury";"Travel Lane";"White";"Male";"Lumberton";"Robeson";"No";"01-01-05";2010-11-12;"Bicyclist Failed to Yield - Midblock";17;"Non-Intersection";"01-11-01";1-01-01 17:35:58;"Bicyclist Ride Out - Other Midblock";0;2010;"C: Possible Injury";"Commercial";"40-49";42;"No";"41-45 mph";"Injury";"White";"Female";"Passenger Car";"No";"No";"Dusk";"Urban (>70% Developed)";"4 lanes";2;"Straight - Level";"NC Route";"Dry";"Two-Way, Not Divided";"None";"No Special Feature";"Coarse Asphalt";"Coastal";"Urban";"40 - 45  MPH";"No Control Present";"Clear";"No";"34.62815, -78.987206"
"5049";927;928;"Yes";"30-39";35;"No";"With Traffic";"K: Killed";"Travel Lane";"White";"Female";"Asheville";"Buncombe";"No";"01-01-05";2010-11-26;"Motorist Overtaking Bicyclist";18;"Non-Intersection";"01-11-01";1-01-01 18:31:58;"Motorist Overtaking - Undetected Bicyclist";0;2010;"K: Killed";"Farms, Woods, Pastures";"40-49";48;"No";"31-35 mph";"O: No Injury";"White";"Female";"Passenger Car";"No";"No";"Dark - Roadway Not Lighted";"Urban (>70% Developed)";"2 lanes";3;"Curve - Bottom";"Local Street";"Dry";"Two-Way, Not Divided";"None";"No Special Feature";"Smooth Asphalt";"Mountains";"Urban";"30 - 35  MPH";"Double Yellow Line, No Passing Zone";"Cloudy";"No";"35.600307, -82.53156"
"5050";934;935;"Yes";"15-Nov";11;"No";"With Traffic";"C: Possible Injury";"Travel Lane";"White";"Male";"None - Rural Crash";"Dare";"No";"01-01-04";2010-11-11;"Motorist Overtaking Bicyclist";10;"Non-Intersection";"01-11-01";1-01-01 10:58:58;"Motorist Overtaking - Bicyclist Swerved";0;2010;"C: Possible Injury";"Residential";"50-59";57;"No";"31-35 mph";"O: No Injury";"White";"Female";"Sport Utility";"No";"No";"Daylight";"Urban (>70% Developed)";"2 lanes";2;"Straight - Level";"US Route";"Dry";"Two-Way, Not Divided";"None";"No Special Feature";"Coarse Asphalt";"Coastal";"Rural";"30 - 35  MPH";"Double Yellow Line, No Passing Zone";"Cloudy";"No";"35.90389, -75.77333"
"5051";936;937;"No";"50-59";57;"No";"Facing Traffic";"O: No Injury";"Sidewalk / Crosswalk / Driveway Crossing";"Black";"Male";"Rocky Mount";"Nash";"No";"01-01-07";2010-11-21;"Motorist Failed to Yield - Midblock";13;"Non-Intersection";"01-11-01";1-01-01 13:55:58;"Motorist Drive Out - Commercial Driveway / Alley";0;2010;"O: No Injury";"Residential";"40-49";44;"No";"0-5 mph";"O: No Injury";"Black";"Female";"Sport Utility";"No";"No";"Daylight";"Urban (>70% Developed)";"2 lanes";2;"Straight - Level";"Public Vehicular Area";"Dry";"Two-Way, Not Divided";"None";"Driveway, Public";"Smooth Asphalt";"Coastal";"Urban";"30 - 35  MPH";"Stop Sign";"Clear";"No";"35.93089, -77.81326"
"5052";945;946;"No";"40-49";43;"No";"With Traffic";"C: Possible Injury";"Travel Lane";"White";"Male";"Charlotte";"Mecklenburg";"No";"01-01-06";2010-12-11;"Motorist Failed to Yield - Sign-Controlled Intersection";14;"Intersection";"01-12-01";1-01-01 14:02:58;"Motorist Drive Out - Sign-Controlled Intersection";0;2010;"C: Possible Injury";"Residential";"60-69";61;"No";"6-10 mph";"O: No Injury";"White";"Male";"Passenger Car";"No";"No";"Daylight";"Urban (>70% Developed)";"4 lanes";2;"Straight - Level";"Local Street";"Dry";"Two-Way, Divided, Positive Median Barrier";"None";"T-Intersection";"Smooth Asphalt";"Piedmont";"Urban";"30 - 35  MPH";"Stop Sign";"Clear";"No";"35.181767, -80.83824"
"5053";956;957;"No";"40-49";40;"No";"Facing Traffic";"B: Evident Injury";"Travel Lane";"White";"Female";"Woodfin";"Buncombe";"No";"01-01-05";2010-08-27;"Head-On";18;"Non-Intersection";"01-08-01";1-01-01 18:00:58;"Head-On - Bicyclist";0;2010;"B: Evident Injury";"Residential";"30-39";32;"No";"0-5 mph";"O: No Injury";"White";"Female";"Passenger Car";"No";"No";"Daylight";"Mixed (30% To 70% Developed)";"2 lanes";3;"Curve - Level";"State Secondary Route";"Wet";"Two-Way, Not Divided";"None";"No Special Feature";"Smooth Asphalt";"Mountains";"Rural";"30 - 35  MPH";"No Control Present";"Rain";"No";"35.61934, -82.60507"
"5054";960;961;"Yes";"15-Nov";13;"No";"With Traffic";"A: Disabling Injury";"Travel Lane";"Black";"Male";"Raleigh";"Wake";"No";"01-01-05";2010-12-24;"Bicyclist Failed to Yield - Sign-Controlled Intersection";13;"Intersection";"01-12-01";1-01-01 13:49:58;"Bicyclist Ride Through - Sign-Controlled Intersection";0;2010;"A: Disabling Injury";"Residential";"70+";NA;"No";"6-10 mph";"O: No Injury";"Black";"Male";"Van";"No";"No";"Daylight";"Urban (>70% Developed)";"2 lanes";2;"Straight - Grade";"Local Street";"Dry";"Two-Way, Not Divided";"None";"T-Intersection";"Coarse Asphalt";"Piedmont";"Urban";"20 - 25  MPH";"Stop Sign";"Clear";"No";"35.767303, -78.6086"
"5055";10;11;"Yes";"30-39";36;"No";"With Traffic";"A: Disabling Injury";"Travel Lane";"Hispanic";"Male";"None - Rural Crash";"Johnston";"No";"01-01-05";2011-01-21;"Motorist Overtaking Bicyclist";19;"Non-Intersection";NA;1-01-01 19:17:58;"Motorist Overtaking - Undetected Bicyclist";311231;2011;"A: Disabling Injury";"Commercial";"40-49";40;"No";"51-55 mph";"O: No Injury";"White";"Male";"Pickup";"No";"No";"Dark - Roadway Not Lighted";"Mixed (30% To 70% Developed)";"4 lanes";2;"Curve - Level";"US Route";"Dry";"Two-Way, Divided, Unprotected Median";"None";"No Special Feature";"Smooth Asphalt";"Coastal";"Rural";"50 - 55  MPH";"No Control Present";"Clear";"No";"35.61813, -78.424"
"5056";21;22;"No";"30-39";38;"No";"With Traffic";"B: Evident Injury";"Travel Lane";"White";"Male";"Winston-Salem";"Forsyth";"No";NA;2011-01-24;"Motorist Left Turn / Merge";19;"Intersection";NA;1-01-01 19:20:58;"Motorist Left Turn - Opposite Direction";111212;2011;"B: Evident Injury";"Commercial";"25-29";25;"No";"6-10 mph";"O: No Injury";"White";"Male";"Passenger Car";"No";"No";"Dark - Lighted Roadway";"Urban (>70% Developed)";"2 lanes";2;"Straight - Grade";"Local Street";"Dry";"Two-Way, Not Divided";"None";"Four-Way Intersection";"Smooth Asphalt";"Piedmont";"Urban";"30 - 35  MPH";"Stop And Go Signal";"Clear";"No";"36.07181, -80.2394"
"5057";22;23;"Yes";"50-59";57;"No";"Facing Traffic";"B: Evident Injury";"Sidewalk / Crosswalk / Driveway Crossing";"Hispanic";"Male";"Pineville";"Mecklenburg";"No";"01-01-05";2011-01-07;"Motorist Failed to Yield - Sign-Controlled Intersection";9;"Intersection";NA;1-01-01 09:57:58;"Motorist Drive Out - Sign-Controlled Intersection";132141;2011;"B: Evident Injury";"Commercial";"40-49";46;"No";NA;"O: No Injury";"White";"Male";"Passenger Car";"No";"No";"Daylight";"Urban (>70% Developed)";"2 lanes";2;"Straight - Level";"Local Street";"Dry";"Two-Way, Not Divided";"None";"T-Intersection";"Smooth Asphalt";"Piedmont";"Rural";"30 - 35  MPH";"Stop Sign";"Cloudy";"No";"35.09559, -80.8635"
"5058";35;36;"No";"30-39";33;"No";"With Traffic";"C: Possible Injury";"Bike Lane / Paved Shoulder";"Hispanic";"Male";"Goldsboro";"Wayne";"No";"01-01-05";2011-02-04;"Motorist Overtaking Bicyclist";6;"Non-Intersection";"01-02-01";1-01-01 06:45:58;"Motorist Overtaking - Other /";321239;2011;"C: Possible Injury";"Commercial";NA;NA;"Missing";"31-35 mph";"Injury";"/Missing";NA;NA;"No";"Yes";"Dark - Lighted Roadway";"Urban (>70% Developed)";"2 lanes";2;"Straight - Level";"Local Street";"Wet";"Two-Way, Not Divided";"None";"No Special Feature";"Coarse Asphalt";"Coastal";"Urban";"40 - 45  MPH";"Double Yellow Line, No Passing Zone";"Rain";"No";"35.3665, -77.9337"
"5059";40;41;"Yes";"25-29";29;"No";"Facing Traffic";"B: Evident Injury";"Travel Lane";"White";"Male";"Raleigh";"Wake";"Yes";NA;2011-01-24;"Head-On";2;"Intersection-Related";NA;1-01-01 02:34:58;"Head-On - Motorist";212255;2011;"B: Evident Injury";"Commercial";"20-24";24;"Yes";"11-15 mph";"O: No Injury";"White";"Male";"Passenger Car";"No";"No";"Dark - Lighted Roadway";"Urban (>70% Developed)";"3 lanes";2;"Straight - Level";"Local Street";"Dry";"Two-Way, Not Divided";"None";"No Special Feature";"Smooth Asphalt";"Piedmont";"Urban";"30 - 35  MPH";"No Control Present";"Clear";"No";"35.78081, -78.6492"
"5060";48;49;"Yes";"30-39";30;"No";"With Traffic";"C: Possible Injury";"Travel Lane";"White";"Female";"Albemarle";"Stanly";"No";"01-01-03";2011-02-16;"Motorist Overtaking Bicyclist";19;"Non-Intersection";"01-02-01";1-01-01 19:21:58;"Motorist Overtaking - Undetected Bicyclist";311231;2011;"C: Possible Injury";"Commercial";"60-69";66;"No";"31-35 mph";"O: No Injury";"White";"Male";"Pickup";"No";"No";"Dark - Roadway Not Lighted";"Urban (>70% Developed)";"5 lanes";2;"Straight - Level";"NC Route";"Dry";"Two-Way, Not Divided";"None";"No Special Feature";"Smooth Asphalt";"Piedmont";"Urban";"40 - 45  MPH";"No Control Present";"Clear";"No";"35.34252, -80.1817"
"5061";54;55;"Yes";"20-24";23;"No";"With Traffic";"A: Disabling Injury";"Travel Lane";"White";"Male";"Salisbury";"Rowan";"No";"01-01-02";2011-02-15;"Motorist Overtaking Bicyclist";19;"Non-Intersection";"01-02-01";1-01-01 19:24:58;"Motorist Overtaking - Undetected Bicyclist";311231;2011;"A: Disabling Injury";"Residential";"30-39";32;"No";"51-55 mph";"O: No Injury";"White";"Male";"Pickup";"No";"No";"Dark - Roadway Not Lighted";"Urban (>70% Developed)";"5 lanes";2;"Straight - Level";"Local Street";"Dry";"Two-Way, Not Divided";"None";"No Special Feature";"Coarse Asphalt";"Piedmont";"Urban";"50 - 55  MPH";"No Control Present";"Clear";"No";"35.62984, -80.5224"
"5062";63;64;"Yes";"50-59";56;"Yes";"Not Applicable";"B: Evident Injury";"Non-Roadway";"Black";"Male";"Rocky Mount";"Nash";"Yes";"01-01-02";2011-01-25;"Non-Roadway";18;"Non-Roadway";NA;1-01-01 18:08:58;"Non-Roadway";460910;2011;"B: Evident Injury";"Commercial";"40-49";48;"No";"16-20 mph";"O: No Injury";"White";"Male";"Pickup";"No";"No";"Dark - Lighted Roadway";"Urban (>70% Developed)";NA;2;"Straight - Level";"Public Vehicular Area";"Wet";"Two-Way, Not Divided";"None";"Driveway, Public";"Coarse Asphalt";"Coastal";"Urban";"5 - 15 MPH";"No Control Present";"Cloudy";"No";"35.971, -77.8099"
"5063";67;68;"No";"16-19";18;"Yes";"Not Applicable";"C: Possible Injury";"Travel Lane";"White";"Male";"Greensboro";"Guilford";"Yes";"01-01-04";2011-02-24;"Bicyclist Failed to Yield - Midblock";18;"Non-Intersection";"01-02-01";1-01-01 18:28:58;"Bicyclist Ride Out - Other Midblock";313318;2011;"C: Possible Injury";"Commercial";"50-59";53;"No";"16-20 mph";"O: No Injury";"White";"Male";"Sport Utility";"No";"No";"Dark - Lighted Roadway";"Urban (>70% Developed)";"6 lanes";2;"Straight - Level";"Local Street";"Wet";"Two-Way, Divided, Unprotected Median";"None";"Related To Intersection";"Coarse Asphalt";"Piedmont";"Urban";"30 - 35  MPH";"Stop And Go Signal";"Cloudy";"No";"36.06208, -79.816"
"5064";73;74;"No";NA;NA;"No";"With Traffic";"B: Evident Injury";"Travel Lane";"Black";"Male";"Kinston";"Lenoir";"No";"01-01-04";2011-02-03;"Motorist Failed to Yield - Signalized Intersection";20;"Intersection";"01-02-01";1-01-01 20:08:58;"Motorist Drive Out - Signalized Intersection";111152;2011;"B: Evident Injury";"Commercial";NA;NA;"No";NA;"Injury";"/Missing";NA;NA;"No";"Yes";"Dark - Lighted Roadway";"Urban (>70% Developed)";"4 lanes";2;"Straight - Level";"NC Route";"Dry";"Two-Way, Not Divided";"None";"T-Intersection";"Coarse Asphalt";"Coastal";"Urban";"30 - 35  MPH";"Stop And Go Signal";"Clear";"No";"35.28369, -77.5806"
"5065";74;75;"No";"60-69";68;"No";"With Traffic";"B: Evident Injury";"Travel Lane";"White";"Male";"None - Rural Crash";"New Hanover";"No";"01-01-03";2011-03-09;"Motorist Failed to Yield - Sign-Controlled Intersection";13;"Intersection";"01-03-01";1-01-01 13:54:58;"Motorist Drive Out - Sign-Controlled Intersection";111141;2011;"B: Evident Injury";"Commercial";"60-69";61;"No";"6-10 mph";"O: No Injury";"White";"Female";"Van";"No";"No";"Daylight";"Mixed (30% To 70% Developed)";"4 lanes";2;"Straight - Level";"NC Route";"Dry";"Two-Way, Divided, Unprotected Median";"None";"T-Intersection";"Coarse Asphalt";"Coastal";"Rural";"30 - 35  MPH";"Stop Sign";"Clear";"No";"34.16378, -77.8915"
"5066";75;76;"No";"16-19";19;"No";"Facing Traffic";"Injury";"Sidewalk / Crosswalk / Driveway Crossing";"Black";"Male";"Wilmington";"New Hanover";"No";"01-01-02";2011-03-01;"Motorist Failed to Yield - Midblock";17;"Non-Intersection";"01-03-01";1-01-01 17:10:58;"Motorist Drive Out - Commercial Driveway / Alley";332322;2011;"O: No Injury";"Commercial";"60-69";60;"No";"0-5 mph";"O: No Injury";"White";"Female";"Passenger Car";"No";"No";"Daylight";"Urban (>70% Developed)";NA;2;"Straight - Level";NA;"Dry";"Two-Way, Not Divided";"None";"Driveway, Public";"Concrete";"Coastal";"Urban";"30 - 35  MPH";"No Control Present";"Clear";"No";"34.23931, -77.8662"
"5067";77;78;"No";"15-Nov";12;"No";"With Traffic";"B: Evident Injury";"Travel Lane";"White";"Female";"None - Rural Crash";"Transylvania";"No";"01-01-07";2011-03-13;"Bicyclist Failed to Yield - Sign-Controlled Intersection";13;"Intersection";"01-03-01";1-01-01 13:18:58;"Bicyclist Ride Through - Sign-Controlled Intersection";111144;2011;"B: Evident Injury";"Farms, Woods, Pastures";"70+";NA;"No";"21-25 mph";"O: No Injury";"White";"Female";"Passenger Car";"No";"No";"Daylight";"Rural (<30% Developed)";"2 lanes";2;"Curve - Level";"State Secondary Route";"Dry";"Two-Way, Not Divided";"None";"T-Intersection";"Coarse Asphalt";"Mountains";"Rural";"20 - 25  MPH";"Stop Sign";"Clear";"No";"35.22388, -82.747"
"5068";78;79;"Yes";"25-29";27;"No";"Not Applicable";"B: Evident Injury";"Non-Roadway";"White";"Male";"Charlotte";"Mecklenburg";"No";"01-01-06";2011-03-05;"Non-Roadway";15;"Non-Roadway";"01-03-01";1-01-01 15:35:58;"Non-Roadway";460910;2011;"B: Evident Injury";"Commercial";"60-69";66;"No";"6-10 mph";"O: No Injury";"Black";"Male";"Passenger Car";"No";"No";"Daylight";"Urban (>70% Developed)";"2 lanes";2;"Straight - Level";"Public Vehicular Area";"Wet";"Two-Way, Not Divided";"None";"No Special Feature";"Smooth Asphalt";"Piedmont";"Urban";"20 - 25  MPH";"No Control Present";"Rain";"No";"35.21146, -80.926"
"5069";82;83;"No";"50-59";50;"No";NA;"C: Possible Injury";"Sidewalk / Crosswalk / Driveway Crossing";"White";"Male";"Charlotte";"Mecklenburg";"No";"01-01-04";2011-03-10;"Crossing Paths - Other Circumstances";17;"Intersection";"01-03-01";1-01-01 17:14:58;"Crossing Paths - Intersection - Other /";139180;2011;"C: Possible Injury";"Commercial";"20-24";20;"No";NA;"O: No Injury";"Hispanic";"Male";"Sport Utility";"No";"No";"Dawn";"Urban (>70% Developed)";"3 lanes";2;"Straight - Hillcrest";"Local Street";"Dry";"Two-Way, Not Divided";"None";"Four-Way Intersection";"Smooth Asphalt";"Piedmont";"Urban";"30 - 35  MPH";"Stop And Go Signal";"Cloudy";"No";"35.13783, -80.8793"
"5070";87;88;"Yes";"60-69";60;"No";"With Traffic";"B: Evident Injury";"Travel Lane";"Black";"Male";"Raleigh";"Wake";"No";NA;2011-02-21;"Motorist Failed to Yield - Midblock";9;"Non-Intersection";"01-02-01";1-01-01 09:09:58;"Motorist Drive Out - Commercial Driveway / Alley";311322;2011;"B: Evident Injury";"Residential";"20-24";20;"No";"6-10 mph";"O: No Injury";"Black";"Male";"Passenger Car";"No";"No";"Daylight";"Urban (>70% Developed)";"3 lanes";2;"Straight - Hillcrest";"Local Street";"Dry";"One-Way, Not Divided";"None";"No Special Feature";"Smooth Asphalt";"Piedmont";"Urban";"30 - 35  MPH";"Stop And Go Signal";"Clear";"No";"35.77274, -78.6336"
"5071";88;89;"No";"50-59";59;"No";"With Traffic";"C: Possible Injury";"Sidewalk / Crosswalk / Driveway Crossing";"Black";"Male";"Raleigh";"Wake";"No";"01-01-05";2011-02-18;"Motorist Right Turn / Merge";21;"Intersection";"01-02-01";1-01-01 21:14:58;"Motorist Right Turn - Same Direction";131213;2011;"C: Possible Injury";"Commercial";NA;NA;"Missing";"16-20 mph";"Injury";"/Missing";NA;NA;"No";"Yes";"Dark - Lighted Roadway";"Urban (>70% Developed)";"6 lanes";2;"Straight - Level";"Local Street";"Dry";"Two-Way, Divided, Positive Median Barrier";"None";"Four-Way Intersection";"Smooth Asphalt";"Piedmont";"Urban";"40 - 45  MPH";"Stop And Go Signal";"Clear";"No";"35.78, -78.6135"
"5072";90;91;"Yes";"40-49";48;"No";"With Traffic";"B: Evident Injury";"Travel Lane";"White";"Male";"Greensboro";"Guilford";"No";"01-01-07";2011-03-13;"Motorist Overtaking Bicyclist";14;"Intersection-Related";"01-03-01";1-01-01 14:34:58;"Motorist Overtaking - Other /";211239;2011;"B: Evident Injury";"Commercial";"0-19";18;"No";"11-15 mph";"O: No Injury";"White";"Male";"Passenger Car";"No";"No";"Daylight";"Urban (>70% Developed)";"3 lanes";2;"Straight - Level";"Local Street";"Dry";"Two-Way, Not Divided";"None";"Related To Intersection";"Smooth Asphalt";"Piedmont";"Urban";"40 - 45  MPH";"Stop And Go Signal";"Clear";"No";"36.01505, -79.8968"
"5073";114;115;"No";"15-Nov";12;"No";"Not Applicable";"C: Possible Injury";"Sidewalk / Crosswalk / Driveway Crossing";"Black";"Male";"Charlotte";"Mecklenburg";"No";"01-01-04";2011-03-24;"Crossing Paths - Other Circumstances";17;"Intersection";"01-03-01";1-01-01 17:49:58;"Crossing Paths - Intersection - Other /";133180;2011;"C: Possible Injury";"Residential";"60-69";61;"No";"31-35 mph";"O: No Injury";"White";"Female";"Passenger Car";"No";"No";"Daylight";"Urban (>70% Developed)";"2 lanes";2;"Straight - Level";"Local Street";"Dry";"Two-Way, Not Divided";"None";"No Special Feature";"Smooth Asphalt";"Piedmont";"Urban";"40 - 45  MPH";"Stop Sign";"Clear";"No";"35.25683, -80.7386"
"5074";149;150;"Yes";"40-49";46;"No";"With Traffic";"C: Possible Injury";"Travel Lane";"Black";"Male";"Charlotte";"Mecklenburg";"No";"01-01-02";2011-04-12;"Motorist Overtaking Bicyclist";16;"Non-Intersection";"01-04-01";1-01-01 16:29:58;"Motorist Overtaking - Misjudged Space";311232;2011;"C: Possible Injury";"Residential";NA;NA;"Missing";"6-10 mph";"Injury";"/Missing";NA;NA;"No";"Yes";"Daylight";"Urban (>70% Developed)";"4 lanes";2;"Straight - Level";"Local Street";"Dry";"Two-Way, Divided, Unprotected Median";NA;"No Special Feature";"Smooth Asphalt";"Piedmont";"Urban";"30 - 35  MPH";"No Control Present";"Cloudy";"No";"35.21704, -80.8699"
"5075";154;155;"Yes";"40-49";44;"No";"Facing Traffic";"C: Possible Injury";"Sidewalk / Crosswalk / Driveway Crossing";"Black";"Male";"Raleigh";"Wake";"No";"01-01-03";2011-04-06;"Motorist Failed to Yield - Midblock";19;"Non-Intersection";"01-04-01";1-01-01 19:52:58;"Motorist Drive Out - Commercial Driveway / Alley";332322;2011;"C: Possible Injury";"Commercial";"20-24";21;"No";"0-5 mph";"O: No Injury";"Hispanic";"Male";"Passenger Car";"No";"No";"Daylight";"Urban (>70% Developed)";"1 lane";2;"Straight - Level";"Public Vehicular Area";"Dry";"Two-Way, Not Divided";"None";"Driveway, Public";"Smooth Asphalt";"Piedmont";"Urban";"5 - 15 MPH";"No Control Present";"Clear";"No";"35.78477, -78.6895"
"5076";156;157;"No";"16-19";18;"No";"With Traffic";"A: Disabling Injury";"Bike Lane / Paved Shoulder";"White";"Male";"None - Rural Crash";"Onslow";"No";"01-01-06";2011-04-23;"Motorist Left Turn / Merge";22;"Intersection";"01-04-01";1-01-01 22:29:58;"Motorist Left Turn - Opposite Direction";121212;2011;"A: Disabling Injury";"Farms, Woods, Pastures";NA;NA;"Missing";"11-15 mph";"Injury";"/Missing";NA;"Van";"No";"Yes";"Dark - Roadway Not Lighted";"Rural (<30% Developed)";"2 lanes";2;"Straight - Level";"State Secondary Route";"Dry";"Two-Way, Not Divided";"None";"T-Intersection";"Coarse Asphalt";"Coastal";"Rural";"30 - 35  MPH";"No Control Present";"Clear";"No";"34.72733, -77.316"
"5077";157;158;"Yes";"50-59";53;"Yes";"With Traffic";"C: Possible Injury";"Travel Lane";"Black";"Male";"Clinton";"Sampson";"Yes";"01-01-03";2011-04-13;"Bicyclist Failed to Yield - Signalized Intersection";17;"Intersection";"01-04-01";1-01-01 17:09:58;"Bicyclist Ride Out - Signalized  Intersection";111153;2011;"C: Possible Injury";"Residential";"40-49";41;"No";"31-35 mph";"O: No Injury";"White";"Female";"Passenger Car";"No";"No";"Daylight";"Urban (>70% Developed)";"5 lanes";2;"Straight - Level";"Local Street";"Dry";"Two-Way, Divided, Unprotected Median";"None";"Four-Way Intersection";"Coarse Asphalt";"Coastal";"Urban";"30 - 35  MPH";"Stop And Go Signal";"Clear";"No";"34.9976, -78.3092"
"5078";174;175;"No";"30-39";37;"No";"With Traffic";"O: No Injury";"Travel Lane";"White";"Male";"None - Rural Crash";"Rockingham";"No";"01-01-07";2011-05-01;"Bicyclist Right Turn / Merge";13;"Intersection";"01-05-01";1-01-01 13:40:58;"Bicyclist Right Turn - Same Direction";111223;2011;"O: No Injury";"Farms, Woods, Pastures";"30-39";38;"No";"6-10 mph";"O: No Injury";"White";"Male";"Passenger Car";"No";"No";"Daylight";"Rural (<30% Developed)";"2 lanes";2;"Straight - Level";"State Secondary Route";"Dry";"Two-Way, Not Divided";"None";"T-Intersection";"Smooth Asphalt";"Piedmont";"Rural";"50 - 55  MPH";"Double Yellow Line, No Passing Zone";"Cloudy";"No";"36.309, -79.9934"
"5079";179;180;"No";"20-24";21;"No";"With Traffic";"B: Evident Injury";"Travel Lane";"White";"Male";"None - Rural Crash";"New Hanover";"No";"01-01-05";2011-04-29;"Motorist Failed to Yield - Sign-Controlled Intersection";17;"Intersection";"01-04-01";1-01-01 16:59:58;"Motorist Drive Out - Sign-Controlled Intersection";111141;2011;"B: Evident Injury";"Residential";"40-49";43;"No";"0-5 mph";"O: No Injury";"White";"Female";"Sport Utility";"No";"No";"Daylight";"Urban (>70% Developed)";"2 lanes";2;"Straight - Level";"State Secondary Route";"Dry";"Two-Way, Not Divided";"None";"T-Intersection";"Smooth Asphalt";"Coastal";"Rural";"50 - 55  MPH";"Stop Sign";"Clear";"No";"34.07349, -77.8953"
"5080";188;189;"Yes";"40-49";48;"No";"Facing Traffic";"C: Possible Injury";"Sidewalk / Crosswalk / Driveway Crossing";"White";"Male";"Chapel Hill";"Orange";"No";"01-01-05";2011-04-22;"Bicyclist Failed to Yield - Signalized Intersection";16;"Intersection";"01-04-01";1-01-01 16:01:58;"Bicyclist Ride Out - Signalized  Intersection";132153;2011;"C: Possible Injury";"Commercial";"40-49";43;"No";"0-5 mph";"O: No Injury";"White";"Female";"Van";"No";"No";"Daylight";"Urban (>70% Developed)";"5 lanes";2;"Straight - Level";"NC Route";"Wet";"Two-Way, Divided, Unprotected Median";"None";"Four-Way Intersection";"Smooth Asphalt";"Piedmont";"Urban";"30 - 35  MPH";"Stop And Go Signal";"Rain";"No";"35.96408, -79.0582"
"5081";192;193;"Yes";"40-49";49;"No";"Not Applicable";"C: Possible Injury";"Non-Roadway";"Black";"Female";"Kinston";"Lenoir";"No";"01-01-06";2011-04-30;"Non-Roadway";15;"Non-Roadway";"01-04-01";1-01-01 15:41:58;"Non-Roadway";460910;2011;"C: Possible Injury";"Commercial";"25-29";28;"No";"0-5 mph";"O: No Injury";"Black";"Female";"Passenger Car";"No";"No";"Daylight";"Urban (>70% Developed)";"1 lane";2;"Straight - Level";"Public Vehicular Area";"Dry";"One-Way, Not Divided";"None";"Driveway, Public";"Smooth Asphalt";"Coastal";"Urban";"20 - 25  MPH";"No Control Present";"Clear";"No";"35.2792, -77.5755"
"5082";193;194;"Yes";"16-19";17;"No";"With Traffic";"B: Evident Injury";"Travel Lane";"Black";"Male";"None - Rural Crash";"Wake";"No";"01-01-04";2011-05-05;"Bicyclist Left Turn / Merge";20;"Non-Intersection";"01-05-01";1-01-01 20:23:58;"Bicyclist Left Turn - Same Direction";311221;2011;"B: Evident Injury";"Residential";"20-24";22;"No";"41-45 mph";"O: No Injury";"Black";"Female";"Passenger Car";"No";"No";"Dusk";"Rural (<30% Developed)";"2 lanes";2;"Straight - Level";"State Secondary Route";"Dry";"Two-Way, Not Divided";"None";"No Special Feature";"Smooth Asphalt";"Piedmont";"Rural";"40 - 45  MPH";"Double Yellow Line, No Passing Zone";"Clear";"No";"35.85904, -78.5459"
"5083";204;205;"Yes";"60-69";65;"No";"With Traffic";"C: Possible Injury";"Travel Lane";"Black";"Male";"None - Rural Crash";"Greene";"No";"01-01-02";2011-05-10;"Bicyclist Left Turn / Merge";14;"Non-Intersection";"01-05-01";1-01-01 14:42:58;"Bicyclist Left Turn - Same Direction";311221;2011;"C: Possible Injury";"Farms, Woods, Pastures";"50-59";57;"No";"51-55 mph";"O: No Injury";"Black";"Female";"Sport Utility";"No";"No";"Daylight";"Rural (<30% Developed)";"2 lanes";2;"Straight - Level";"US Route";"Dry";"Two-Way, Not Divided";"None";"Driveway, Public";"Smooth Asphalt";"Coastal";"Rural";"50 - 55  MPH";"No Control Present";"Clear";"No";"35.39258, -77.6657"