"FID";"OBJECTID";"AmbulanceR";"BikeAge_Gr";"Bike_Age";"Bike_Alc_D";"Bike_Dir";"Bike_Injur";"Bike_Pos";"Bike_Race";"Bike_Sex";"City";"County";"CrashAlcoh";"CrashDay";"Crash_Date";"Crash_Grp";"Crash_Hour";"Crash_Loc";"Crash_Mont";"Crash_Time";"Crash_Type";"Crash_Ty_1";"Crash_Year";"Crsh_Sevri";"Developmen";"DrvrAge_Gr";"Drvr_Age";"Drvr_Alc_D";"Drvr_EstSp";"Drvr_Injur";"Drvr_Race";"Drvr_Sex";"Drvr_VehTy";"ExcsSpdInd";"Hit_Run";"Light_Cond";"Locality";"Num_Lanes";"Num_Units";"Rd_Charact";"Rd_Class";"Rd_Conditi";"Rd_Config";"Rd_Defects";"Rd_Feature";"Rd_Surface";"Region";"Rural_Urba";"Speed_Limi";"Traff_Cntr";"Weather";"Workzone_I";"Location"
"5084";205;206;"Yes";"0-5";5;"No";NA;"B: Evident Injury";"Travel Lane";"White";"Male";"Clayton";"Johnston";"No";"01-01-02";2011-04-26;"Bicyclist Failed to Yield - Midblock";18;"Non-Intersection";"01-04-01";1-01-01 18:13:58;"Bicyclist Ride Out - Other Midblock";319318;2011;"B: Evident Injury";"Residential";"30-39";33;"No";"6-10 mph";"O: No Injury";"White";"Male";"Pickup";"No";"No";"Daylight";"Mixed (30% To 70% Developed)";"2 lanes";2;"Straight - Level";"Local Street";"Dry";"Two-Way, Not Divided";"None";"No Special Feature";"Smooth Asphalt";"Coastal";"Urban";"20 - 25  MPH";"No Control Present";"Cloudy";"No";"35.63418, -78.4405"
"5085";179;180;"Yes";"50-59";56;"Yes";"With Traffic";"B: Evident Injury";"Bike Lane / Paved Shoulder";"Black";"Male";"None - Rural Crash";"Richmond";"Yes";"01-01-04";2010-04-15;"Motorist Overtaking Bicyclist";13;"Non-Intersection";"01-04-01";1-01-01 12:59:58;"Motorist Overtaking - Misjudged Space";0;2010;"B: Evident Injury";"Commercial";"50-59";59;"No";"21-25 mph";"O: No Injury";"Black";"Male";"Passenger Car";"No";"No";"Daylight";"Urban (>70% Developed)";"2 lanes";2;"Straight - Level";"State Secondary Route";"Dry";"Two-Way, Not Divided";"None";"No Special Feature";"Coarse Asphalt";"Piedmont";"Rural";"30 - 35  MPH";"Double Yellow Line, No Passing Zone";"Clear";"No";"35.04096, -79.54566"
"5086";182;183;"Yes";"16-19";17;"No";"Not Applicable";"B: Evident Injury";"Driveway / Alley";"Black";"Male";"None - Rural Crash";"Scotland";"No";NA;2010-04-19;"Bicyclist Failed to Yield - Midblock";20;"Non-Intersection";"01-04-01";1-01-01 20:33:58;"Bicyclist Ride Out - Commercial Driveway / Alley";0;2010;"B: Evident Injury";"Residential";"70+";NA;"No";"41-45 mph";"O: No Injury";"Native American";"Male";"Passenger Car";"No";"No";"Dark - Roadway Not Lighted";"Mixed (30% To 70% Developed)";"2 lanes";2;"Straight - Level";"State Secondary Route";"Dry";"Two-Way, Not Divided";"None";"Driveway, Public";"Smooth Asphalt";"Coastal";"Rural";"40 - 45  MPH";"Double Yellow Line, No Passing Zone";"Clear";"No";"34.8378, -79.36449"
"5087";188;189;"Yes";"0-5";5;"No";"Facing Traffic";"B: Evident Injury";"Sidewalk / Crosswalk / Driveway Crossing";"Other";"Male";"Cary";"Wake";"No";"01-01-06";2010-05-01;"Bicyclist Failed to Yield - Sign-Controlled Intersection";18;"Intersection";"01-05-01";1-01-01 18:35:58;"Bicyclist Ride Out - Sign-Controlled Intersection";0;2010;"B: Evident Injury";"Commercial";"50-59";52;"No";"6-10 mph";"O: No Injury";"White";"Female";"Sport Utility";"No";"No";"Daylight";"Urban (>70% Developed)";NA;2;"Straight - Level";"Public Vehicular Area";"Dry";"Two-Way, Not Divided";"None";"Driveway, Public";"Smooth Asphalt";"Piedmont";"Urban";"20 - 25  MPH";"Stop Sign";"Clear";"No";"35.789417, -78.82802"
"5088";189;190;"Yes";"16-19";18;"No";"With Traffic";"B: Evident Injury";"Travel Lane";"Hispanic";"Male";"Durham";"Durham";"No";"01-01-05";2010-04-30;"Motorist Overtaking Bicyclist";15;"Non-Intersection";"01-04-01";1-01-01 15:38:58;"Motorist Overtaking - Bicyclist Swerved";0;2010;"B: Evident Injury";"Residential";"20-24";21;"No";"26-30 mph";"O: No Injury";"Black";"Female";"Passenger Car";"No";"No";"Daylight";"Urban (>70% Developed)";"2 lanes";2;"Straight - Level";"Local Street";"Dry";"Two-Way, Not Divided";"None";"No Special Feature";"Coarse Asphalt";"Piedmont";"Urban";"30 - 35  MPH";"No Control Present";"Clear";"No";"36.000484, -78.865906"
"5089";191;192;"No";"15-Nov";14;"No";"With Traffic";"C: Possible Injury";"Travel Lane";"Black";"Male";"None - Rural Crash";"Guilford";"No";"01-01-03";2010-04-28;"Bicyclist Left Turn / Merge";20;"Non-Intersection";"01-04-01";1-01-01 19:59:58;"Bicyclist Left Turn - Same Direction";0;2010;"C: Possible Injury";"Farms, Woods, Pastures";NA;NA;"No";"0-5 mph";"Injury";"/Missing";NA;"Passenger Car";"No";"Yes";"Dusk";"Rural (<30% Developed)";"2 lanes";2;"Straight - Level";"State Secondary Route";"Dry";"Two-Way, Not Divided";"None";"No Special Feature";"Smooth Asphalt";"Piedmont";"Rural";"50 - 55  MPH";"Double Yellow Line, No Passing Zone";"Clear";"No";"36.10839, -79.632545"
"5090";211;212;"No";NA;NA;"Missing";"Facing Traffic";"Injury";"Travel Lane";"/Missing";NA;"Raleigh";"Wake";"No";"01-01-05";2010-04-16;"Crossing Paths - Other Circumstances";19;"Intersection";"01-04-01";1-01-01 19:41:58;"Crossing Paths - Intersection - Other /";0;2010;"O: No Injury";"Residential";"40-49";43;"No";"41-45 mph";"O: No Injury";"White";"Female";"Van";"No";"No";"Dusk";"Urban (>70% Developed)";"4 lanes";2;"Straight - Hillcrest";"Local Street";"Dry";"Two-Way, Divided, Unprotected Median";"None";"No Special Feature";"Smooth Asphalt";"Piedmont";"Urban";"40 - 45  MPH";"No Control Present";"Clear";"No";"35.944714, -78.55581"
"5091";215;216;"No";"20-24";22;"No";"With Traffic";"B: Evident Injury";"Travel Lane";"White";"Male";"Raleigh";"Wake";"No";"01-01-02";2010-04-06;"Motorist Failed to Yield - Sign-Controlled Intersection";9;"Intersection";"01-04-01";1-01-01 09:28:58;"Motorist Drive Through - Sign-Controlled Intersection";0;2010;"B: Evident Injury";"Commercial";NA;NA;"Missing";"16-20 mph";"Injury";"/Missing";NA;NA;"No";"Yes";"Daylight";"Urban (>70% Developed)";"4 lanes";2;"Straight - Hillcrest";"Local Street";"Dry";"Two-Way, Divided, Unprotected Median";"None";"T-Intersection";"Coarse Asphalt";"Piedmont";"Urban";"30 - 35  MPH";"Stop Sign";"Clear";"No";"35.79091, -78.68005"
"5092";216;217;"Yes";"16-19";16;"No";"With Traffic";"B: Evident Injury";"Sidewalk / Crosswalk / Driveway Crossing";"White";"Male";"Raleigh";"Wake";"No";"01-01-03";2010-04-14;"Parallel Paths - Other Circumstances";15;"Intersection-Related";"01-04-01";1-01-01 14:59:58;"Bicyclist Ride Out - Parallel Path";0;2010;"B: Evident Injury";"Residential";"60-69";62;"No";"21-25 mph";"O: No Injury";"White";"Male";"Passenger Car";"No";"No";"Daylight";"Urban (>70% Developed)";"2 lanes";2;"Straight - Level";"Local Street";"Dry";"Two-Way, Not Divided";"None";"No Special Feature";"Concrete";"Piedmont";"Urban";"30 - 35  MPH";"No Control Present";"Cloudy";"No";"35.8515, -78.575485"
"5093";228;229;"Yes";"20-24";22;"No";"With Traffic";"C: Possible Injury";"Travel Lane";"White";"Male";"None - Rural Crash";"Orange";"No";"01-01-04";2010-04-29;"Motorist Overtaking Bicyclist";16;"Intersection";"01-04-01";1-01-01 16:37:58;"Motorist Overtaking - Other /";0;2010;"C: Possible Injury";"Farms, Woods, Pastures";NA;NA;"No";"41-45 mph";"Injury";"/Missing";NA;NA;"No";"Yes";"Daylight";"Rural (<30% Developed)";"2 lanes";2;"Straight - Level";"State Secondary Route";"Dry";"Two-Way, Divided, Unprotected Median";"None";"Four-Way Intersection";"Smooth Asphalt";"Piedmont";"Rural";"40 - 45  MPH";"Double Yellow Line, No Passing Zone";"Clear";"No";"35.97213, -79.163185"
"5094";229;230;"Yes";"20-24";22;"No";"With Traffic";"O: No Injury";"Travel Lane";"White";"Male";"Roxboro";"Person";"No";"01-01-07";2010-04-18;"Head-On";19;"Intersection-Related";"01-04-01";1-01-01 19:29:58;"Head-On - Motorist";0;2010;"O: No Injury";"Commercial";NA;NA;"Missing";NA;"Injury";"/Missing";NA;NA;"No";"Yes";"Dark - Lighted Roadway";"Urban (>70% Developed)";"5 lanes";2;"Straight - Level";"US Route";"Dry";"Two-Way, Not Divided";"None";"No Special Feature";"Smooth Asphalt";"Piedmont";"Urban";NA;"No Control Present";"Clear";"No";"36.392788, -78.98794"
"5095";232;233;"Yes";"15-Nov";15;"No";"With Traffic";"B: Evident Injury";"Travel Lane";"White";"Male";"None - Rural Crash";"Scotland";"No";"01-01-04";2010-05-13;"Motorist Overtaking Bicyclist";14;"Non-Intersection";"01-05-01";1-01-01 14:46:58;"Motorist Overtaking - Other /";0;2010;"B: Evident Injury";"Farms, Woods, Pastures";"25-29";26;"No";"51-55 mph";"O: No Injury";"White";"Female";"Passenger Car";"No";"No";"Daylight";"Rural (<30% Developed)";"2 lanes";2;"Straight - Level";"NC Route";"Dry";"Two-Way, Not Divided";"None";"No Special Feature";"Smooth Asphalt";"Coastal";"Rural";"50 - 55  MPH";"No Control Present";"Clear";"No";"34.7769, -79.50063"
"5096";236;237;"Yes";"15-Nov";14;"No";"Not Applicable";"B: Evident Injury";"Sidewalk / Crosswalk / Driveway Crossing";"White";"Male";"Charlotte";"Mecklenburg";"No";"01-01-04";2010-05-06;"Bicyclist Failed to Yield - Sign-Controlled Intersection";7;"Intersection";"01-05-01";1-01-01 07:36:58;"Bicyclist Ride Out - Sign-Controlled Intersection";0;2010;"B: Evident Injury";"Commercial";"50-59";50;"No";"21-25 mph";"O: No Injury";"White";"Female";"Sport Utility";"No";"No";"Daylight";"Mixed (30% To 70% Developed)";"6 lanes";2;"Straight - Level";"Local Street";"Dry";"Two-Way, Not Divided";"None";"Four-Way Intersection";"Smooth Asphalt";"Piedmont";"Urban";"30 - 35  MPH";"Stop And Go Signal";"Clear";"No";"35.064114, -80.77425"
"5097";239;240;"No";"15-Nov";14;"No";"Not Applicable";"O: No Injury";"Travel Lane";"White";"Female";"Pittsboro";"Chatham";"No";"01-01-06";2010-04-03;"Bicyclist Failed to Yield - Midblock";15;"Non-Intersection";"01-04-01";1-01-01 15:11:58;"Bicyclist Ride Out - Other Midblock";0;2010;"C: Possible Injury";"Commercial";"50-59";57;"No";"21-25 mph";"C: Possible Injury";"White";"Male";"Motorcycle";"No";"No";"Daylight";"Urban (>70% Developed)";"2 lanes";2;"Straight - Level";"Local Street";"Dry";"Two-Way, Not Divided";"None";"No Special Feature";"Smooth Asphalt";"Piedmont";"Rural";"40 - 45  MPH";"No Control Present";"Clear";"Yes";"35.722057, -79.1868"
"5098";244;245;"Yes";"0-5";4;"No";"With Traffic";"O: No Injury";"Travel Lane";"Black";"Female";"Gastonia";"Gaston";"No";"01-01-03";2010-05-05;"Head-On";15;"Non-Intersection";"01-05-01";1-01-01 15:48:58;"Head-On - Bicyclist";0;2010;"B: Evident Injury";"Residential";"0-19";18;"No";"16-20 mph";"B: Evident Injury";"Hispanic";"Female";"Passenger Car";"No";"No";"Daylight";"Urban (>70% Developed)";"2 lanes";2;"Straight - Level";"Local Street";"Dry";"Two-Way, Not Divided";"None";"Driveway, Public";"Smooth Asphalt";"Piedmont";"Urban";"20 - 25  MPH";"No Control Present";"Clear";"No";"35.236496, -81.21694"
"5099";245;246;"Yes";"30-39";37;"No";"With Traffic";"B: Evident Injury";"Travel Lane";"White";"Male";"High Point";"Guilford";"No";NA;2010-04-26;"Motorist Left Turn / Merge";17;"Intersection";"01-04-01";1-01-01 17:16:58;"Motorist Left Turn - Opposite Direction";0;2010;"B: Evident Injury";"Residential";"60-69";60;"No";"6-10 mph";"O: No Injury";"White";"Male";"Pickup";"No";"No";"Daylight";"Mixed (30% To 70% Developed)";"2 lanes";2;"Straight - Level";"Local Street";"Dry";"Two-Way, Not Divided";"None";"Four-Way Intersection";"Coarse Asphalt";"Piedmont";"Urban";"40 - 45  MPH";"Stop Sign";"Cloudy";"No";"35.95659, -79.92972"
"5100";253;254;"No";"10-Jun";7;"No";"Facing Traffic";"B: Evident Injury";"Travel Lane";"Hispanic";"Female";"Burlington";"Alamance";"No";"01-01-05";2010-05-07;"Bicyclist Right Turn / Merge";18;"Non-Intersection";"01-05-01";1-01-01 18:14:58;"Bicyclist Right Turn - Same Direction";0;2010;"B: Evident Injury";"Residential";"0-19";17;"No";"16-20 mph";"O: No Injury";"Black";"Female";"Passenger Car";"No";"No";"Daylight";"Urban (>70% Developed)";"1 lane";2;"Straight - Level";"Local Street";"Dry";"Two-Way, Not Divided";"None";"No Special Feature";"Smooth Asphalt";"Piedmont";"Urban";"30 - 35  MPH";"No Control Present";"Clear";"No";"36.0948, -79.42722"
"5101";53;54;"Yes";"40-49";47;"No";"Not Applicable";"C: Possible Injury";"Non-Roadway";"Black";"Male";"Hickory";"Catawba";"No";NA;2012-02-06;"Crossing Paths - Other Circumstances";18;"Intersection";"01-02-01";1-01-01 18:47:58;"Signalized Intersection - Other /";NA;2012;"C: Possible Injury";"Commercial";NA;NA;"No";NA;"Injury";"/Missing";NA;NA;"No";"Yes";"Dark - Lighted Roadway";"Urban (>70% Developed)";"5 lanes";2;"Straight - Grade";"Local Street";NA;"Two-Way, Divided, Unprotected Median";NA;"No Special Feature";"Smooth Asphalt";"Piedmont";"Urban";"30 - 35  MPH";"Stop And Go Signal";"Clear";"No";"35.70558, -81.2936"
"5102";57;58;"Yes";"25-29";25;"No";"Facing Traffic";"C: Possible Injury";"Travel Lane";"Black";"Male";"Charlotte";"Mecklenburg";"No";NA;2012-02-27;"Crossing Paths - Other Circumstances";10;"Intersection";"01-02-01";1-01-01 10:40:58;"Signalized Intersection - Other /";NA;2012;"C: Possible Injury";"Commercial";"50-59";50;"No";"0-5 mph";"O: No Injury";"Black";"Male";"Truck/Tractor";"No";"No";"Daylight";"Urban (>70% Developed)";"4 lanes";2;"Straight - Level";"Local Street";"Wet";"Two-Way, Not Divided";"None";"T-Intersection";"Smooth Asphalt";"Piedmont";"Urban";"30 - 35  MPH";"Stop And Go Signal";"Rain";"No";"35.25198, -80.8104"
"5103";66;67;"Yes";"16-19";18;"No";"Facing Traffic";"B: Evident Injury";"Sidewalk / Crosswalk / Driveway Crossing";"Hispanic";"Male";"Charlotte";"Mecklenburg";"No";"01-01-04";2012-03-01;"Motorist Failed to Yield - Sign-Controlled Intersection";15;"Intersection";"01-03-01";1-01-01 15:33:58;"Motorist Drive Out - Sign-Controlled Intersection";NA;2012;"B: Evident Injury";"Residential";"25-29";26;"No";NA;"O: No Injury";"Black";"Female";"School Bus";"No";"No";"Daylight";"Urban (>70% Developed)";"2 lanes";2;"Straight - Grade";"Local Street";"Dry";"Two-Way, Divided, Unprotected Median";"None";"No Special Feature";"Smooth Asphalt";"Piedmont";"Urban";"20 - 25  MPH";"Stop Sign";"Clear";"No";"35.24945, -80.7724"
"5104";88;89;"No";"20-24";20;"No";"With Traffic";"O: No Injury";"Sidewalk / Crosswalk / Driveway Crossing";"/Missing";"Male";"Greensboro";"Guilford";"No";"01-01-04";2012-02-23;"Motorist Left Turn / Merge";10;"Intersection";"01-02-01";1-01-01 10:52:58;"Motorist Left Turn - Opposite Direction";NA;2012;"O: No Injury";"Institutional";NA;NA;"Missing";NA;"Injury";"/Missing";NA;NA;"No";"Yes";"Daylight";"Urban (>70% Developed)";NA;2;"Straight - Level";"Local Street";"Dry";"Two-Way, Not Divided";"None";"No Special Feature";"Smooth Asphalt";"Piedmont";"Urban";NA;"Stop And Go Signal";"Clear";"No";"36.06642, -79.8055"
"5105";91;92;"Yes";"0-5";4;"No";"Not Applicable";"B: Evident Injury";"Bike Lane / Paved Shoulder";"Hispanic";"Male";"None - Rural Crash";"Wake";"No";"01-01-04";2012-03-15;"Bicyclist Failed to Yield - Midblock";18;"Non-Intersection";"01-03-01";1-01-01 18:04:58;"Bicyclist Ride Out - Other Midblock";NA;2012;"B: Evident Injury";"Residential";"50-59";55;"No";"16-20 mph";"O: No Injury";"White";"Male";"Passenger Car";"No";"No";"Daylight";"Urban (>70% Developed)";"2 lanes";2;"Straight - Grade";"Local Street";"Dry";"Two-Way, Not Divided";"None";"No Special Feature";"Coarse Asphalt";"Piedmont";"Rural";"5 - 15 MPH";"No Control Present";"Clear";"No";"35.84307, -78.4144"
"5106";92;93;"No";"16-19";18;"No";"With Traffic";"C: Possible Injury";"Travel Lane";"White";"Male";"Boone";"Watauga";"No";"01-01-04";2012-03-01;"Bicyclist Overtaking Motorist";16;"Non-Intersection";"01-03-01";1-01-01 16:19:58;"Bicyclist Overtaking - Other /";NA;2012;"C: Possible Injury";"Commercial";"50-59";51;"No";"16-20 mph";"O: No Injury";"White";"Female";"Passenger Car";"No";"No";"Daylight";"Urban (>70% Developed)";"2 lanes";2;"Straight - Level";"Local Street";"Dry";"Two-Way, Not Divided";"None";"No Special Feature";"Smooth Asphalt";"Mountains";"Urban";"20 - 25  MPH";"Double Yellow Line, No Passing Zone";"Clear";"No";"36.19885, -81.6695"
"5107";94;95;"Yes";"30-39";30;"No";"With Traffic";"B: Evident Injury";"Travel Lane";"White";"Male";"Durham";"Durham";"No";"01-01-07";2012-03-18;"Motorist Left Turn / Merge";20;"Intersection";"01-03-01";1-01-01 20:58:58;"Motorist Left Turn - Opposite Direction";NA;2012;"B: Evident Injury";"Residential";NA;NA;"Missing";"6-10 mph";"Injury";"/Missing";NA;"Passenger Car";"No";"Yes";"Dark - Lighted Roadway";"Urban (>70% Developed)";"4 lanes";2;"Straight - Level";"Local Street";"Dry";"Two-Way, Not Divided";"None";"No Special Feature";"Smooth Asphalt";"Piedmont";"Urban";"30 - 35  MPH";"Stop And Go Signal";"Clear";"No";"36.01652, -78.9364"
"5108";95;96;"Yes";"60-69";61;"No";"Facing Traffic";"C: Possible Injury";"Travel Lane";"Black";"Male";"Greensboro";"Guilford";"No";"01-01-02";2012-02-21;"Loss of Control / Turning Error";18;"Intersection";"01-02-01";1-01-01 18:00:58;"Motorist Turning Error - Other";NA;2012;"C: Possible Injury";"Residential";"60-69";62;"No";"0-5 mph";"O: No Injury";"White";"Male";"Pickup";"No";"No";"Daylight";"Urban (>70% Developed)";"2 lanes";2;"Straight - Grade";"Local Street";"Dry";"Two-Way, Not Divided";"None";"T-Intersection";"Smooth Asphalt";"Piedmont";"Urban";"30 - 35  MPH";"Stop Sign";"Clear";"No";"36.07525, -79.765"
"5109";96;97;"Yes";"20-24";20;"No";"Not Applicable";"B: Evident Injury";"Travel Lane";"White";"Female";"Elon College";"Alamance";"No";"01-01-02";2012-02-28;"Non-Roadway";12;"Non-Roadway";"01-02-01";1-01-01 12:04:58;"Non-Roadway";NA;2012;"B: Evident Injury";"Institutional";"0-19";18;"No";"6-10 mph";"O: No Injury";"White";"Male";"Passenger Car";"No";"No";"Daylight";"Urban (>70% Developed)";NA;2;"Straight - Level";"Public Vehicular Area";"Dry";"Two-Way, Not Divided";"None";"No Special Feature";"Smooth Asphalt";"Piedmont";"Urban";"20 - 25  MPH";"No Control Present";"Clear";"No";"36.10485, -79.5044"
"5110";99;100;"No";"16-19";16;"No";"Not Applicable";"Injury";"Travel Lane";"/Missing";NA;"Swansboro";"Onslow";"No";NA;2012-02-27;"Bicyclist Failed to Yield - Midblock";14;"Non-Intersection";"01-02-01";1-01-01 14:49:58;"Bicyclist Ride Out - Other Midblock";NA;2012;"O: No Injury";"Commercial";"70";70;"No";"26-30 mph";"O: No Injury";"White";"Female";"Passenger Car";"No";"No";"Daylight";"Urban (>70% Developed)";"3 lanes";2;"Straight - Level";"State Secondary Route";"Dry";"Two-Way, Divided, Unprotected Median";"None";"No Special Feature";"Smooth Asphalt";"Coastal";"Rural";"30 - 35  MPH";"No Control Present";"Clear";"No";"34.70283, -77.1553"
"5111";100;101;"No";NA;0;"Yes";"With Traffic";"Injury";"Travel Lane";"/Missing";NA;"Pinehurst";"Moore";"Yes";"01-01-02";2012-02-28;"Motorist Failed to Yield - Sign-Controlled Intersection";7;"Intersection";"01-02-01";1-01-01 07:09:58;"Motorist Drive Out - Sign-Controlled Intersection";NA;2012;"O: No Injury";"Residential";"60-69";63;"No";"6-10 mph";"O: No Injury";"White";"Male";"Pickup";"No";"No";"Daylight";"Mixed (30% To 70% Developed)";"2 lanes";2;"Straight - Level";"NC Route";"Dry";"Two-Way, Not Divided";"None";"T-Intersection";"Smooth Asphalt";"Piedmont";"Urban";"30 - 35  MPH";"Stop Sign";"Clear";"No";"35.19116, -79.4722"
"5112";120;121;"Yes";"30-39";31;"No";"With Traffic";"B: Evident Injury";"Travel Lane";"White";"Male";"None - Rural Crash";"Alamance";"No";"01-01-04";2012-03-22;"Loss of Control / Turning Error";14;"Non-Intersection";"01-03-01";1-01-01 14:52:58;"Motorist Lost Control - Other /";NA;2012;"B: Evident Injury";"Farms, Woods, Pastures";NA;NA;"No";"41-45 mph";"Injury";"/Missing";NA;NA;"No";"Yes";"Daylight";"Rural (<30% Developed)";"2 lanes";2;"Straight - Level";"State Secondary Route";"Dry";"Two-Way, Not Divided";"None";"No Special Feature";"Smooth Asphalt";"Piedmont";"Rural";"40 - 45  MPH";"Double Yellow Line, No Passing Zone";"Clear";"No";"36.05846, -79.293"
"5113";141;142;"Yes";"50-59";54;"No";"With Traffic";"B: Evident Injury";"Travel Lane";"Black";"Male";"Rocky Mount";"Nash";"No";"01-01-02";2012-03-06;"Motorist Overtaking Bicyclist";7;"Intersection-Related";"01-03-01";1-01-01 07:53:58;"Motorist Overtaking - Misjudged Space";NA;2012;"B: Evident Injury";"Residential";"25-29";27;"No";"6-10 mph";"O: No Injury";"Hispanic";"Male";"Van";"No";"No";"Daylight";"Urban (>70% Developed)";"2 lanes";2;"Straight - Level";"Local Street";"Dry";"Two-Way, Not Divided";"None";"No Special Feature";"Coarse Asphalt";"Coastal";"Urban";"40 - 45  MPH";"No Control Present";"Clear";"No";"35.95609, -77.872"
"5114";158;159;"No";"20-24";22;"No";"Facing Traffic";"O: No Injury";"Sidewalk / Crosswalk / Driveway Crossing";"White";"Male";"Raleigh";"Wake";"No";"01-01-02";2012-03-27;"Motorist Failed to Yield - Signalized Intersection";4;"Intersection";"01-03-01";1-01-01 04:06:58;"Motorist Drive Out - Right Turn on Red";NA;2012;"O: No Injury";"Commercial";NA;NA;"Missing";"11-15 mph";"Injury";"/Missing";NA;NA;"No";"Yes";"Dusk";"Mixed (30% To 70% Developed)";"3 lanes";2;"Straight - Level";"Local Street";"Dry";"Two-Way, Not Divided";"None";"No Special Feature";"Coarse Asphalt";"Piedmont";"Urban";"20 - 25  MPH";"Stop And Go Signal";"Clear";"No";"35.78481, -78.6896"
"5115";159;160;"Yes";"15-Nov";11;"No";"Facing Traffic";"C: Possible Injury";"Travel Lane";"Black";"Female";"Raleigh";"Wake";"No";NA;2012-04-09;"Motorist Left Turn / Merge";20;"Intersection";"01-04-01";1-01-01 20:26:58;"Motorist Left Turn - Same Direction";NA;2012;"C: Possible Injury";"Commercial";"60-69";64;"No";"0-5 mph";"O: No Injury";"White";"Female";"Passenger Car";"No";"No";"Dark - Roadway Not Lighted";"Urban (>70% Developed)";"2 lanes";2;"Straight - Level";"Local Street";"Dry";"Two-Way, Not Divided";"None";"No Special Feature";"Smooth Asphalt";"Piedmont";"Urban";"40 - 45  MPH";"No Control Present";"Clear";"No";"35.84813, -78.6444"
"5116";162;163;"Yes";"30-39";30;"No";"Facing Traffic";"C: Possible Injury";"Sidewalk / Crosswalk / Driveway Crossing";"Black";"Male";"None - Rural Crash";"Guilford";"No";"01-01-02";2012-03-27;"Bicyclist Failed to Yield - Signalized Intersection";17;"Intersection";"01-03-01";1-01-01 17:04:58;"Bicyclist Ride Through - Signalized Intersection";NA;2012;"C: Possible Injury";"Residential";"40-49";40;"No";"0-5 mph";"O: No Injury";"Black";"Female";"Sport Utility";"No";"No";"Daylight";"Urban (>70% Developed)";"8 lanes";2;"Straight - Level";"Local Street";"Dry";"Two-Way, Divided, Unprotected Median";"None";"Four-Way Intersection";"Smooth Asphalt";"Piedmont";"Rural";"5 - 15 MPH";"Stop And Go Signal";"Clear";"No";"36.08503, -79.7567"
"5117";164;165;"No";"10-Jun";7;"No";"Not Applicable";"B: Evident Injury";"Non-Roadway";"Hispanic";"Male";"Raleigh";"Wake";"No";"01-01-04";2012-04-12;"Non-Roadway";18;"Non-Roadway";"01-04-01";1-01-01 18:19:58;"Non-Roadway";NA;2012;"B: Evident Injury";"Residential";"30-39";34;"No";"0-5 mph";"O: No Injury";"White";"Female";"Passenger Car";"No";"No";"Daylight";"Urban (>70% Developed)";NA;2;"Straight - Grade";"Public Vehicular Area";"Dry";"Two-Way, Not Divided";"None";"T-Intersection";"Smooth Asphalt";"Piedmont";"Urban";"5 - 15 MPH";"No Control Present";"Clear";"No";"35.87593, -78.7289"
"5118";166;167;"No";"16-19";18;"No";"Not Applicable";"C: Possible Injury";"Non-Roadway";"Black";"Male";"Kinston";"Lenoir";"No";"01-01-05";2012-04-13;"Crossing Paths - Other Circumstances";12;"Intersection-Related";"01-04-01";1-01-01 12:41:58;"Crossing Paths - Uncontrolled Intersection";NA;2012;"C: Possible Injury";"Commercial";"40-49";46;"No";"6-10 mph";"C: Possible Injury";"Black";"Female";"Passenger Car";"No";"No";"Daylight";"Urban (>70% Developed)";"2 lanes";2;"Straight - Level";"Local Street";"Dry";"Two-Way, Not Divided";"None";"No Special Feature";"Coarse Asphalt";"Coastal";"Urban";"30 - 35  MPH";"No Control Present";"Clear";"No";"35.2687, -77.5831"
"5119";171;172;"Yes";"20-24";23;"No";"With Traffic";"B: Evident Injury";"Bike Lane / Paved Shoulder";"White";"Male";"None - Rural Crash";"Orange";"No";"01-01-02";2012-04-10;"Motorist Overtaking Bicyclist";9;"Non-Intersection";"01-04-01";1-01-01 09:51:58;"Motorist Overtaking - Other /";NA;2012;"B: Evident Injury";"Residential";NA;NA;"No";"31-35 mph";"Injury";"/Missing";NA;NA;"No";"Yes";"Daylight";"Rural (<30% Developed)";"2 lanes";2;"Curve - Level";"Local Street";"Dry";"Two-Way, Not Divided";NA;"No Special Feature";"Smooth Asphalt";"Piedmont";"Rural";"30 - 35  MPH";"No Control Present";"Clear";"No";"35.92787, -79.0676"
"5120";173;174;"Yes";"60-69";60;"No";"With Traffic";"C: Possible Injury";"Travel Lane";"Hispanic";"Male";"Raleigh";"Wake";"No";NA;2012-04-16;"Motorist Failed to Yield - Signalized Intersection";6;"Intersection";"01-04-01";1-01-01 06:41:58;"Motorist Drive Out - Right Turn on Red";NA;2012;"C: Possible Injury";"Residential";"50-59";51;"No";"0-5 mph";"O: No Injury";"Black";"Female";"Passenger Car";"No";"No";"Daylight";"Mixed (30% To 70% Developed)";"6 lanes";2;"Straight - Level";"Local Street";"Dry";"Two-Way, Not Divided";"None";"No Special Feature";"Coarse Asphalt";"Piedmont";"Urban";"40 - 45  MPH";"Stop And Go Signal";"Clear";"No";"35.82179, -78.5692"