"FID";"OBJECTID";"AmbulanceR";"BikeAge_Gr";"Bike_Age";"Bike_Alc_D";"Bike_Dir";"Bike_Injur";"Bike_Pos";"Bike_Race";"Bike_Sex";"City";"County";"CrashAlcoh";"CrashDay";"Crash_Date";"Crash_Grp";"Crash_Hour";"Crash_Loc";"Crash_Mont";"Crash_Time";"Crash_Type";"Crash_Ty_1";"Crash_Year";"Crsh_Sevri";"Developmen";"DrvrAge_Gr";"Drvr_Age";"Drvr_Alc_D";"Drvr_EstSp";"Drvr_Injur";"Drvr_Race";"Drvr_Sex";"Drvr_VehTy";"ExcsSpdInd";"Hit_Run";"Light_Cond";"Locality";"Num_Lanes";"Num_Units";"Rd_Charact";"Rd_Class";"Rd_Conditi";"Rd_Config";"Rd_Defects";"Rd_Feature";"Rd_Surface";"Region";"Rural_Urba";"Speed_Limi";"Traff_Cntr";"Weather";"Workzone_I";"Location"
"5159";336;337;"No";"10-Jun";10;"No";"With Traffic";"B: Evident Injury";"Travel Lane";"Black";"Male";"None - Rural Crash";"Iredell";"No";"01-01-07";2011-06-05;"Motorist Overtaking Bicyclist";11;"Non-Intersection";"01-06-01";1-01-01 11:20:58;"Motorist Overtaking - Bicyclist Swerved";311235;2011;"B: Evident Injury";"Residential";"20-24";23;"No";"6-10 mph";"O: No Injury";"Black";"Male";"Passenger Car";"No";"No";"Daylight";"Mixed (30% To 70% Developed)";"2 lanes";2;"Straight - Grade";"State Secondary Route";"Dry";"Two-Way, Not Divided";"None";"No Special Feature";"Coarse Asphalt";"Piedmont";"Rural";"30 - 35  MPH";"No Control Present";"Clear";"No";"35.77857, -80.8399"
"5160";340;341;"Yes";"50-59";52;"Yes";"With Traffic";"C: Possible Injury";"Sidewalk / Crosswalk / Driveway Crossing";"Black";"Male";"Salisbury";"Rowan";"Yes";"01-01-02";2011-06-14;"Parallel Paths - Other Circumstances";17;"Non-Intersection";"01-06-01";1-01-01 17:49:58;"Bicyclist Ride Out - Parallel Path";331225;2011;"C: Possible Injury";"Residential";"25-29";26;"No";"16-20 mph";"O: No Injury";"White";"Female";"Passenger Car";"No";"No";"Daylight";"Urban (>70% Developed)";"2 lanes";2;"Straight - Level";NA;"Dry";"Two-Way, Divided, Unprotected Median";"None";"No Special Feature";"Smooth Asphalt";"Piedmont";"Urban";"30 - 35  MPH";"No Control Present";"Clear";"No";"35.6601, -80.4802"
"5161";355;356;"No";"20-24";23;"No";"Not Applicable";"O: No Injury";"Non-Roadway";"Black";"Male";"Durham";"Durham";"No";NA;2011-06-27;"Non-Roadway";21;"Non-Roadway";"01-06-01";1-01-01 21:19:58;"Non-Roadway";460910;2011;"O: No Injury";"Residential";"30-39";34;"No";"0-5 mph";"O: No Injury";"White";"Male";"Police";"No";"No";"Dark - Lighted Roadway";"Urban (>70% Developed)";NA;2;"Straight - Level";"Public Vehicular Area";"Dry";NA;"None";"Other";"Other";"Piedmont";"Urban";"5 - 15 MPH";"No Control Present";"Clear";"No";"35.99259, -78.8819"
"5162";363;364;"No";"50-59";57;"No";"With Traffic";"A: Disabling Injury";"Travel Lane";"White";"Male";"Madison";"Rockingham";"No";NA;2011-05-16;"Bicyclist Failed to Yield - Signalized Intersection";16;"Intersection";"01-05-01";1-01-01 16:24:58;"Bicyclist Ride Through - Signalized Intersection";111155;2011;"A: Disabling Injury";"Commercial";"40-49";47;"No";"11-15 mph";"O: No Injury";"White";"Male";"Pickup";"No";"No";"Daylight";"Rural (<30% Developed)";"2 lanes";2;"Straight - Level";"Local Street";"Dry";"Two-Way, Not Divided";"None";"Four-Way Intersection";"Smooth Asphalt";"Piedmont";"Rural";"20 - 25  MPH";"Stop And Go Signal";"Clear";"No";"36.38753, -79.9596"
"5163";365;366;"Yes";"30-39";34;"No";"With Traffic";"B: Evident Injury";"Travel Lane";"White";"Male";"Jacksonville";"Onslow";"No";"01-01-05";2011-05-27;"Bicyclist Left Turn / Merge";8;"Intersection-Related";"01-05-01";1-01-01 08:33:58;"Bicyclist Left Turn - Same Direction";211221;2011;"B: Evident Injury";"Commercial";"40-49";48;"No";"31-35 mph";"O: No Injury";"White";"Male";"Truck/Trailer";"No";"No";"Daylight";"Urban (>70% Developed)";"1 lane";2;"Straight - Level";"US Route";"Dry";"One-Way, Not Divided";"None";"Y-Intersection";"Smooth Asphalt";"Coastal";"Urban";"40 - 45  MPH";"No Control Present";"Clear";"No";"34.7523, -77.4496"
"5164";368;369;"No";"30-39";32;"No";"Facing Traffic";"C: Possible Injury";"Travel Lane";"White";"Female";"Wilmington";"New Hanover";"No";"01-01-03";2011-06-15;"Motorist Failed to Yield - Sign-Controlled Intersection";17;"Intersection";"01-06-01";1-01-01 16:59:58;"Motorist Drive Out - Sign-Controlled Intersection";112141;2011;"C: Possible Injury";"Commercial";"40-49";47;"No";"0-5 mph";"O: No Injury";"White";"Female";"Sport Utility";"No";"No";"Daylight";"Urban (>70% Developed)";"2 lanes";2;"Straight - Grade";"Local Street";"Dry";"Two-Way, Not Divided";"None";"T-Intersection";"Coarse Asphalt";"Coastal";"Urban";"20 - 25  MPH";"Stop Sign";"Clear";"No";"34.19453, -77.9131"
"5165";376;377;"Yes";"16-19";17;"No";"With Traffic";"C: Possible Injury";"Travel Lane";"Black";"Male";"None - Rural Crash";"Scotland";"No";"01-01-06";2011-07-02;"Motorist Overtaking Bicyclist";1;"Non-Intersection";"01-07-01";1-01-01 01:24:58;"Motorist Overtaking - Bicyclist Swerved";311235;2011;"C: Possible Injury";"Farms, Woods, Pastures";"70+";NA;"No";"46-50 mph";"O: No Injury";"Black";"Male";"Passenger Car";"No";"No";"Dark - Roadway Not Lighted";"Rural (<30% Developed)";"2 lanes";2;"Straight - Level";"US Route";"Dry";"Two-Way, Not Divided";"None";"No Special Feature";"Smooth Asphalt";"Coastal";"Rural";"50 - 55  MPH";"No Control Present";"Clear";"No";"34.71653, -79.5138"
"5166";377;378;"Yes";"16-19";18;"No";"Facing Traffic";"Injury";"Sidewalk / Crosswalk / Driveway Crossing";"Black";"Male";"Charlotte";"Mecklenburg";"No";"01-01-06";2011-06-11;"Loss of Control / Turning Error";13;"Intersection";"01-06-01";1-01-01 13:56:58;"Bicyclist Lost Control - Oversteering, Improper Braking, Speed";132122;2011;"O: No Injury";"Commercial";"40-49";46;"No";"0-5 mph";"O: No Injury";"White";"Male";"Pickup";"No";"No";"Daylight";"Urban (>70% Developed)";"2 lanes";2;"Straight - Level";"Local Street";"Dry";"Two-Way, Not Divided";"None";"No Special Feature";"Coarse Asphalt";"Piedmont";"Urban";"30 - 35  MPH";"Stop Sign";"Clear";"No";"35.24871, -80.7542"
"5167";381;382;"Yes";"30-39";31;"Yes";"With Traffic";"B: Evident Injury";"Travel Lane";"White";"Male";"Raleigh";"Wake";"Yes";"01-01-06";2011-07-02;"Motorist Left Turn / Merge";23;"Intersection";"01-07-01";1-01-01 23:08:58;"Motorist Left Turn - Opposite Direction";111212;2011;"B: Evident Injury";"Industrial";"20-24";21;"No";"6-10 mph";"O: No Injury";"Hispanic";"Male";"Passenger Car";"No";"No";"Dark - Lighted Roadway";"Urban (>70% Developed)";"6 lanes";2;"Straight - Level";"Local Street";"Dry";"Two-Way, Not Divided";"None";"Four-Way Intersection";"Smooth Asphalt";"Piedmont";"Urban";"30 - 35  MPH";"Stop And Go Signal";"Clear";"No";"35.7805, -78.6417"
"5168";385;386;"Yes";"16-19";16;"No";"Not Applicable";"K: Killed";"Travel Lane";"White";"Male";"Monroe";"Union";"No";"01-01-03";2011-06-15;"Bicyclist Failed to Yield - Midblock";12;"Non-Intersection";"01-06-01";1-01-01 12:58:58;"Multiple Threat - Midblock";313357;2011;"K: Killed";"Commercial";"0-19";18;"No";"36-40 mph";"O: No Injury";"White";"Female";"Passenger Car";"No";"No";"Daylight";"Urban (>70% Developed)";"6 lanes";2;"Straight - Level";"US Route";"Dry";"Two-Way, Divided, Unprotected Median";"None";"Non-Intersection Median Crossing";"Smooth Asphalt";"Piedmont";"Urban";"40 - 45  MPH";"No Control Present";"Clear";"No";"35.00959, -80.5629"
"5169";404;405;"Yes";"10-Jun";6;"No";"With Traffic";"B: Evident Injury";"Travel Lane";"Black";"Female";"Rocky Mount";"Nash";"No";"01-01-03";2011-05-18;"Bicyclist Failed to Yield - Sign-Controlled Intersection";16;"Intersection";"01-05-01";1-01-01 16:07:58;"Bicyclist Ride Through - Sign-Controlled Intersection";111144;2011;"B: Evident Injury";"Residential";"0-19";19;"No";"6-10 mph";"O: No Injury";"Black";"Female";"Sport Utility";"No";"No";"Daylight";"Urban (>70% Developed)";"2 lanes";2;"Straight - Level";"Local Street";"Dry";"Two-Way, Not Divided";"None";"No Special Feature";"Smooth Asphalt";"Coastal";"Urban";"5 - 15 MPH";"Stop Sign";"Clear";"No";"35.96809, -77.8866"
"5170";411;412;"Yes";"16-19";19;"No";"With Traffic";"O: No Injury";"Travel Lane";"Black";"Male";"None - Rural Crash";"Wake";"No";"01-01-07";2011-07-10;"Bicyclist Left Turn / Merge";17;"Non-Intersection";"01-07-01";1-01-01 17:45:58;"Bicyclist Left Turn - Same Direction";311221;2011;"O: No Injury";"Residential";"30-39";39;"No";"41-45 mph";"O: No Injury";"Black";"Female";"Passenger Car";"No";"No";"Daylight";"Mixed (30% To 70% Developed)";"3 lanes";2;"Straight - Level";"State Secondary Route";"Dry";"Two-Way, Not Divided";"None";"No Special Feature";"Smooth Asphalt";"Piedmont";"Rural";"40 - 45  MPH";"No Control Present";"Clear";"No";"35.74761, -78.5915"
"5171";421;422;"Yes";"15-Nov";13;"No";"Not Applicable";"C: Possible Injury";"Driveway / Alley";"White";"Male";"Roanoke Rapids";"Halifax";"No";NA;2011-06-27;"Loss of Control / Turning Error";20;"Intersection-Related";"01-06-01";1-01-01 20:08:58;"Bicyclist Lost Control - Mechanical Problems";253121;2011;"C: Possible Injury";"Residential";"40-49";41;"No";"11-15 mph";"Injury";"White";"Male";"Sport Utility";"No";"No";"Daylight";"Urban (>70% Developed)";"2 lanes";2;"Straight - Level";"Local Street";"Dry";"Two-Way, Not Divided";"None";"No Special Feature";"Smooth Asphalt";"Coastal";"Urban";"20 - 25  MPH";"No Control Present";"Clear";"No";"36.47029, -77.6467"
"5172";427;428;"Yes";"15-Nov";11;"No";"Not Applicable";"C: Possible Injury";"Driveway / Alley";"Black";"Male";"Wilson";"Wilson";"No";NA;2011-04-25;"Bicyclist Failed to Yield - Midblock";12;"Non-Intersection";"01-04-01";1-01-01 12:45:58;"Bicyclist Ride Out - Residential Driveway";353311;2011;"C: Possible Injury";"Residential";"25-29";25;"No";"16-20 mph";"O: No Injury";"White";"Female";"Sport Utility";"No";"No";"Daylight";"Urban (>70% Developed)";"2 lanes";2;"Straight - Level";"Local Street";"Dry";"Two-Way, Not Divided";"None";"No Special Feature";"Coarse Asphalt";"Coastal";"Urban";"30 - 35  MPH";"No Control Present";"Clear";"No";"35.72855, -77.9117"
"5173";430;431;"Yes";"25-29";26;"No";"With Traffic";"B: Evident Injury";"Travel Lane";"Other";"Male";"Raleigh";"Wake";"No";"01-01-05";2011-07-01;"Bicyclist Overtaking Motorist";9;"Intersection-Related";"01-07-01";1-01-01 09:34:58;"Bicyclist Overtaking - Passing on Right";211241;2011;"B: Evident Injury";"Institutional";"20-24";20;"No";"0-5 mph";"O: No Injury";"Other";"Female";"Passenger Car";"No";"No";"Daylight";"Urban (>70% Developed)";"2 lanes";2;"Straight - Level";"Local Street";"Dry";"Two-Way, Not Divided";"None";"No Special Feature";"Coarse Asphalt";"Piedmont";"Urban";"20 - 25  MPH";"Stop And Go Signal";"Clear";"No";"35.78624, -78.6749"
"5174";431;432;"Yes";"50-59";51;"No";"With Traffic";"B: Evident Injury";"Travel Lane";"White";"Male";"Waxhaw";"Union";"No";"01-01-06";2011-07-02;"Loss of Control / Turning Error";7;"Intersection";"01-07-01";1-01-01 07:40:58;"Motorist Turning Error - Left Turn";111111;2011;"B: Evident Injury";"Farms, Woods, Pastures";"40-49";42;"No";"41-45 mph";"O: No Injury";"White";"Male";"Sport Utility";"No";"No";"Daylight";"Mixed (30% To 70% Developed)";"4 lanes";2;"Straight - Grade";"Local Street";"Dry";"Two-Way, Divided, Unprotected Median";"None";"Four-Way Intersection";"Smooth Asphalt";"Piedmont";"Rural";"40 - 45  MPH";"Stop And Go Signal";"Clear";"No";"34.94689, -80.7736"
"5175";436;437;"No";"20-24";20;"No";"Not Applicable";"C: Possible Injury";"Non-Roadway";"Black";"Male";"Rutherfordton";"Rutherford";"No";NA;2011-07-04;"Non-Roadway";18;"Non-Roadway";"01-07-01";1-01-01 18:29:58;"Non-Roadway";460910;2011;"C: Possible Injury";"Commercial";"25-29";26;"No";"21-25 mph";"O: No Injury";"Black";"Male";"Passenger Car";"No";"No";"Daylight";"Urban (>70% Developed)";"2 lanes";2;"Curve - Level";"Public Vehicular Area";"Dry";"Two-Way, Not Divided";"None";"No Special Feature";"Smooth Asphalt";"Mountains";"Rural";"30 - 35  MPH";"No Control Present";"Clear";"No";"35.36217, -81.9429"
"5176";442;443;"Yes";"15-Nov";14;"No";"With Traffic";"A: Disabling Injury";"Travel Lane";"Black";"Male";"None - Rural Crash";"Onslow";"No";"01-01-07";2011-07-24;"Bicyclist Right Turn / Merge";20;"Non-Intersection";"01-07-01";1-01-01 20:49:58;"Bicyclist Right Turn - Same Direction";311223;2011;"A: Disabling Injury";"Farms, Woods, Pastures";"40-49";46;"No";"41-45 mph";"O: No Injury";"White";"Female";"Passenger Car";"No";"No";"Dark - Roadway Not Lighted";"Rural (<30% Developed)";"3 lanes";2;"Straight - Level";"NC Route";"Dry";"Two-Way, Not Divided";"None";"No Special Feature";"Coarse Asphalt";"Coastal";"Rural";"40 - 45  MPH";"No Control Present";"Clear";"No";"34.7442, -77.4895"
"5177";446;447;"Yes";"60-69";67;"No";"With Traffic";"B: Evident Injury";"Travel Lane";"White";"Male";"None - Rural Crash";"Brunswick";"No";NA;2011-07-25;"Motorist Overtaking Bicyclist";9;"Non-Intersection";"01-07-01";1-01-01 09:04:58;"Motorist Overtaking - Misjudged Space";311232;2011;"B: Evident Injury";"Farms, Woods, Pastures";"25-29";27;"No";"41-45 mph";"O: No Injury";"White";"Male";"Van";"No";"No";"Daylight";"Rural (<30% Developed)";"2 lanes";2;"Straight - Level";"NC Route";"Dry";"Two-Way, Not Divided";"None";"No Special Feature";"Smooth Asphalt";"Coastal";"Rural";"40 - 45  MPH";"Double Yellow Line, No Passing Zone";"Cloudy";"No";"33.94058, -78.0245"
"5178";461;462;"No";"16-19";17;"No";"With Traffic";"O: No Injury";"Travel Lane";"Other";"Male";"Cary";"Wake";"No";"01-01-03";2011-06-29;"Motorist Failed to Yield - Sign-Controlled Intersection";16;"Intersection";"01-06-01";1-01-01 16:02:58;"Motorist Drive Out - Sign-Controlled Intersection";111141;2011;"O: No Injury";"Commercial";NA;NA;"Missing";NA;"Injury";"/Missing";NA;NA;"No";"Yes";"Dawn";"Urban (>70% Developed)";NA;2;"Straight - Grade";"Public Vehicular Area";"Dry";"Two-Way, Divided, Positive Median Barrier";"None";"No Special Feature";"Smooth Asphalt";"Piedmont";"Urban";NA;"Stop Sign";"Clear";"No";"35.77698, -78.8349"
"5179";469;470;"Yes";"50-59";52;"No";"With Traffic";"C: Possible Injury";"Travel Lane";"Black";"Male";"Charlotte";"Mecklenburg";"Yes";"01-01-06";2011-07-16;"Motorist Overtaking Bicyclist";0;"Intersection-Related";"01-07-01";1-01-01 00:47:58;"Motorist Overtaking - Undetected Bicyclist";211231;2011;"C: Possible Injury";"Residential";"20-24";22;"Yes";"31-35 mph";"O: No Injury";"White";"Male";"Passenger Car";"No";"No";"Dark - Roadway Not Lighted";"Urban (>70% Developed)";"2 lanes";2;"Curve - Grade";"Local Street";"Dry";"Two-Way, Not Divided";"None";"No Special Feature";"Smooth Asphalt";"Piedmont";"Urban";"30 - 35  MPH";"No Control Present";"Cloudy";"No";"35.21512, -80.8155"
"5180";474;475;"Yes";"25-29";26;"No";"With Traffic";"C: Possible Injury";"Sidewalk / Crosswalk / Driveway Crossing";"Black";"Male";"Goldsboro";"Wayne";"No";"01-01-03";2011-07-13;"Motorist Failed to Yield - Midblock";17;"Non-Intersection";"01-07-01";1-01-01 17:27:58;"Motorist Drive Out - Commercial Driveway / Alley";331322;2011;"C: Possible Injury";"Residential";"60-69";62;"No";NA;"O: No Injury";"White";"Female";"Pickup";"No";"No";"Daylight";"Urban (>70% Developed)";"2 lanes";2;"Straight - Level";"Local Street";"Dry";"Two-Way, Not Divided";"None";"No Special Feature";"Coarse Asphalt";"Coastal";"Urban";NA;"No Control Present";"Clear";"No";"35.38162, -77.9862"
"5181";475;476;"Yes";"50-59";50;"No";"Facing Traffic";"B: Evident Injury";"Travel Lane";"Black";"Male";"None - Rural Crash";"Johnston";"No";NA;2011-08-01;"Head-On";21;"Non-Intersection";"01-08-01";1-01-01 21:54:58;"Head-On - Bicyclist";312250;2011;"B: Evident Injury";"Farms, Woods, Pastures";"50-59";57;"No";"41-45 mph";"O: No Injury";"White";"Male";"Van";"No";"No";"Dark - Roadway Not Lighted";"Rural (<30% Developed)";"2 lanes";2;"Curve - Level";"NC Route";"Dry";"Two-Way, Not Divided";"None";"No Special Feature";"Coarse Asphalt";"Coastal";"Rural";"50 - 55  MPH";"Double Yellow Line, No Passing Zone";"Clear";"No";"35.31495, -78.4577"
"5182";479;480;"No";"50-59";51;"No";"With Traffic";"B: Evident Injury";"Travel Lane";"White";"Male";"Cary";"Wake";"No";NA;2011-07-18;"Motorist Right Turn / Merge";7;"Intersection";"01-07-01";1-01-01 07:37:58;"Motorist Right Turn - Same Direction";111213;2011;"B: Evident Injury";"Residential";"40-49";41;"No";"6-10 mph";"O: No Injury";"White";"Male";"Passenger Car";"No";"No";"Daylight";"Urban (>70% Developed)";"2 lanes";2;"Straight - Level";"Local Street";"Dry";"Two-Way, Not Divided";"None";"Four-Way Intersection";"Coarse Asphalt";"Piedmont";"Urban";"20 - 25  MPH";"Stop Sign";"Clear";"No";"35.803, -78.7868"
"5183";484;485;"Yes";"30-39";31;"No";"With Traffic";"A: Disabling Injury";"Travel Lane";"White";"Male";"Charlotte";"Mecklenburg";"Yes";"01-01-04";2011-07-07;"Motorist Overtaking Bicyclist";21;"Non-Intersection";"01-07-01";1-01-01 21:04:58;"Motorist Overtaking - Misjudged Space";311232;2011;"A: Disabling Injury";"Commercial";"40-49";42;"Yes";"0-5 mph";"O: No Injury";"Black";"Male";"Sport Utility";"No";"Yes";"Dark - Lighted Roadway";"Urban (>70% Developed)";"6 lanes";2;"Straight - Level";"State Secondary Route";"Wet";"Two-Way, Divided, Positive Median Barrier";"None";"No Special Feature";"Smooth Asphalt";"Piedmont";"Urban";"40 - 45  MPH";"No Control Present";"Rain";"No";"35.22407, -80.8861"
"5184";488;489;"No";"15-Nov";13;"No";"With Traffic";"C: Possible Injury";"Travel Lane";"Black";"Male";"Charlotte";"Mecklenburg";"No";NA;2011-07-25;"Loss of Control / Turning Error";15;"Intersection";"01-07-01";1-01-01 15:40:58;"Bicyclist Lost Control - Oversteering, Improper Braking, Speed";111122;2011;"C: Possible Injury";"Residential";"30-39";37;"No";"6-10 mph";"C: Possible Injury";"White";"Female";"Passenger Car";"No";"No";"Daylight";"Mixed (30% To 70% Developed)";"2 lanes";2;"Straight - Level";"Local Street";"Dry";"Two-Way, Not Divided";"None";"No Special Feature";"Smooth Asphalt";"Piedmont";"Urban";"5 - 15 MPH";"No Control Present";"Cloudy";"No";"35.22709, -80.8431"
"5185";489;490;"No";"40-49";48;"No";"Facing Traffic";"C: Possible Injury";"Sidewalk / Crosswalk / Driveway Crossing";"Black";"Male";"Winston-Salem";"Forsyth";"No";"01-01-04";2011-07-21;"Motorist Failed to Yield - Midblock";12;"Non-Intersection";"01-07-01";1-01-01 12:21:58;"Motorist Drive Out - Commercial Driveway / Alley";332322;2011;"C: Possible Injury";"Commercial";"20-24";22;"No";"0-5 mph";"O: No Injury";"White";"Female";"Pickup";"No";"No";"Daylight";"Urban (>70% Developed)";NA;2;"Straight - Level";"Local Street";"Dry";"Two-Way, Not Divided";"None";"Driveway, Public";"Smooth Asphalt";"Piedmont";"Urban";NA;"No Control Present";"Clear";"No";"36.08252, -80.2576"
"5186";494;495;"Yes";"25-29";29;"No";"With Traffic";"C: Possible Injury";"Travel Lane";"White";"Male";"Raleigh";"Wake";"No";"01-01-03";2011-08-03;"Motorist Left Turn / Merge";16;"Intersection";"01-08-01";1-01-01 16:30:58;"Motorist Left Turn - Opposite Direction";111212;2011;"C: Possible Injury";"Residential";"20-24";21;"No";"16-20 mph";"O: No Injury";"White";"Female";"Passenger Car";"No";"No";"Daylight";"Urban (>70% Developed)";"2 lanes";2;"Straight - Grade";"Local Street";"Dry";"Two-Way, Not Divided";"None";"Four-Way Intersection";"Smooth Asphalt";"Piedmont";"Urban";"30 - 35  MPH";"No Control Present";"Clear";"No";"35.79312, -78.673"
"5187";608;609;"Yes";"60-69";64;"No";"With Traffic";"C: Possible Injury";"Travel Lane";"White";"Male";"None - Rural Crash";"Onslow";"No";"01-01-03";2011-09-07;"Bicyclist Left Turn / Merge";15;"Non-Intersection";"01-09-01";1-01-01 15:10:58;"Bicyclist Left Turn - Same Direction";311221;2011;"C: Possible Injury";"Farms, Woods, Pastures";"70+";NA;"No";"31-35 mph";"O: No Injury";"White";"Female";"Passenger Car";"No";"No";"Daylight";"Rural (<30% Developed)";"2 lanes";2;"Straight - Level";"NC Route";"Dry";"Two-Way, Not Divided";"None";"No Special Feature";"Coarse Asphalt";"Coastal";"Rural";"40 - 45  MPH";"Double Yellow Line, No Passing Zone";"Cloudy";"No";"34.54958, -77.4328"
"5188";615;616;"Yes";"50-59";53;"No";"With Traffic";"C: Possible Injury";"Travel Lane";"White";"Male";"None - Rural Crash";"Pitt";"No";"01-01-02";2011-09-13;"Motorist Failed to Yield - Sign-Controlled Intersection";20;"Intersection";"01-09-01";1-01-01 20:38:58;"Motorist Drive Out - Sign-Controlled Intersection";111141;2011;"C: Possible Injury";"Farms, Woods, Pastures";"50-59";53;"No";"0-5 mph";"O: No Injury";"White";"Female";"Passenger Car";"No";"No";"Dark - Roadway Not Lighted";"Rural (<30% Developed)";"2 lanes";2;"Curve - Level";"State Secondary Route";"Dry";"Two-Way, Not Divided";"None";"No Special Feature";"Coarse Asphalt";"Coastal";"Rural";"50 - 55  MPH";"Flashing Signal With Stop Sign";"Clear";"No";"35.5126, -77.3188"
"5189";616;617;"Yes";"40-49";41;"No";"With Traffic";"B: Evident Injury";"Travel Lane";"White";"Female";"None - Rural Crash";"Durham";"No";"01-01-03";2011-09-14;"Motorist Failed to Yield - Sign-Controlled Intersection";8;"Intersection";"01-09-01";1-01-01 08:39:58;"Motorist Drive Out - Sign-Controlled Intersection";111141;2011;"B: Evident Injury";"Farms, Woods, Pastures";"70+";NA;"No";"6-10 mph";"O: No Injury";"White";"Male";"Passenger Car";"No";"No";"Daylight";"Rural (<30% Developed)";"2 lanes";2;"Straight - Grade";"State Secondary Route";"Dry";"Two-Way, Not Divided";"None";"Four-Way Intersection";"Smooth Asphalt";"Piedmont";"Rural";"40 - 45  MPH";"Stop Sign";"Clear";"No";"36.01007, -78.99"
"5190";621;622;"Yes";"15-Nov";13;"No";"With Traffic";"B: Evident Injury";"Travel Lane";"White";"Male";"Aberdeen";"Moore";"No";"01-01-04";2011-09-08;"Crossing Paths - Other Circumstances";20;"Intersection-Related";"01-09-01";1-01-01 20:04:58;"Crossing Paths - Uncontrolled Intersection";211160;2011;"B: Evident Injury";"Commercial";"25-29";29;"No";"41-45 mph";"O: No Injury";"White";"Male";"Pickup";"No";"No";"Dark - Lighted Roadway";"Urban (>70% Developed)";"5 lanes";2;"Straight - Level";"US Route";"Dry";"Two-Way, Divided, Unprotected Median";"None";"No Special Feature";"Coarse Asphalt";"Piedmont";"Rural";"40 - 45  MPH";"No Control Present";"Clear";"No";"35.14011, -79.4249"
"5191";632;633;"No";"40-49";41;"No";"With Traffic";"C: Possible Injury";"Travel Lane";"White";"Male";"Charlotte";"Mecklenburg";"No";NA;2011-09-12;"Bicyclist Left Turn / Merge";15;"Intersection";"01-09-01";1-01-01 15:02:58;"Bicyclist Left Turn - Same Direction";111221;2011;"C: Possible Injury";"Commercial";"30-39";38;"No";"0-5 mph";"O: No Injury";"Black";"Male";"Passenger Car";"No";"No";"Daylight";"Urban (>70% Developed)";"2 lanes";2;"Straight - Level";"Local Street";"Dry";"Two-Way, Divided, Unprotected Median";"None";"T-Intersection";"Smooth Asphalt";"Piedmont";"Urban";"30 - 35  MPH";"Stop Sign";"Clear";"No";"35.2188, -80.8141"
"5192";635;636;"No";"16-19";18;"No";"With Traffic";"C: Possible Injury";"Travel Lane";"White";"Male";"Asheville";"Buncombe";"No";NA;2011-08-29;"Bicyclist Failed to Yield - Sign-Controlled Intersection";12;"Intersection";"01-08-01";1-01-01 12:42:58;"Bicyclist Ride Out - Sign-Controlled Intersection";111142;2011;"C: Possible Injury";"Commercial";"60-69";61;"No";"16-20 mph";"O: No Injury";"White";"Male";"Passenger Car";"No";"No";"Daylight";"Urban (>70% Developed)";"5 lanes";2;"Straight - Level";"US Route";"Dry";"Two-Way, Divided, Unprotected Median";"None";"Four-Way Intersection";"Smooth Asphalt";"Mountains";"Urban";"30 - 35  MPH";"Stop Sign";"Clear";"No";"35.56596, -82.5433"
"5193";636;637;"No";"50-59";51;"No";"Facing Traffic";"Injury";"Multi-use Path";"/Missing";"Female";"Southern Shores";"Dare";"No";"01-01-06";2011-09-10;"Bicyclist Failed to Yield - Sign-Controlled Intersection";14;"Intersection";"01-09-01";1-01-01 14:17:58;"Bicyclist Ride Through - Sign-Controlled Intersection";142144;2011;"O: No Injury";"Residential";"40-49";47;"No";"0-5 mph";"O: No Injury";"White";"Male";"Pickup";"No";"No";"Daylight";"Urban (>70% Developed)";"2 lanes";2;"Straight - Level";"Local Street";"Dry";"Two-Way, Not Divided";"None";"T-Intersection";"Smooth Asphalt";"Coastal";"Rural";"20 - 25  MPH";"Stop And Go Signal";"Clear";"No";"36.11453, -75.7202"
"5194";646;647;"No";"20-24";21;"No";"Not Applicable";"A: Disabling Injury";"Driveway / Alley";"Black";"Male";"Wilmington";"New Hanover";"No";NA;2011-09-19;"Bicyclist Failed to Yield - Midblock";10;"Non-Intersection";"01-09-01";1-01-01 10:28:58;"Bicyclist Ride Out - Residential Driveway";353311;2011;"A: Disabling Injury";"Residential";"50-59";50;"No";"11-15 mph";"O: No Injury";"White";"Female";"Passenger Car";"No";"No";"Daylight";"Urban (>70% Developed)";"2 lanes";2;"Straight - Level";"Local Street";"Dry";"Two-Way, Not Divided";"None";"No Special Feature";"Coarse Asphalt";"Coastal";"Urban";"20 - 25  MPH";"No Control Present";"Clear";"No";"34.21544, -77.8794"