"FID";"OBJECTID";"AmbulanceR";"BikeAge_Gr";"Bike_Age";"Bike_Alc_D";"Bike_Dir";"Bike_Injur";"Bike_Pos";"Bike_Race";"Bike_Sex";"City";"County";"CrashAlcoh";"CrashDay";"Crash_Date";"Crash_Grp";"Crash_Hour";"Crash_Loc";"Crash_Mont";"Crash_Time";"Crash_Type";"Crash_Ty_1";"Crash_Year";"Crsh_Sevri";"Developmen";"DrvrAge_Gr";"Drvr_Age";"Drvr_Alc_D";"Drvr_EstSp";"Drvr_Injur";"Drvr_Race";"Drvr_Sex";"Drvr_VehTy";"ExcsSpdInd";"Hit_Run";"Light_Cond";"Locality";"Num_Lanes";"Num_Units";"Rd_Charact";"Rd_Class";"Rd_Conditi";"Rd_Config";"Rd_Defects";"Rd_Feature";"Rd_Surface";"Region";"Rural_Urba";"Speed_Limi";"Traff_Cntr";"Weather";"Workzone_I";"Location"
"5269";263;264;"Yes";"15-Nov";12;"No";"Not Applicable";"C: Possible Injury";"Travel Lane";"Black";"Male";"Winston-Salem";"Forsyth";"No";"01-01-04";2012-04-26;"Bicyclist Failed to Yield - Midblock";18;"Non-Intersection";"01-04-01";1-01-01 18:02:58;"Multiple Threat - Midblock";NA;2012;"C: Possible Injury";"Commercial";"20-24";20;"No";"31-35 mph";"O: No Injury";"Hispanic";"Male";"Passenger Car";"No";"No";"Daylight";"Mixed (30% To 70% Developed)";"4 lanes";2;"Straight - Level";"Local Street";"Dry";"Two-Way, Divided, Unprotected Median";"None";"No Special Feature";"Smooth Asphalt";"Piedmont";"Urban";"30 - 35  MPH";"Stop And Go Signal";"Clear";"No";"36.05898, -80.2141"
"5270";264;265;"No";"50-59";50;"No";"With Traffic";"C: Possible Injury";"Travel Lane";"White";"Male";"Charlotte";"Mecklenburg";"No";"01-01-05";2012-05-11;"Motorist Overtaking Bicyclist";21;"Non-Intersection";"01-05-01";1-01-01 21:50:58;"Motorist Overtaking - Other /";NA;2012;"C: Possible Injury";"Commercial";NA;NA;"Missing";"31-35 mph";"Injury";"/Missing";NA;NA;"No";"Yes";"Daylight";"Mixed (30% To 70% Developed)";"2 lanes";2;"Straight - Level";"Interstate";"Dry";"Two-Way, Not Divided";"None";"No Special Feature";"Smooth Asphalt";"Piedmont";"Urban";"40 - 45  MPH";"No Control Present";"Clear";"No";"35.34079, -80.8359"
"5271";272;273;"No";"50-59";59;"No";"With Traffic";"B: Evident Injury";"Travel Lane";"Black";"Male";"Rocky Mount";"Nash";"No";"01-01-03";2012-04-25;"Motorist Overtaking Bicyclist";17;"Non-Intersection";"01-04-01";1-01-01 16:59:58;"Motorist Overtaking - Misjudged Space";NA;2012;"B: Evident Injury";"Commercial";"20-24";21;"No";"26-30 mph";"O: No Injury";"Black";"Female";"Passenger Car";"No";"No";"Daylight";"Urban (>70% Developed)";"5 lanes";2;"Straight - Level";"Local Street";"Dry";"Two-Way, Not Divided";"None";"No Special Feature";"Coarse Asphalt";"Coastal";"Urban";"40 - 45  MPH";"No Control Present";"Clear";"No";"35.97028, -77.7861"
"5272";280;281;"Yes";"40-49";42;"No";"Facing Traffic";"B: Evident Injury";"Travel Lane";"Hispanic";"Male";"Havelock";"Craven";"No";NA;2012-04-16;"Head-On";9;"Non-Intersection";"01-04-01";1-01-01 09:37:58;"Head-On - Bicyclist";NA;2012;"B: Evident Injury";"Commercial";"60-69";60;"No";"6-10 mph";"O: No Injury";"White";"Male";"Passenger Car";"No";"No";"Daylight";"Urban (>70% Developed)";"4 lanes";2;"Straight - Level";"US Route";"Dry";"Two-Way, Divided, Unprotected Median";"None";"No Special Feature";"Smooth Asphalt";"Coastal";"Urban";"40 - 45  MPH";"No Control Present";"Clear";"No";"34.86042, -76.8972"
"5273";283;284;"Yes";"15-Nov";15;"No";"Facing Traffic";"C: Possible Injury";"Travel Lane";"White";"Male";"Holly Springs";"Wake";"No";"01-01-03";2012-05-16;"Crossing Paths - Other Circumstances";6;"Intersection";"01-05-01";1-01-01 06:53:58;"Signalized Intersection - Other /";NA;2012;"C: Possible Injury";"Residential";"60-69";60;"No";"0-5 mph";"O: No Injury";"White";"Female";"Passenger Car";"No";"No";"Daylight";"Urban (>70% Developed)";"3 lanes";2;"Straight - Level";"Local Street";"Wet";"Two-Way, Not Divided";"None";"T-Intersection";"Smooth Asphalt";"Piedmont";"Urban";"50 - 55  MPH";"Stop And Go Signal";"Clear";"No";"35.63912, -78.8433"
"5274";286;287;"Yes";"60-69";64;"No";"Not Applicable";"B: Evident Injury";NA;"White";"Male";"None - Rural Crash";"Transylvania";"No";"01-01-06";2012-03-17;"Non-Roadway";12;"Non-Roadway";"01-03-01";1-01-01 12:19:58;"Non-Roadway";NA;2012;"B: Evident Injury";"Farms, Woods, Pastures";"40-49";49;"No";"11-15 mph";"O: No Injury";"White";"Male";"Sport Utility";"No";"No";"Daylight";"Rural (<30% Developed)";"2 lanes";2;"Curve - Level";"Private Road, Driveway";"Dry";"Two-Way, Not Divided";"None";"Driveway, Private";"Gravel";"Mountains";"Rural";NA;"No Control Present";"Clear";"No";"35.24979, -82.6712"
"5275";288;289;"Yes";"15-Nov";15;"No";"Facing Traffic";"C: Possible Injury";"Sidewalk / Crosswalk / Driveway Crossing";"Black";"Male";"Hickory";"Catawba";"No";"01-01-04";2012-05-03;"Bicyclist Failed to Yield - Signalized Intersection";13;"Intersection";"01-05-01";1-01-01 13:54:58;"Bicyclist Failed to Clear - Multiple Threat";NA;2012;"C: Possible Injury";"Commercial";"25-29";26;"No";"0-5 mph";"O: No Injury";"White";"Female";"Sport Utility";"No";"No";"Daylight";"Urban (>70% Developed)";"2 lanes";2;"Straight - Level";"Local Street";"Dry";"One-Way, Not Divided";"None";"Four-Way Intersection";"Coarse Asphalt";"Piedmont";"Urban";"30 - 35  MPH";"Stop And Go Signal";"Clear";"No";"35.73554, -81.3355"
"5276";295;296;"Yes";"30-39";31;"No";"With Traffic";"B: Evident Injury";"Travel Lane";"Black";"Male";"Salisbury";"Rowan";"No";"01-01-07";2012-05-20;"Loss of Control / Turning Error";18;"Intersection";"01-05-01";1-01-01 18:31:58;"Bicyclist Lost Control - Mechanical Problems";NA;2012;"B: Evident Injury";"Residential";"40-49";47;"No";"26-30 mph";"O: No Injury";"Black";"Male";"Passenger Car";"No";"No";"Daylight";"Urban (>70% Developed)";"2 lanes";2;"Straight - Level";"Local Street";"Dry";"Two-Way, Not Divided";"None";"No Special Feature";"Coarse Asphalt";"Piedmont";"Urban";"30 - 35  MPH";"Stop Sign";"Clear";"No";"35.66552, -80.4634"
"5277";308;309;"Yes";"20-24";23;"No";"Facing Traffic";"C: Possible Injury";"Sidewalk / Crosswalk / Driveway Crossing";"Black";"Male";"Charlotte";"Mecklenburg";"No";"01-01-06";2012-05-12;"Motorist Failed to Yield - Midblock";18;"Non-Intersection";"01-05-01";1-01-01 18:18:58;"Motorist Drive Out - Commercial Driveway / Alley";NA;2012;"C: Possible Injury";"Residential";NA;NA;"Missing";"6-10 mph";"Injury";"Hispanic";"Female";"Light Truck (Mini-Van, Panel)";"No";"Yes";"Daylight";"Urban (>70% Developed)";"2 lanes";2;"Straight - Level";"Local Street";"Dry";"Two-Way, Divided, Positive Median Barrier";"None";"Driveway, Public";"Smooth Asphalt";"Piedmont";"Urban";"30 - 35  MPH";"No Control Present";"Cloudy";"No";"35.22271, -80.75"
"5278";310;311;"Yes";"50-59";58;"No";"Facing Traffic";"C: Possible Injury";"Sidewalk / Crosswalk / Driveway Crossing";"White";"Male";"Oak Island";"Brunswick";"No";"01-01-06";2012-05-12;"Loss of Control / Turning Error";10;"Non-Intersection";"01-05-01";1-01-01 10:19:58;"Motorist Lost Control - Other /";NA;2012;"C: Possible Injury";"Residential";"0-19";17;"No";"26-30 mph";"O: No Injury";"White";"Male";"Sport Utility";"No";"No";"Daylight";"Urban (>70% Developed)";"3 lanes";3;"Straight - Level";"Local Street";"Dry";"Two-Way, Not Divided";"None";"No Special Feature";"Smooth Asphalt";"Coastal";"Urban";"30 - 35  MPH";"No Control Present";"Clear";"No";"33.90992, -78.0957"
"5279";312;313;"Yes";"20-24";22;"No";"Facing Traffic";"C: Possible Injury";"Sidewalk / Crosswalk / Driveway Crossing";"Other";"Male";"Asheboro";"Randolph";"No";"01-01-07";2012-05-20;"Motorist Failed to Yield - Midblock";17;"Non-Intersection";"01-05-01";1-01-01 17:01:58;"Motorist Drive Out - Commercial Driveway / Alley";NA;2012;"C: Possible Injury";"Commercial";"40-49";48;"No";"0-5 mph";"O: No Injury";"White";"Female";"Passenger Car";"No";"No";"Daylight";"Urban (>70% Developed)";"2 lanes";2;"Straight - Level";"Public Vehicular Area";"Dry";"Two-Way, Not Divided";"None";"Driveway, Public";"Grooved Concrete";"Piedmont";"Urban";NA;"No Control Present";"Clear";"No";"35.70826, -79.8137"
"5280";316;317;"Yes";"20-24";20;"No";"With Traffic";"B: Evident Injury";"Travel Lane";"White";"Male";"None - Rural Crash";"Wake";"No";"01-01-04";2012-05-17;"Motorist Overtaking Bicyclist";16;"Non-Intersection";"01-05-01";1-01-01 16:55:58;"Motorist Overtaking - Bicyclist Swerved";NA;2012;"B: Evident Injury";"Residential";"25-29";28;"No";"31-35 mph";"O: No Injury";"White";"Male";"Single Unit Truck (3 Or More Axles)";"No";"No";"Daylight";"Mixed (30% To 70% Developed)";"2 lanes";2;"Straight - Level";"State Secondary Route";"Dry";"Two-Way, Not Divided";"None";"No Special Feature";"Smooth Asphalt";"Piedmont";"Rural";"40 - 45  MPH";"Double Yellow Line, No Passing Zone";"Clear";"No";"35.83147, -78.4423"
"5281";321;322;"Yes";"60-69";60;"No";"With Traffic";"C: Possible Injury";"Travel Lane";"Black";"Male";"Wilmington";"New Hanover";"No";"01-01-03";2012-05-16;"Motorist Failed to Yield - Sign-Controlled Intersection";10;"Intersection";"01-05-01";1-01-01 10:17:58;"Motorist Drive Out - Sign-Controlled Intersection";NA;2012;"C: Possible Injury";"Residential";"40-49";44;"No";"0-5 mph";"O: No Injury";"White";"Male";"Passenger Car";"No";"No";"Daylight";"Urban (>70% Developed)";"4 lanes";2;"Straight - Level";"Local Street";"Dry";"Two-Way, Not Divided";"None";"No Special Feature";"Smooth Asphalt";"Coastal";"Urban";"30 - 35  MPH";"Stop Sign";"Clear";"No";"34.21798, -77.9426"
"5282";322;323;"Yes";"20-24";20;"No";"With Traffic";"B: Evident Injury";"Travel Lane";"White";"Male";"Wilmington";"New Hanover";"No";"01-01-03";2012-05-16;"Motorist Failed to Yield - Sign-Controlled Intersection";12;"Intersection";"01-05-01";1-01-01 12:40:58;"Motorist Drive Out - Sign-Controlled Intersection";NA;2012;"B: Evident Injury";"Commercial";"50-59";50;"No";"0-5 mph";"O: No Injury";"White";"Male";"Passenger Car";"No";"No";"Daylight";"Mixed (30% To 70% Developed)";"6 lanes";2;"Straight - Level";"Local Street";"Wet";"Two-Way, Divided, Positive Median Barrier";"None";"No Special Feature";"Smooth Asphalt";"Coastal";"Urban";"20 - 25  MPH";"Stop Sign";"Cloudy";"No";"34.24319, -77.9497"
"5283";332;333;"Yes";"40-49";46;"No";"With Traffic";"C: Possible Injury";"Travel Lane";"Black";"Male";"Garysburg";"Northampton";"No";"01-01-06";2012-06-02;"Motorist Overtaking Bicyclist";1;"Non-Intersection";"01-06-01";1-01-01 01:05:58;"Motorist Overtaking - Misjudged Space";NA;2012;"C: Possible Injury";"Residential";NA;NA;"No";NA;"Injury";"/Missing";NA;NA;"No";"Yes";"Dark - Roadway Not Lighted";"Mixed (30% To 70% Developed)";"2 lanes";2;"Straight - Level";"US Route";"Wet";"Two-Way, Not Divided";"None";"No Special Feature";"Smooth Asphalt";"Coastal";"Rural";"40 - 45  MPH";"No Control Present";"Rain";"No";"36.45314, -77.5579"
"5284";335;336;"Yes";"40-49";47;"No";"With Traffic";"B: Evident Injury";"Travel Lane";"White";"Male";"Duck";"Dare";"No";"01-01-07";2012-05-27;"Motorist Right Turn / Merge";16;"Intersection";"01-05-01";1-01-01 16:34:58;"Motorist Right Turn - Same Direction";NA;2012;"B: Evident Injury";"Commercial";"70";70;"No";"21-25 mph";"O: No Injury";"White";"Male";"Van";"No";"No";"Daylight";"Urban (>70% Developed)";"3 lanes";2;"Straight - Level";"NC Route";"Dry";"Two-Way, Not Divided";"None";"No Special Feature";"Smooth Asphalt";"Coastal";"Rural";NA;"No Control Present";"Clear";"No";"36.1631, -75.7527"
"5285";336;337;"No";"20-24";21;"No";"With Traffic";"O: No Injury";"Travel Lane";"/Missing";NA;"None - Rural Crash";"Alamance";"No";NA;2012-05-14;"Crossing Paths - Other Circumstances";7;"Intersection-Related";"01-05-01";1-01-01 07:43:58;"Crossing Paths - Uncontrolled Intersection";NA;2012;"O: No Injury";"Residential";"70";70;"No";"0-5 mph";"O: No Injury";"White";"Male";"Other Bus";"No";"No";"Daylight";"Urban (>70% Developed)";"2 lanes";2;"Straight - Level";"Local Street";"Dry";"Two-Way, Not Divided";"None";"Driveway, Public";"Smooth Asphalt";"Piedmont";"Rural";"30 - 35  MPH";"Double Yellow Line, No Passing Zone";"Cloudy";"No";"36.10808, -79.4842"
"5286";343;344;"No";"15-Nov";11;"No";"Not Applicable";"O: No Injury";"Non-Roadway";"White";"Male";"Mooresville";"Iredell";"No";NA;2012-05-28;"Non-Roadway";20;"Non-Roadway";"01-05-01";1-01-01 20:23:58;"Non-Roadway";NA;2012;"O: No Injury";"Commercial";"50-59";50;"No";"0-5 mph";"O: No Injury";"White";"Female";"Sport Utility";"No";"No";"Daylight";"Urban (>70% Developed)";NA;2;"Straight - Level";"Public Vehicular Area";"Dry";"Two-Way, Not Divided";"None";"No Special Feature";"Smooth Asphalt";"Piedmont";"Urban";"5 - 15 MPH";"No Control Present";"Clear";"No";"35.53492, -80.8001"
"5287";344;345;"Yes";"30-39";30;"No";"With Traffic";"B: Evident Injury";"Travel Lane";"/Missing";NA;"Wrightsville Beach";"New Hanover";"No";"01-01-07";2012-05-27;"Motorist Left Turn / Merge";12;"Intersection";"01-05-01";1-01-01 12:26:58;"Motorist Left Turn - Same Direction";NA;2012;"B: Evident Injury";"Residential";"40-49";40;"No";"6-10 mph";"O: No Injury";"White";"Female";"Sport Utility";"No";"No";"Daylight";"Mixed (30% To 70% Developed)";"2 lanes";2;"Straight - Level";"Local Street";"Dry";"Two-Way, Not Divided";"None";"No Special Feature";"Smooth Asphalt";"Coastal";"Rural";"20 - 25  MPH";"No Control Present";"Clear";"No";"34.20949, -77.7948"
"5288";346;347;"No";"16-19";16;"No";"With Traffic";"C: Possible Injury";"Travel Lane";"White";"Female";"Wilmington";"New Hanover";"No";"01-01-02";2012-05-29;"Crossing Paths - Other Circumstances";9;"Intersection";"01-05-01";1-01-01 09:16:58;"Signalized Intersection - Other /";NA;2012;"C: Possible Injury";"Commercial";NA;NA;"No";NA;"Injury";"/Missing";NA;NA;"No";"Yes";"Daylight";"Urban (>70% Developed)";"2 lanes";2;"Straight - Level";"Local Street";"Wet";"One-Way, Not Divided";"None";"No Special Feature";"Smooth Asphalt";"Coastal";"Urban";"30 - 35  MPH";"Stop And Go Signal";"Rain";"No";"34.23593, -77.9275"
"5289";356;357;"Yes";"15-Nov";13;"No";"Facing Traffic";"C: Possible Injury";"Sidewalk / Crosswalk / Driveway Crossing";"White";"Male";"Cary";"Wake";"No";"01-01-06";2012-05-19;"Crossing Paths - Other Circumstances";13;"Intersection";"01-05-01";1-01-01 13:31:58;"Signalized Intersection - Other /";NA;2012;"C: Possible Injury";"Commercial";"0-19";18;"No";"0-5 mph";"O: No Injury";"White";"Female";"Sport Utility";"No";"No";"Daylight";"Urban (>70% Developed)";"5 lanes";2;"Straight - Level";"State Secondary Route";"Dry";"Two-Way, Not Divided";"None";"Related To Intersection";"Smooth Asphalt";"Piedmont";"Urban";"40 - 45  MPH";"Stop And Go Signal";"Clear";"No";"35.79135, -78.8475"
"5290";358;359;"No";NA;0;"Missing";"Facing Traffic";"Injury";"Sidewalk / Crosswalk / Driveway Crossing";"/Missing";NA;"Cary";"Wake";"No";"01-01-05";2012-05-25;"Motorist Failed to Yield - Midblock";11;"Non-Intersection";"01-05-01";1-01-01 11:39:58;"Motorist Drive Out - Commercial Driveway / Alley";NA;2012;"O: No Injury";"Commercial";"40-49";49;"No";"0-5 mph";"O: No Injury";"White";"Male";"Passenger Car";"No";"No";"Daylight";"Urban (>70% Developed)";"2 lanes";2;"Straight - Level";"Public Vehicular Area";"Dry";"Two-Way, Divided, Unprotected Median";"None";"Driveway, Private";"Smooth Asphalt";"Piedmont";"Urban";"40 - 45  MPH";"Stop Sign";"Clear";"No";"35.76359, -78.747"
"5291";366;367;"Yes";"20-24";23;"No";"With Traffic";"B: Evident Injury";"Travel Lane";"White";"Male";"Raleigh";"Wake";"No";"01-01-07";2012-06-03;"Motorist Left Turn / Merge";1;"Intersection";"01-06-01";1-01-01 01:01:58;"Motorist Left Turn - Opposite Direction";NA;2012;"B: Evident Injury";"Commercial";NA;NA;"Missing";"21-25 mph";"Injury";"/Missing";NA;"Passenger Car";"No";"Yes";"Dark - Lighted Roadway";"Rural (<30% Developed)";"3 lanes";2;"Straight - Level";"Local Street";"Dry";"Two-Way, Divided, Unprotected Median";"None";"T-Intersection";"Coarse Asphalt";"Piedmont";"Urban";"30 - 35  MPH";"No Control Present";"Clear";"No";"35.78313, -78.656"
"5292";368;369;"No";"20-24";22;"Yes";"With Traffic";"O: No Injury";"Travel Lane";"White";"Female";"Emerald Isle";"Carteret";"Yes";"01-01-06";2012-05-26;"Motorist Overtaking Bicyclist";23;"Non-Intersection";"01-05-01";1-01-01 23:10:58;"Motorist Overtaking - Other /";NA;2012;"O: No Injury";"Residential";"25-29";25;"No";"41-45 mph";"O: No Injury";"White";"Male";"Sport Utility";"No";"No";"Dark - Roadway Not Lighted";"Urban (>70% Developed)";"2 lanes";2;"Straight - Level";"NC Route";"Wet";"Two-Way, Divided, Unprotected Median";"None";"No Special Feature";"Smooth Asphalt";"Coastal";"Rural";"40 - 45  MPH";"No Control Present";"Rain";"No";"34.68207, -76.9217"
"5293";370;371;"No";"20-24";20;"No";"Facing Traffic";"O: No Injury";"Travel Lane";"White";"Male";"Cary";"Wake";"No";"01-01-02";2012-05-29;"Crossing Paths - Other Circumstances";15;"Intersection";"01-05-01";1-01-01 15:12:58;"Crossing Paths - Intersection - Other /";NA;2012;"O: No Injury";"Commercial";"60-69";61;"No";"6-10 mph";"O: No Injury";"Black";"Female";"Pickup";"No";"No";"Daylight";"Urban (>70% Developed)";"5 lanes";2;"Straight - Level";"State Secondary Route";"Dry";"Two-Way, Not Divided";"None";"Four-Way Intersection";"Smooth Asphalt";"Piedmont";"Urban";"30 - 35  MPH";"Stop And Go Signal";"Cloudy";"No";"35.76929, -78.782"
"5294";376;377;"Yes";"30-39";37;"No";"With Traffic";"B: Evident Injury";"Bike Lane / Paved Shoulder";"White";"Female";"None - Rural Crash";"Dare";"No";"01-01-05";2012-06-15;"Motorist Failed to Yield - Sign-Controlled Intersection";23;"Intersection";"01-06-01";1-01-01 23:04:58;"Motorist Drive Out - Sign-Controlled Intersection";NA;2012;"B: Evident Injury";"Residential";"60-69";60;"No";"0-5 mph";"O: No Injury";"White";"Male";"Sport Utility";"No";"No";"Dark - Roadway Not Lighted";"Urban (>70% Developed)";"2 lanes";2;"Straight - Level";"NC Route";"Dry";"Two-Way, Not Divided";"None";"T-Intersection";"Coarse Asphalt";"Coastal";"Rural";"30 - 35  MPH";"Double Yellow Line, No Passing Zone";"Clear";"No";"35.56312, -75.469"
"5295";378;379;"No";"30-39";32;"No";"With Traffic";"O: No Injury";"Travel Lane";"Black";"Male";"Fayetteville";"Cumberland";"No";"01-01-06";2012-06-09;"Motorist Overtaking Bicyclist";21;"Non-Intersection";"01-06-01";1-01-01 21:43:58;"Motorist Overtaking - Other /";NA;2012;"O: No Injury";"Commercial";NA;NA;"Missing";NA;"Injury";"/Missing";NA;NA;"No";"Yes";"Dark - Lighted Roadway";"Urban (>70% Developed)";"5 lanes";2;"Straight - Grade";"NC Route";"Dry";"Two-Way, Not Divided";"None";"No Special Feature";"Smooth Asphalt";"Coastal";"Urban";NA;"No Control Present";"Clear";"No";"35.04407, -78.9812"
"5296";381;382;"Yes";"40-49";41;"No";"Facing Traffic";"C: Possible Injury";"Travel Lane";"Black";"Male";"New Bern";"Craven";"No";"01-01-05";2012-06-15;"Motorist Failed to Yield - Sign-Controlled Intersection";15;"Intersection";"01-06-01";1-01-01 15:56:58;"Motorist Drive Out - Sign-Controlled Intersection";NA;2012;"C: Possible Injury";"Residential";"50-59";58;"No";"0-5 mph";"O: No Injury";"Black";"Female";"Passenger Car";"No";"No";"Daylight";"Urban (>70% Developed)";"2 lanes";2;"Curve - Level";"Local Street";"Dry";"Two-Way, Not Divided";"None";"T-Intersection";"Smooth Asphalt";"Coastal";"Urban";"20 - 25  MPH";"Stop Sign";"Cloudy";"No";"35.11075, -77.064"
"5297";385;386;"Yes";"10-Jun";7;"No";"With Traffic";"C: Possible Injury";"Travel Lane";"Black";"Female";"Wilson";"Wilson";"No";"01-01-07";2012-05-27;"Motorist Failed to Yield - Sign-Controlled Intersection";17;"Intersection";"01-05-01";1-01-01 17:00:58;"Motorist Drive Out - Sign-Controlled Intersection";NA;2012;"C: Possible Injury";"Residential";NA;NA;"Missing";"0-5 mph";"Injury";"/Missing";NA;NA;"No";"Yes";"Daylight";"Mixed (30% To 70% Developed)";"2 lanes";2;"Straight - Level";"Local Street";"Wet";"Two-Way, Not Divided";"None";"No Special Feature";"Coarse Asphalt";"Coastal";"Urban";"30 - 35  MPH";"Stop Sign";"Cloudy";"No";"35.7145, -77.8952"
"5298";386;387;"Yes";"15-Nov";12;"No";"With Traffic";"B: Evident Injury";"Travel Lane";"Black";"Male";"None - Rural Crash";"Sampson";"No";"01-01-06";2012-05-26;"Motorist Overtaking Bicyclist";16;"Non-Intersection";"01-05-01";1-01-01 16:56:58;"Motorist Overtaking - Bicyclist Swerved";NA;2012;"B: Evident Injury";"Farms, Woods, Pastures";"30-39";36;"No";"31-35 mph";"O: No Injury";"Black";"Female";"Sport Utility";"No";"No";"Daylight";"Rural (<30% Developed)";"2 lanes";2;"Straight - Level";"State Secondary Route";"Dry";"Two-Way, Not Divided";"None";"Driveway, Private";"Coarse Asphalt";"Coastal";"Rural";"50 - 55  MPH";"Double Yellow Line, No Passing Zone";"Clear";"No";"34.77522, -78.3329"
"5299";390;391;"No";"40-49";45;"No";"With Traffic";"C: Possible Injury";"Travel Lane";"White";"Male";"Charlotte";"Mecklenburg";"No";"01-01-05";2012-06-15;"Motorist Overtaking Bicyclist";16;"Intersection";"01-06-01";1-01-01 16:21:58;"Motorist Overtaking - Other /";NA;2012;"C: Possible Injury";"Commercial";NA;NA;"Missing";"6-10 mph";"Injury";"/Missing";NA;NA;"No";"Yes";"Daylight";"Urban (>70% Developed)";"4 lanes";2;"Straight - Level";"Local Street";"Dry";"Two-Way, Not Divided";"None";"No Special Feature";"Concrete";"Piedmont";"Urban";"40 - 45  MPH";"Stop And Go Signal";"Clear";"No";"35.2354, -80.8404"
"5300";395;396;"Yes";"20-24";24;"No";"With Traffic";"B: Evident Injury";"Travel Lane";"Black";"Male";"Charlotte";"Mecklenburg";"No";"01-01-05";2012-05-04;"Motorist Left Turn / Merge";16;"Non-Intersection";"01-05-01";1-01-01 16:16:58;"Motorist Left Turn - Opposite Direction";NA;2012;"B: Evident Injury";"Commercial";"25-29";29;"No";"6-10 mph";"O: No Injury";"Hispanic";"Female";"Van";"No";"No";"Daylight";"Urban (>70% Developed)";"4 lanes";2;"Straight - Level";"Local Street";"Dry";"Two-Way, Not Divided";"None";"No Special Feature";"Smooth Asphalt";"Piedmont";"Urban";"30 - 35  MPH";"No Control Present";"Clear";"No";"35.21946, -80.8021"
"5301";176;177;"Yes";"16-19";18;"No";"With Traffic";"C: Possible Injury";"Travel Lane";"White";"Male";"Raleigh";"Wake";"No";"01-01-02";2011-04-12;"Motorist Left Turn / Merge";17;"Intersection";"01-04-01";1-01-01 17:23:58;"Motorist Left Turn - Opposite Direction";111212;2011;"C: Possible Injury";"Commercial";"20-24";22;"No";"6-10 mph";"O: No Injury";"Black";"Male";"Passenger Car";"No";"No";"Daylight";"Urban (>70% Developed)";"6 lanes";2;"Straight - Level";"Local Street";"Dry";"Two-Way, Divided, Unprotected Median";"None";"T-Intersection";"Smooth Asphalt";"Piedmont";"Urban";"30 - 35  MPH";"Stop And Go Signal";"Cloudy";"No";"35.78915, -78.6744"
"5302";177;178;"Yes";"16-19";18;"No";"With Traffic";"B: Evident Injury";"Travel Lane";"White";"Male";"Gastonia";"Gaston";"No";"01-01-05";2011-04-15;"Crossing Paths - Other Circumstances";14;"Intersection";"01-04-01";1-01-01 14:50:58;"Signalized Intersection - Other /";111158;2011;"B: Evident Injury";"Commercial";"40-49";47;"No";"26-30 mph";"O: No Injury";"Black";"Male";"Passenger Car";"No";"No";"Daylight";"Urban (>70% Developed)";"3 lanes";2;"Straight - Grade";"State Secondary Route";"Dry";"Two-Way, Not Divided";"None";"Four-Way Intersection";"Smooth Asphalt";"Piedmont";"Urban";"30 - 35  MPH";"Stop And Go Signal";"Cloudy";"No";"35.26429, -81.2004"
"5303";181;182;"Yes";"50-59";54;"No";"With Traffic";"C: Possible Injury";"Travel Lane";"White";"Male";"Wrightsville Beach";"New Hanover";"No";"01-01-05";2011-04-22;"Motorist Failed to Yield - Sign-Controlled Intersection";13;"Intersection";"01-04-01";1-01-01 13:41:58;"Motorist Drive Out - Sign-Controlled Intersection";111141;2011;"C: Possible Injury";"Commercial";"40-49";45;"No";"0-5 mph";"O: No Injury";"White";"Male";"Van";"No";"No";"Daylight";"Urban (>70% Developed)";"4 lanes";2;"Straight - Level";"US Route";"Dry";"Two-Way, Divided, Unprotected Median";"None";"No Special Feature";"Coarse Asphalt";"Coastal";"Rural";"5 - 15 MPH";"Stop Sign";"Cloudy";"No";"34.21026, -77.7996"
"5304";183;184;"Yes";"25-29";25;"No";"With Traffic";"O: No Injury";"Travel Lane";"White";"Male";"Greensboro";"Guilford";"No";"01-01-07";2011-04-17;"Motorist Failed to Yield - Signalized Intersection";1;"Intersection";"01-04-01";1-01-01 01:35:58;"Motorist Drive Through - Signalized Intersection";111154;2011;"O: No Injury";"Commercial";"20-24";24;"No";"31-35 mph";"O: No Injury";"Black";"Female";"Passenger Car";"No";"No";"Dark - Lighted Roadway";"Urban (>70% Developed)";"6 lanes";2;"Straight - Level";"Local Street";"Dry";"Two-Way, Not Divided";"None";"Related To Intersection";"Smooth Asphalt";"Piedmont";"Urban";"30 - 35  MPH";"Stop And Go Signal";"Clear";"No";"36.07822, -79.7938"
"5305";184;185;"Yes";"15-Nov";12;"No";"Not Applicable";"O: No Injury";"Travel Lane";"Black";"Male";"Charlotte";"Mecklenburg";"No";NA;2011-04-18;"Non-Roadway";19;"Non-Roadway";"01-04-01";1-01-01 19:19:58;"Non-Roadway";410910;2011;"B: Evident Injury";"Commercial";NA;NA;"Missing";NA;"Injury";"/Missing";NA;NA;"No";"Yes";"Dusk";"Urban (>70% Developed)";"2 lanes";2;"Straight - Level";"Public Vehicular Area";"Dry";"Two-Way, Not Divided";"None";"No Special Feature";"Smooth Asphalt";"Piedmont";"Urban";"5 - 15 MPH";"Stop Sign";"Clear";"No";"35.22462, -80.8941"
"5306";194;195;"Yes";"10-Jun";8;"No";"With Traffic";"B: Evident Injury";"Travel Lane";"White";"Male";"Troutman";"Iredell";"No";"01-01-03";2011-04-06;"Motorist Overtaking Bicyclist";17;"Non-Intersection";"01-04-01";1-01-01 17:04:58;"Motorist Overtaking - Bicyclist Swerved";311235;2011;"B: Evident Injury";"Residential";"25-29";25;"No";"21-25 mph";"O: No Injury";"Black";"Female";"Passenger Car";"No";"No";"Daylight";"Urban (>70% Developed)";"2 lanes";2;"Straight - Level";"Local Street";"Dry";"Two-Way, Not Divided";"None";"No Special Feature";"Smooth Asphalt";"Piedmont";"Rural";"20 - 25  MPH";"No Control Present";"Clear";"No";"35.69468, -80.9002"