"FID";"OBJECTID";"AmbulanceR";"BikeAge_Gr";"Bike_Age";"Bike_Alc_D";"Bike_Dir";"Bike_Injur";"Bike_Pos";"Bike_Race";"Bike_Sex";"City";"County";"CrashAlcoh";"CrashDay";"Crash_Date";"Crash_Grp";"Crash_Hour";"Crash_Loc";"Crash_Mont";"Crash_Time";"Crash_Type";"Crash_Ty_1";"Crash_Year";"Crsh_Sevri";"Developmen";"DrvrAge_Gr";"Drvr_Age";"Drvr_Alc_D";"Drvr_EstSp";"Drvr_Injur";"Drvr_Race";"Drvr_Sex";"Drvr_VehTy";"ExcsSpdInd";"Hit_Run";"Light_Cond";"Locality";"Num_Lanes";"Num_Units";"Rd_Charact";"Rd_Class";"Rd_Conditi";"Rd_Config";"Rd_Defects";"Rd_Feature";"Rd_Surface";"Region";"Rural_Urba";"Speed_Limi";"Traff_Cntr";"Weather";"Workzone_I";"Location"
"5344";491;492;"Yes";"15-Nov";14;"No";"Facing Traffic";"C: Possible Injury";"Sidewalk / Crosswalk / Driveway Crossing";"Black";"Male";"High Point";"Guilford";"No";"01-01-04";2010-07-22;"Motorist Failed to Yield - Midblock";11;"Non-Intersection";"01-07-01";1-01-01 11:30:58;"Motorist Drive Out - Commercial Driveway / Alley";0;2010;"C: Possible Injury";"Commercial";"30-39";33;"No";"0-5 mph";"O: No Injury";"White";"Male";NA;"No";"Yes";"Daylight";"Urban (>70% Developed)";"5 lanes";2;"Straight - Level";"US Route";"Dry";"Two-Way, Not Divided";"None";"No Special Feature";"Coarse Asphalt";"Piedmont";"Urban";"30 - 35  MPH";"No Control Present";"Clear";"No";"35.933033, -79.98963"
"5345";492;493;"Yes";"30-39";36;"No";"With Traffic";"B: Evident Injury";"Bike Lane / Paved Shoulder";"White";"Male";"Greensboro";"Guilford";"No";"01-01-07";2010-07-18;"Motorist Left Turn / Merge";0;"Non-Intersection";"01-07-01";1-01-01 00:58:58;"Motorist Left Turn - Opposite Direction";0;2010;"B: Evident Injury";"Commercial";"25-29";29;"No";"11-15 mph";"O: No Injury";"White";"Female";"Passenger Car";"No";"No";"Dark - Lighted Roadway";"Urban (>70% Developed)";"2 lanes";2;"Straight - Level";"Local Street";"Wet";"Two-Way, Not Divided";"None";"No Special Feature";"Concrete";"Piedmont";"Urban";"30 - 35  MPH";"No Control Present";"Clear";"No";"36.063526, -79.84012"
"5346";497;498;"Yes";"40-49";47;"No";"With Traffic";"C: Possible Injury";"Travel Lane";"Black";"Male";"Gastonia";"Gaston";"No";"01-01-02";2010-07-27;"Crossing Paths - Other Circumstances";15;"Intersection";"01-07-01";1-01-01 15:56:58;"Signalized Intersection - Other /";0;2010;"C: Possible Injury";"Commercial";"70+";NA;"No";NA;"O: No Injury";"White";"Male";"Passenger Car";"No";"No";"Daylight";"Urban (>70% Developed)";"2 lanes";2;"Straight - Level";"Local Street";"Dry";"Two-Way, Not Divided";"None";"Four-Way Intersection";"Smooth Asphalt";"Piedmont";"Urban";"30 - 35  MPH";"Stop And Go Signal";"Clear";"No";"35.262318, -81.1539"
"5347";500;501;"No";"60-69";68;"No";"Facing Traffic";"O: No Injury";"Sidewalk / Crosswalk / Driveway Crossing";"/Missing";NA;"Rocky Mount";"Nash";"No";"01-01-03";2010-07-07;"Motorist Right Turn / Merge";10;"Non-Intersection";"01-07-01";1-01-01 10:30:58;"Motorist Right Turn - Opposite Direction";0;2010;"O: No Injury";"Commercial";NA;NA;"Missing";"6-10 mph";"Injury";"/Missing";NA;NA;"No";"Yes";"Daylight";"Urban (>70% Developed)";"5 lanes";2;"Straight - Level";"Local Street";"Dry";"Two-Way, Not Divided";"None";"Driveway, Public";"Smooth Asphalt";"Coastal";"Urban";"5 - 15 MPH";"No Control Present";"Clear";"No";"35.932713, -77.81098"
"5348";502;503;"Yes";"30-39";31;"No";"With Traffic";"B: Evident Injury";"Travel Lane";"White";"Male";"None - Rural Crash";"Davie";"No";"01-01-04";2010-07-29;"Motorist Right Turn / Merge";8;"Intersection-Related";"01-07-01";1-01-01 08:04:58;"Motorist Right Turn - Same Direction";0;2010;"B: Evident Injury";"Farms, Woods, Pastures";NA;NA;"No";"41-45 mph";"B: Evident Injury";"White";"Male";"Sport Utility";"No";"No";"Daylight";"Rural (<30% Developed)";"2 lanes";2;"Straight - Grade";"NC Route";"Dry";"Two-Way, Not Divided";"None";"T-Intersection";"Coarse Asphalt";"Piedmont";"Rural";"40 - 45  MPH";"No Control Present";"Clear";"No";"35.972794, -80.425644"
"5349";507;508;"Yes";"30-39";34;"No";"With Traffic";"A: Disabling Injury";"Travel Lane";"White";"Male";"Clemmons";"Forsyth";"No";"01-01-05";2010-07-16;"Loss of Control / Turning Error";10;"Intersection-Related";"01-07-01";1-01-01 10:29:58;"Motorist Turning Error - Right Turn";0;2010;"A: Disabling Injury";"Residential";"30-39";32;"No";"41-45 mph";"O: No Injury";"White";"Female";"Passenger Car";"No";"Yes";"Daylight";"Mixed (30% To 70% Developed)";"2 lanes";2;"Straight - Level";"Local Street";"Dry";"Two-Way, Not Divided";"None";"T-Intersection";"Coarse Asphalt";"Piedmont";"Urban";"40 - 45  MPH";"Stop Sign";"Clear";"No";"36.06965, -80.41537"
"5350";509;510;"Yes";"50-59";53;"No";"Facing Traffic";"C: Possible Injury";"Sidewalk / Crosswalk / Driveway Crossing";"Black";"Male";"Charlotte";"Mecklenburg";"No";"01-01-05";2010-07-30;"Motorist Failed to Yield - Midblock";19;"Non-Intersection";"01-07-01";1-01-01 18:59:58;"Motorist Drive Out - Commercial Driveway / Alley";0;2010;"C: Possible Injury";"Commercial";"40-49";48;"No";"0-5 mph";"O: No Injury";"Black";"Male";"Van";"No";"No";"Daylight";"Urban (>70% Developed)";NA;2;"Straight - Level";"Public Vehicular Area";"Dry";"Two-Way, Not Divided";"None";"No Special Feature";"Concrete";"Piedmont";"Urban";"30 - 35  MPH";"No Control Present";"Clear";"No";"35.2997, -80.801025"
"5351";511;512;"Yes";"40-49";43;"No";"With Traffic";"O: No Injury";"Sidewalk / Crosswalk / Driveway Crossing";"White";"Male";"Raleigh";"Wake";"No";"01-01-02";2010-07-20;"Motorist Failed to Yield - Midblock";13;"Non-Intersection";"01-07-01";1-01-01 13:15:58;"Motorist Drive Out - Commercial Driveway / Alley";0;2010;"O: No Injury";"Commercial";"20-24";20;"No";"0-5 mph";"O: No Injury";"White";"Male";"Light Truck (Mini-Van, Panel)";"No";"No";"Daylight";"Urban (>70% Developed)";NA;2;"Straight - Level";"Public Vehicular Area";"Dry";"Two-Way, Not Divided";"None";"No Special Feature";"Smooth Asphalt";"Piedmont";"Urban";"5 - 15 MPH";"No Control Present";"Clear";"No";"35.784973, -78.65992"
"5352";512;513;"No";"30-39";34;"No";"With Traffic";"C: Possible Injury";"Travel Lane";"Asian";"Male";"None - Rural Crash";"Rowan";"No";"01-01-06";2010-07-17;"Motorist Right Turn / Merge";8;"Intersection";"01-07-01";1-01-01 08:34:58;"Motorist Right Turn - Same Direction";0;2010;"C: Possible Injury";"Residential";"25-29";29;"No";"6-10 mph";"O: No Injury";"White";"Male";"Passenger Car";"No";"No";"Daylight";"Mixed (30% To 70% Developed)";"2 lanes";2;"Straight - Level";"State Secondary Route";"Dry";"Two-Way, Not Divided";"None";"T-Intersection";"Coarse Asphalt";"Piedmont";"Rural";"40 - 45  MPH";"Double Yellow Line, No Passing Zone";"Clear";"No";"35.547226, -80.701805"
"5353";514;515;"No";"15-Nov";12;"No";"Facing Traffic";"C: Possible Injury";"Sidewalk / Crosswalk / Driveway Crossing";"Black";"Male";"Fuquay-Varina";"Wake";"No";"01-01-05";2010-07-16;"Motorist Failed to Yield - Midblock";15;"Non-Intersection";"01-07-01";1-01-01 14:59:58;"Motorist Drive Out - Commercial Driveway / Alley";0;2010;"C: Possible Injury";"Commercial";NA;NA;"Missing";"0-5 mph";"Injury";"/Missing";NA;NA;"No";"Yes";"Daylight";"Urban (>70% Developed)";"2 lanes";2;"Straight - Level";"Public Vehicular Area";"Dry";"Two-Way, Divided, Unprotected Median";"None";"Driveway, Public";"Smooth Asphalt";"Piedmont";"Urban";"30 - 35  MPH";"No Control Present";"Clear";"No";"35.586124, -78.7821"
"5354";519;520;"Yes";"40-49";48;"No";"Facing Traffic";"K: Killed";"Travel Lane";"Black";"Male";"None - Rural Crash";"Vance";"No";"01-01-02";2010-08-10;"Head-On";21;"Non-Intersection";"01-08-01";1-01-01 21:04:58;"Head-On - Bicyclist";0;2010;"K: Killed";"Residential";"40-49";42;"No";"36-40 mph";"O: No Injury";"Black";"Female";"Passenger Car";"No";"No";"Dark - Roadway Not Lighted";"Rural (<30% Developed)";"2 lanes";2;"Straight - Level";"State Secondary Route";"Dry";"Two-Way, Not Divided";"None";"No Special Feature";"Smooth Asphalt";"Piedmont";"Rural";"40 - 45  MPH";"No Control Present";"Clear";"No";"36.428864, -78.43482"
"5355";527;528;"Yes";"20-24";22;"No";"Facing Traffic";"B: Evident Injury";"Travel Lane";"Black";"Male";"Charlotte";"Mecklenburg";"No";"01-01-05";2010-07-30;"Motorist Failed to Yield - Sign-Controlled Intersection";2;"Intersection";"01-07-01";1-01-01 02:29:58;"Motorist Drive Through - Sign-Controlled Intersection";0;2010;"B: Evident Injury";"Residential";"50-59";55;"No";"16-20 mph";"O: No Injury";"White";"Female";"Passenger Car";"No";"No";"Daylight";"Urban (>70% Developed)";"2 lanes";2;"Straight - Level";"Local Street";"Dry";"Two-Way, Divided, Unprotected Median";"None";"Four-Way Intersection";"Smooth Asphalt";"Piedmont";"Urban";"30 - 35  MPH";"Stop Sign";"Clear";"No";"35.23411, -80.822235"
"5356";528;529;"No";"30-39";31;"No";"With Traffic";"B: Evident Injury";"Travel Lane";"Black";"Male";"Farmville";"Pitt";"No";"01-01-03";2010-08-04;"Bicyclist Left Turn / Merge";16;"Intersection";"01-08-01";1-01-01 16:27:58;"Bicyclist Left Turn - Same Direction";0;2010;"B: Evident Injury";"Residential";"60-69";68;"No";"21-25 mph";"O: No Injury";"Black";"Female";"Van";"No";"No";"Daylight";"Urban (>70% Developed)";"2 lanes";2;"Straight - Level";"Local Street";"Dry";"Two-Way, Not Divided";"None";"Four-Way Intersection";"Smooth Asphalt";"Coastal";"Rural";"30 - 35  MPH";"Yield Sign";"Clear";"No";"35.591537, -77.59017"
"5357";531;532;"No";"50-59";57;"No";"Not Applicable";"O: No Injury";"Other";"White";"Male";"Raleigh";"Wake";"No";"01-01-06";2010-07-31;"Crossing Paths - Other Circumstances";2;"Intersection";"01-07-01";1-01-01 02:14:58;"Crossing Paths - Intersection - Other /";0;2010;"O: No Injury";"Commercial";NA;NA;"Missing";"16-20 mph";"Injury";"/Missing";NA;NA;"No";"Yes";"Dark - Lighted Roadway";"Urban (>70% Developed)";"7 lanes";2;"Straight - Level";"Local Street";"Dry";"Two-Way, Not Divided";"None";"T-Intersection";"Smooth Asphalt";"Piedmont";"Urban";"40 - 45  MPH";"No Control Present";"Clear";"No";"35.837788, -78.612976"
"5358";534;535;"Yes";"10-Jun";6;"No";NA;"C: Possible Injury";NA;"White";"Male";"None - Rural Crash";"Rowan";"No";"01-01-04";2010-08-12;"Backing Vehicle";19;"Non-Intersection";"01-08-01";1-01-01 19:51:58;"Backing Vehicle";0;2010;"C: Possible Injury";"Residential";"50-59";53;"No";"0-5 mph";"O: No Injury";"White";"Female";"Passenger Car";"No";"No";"Dusk";"Rural (<30% Developed)";"2 lanes";2;"Straight - Grade";"Local Street";"Dry";"Two-Way, Not Divided";"None";"Driveway, Private";"Smooth Asphalt";"Piedmont";"Rural";"20 - 25  MPH";"No Control Present";"Clear";"No";"35.55527, -80.48653"
"5359";557;558;"Yes";"20-24";23;"No";"Not Applicable";"B: Evident Injury";"Non-Roadway";"White";"Male";"Raleigh";"Wake";"No";"01-01-05";2010-07-30;"Non-Roadway";12;"Non-Roadway";"01-07-01";1-01-01 12:15:58;"Non-Roadway";0;2010;"B: Evident Injury";"Institutional";"40-49";42;"No";"0-5 mph";"O: No Injury";"White";"Female";"Sport Utility";"No";"No";"Daylight";"Urban (>70% Developed)";"2 lanes";2;"Straight - Level";"Local Street";"Dry";"Two-Way, Divided, Unprotected Median";"None";"No Special Feature";"Smooth Asphalt";"Piedmont";"Urban";"20 - 25  MPH";"No Control Present";"Clear";"No";"35.785778, -78.67215"
"5360";563;564;"Yes";"10-Jun";9;"No";"With Traffic";"B: Evident Injury";"Travel Lane";"White";"Male";"Oak Island";"Brunswick";"No";NA;2010-07-19;"Crossing Paths - Other Circumstances";20;"Intersection";"01-07-01";1-01-01 19:59:58;"Crossing Paths - Intersection - Other /";0;2010;"B: Evident Injury";"Residential";"0-19";16;"No";"21-25 mph";"O: No Injury";"White";"Female";"Passenger Car";"No";"No";"Dusk";"Urban (>70% Developed)";"2 lanes";2;"Straight - Level";"Local Street";"Dry";"Two-Way, Not Divided";"None";"Four-Way Intersection";"Grooved Concrete";"Coastal";"Urban";"30 - 35  MPH";"No Control Present";"Clear";"No";"33.912365, -78.13294"
"5361";566;567;"Yes";"40-49";46;"No";"Facing Traffic";"C: Possible Injury";"Sidewalk / Crosswalk / Driveway Crossing";"Hispanic";"Male";"Raleigh";"Wake";"No";"01-01-02";2010-08-03;"Motorist Failed to Yield - Signalized Intersection";14;"Intersection";"01-08-01";1-01-01 14:09:58;"Motorist Drive Out - Signalized Intersection";0;2010;"C: Possible Injury";"Commercial";"25-29";26;"No";NA;"O: No Injury";"White";"Female";"Passenger Car";"No";"No";"Daylight";"Urban (>70% Developed)";"2 lanes";2;"Straight - Level";"Local Street";"Dry";"Two-Way, Divided, Unprotected Median";"None";"T-Intersection";"Coarse Asphalt";"Piedmont";"Urban";"40 - 45  MPH";"Stop And Go Signal";"Clear";"No";"35.854973, -78.585915"
"5362";567;568;"No";"15-Nov";14;"No";"Facing Traffic";"C: Possible Injury";"Travel Lane";"Black";"Male";"Wilson";"Wilson";"No";"01-01-02";2010-08-03;"Bicyclist Failed to Yield - Signalized Intersection";11;"Intersection";"01-08-01";1-01-01 11:48:58;"Bicyclist Ride Through - Signalized Intersection";0;2010;"C: Possible Injury";"Commercial";"50-59";56;"No";"11-15 mph";"O: No Injury";"Black";"Female";"Passenger Car";"No";"No";"Daylight";"Urban (>70% Developed)";"3 lanes";2;"Straight - Level";"Local Street";"Dry";"Two-Way, Not Divided";"None";"Four-Way Intersection";"Smooth Asphalt";"Coastal";"Urban";"30 - 35  MPH";"Stop And Go Signal";"Clear";"No";"35.718597, -77.93444"
"5363";569;570;"Yes";"16-19";17;"No";"Facing Traffic";"C: Possible Injury";"Travel Lane";"Black";"Male";"Fayetteville";"Cumberland";"No";NA;2010-08-09;"Head-On";17;"Non-Intersection";"01-08-01";1-01-01 17:28:58;"Head-On - Bicyclist";0;2010;"C: Possible Injury";"Residential";"70+";NA;"No";"0-5 mph";"O: No Injury";"White";"Male";"Passenger Car";"No";"No";"Daylight";"Urban (>70% Developed)";"2 lanes";2;"Straight - Level";"Local Street";"Dry";"Two-Way, Divided, Positive Median Barrier";"None";"No Special Feature";"Coarse Asphalt";"Coastal";"Urban";"20 - 25  MPH";"No Control Present";"Clear";"No";"35.07643, -78.99481"
"5364";577;578;"Yes";"15-Nov";14;"No";"With Traffic";"B: Evident Injury";"Travel Lane";"Hispanic";"Male";"None - Rural Crash";"Johnston";"No";"01-01-06";2010-08-21;"Bicyclist Failed to Yield - Midblock";16;"Non-Intersection";"01-08-01";1-01-01 16:40:58;"Bicyclist Ride Out - Other Midblock";0;2010;"B: Evident Injury";"Farms, Woods, Pastures";"70+";NA;"No";"36-40 mph";"C: Possible Injury";"White";"Male";"Passenger Car";"No";"No";"Daylight";"Rural (<30% Developed)";"4 lanes";2;"Straight - Level";"US Route";"Dry";"Two-Way, Divided, Unprotected Median";"None";"No Special Feature";"Coarse Asphalt";"Coastal";"Rural";"50 - 55  MPH";"No Control Present";"Clear";"No";"35.560375, -78.390656"
"5365";578;579;"Yes";"25-29";25;"No";"Facing Traffic";"C: Possible Injury";"Sidewalk / Crosswalk / Driveway Crossing";"White";"Female";"Jacksonville";"Onslow";"No";"01-01-02";2010-08-03;"Motorist Failed to Yield - Midblock";15;"Non-Intersection";"01-08-01";1-01-01 15:07:58;"Motorist Drive Out - Other Midblock";0;2010;"C: Possible Injury";"Residential";"40-49";47;"No";"0-5 mph";"O: No Injury";"White";"Male";"Pickup";"No";"No";"Daylight";"Urban (>70% Developed)";"2 lanes";2;"Straight - Level";"Local Street";"Dry";"Two-Way, Not Divided";"None";"No Special Feature";"Smooth Asphalt";"Coastal";"Urban";"20 - 25  MPH";"Stop Sign";"Cloudy";"No";"34.77279, -77.40895"
"5366";584;585;"Yes";"20-24";22;"No";"Facing Traffic";"C: Possible Injury";"Sidewalk / Crosswalk / Driveway Crossing";"White";"Female";"Hickory";"Catawba";"No";"01-01-05";2010-08-13;"Motorist Failed to Yield - Signalized Intersection";20;"Intersection";"01-08-01";1-01-01 20:30:58;"Motorist Drive Out - Signalized Intersection";0;2010;"C: Possible Injury";"Residential";"60-69";68;"No";NA;"O: No Injury";"White";"Female";"Passenger Car";"No";"No";"Dark - Lighted Roadway";"Urban (>70% Developed)";"3 lanes";2;"Straight - Level";"Local Street";"Dry";"One-Way, Not Divided";"None";"Four-Way Intersection";"Smooth Asphalt";"Piedmont";"Urban";"30 - 35  MPH";"Stop And Go Signal";"Clear";"No";"35.739532, -81.32355"
"5367";585;586;"Yes";"25-29";27;"Yes";"With Traffic";"K: Killed";"Travel Lane";"White";"Male";"Eden";"Rockingham";"Yes";"01-01-02";2010-08-17;"Bicyclist Failed to Yield - Sign-Controlled Intersection";3;"Intersection";"01-08-01";1-01-01 03:40:58;"Bicyclist Ride Through - Sign-Controlled Intersection";0;2010;"K: Killed";"Residential";"20-24";20;"No";"31-35 mph";"O: No Injury";"Black";"Male";"Passenger Car";"No";"Yes";"Dark - Lighted Roadway";"Urban (>70% Developed)";"2 lanes";3;"Straight - Level";"Local Street";"Dry";"Two-Way, Not Divided";"None";"No Special Feature";"Smooth Asphalt";"Piedmont";"Urban";"30 - 35  MPH";"No Control Present";"Clear";"No";"36.513226, -79.6957"
"5368";589;590;"Yes";"40-49";48;"No";"With Traffic";"B: Evident Injury";"Travel Lane";"White";"Male";"Hickory";"Catawba";"No";NA;2010-08-16;"Motorist Overtaking Bicyclist";22;"Non-Intersection";"01-08-01";1-01-01 22:16:58;"Motorist Overtaking - Undetected Bicyclist";0;2010;"B: Evident Injury";"Commercial";"25-29";25;"No";"36-40 mph";"O: No Injury";"White";"Male";"Police";"No";"No";"Daylight";"Urban (>70% Developed)";"5 lanes";2;"Straight - Grade";"US Route";"Dry";"Two-Way, Not Divided";"None";"No Special Feature";"Coarse Asphalt";"Piedmont";"Urban";"50 - 55  MPH";"No Control Present";"Cloudy";"No";"35.71003, -81.31473"
"5369";590;591;"Yes";"50-59";59;"No";"With Traffic";"A: Disabling Injury";"Travel Lane";"White";"Male";"None - Rural Crash";"Moore";"No";"01-01-03";2010-08-25;"Motorist Overtaking Bicyclist";19;"Non-Intersection";"01-08-01";1-01-01 19:24:58;"Motorist Overtaking - Other /";0;2010;"A: Disabling Injury";"Farms, Woods, Pastures";"50-59";53;"No";"41-45 mph";"O: No Injury";"White";"Female";"Sport Utility";"No";"No";"Daylight";"Rural (<30% Developed)";"2 lanes";2;"Curve - Level";"State Secondary Route";"Dry";"Two-Way, Not Divided";"None";"No Special Feature";"Smooth Asphalt";"Piedmont";"Rural";"40 - 45  MPH";"Double Yellow Line, No Passing Zone";"Clear";"No";"35.15607, -79.3571"
"5370";595;596;"Yes";"50-59";52;"No";"With Traffic";"C: Possible Injury";"Travel Lane";"White";"Male";"Charlotte";"Mecklenburg";"No";"01-01-06";2010-08-21;"Motorist Left Turn / Merge";7;"Non-Intersection";"01-08-01";1-01-01 07:49:58;"Motorist Left Turn - Opposite Direction";0;2010;"C: Possible Injury";"Residential";"40-49";43;"No";"0-5 mph";"O: No Injury";"White";"Male";"Sport Utility";"No";"No";"Daylight";"Urban (>70% Developed)";"2 lanes";2;"Straight - Grade";"Local Street";"Dry";"Two-Way, Not Divided";"None";"No Special Feature";"Smooth Asphalt";"Piedmont";"Urban";"30 - 35  MPH";"No Control Present";"Cloudy";"No";"35.17916, -80.828705"
"5371";596;597;"No";"40-49";48;"No";"Facing Traffic";"B: Evident Injury";"Sidewalk / Crosswalk / Driveway Crossing";"/Missing";"Male";"Winterville";"Pitt";"No";"01-01-07";2010-08-15;"Motorist Failed to Yield - Sign-Controlled Intersection";19;"Intersection";"01-08-01";1-01-01 19:47:58;"Motorist Drive Out - Sign-Controlled Intersection";0;2010;"B: Evident Injury";"Commercial";"50-59";59;"No";NA;"O: No Injury";"White";"Female";"Van";"No";"No";"Dusk";"Urban (>70% Developed)";"2 lanes";2;"Straight - Level";"Local Street";"Dry";"Two-Way, Not Divided";"None";"T-Intersection";"Smooth Asphalt";"Coastal";"Urban";"40 - 45  MPH";"Stop Sign";"Cloudy";"No";"35.547935, -77.4028"
"5372";597;598;"Yes";"30-39";33;"No";"With Traffic";"B: Evident Injury";"Travel Lane";"White";"Male";"Charlotte";"Mecklenburg";"No";"01-01-04";2010-08-19;"Bicyclist Left Turn / Merge";5;"Intersection";"01-08-01";1-01-01 05:13:58;"Bicyclist Left Turn - Opposite Direction";0;2010;"B: Evident Injury";"Residential";"70+";NA;"No";"11-15 mph";"O: No Injury";"Hispanic";"Male";"Passenger Car";"No";"No";"Dark - Lighted Roadway";"Urban (>70% Developed)";"4 lanes";2;"Straight - Level";"NC Route";"Wet";"Two-Way, Not Divided";"None";"Four-Way Intersection";"Smooth Asphalt";"Piedmont";"Urban";"40 - 45  MPH";"Stop And Go Signal";"Cloudy";"No";"35.083286, -80.83087"
"5373";602;603;"Yes";"16-19";17;"No";"Facing Traffic";"C: Possible Injury";"Sidewalk / Crosswalk / Driveway Crossing";"Black";"Female";"Charlotte";"Mecklenburg";"No";"01-01-04";2010-08-19;"Loss of Control / Turning Error";7;"Intersection";"01-08-01";1-01-01 07:52:58;"Bicyclist Lost Control - Other /";0;2010;"C: Possible Injury";"Commercial";"30-39";31;"No";NA;"O: No Injury";"White";"Female";"Passenger Car";"No";"No";"Daylight";"Urban (>70% Developed)";"2 lanes";2;"Straight - Level";"Local Street";"Wet";"Two-Way, Divided, Positive Median Barrier";"None";"T-Intersection";"Smooth Asphalt";"Piedmont";"Urban";"20 - 25  MPH";"Stop Sign";"Cloudy";"No";"35.091904, -80.844345"
"5374";625;626;"No";"25-29";28;"No";"With Traffic";"Injury";"Travel Lane";"/Missing";NA;"Erwin";"Harnett";"No";"01-01-06";2010-08-28;"Crossing Paths - Other Circumstances";21;"Intersection";"01-08-01";1-01-01 21:50:58;"Crossing Paths - Intersection - Other /";0;2010;"Injury";"Residential";NA;NA;"Missing";"21-25 mph";"Injury";"/Missing";NA;NA;"No";"Yes";"Dark - Lighted Roadway";"Rural (<30% Developed)";"3 lanes";2;"Straight - Grade";"Local Street";"Dry";"Two-Way, Not Divided";"None";"Four-Way Intersection";"Coarse Asphalt";"Coastal";"Rural";"30 - 35  MPH";"Stop And Go Signal";"Clear";"No";"35.328514, -78.66038"
"5375";637;638;"Yes";"60-69";62;"No";"With Traffic";"C: Possible Injury";"Travel Lane";"Black";"Male";"None - Rural Crash";"Pamlico";"No";"01-01-04";2010-09-09;"Motorist Overtaking Bicyclist";7;"Non-Intersection";"01-09-01";1-01-01 07:33:58;"Motorist Overtaking - Misjudged Space";0;2010;"C: Possible Injury";"Farms, Woods, Pastures";"50-59";58;"No";"36-40 mph";"O: No Injury";"Black";"Female";"Van";"No";"No";"Dawn";"Rural (<30% Developed)";"2 lanes";2;"Straight - Level";"State Secondary Route";"Dry";"Two-Way, Not Divided";"None";"No Special Feature";"Smooth Asphalt";"Coastal";"Rural";"50 - 55  MPH";"No Control Present";"Clear";"No";"35.016365, -76.7281"
"5376";638;639;"Yes";"50-59";53;"Yes";"With Traffic";"K: Killed";"Travel Lane";"Black";"Male";"None - Rural Crash";"Nash";"Yes";"01-01-03";2010-09-08;"Motorist Overtaking Bicyclist";20;"Non-Intersection";"01-09-01";1-01-01 20:01:58;"Motorist Overtaking - Other /";0;2010;"K: Killed";"Farms, Woods, Pastures";"0-19";16;"No";"51-55 mph";"O: No Injury";"White";"Male";"Sport Utility";"No";"No";"Dark - Roadway Not Lighted";"Rural (<30% Developed)";"2 lanes";2;"Straight - Level";"US Route";"Dry";"Two-Way, Not Divided";"None";"No Special Feature";"Coarse Asphalt";"Coastal";"Rural";"50 - 55  MPH";"No Control Present";"Cloudy";"No";"36.070515, -77.74884"
"5377";639;640;"Yes";"15-Nov";12;"No";"With Traffic";"B: Evident Injury";"Travel Lane";"White";"Male";"Dallas";"Gaston";"No";"01-01-05";2010-08-13;"Bicyclist Failed to Yield - Sign-Controlled Intersection";17;"Intersection";"01-08-01";1-01-01 17:30:58;"Bicyclist Ride Out - Sign-Controlled Intersection";0;2010;"B: Evident Injury";"Residential";"70+";NA;"No";"16-20 mph";"C: Possible Injury";"Black";"Female";"Passenger Car";"No";"No";"Daylight";"Urban (>70% Developed)";"2 lanes";2;"Straight - Bottom";"Local Street";"Dry";"Two-Way, Not Divided";"None";"T-Intersection";"Smooth Asphalt";"Piedmont";"Rural";"20 - 25  MPH";"Stop Sign";"Clear";"No";"35.31113, -81.178055"
"5378";643;644;"Yes";"15-Nov";11;"No";"With Traffic";"C: Possible Injury";"Travel Lane";"White";"Female";"None - Rural Crash";"Onslow";"No";"01-01-07";2010-09-05;"Bicyclist Left Turn / Merge";14;"Non-Intersection";"01-09-01";1-01-01 14:25:58;"Bicyclist Left Turn - Same Direction";0;2010;"B: Evident Injury";"Farms, Woods, Pastures";"50-59";58;"No";"31-35 mph";"B: Evident Injury";"White";"Male";"Motorcycle";"No";"No";"Daylight";"Rural (<30% Developed)";"2 lanes";2;"Straight - Level";"State Secondary Route";"Dry";"Two-Way, Not Divided";"None";"No Special Feature";"Coarse Asphalt";"Coastal";"Rural";"50 - 55  MPH";"No Control Present";"Clear";"No";"34.925636, -77.33551"
"5379";646;647;"No";"30-39";31;"Yes";"With Traffic";"O: No Injury";"Travel Lane";"Hispanic";"Male";"Cary";"Wake";"Yes";"01-01-05";2010-09-10;"Bicyclist Failed to Yield - Sign-Controlled Intersection";22;"Intersection";"01-09-01";1-01-01 22:08:58;"Bicyclist Ride Through - Sign-Controlled Intersection";0;2010;"O: No Injury";"Residential";"40-49";43;"No";"16-20 mph";"O: No Injury";"Asian";"Male";"Light Truck (Mini-Van, Panel)";"No";"No";"Dark - Lighted Roadway";"Urban (>70% Developed)";"2 lanes";2;"Straight - Level";"Local Street";"Dry";"Two-Way, Not Divided";"None";"Four-Way Intersection";"Smooth Asphalt";"Piedmont";"Urban";"20 - 25  MPH";"Stop Sign";"Clear";"No";"35.785057, -78.778625"
"5380";663;664;"No";"16-19";19;"No";"Not Applicable";"O: No Injury";"Sidewalk / Crosswalk / Driveway Crossing";"White";"Male";"Southern Pines";"Moore";"No";"01-01-05";2010-09-10;"Non-Roadway";7;"Non-Roadway";"01-09-01";1-01-01 07:25:58;"Non-Roadway";0;2010;"O: No Injury";"Commercial";"20-24";24;"No";"6-10 mph";"O: No Injury";"White";"Female";"Passenger Car";"No";"No";"Daylight";"Rural (<30% Developed)";NA;2;"Straight - Bottom";"Public Vehicular Area";"Dry";"Two-Way, Not Divided";"None";"Bridge";"Smooth Asphalt";"Piedmont";"Urban";NA;"No Control Present";"Clear";"No";"35.176086, -79.38884"