"FID";"OBJECTID";"AmbulanceR";"BikeAge_Gr";"Bike_Age";"Bike_Alc_D";"Bike_Dir";"Bike_Injur";"Bike_Pos";"Bike_Race";"Bike_Sex";"City";"County";"CrashAlcoh";"CrashDay";"Crash_Date";"Crash_Grp";"Crash_Hour";"Crash_Loc";"Crash_Mont";"Crash_Time";"Crash_Type";"Crash_Ty_1";"Crash_Year";"Crsh_Sevri";"Developmen";"DrvrAge_Gr";"Drvr_Age";"Drvr_Alc_D";"Drvr_EstSp";"Drvr_Injur";"Drvr_Race";"Drvr_Sex";"Drvr_VehTy";"ExcsSpdInd";"Hit_Run";"Light_Cond";"Locality";"Num_Lanes";"Num_Units";"Rd_Charact";"Rd_Class";"Rd_Conditi";"Rd_Config";"Rd_Defects";"Rd_Feature";"Rd_Surface";"Region";"Rural_Urba";"Speed_Limi";"Traff_Cntr";"Weather";"Workzone_I";"Location"
"5381";669;670;"Yes";"20-24";24;"No";"With Traffic";"B: Evident Injury";"Travel Lane";"White";"Male";"None - Rural Crash";"Carteret";"No";"01-01-05";2010-09-17;"Motorist Overtaking Bicyclist";21;"Non-Intersection";"01-09-01";1-01-01 21:08:58;"Motorist Overtaking - Other /";0;2010;"B: Evident Injury";"Residential";"20-24";21;"Missing";"26-30 mph";"C: Possible Injury";"White";"Male";"Motorcycle";"No";"No";"Dark - Roadway Not Lighted";"Rural (<30% Developed)";"2 lanes";2;"Straight - Level";"US Route";"Dry";"Two-Way, Not Divided";"None";"No Special Feature";"Smooth Asphalt";"Coastal";"Rural";"50 - 55  MPH";"Double Yellow Line, No Passing Zone";"Clear";"No";"34.78076, -76.57323"
"5382";173;174;"Yes";"30-39";37;"No";"With Traffic";"B: Evident Injury";"Travel Lane";"White";"Male";"Wilmington";"New Hanover";"No";"01-01-05";2010-04-09;"Motorist Right Turn / Merge";14;"Intersection";"01-04-01";1-01-01 14:08:58;"Motorist Right Turn - Same Direction";0;2010;"B: Evident Injury";"Commercial";"30-39";32;"No";"41-45 mph";"O: No Injury";"White";"Female";"Passenger Car";"No";"No";"Daylight";"Urban (>70% Developed)";"5 lanes";2;"Straight - Level";"Local Street";"Dry";"Two-Way, Not Divided";"None";"Related To Intersection";"Coarse Asphalt";"Coastal";"Urban";"40 - 45  MPH";"Stop Sign";"Clear";"No";"34.22186, -77.81973"
"5383";176;177;"No";"25-29";27;"No";"With Traffic";"Injury";"Travel Lane";"Black";"Male";"Fayetteville";"Cumberland";"No";NA;2010-04-19;"Loss of Control / Turning Error";19;"Intersection-Related";"01-04-01";1-01-01 19:09:58;"Motorist Turning Error - Other";0;2010;"Injury";"Commercial";NA;NA;"Missing";"6-10 mph";"Injury";"/Missing";NA;"Passenger Car";"No";"Yes";"Daylight";"Urban (>70% Developed)";"2 lanes";2;"Straight - Level";"Local Street";"Dry";"Two-Way, Divided, Unprotected Median";"None";"No Special Feature";"Coarse Asphalt";"Coastal";"Urban";"40 - 45  MPH";"No Control Present";"Clear";"No";"35.097523, -78.91591"
"5384";177;178;"Yes";"20-24";24;"No";"With Traffic";"B: Evident Injury";"Sidewalk / Crosswalk / Driveway Crossing";"White";"Male";"Charlotte";"Mecklenburg";"No";NA;2010-04-19;"Crossing Paths - Other Circumstances";17;"Intersection";"01-04-01";1-01-01 16:59:58;"Signalized Intersection - Other /";0;2010;"B: Evident Injury";"Institutional";"30-39";36;"No";"26-30 mph";"O: No Injury";"Hispanic";"Male";"Pickup";"No";"No";"Daylight";"Urban (>70% Developed)";"4 lanes";2;"Straight - Level";"Local Street";"Dry";"Two-Way, Divided, Positive Median Barrier";"None";"No Special Feature";"Smooth Asphalt";"Piedmont";"Urban";"50 - 55  MPH";"Stop And Go Signal";"Clear";"No";"35.30119, -80.73129"
"5385";181;182;"Yes";"40-49";41;"No";"With Traffic";"A: Disabling Injury";"Travel Lane";"White";"Male";"Huntersville";"Mecklenburg";"No";"01-01-07";2010-04-18;"Motorist Failed to Yield - Sign-Controlled Intersection";19;"Intersection";"01-04-01";1-01-01 19:29:58;"Motorist Drive Out - Sign-Controlled Intersection";0;2010;"A: Disabling Injury";"Residential";"30-39";33;"No";"0-5 mph";"O: No Injury";"White";"Male";"Sport Utility";"No";"No";"Dusk";"Mixed (30% To 70% Developed)";"2 lanes";2;"Straight - Grade";"Local Street";"Dry";"Two-Way, Not Divided";"None";"No Special Feature";"Smooth Asphalt";"Piedmont";"Urban";"20 - 25  MPH";"Stop Sign";"Clear";"No";"35.425896, -80.84695"
"5386";186;187;"Yes";"60-69";61;"No";"With Traffic";"B: Evident Injury";"Travel Lane";"White";"Female";"None - Rural Crash";"Pasquotank";"No";"01-01-07";2010-04-11;"Motorist Overtaking Bicyclist";9;"Non-Intersection";"01-04-01";1-01-01 09:39:58;"Motorist Overtaking - Other /";0;2010;"B: Evident Injury";"Farms, Woods, Pastures";"70+";NA;"No";"46-50 mph";"O: No Injury";"White";"Male";"Van";"No";"No";"Daylight";"Rural (<30% Developed)";"2 lanes";2;"Straight - Level";"State Secondary Route";"Dry";"Two-Way, Not Divided";"None";"No Special Feature";"Smooth Asphalt";"Coastal";"Rural";"50 - 55  MPH";"No Control Present";"Clear";"No";"36.268047, -76.243935"
"5387";187;188;"Yes";"16-19";17;"No";"With Traffic";"B: Evident Injury";"Travel Lane";"Hispanic";"Male";"Kannapolis";"Cabarrus";"No";"01-01-06";2010-04-24;"Bicyclist Failed to Yield - Sign-Controlled Intersection";12;"Intersection";"01-04-01";1-01-01 12:24:58;"Bicyclist Ride Out - Sign-Controlled Intersection";0;2010;"B: Evident Injury";"Residential";"60-69";63;"No";"16-20 mph";"O: No Injury";"White";"Female";"Passenger Car";"No";"No";"Daylight";"Urban (>70% Developed)";"2 lanes";2;"Straight - Bottom";"Local Street";"Dry";"Two-Way, Not Divided";"None";"Four-Way Intersection";"Smooth Asphalt";"Piedmont";"Urban";"30 - 35  MPH";"No Control Present";"Clear";"No";"35.502026, -80.63825"
"5388";193;194;"Yes";"60-69";65;"No";"With Traffic";"B: Evident Injury";"Travel Lane";"White";"Male";"Charlotte";"Mecklenburg";"No";"01-01-07";2010-04-25;"Motorist Right Turn / Merge";18;"Intersection";"01-04-01";1-01-01 18:26:58;"Motorist Right Turn - Same Direction";0;2010;"B: Evident Injury";"Residential";"50-59";52;"No";"21-25 mph";"O: No Injury";"White";"Female";"Passenger Car";"No";"No";"Daylight";"Urban (>70% Developed)";"3 lanes";2;"Straight - Level";"Local Street";"Dry";"Two-Way, Divided, Unprotected Median";"None";"Four-Way Intersection";"Smooth Asphalt";"Piedmont";"Urban";"30 - 35  MPH";"Stop And Go Signal";"Clear";"No";"35.132595, -80.80899"
"5389";199;200;"Yes";"40-49";46;"No";"Facing Traffic";"C: Possible Injury";"Sidewalk / Crosswalk / Driveway Crossing";"Black";"Male";"Cary";"Wake";"No";"01-01-05";2010-04-30;"Motorist Failed to Yield - Sign-Controlled Intersection";16;"Intersection";"01-04-01";1-01-01 16:23:58;"Motorist Drive Out - Sign-Controlled Intersection";0;2010;"C: Possible Injury";"Commercial";"30-39";36;"No";"0-5 mph";"O: No Injury";"White";"Female";"Sport Utility";"No";"No";"Daylight";"Urban (>70% Developed)";"2 lanes";2;"Straight - Level";"Local Street";"Dry";"Two-Way, Not Divided";"None";"No Special Feature";"Smooth Asphalt";"Piedmont";"Urban";"30 - 35  MPH";"Stop Sign";"Clear";"No";"35.784924, -78.76434"
"5390";201;202;"Yes";"15-Nov";12;"No";"Facing Traffic";"C: Possible Injury";"Travel Lane";"White";"Male";"None - Rural Crash";"Pender";"No";"01-01-03";2010-05-05;"Bicyclist Right Turn / Merge";17;"Non-Intersection";"01-05-01";1-01-01 17:09:58;"Bicyclist Right Turn - Same Direction";0;2010;"C: Possible Injury";"Residential";"30-39";31;"No";"31-35 mph";"O: No Injury";"White";"Male";"Passenger Car";"No";"No";"Daylight";"Mixed (30% To 70% Developed)";"3 lanes";2;"Straight - Level";"State Secondary Route";"Dry";"Two-Way, Not Divided";"None";"No Special Feature";"Coarse Asphalt";"Coastal";"Rural";"40 - 45  MPH";"Double Yellow Line, No Passing Zone";"Clear";"No";"34.383553, -77.67035"
"5391";206;207;"Yes";"60-69";66;"No";"With Traffic";"B: Evident Injury";"Bike Lane / Paved Shoulder";"Black";"Male";"None - Rural Crash";"Sampson";"No";"01-01-05";2010-05-07;"Motorist Overtaking Bicyclist";5;"Non-Intersection";"01-05-01";1-01-01 05:47:58;"Motorist Overtaking - Misjudged Space";0;2010;"B: Evident Injury";"Farms, Woods, Pastures";NA;NA;"No";"41-45 mph";"Injury";"/Missing";NA;NA;"No";"Yes";"Dark - Roadway Not Lighted";"Rural (<30% Developed)";"2 lanes";2;"Straight - Level";"NC Route";"Dry";"Two-Way, Not Divided";"None";"No Special Feature";"Coarse Asphalt";"Coastal";"Rural";"50 - 55  MPH";"No Control Present";"Clear";"No";"35.010113, -78.30045"
"5392";214;215;"Yes";"10-Jun";10;"No";"With Traffic";"C: Possible Injury";"Travel Lane";"Asian";"Male";"Raleigh";"Wake";"No";"01-01-02";2010-04-20;"Bicyclist Failed to Yield - Sign-Controlled Intersection";17;"Intersection";"01-04-01";1-01-01 17:56:58;"Bicyclist Ride Through - Sign-Controlled Intersection";0;2010;"C: Possible Injury";"Residential";"40-49";43;"No";"26-30 mph";"O: No Injury";"Black";"Male";"Passenger Car";"No";"No";"Daylight";"Urban (>70% Developed)";"2 lanes";2;"Straight - Hillcrest";"Local Street";"Dry";"Two-Way, Divided, Unprotected Median";"None";"Four-Way Intersection";"Coarse Asphalt";"Piedmont";"Urban";"30 - 35  MPH";"Stop Sign";"Clear";"No";"35.74792, -78.68071"
"5393";217;218;"Yes";"25-29";28;"Yes";"With Traffic";"B: Evident Injury";"Travel Lane";"White";"Male";"Raleigh";"Wake";"Yes";"01-01-06";2010-04-03;"Bicyclist Left Turn / Merge";15;"Intersection-Related";"01-04-01";1-01-01 15:23:58;"Bicyclist Left Turn - Same Direction";0;2010;"B: Evident Injury";"Commercial";"40-49";40;"No";"16-20 mph";"C: Possible Injury";"White";"Male";"Sport Utility";"No";"No";"Daylight";"Urban (>70% Developed)";"4 lanes";2;"Straight - Level";"Local Street";"Dry";"Two-Way, Divided, Unprotected Median";"None";"No Special Feature";"Smooth Asphalt";"Piedmont";"Urban";"40 - 45  MPH";"No Control Present";"Clear";"No";"35.79382, -78.705925"
"5394";218;219;"Yes";"10-Jun";8;"No";"Not Applicable";"C: Possible Injury";"Driveway / Alley";"Black";"Male";"Greensboro";"Guilford";"No";"01-01-04";2010-04-29;"Bicyclist Failed to Yield - Midblock";16;"Non-Intersection";"01-04-01";1-01-01 16:08:58;"Bicyclist Ride Out - Residential Driveway";0;2010;"C: Possible Injury";"Residential";"50-59";51;"No";"16-20 mph";"O: No Injury";"Black";"Female";"Passenger Car";"No";"No";"Daylight";"Urban (>70% Developed)";"2 lanes";2;"Straight - Level";"Local Street";"Dry";"Two-Way, Not Divided";"None";"No Special Feature";"Smooth Asphalt";"Piedmont";"Urban";"30 - 35  MPH";"No Control Present";"Clear";"No";"36.014256, -79.806114"
"5395";220;221;"Yes";"20-24";22;"No";"With Traffic";"Injury";"Bike Lane / Paved Shoulder";"White";"Male";"Carolina Beach";"New Hanover";"No";"01-01-04";2010-04-22;"Motorist Left Turn / Merge";5;"Intersection";"01-04-01";1-01-01 05:31:58;"Motorist Left Turn - Opposite Direction";0;2010;"Injury";"Residential";"70+";NA;"No";"21-25 mph";"Injury";"White";"Female";"Passenger Car";"No";"No";"Daylight";"Urban (>70% Developed)";"2 lanes";2;"Straight - Level";"State Secondary Route";"Dry";"Two-Way, Divided, Unprotected Median";"None";"No Special Feature";"Smooth Asphalt";"Coastal";"Urban";"20 - 25  MPH";"No Control Present";"Clear";"No";"34.031982, -77.89496"
"5396";222;223;"Yes";"40-49";43;"No";"Facing Traffic";"C: Possible Injury";"Sidewalk / Crosswalk / Driveway Crossing";"Black";"Male";"Charlotte";"Mecklenburg";"No";"01-01-03";2010-04-28;"Motorist Failed to Yield - Midblock";13;"Non-Intersection";"01-04-01";1-01-01 13:23:58;"Motorist Drive Out - Commercial Driveway / Alley";0;2010;"C: Possible Injury";"Commercial";"25-29";27;"No";"6-10 mph";"O: No Injury";"Hispanic";"Male";"Passenger Car";"No";"No";"Daylight";"Urban (>70% Developed)";"2 lanes";2;"Straight - Level";"Public Vehicular Area";"Dry";"Two-Way, Not Divided";"None";"Driveway, Private";"Smooth Asphalt";"Piedmont";"Urban";NA;"No Control Present";"Clear";"No";"35.210953, -80.75901"
"5397";225;226;"No";NA;NA;"No";NA;"Injury";"Travel Lane";"/Missing";NA;"Cary";"Wake";"No";"01-01-03";2010-05-12;"Bicyclist Failed to Yield - Signalized Intersection";15;"Intersection";"01-05-01";1-01-01 15:33:58;"Bicyclist Ride Through - Signalized Intersection";0;2010;"O: No Injury";"Commercial";"30-39";32;"No";"0-5 mph";"O: No Injury";"White";"Female";"Passenger Car";"No";"No";"Daylight";"Urban (>70% Developed)";"4 lanes";2;"Straight - Level";"State Secondary Route";"Dry";"Two-Way, Divided, Unprotected Median";"None";"Four-Way Intersection";"Coarse Asphalt";"Piedmont";"Urban";"40 - 45  MPH";"Stop And Go Signal";"Clear";"No";"35.829407, -78.773"
"5398";226;227;"Yes";"16-19";17;"No";"With Traffic";"C: Possible Injury";"Travel Lane";"Black";"Male";"Laurinburg";"Scotland";"No";"01-01-05";2010-04-30;"Bicyclist Left Turn / Merge";18;"Non-Intersection";"01-04-01";1-01-01 18:08:58;"Bicyclist Left Turn - Same Direction";0;2010;"C: Possible Injury";"Residential";"40-49";40;"No";"26-30 mph";"O: No Injury";"White";"Male";"Van";"No";"No";"Daylight";"Urban (>70% Developed)";"2 lanes";2;"Straight - Level";"Local Street";"Water (Standing, Moving)";"Two-Way, Not Divided";"None";"No Special Feature";"Coarse Asphalt";"Coastal";"Urban";"30 - 35  MPH";"No Control Present";"Clear";"No";"34.75955, -79.459175"
"5399";230;231;"Yes";"40-49";40;"No";"With Traffic";"B: Evident Injury";"Travel Lane";"White";"Male";"None - Rural Crash";"Davidson";"No";"01-01-05";2010-05-14;"Motorist Failed to Yield - Sign-Controlled Intersection";13;"Intersection";"01-05-01";1-01-01 13:15:58;"Motorist Drive Out - Sign-Controlled Intersection";0;2010;"B: Evident Injury";"Residential";"20-24";21;"No";"0-5 mph";"O: No Injury";"White";"Female";"Passenger Car";"No";"No";"Daylight";"Rural (<30% Developed)";"2 lanes";2;"Straight - Grade";"State Secondary Route";"Dry";"Two-Way, Not Divided";"None";"Four-Way Intersection";"Smooth Asphalt";"Piedmont";"Rural";"50 - 55  MPH";"Stop Sign";"Clear";"No";"35.81228, -80.2015"
"5400";231;232;"Yes";"10-Jun";8;"No";"With Traffic";"C: Possible Injury";"Travel Lane";"Black";"Female";"Durham";"Durham";"No";"01-01-06";2010-05-15;"Crossing Paths - Other Circumstances";19;"Intersection";"01-05-01";1-01-01 19:06:58;"Sign-Controlled Intersection - Other /";0;2010;"C: Possible Injury";"Residential";"30-39";31;"No";"21-25 mph";"O: No Injury";"White";"Female";"Sport Utility";"No";"No";"Daylight";"Urban (>70% Developed)";"2 lanes";2;"Straight - Level";"Local Street";"Dry";"Two-Way, Not Divided";"None";"Four-Way Intersection";"Coarse Asphalt";"Piedmont";"Urban";"20 - 25  MPH";"Stop Sign";"Clear";"No";"36.01519, -78.915634"
"5401";637;638;"No";NA;NA;"No";"With Traffic";"C: Possible Injury";"Sidewalk / Crosswalk / Driveway Crossing";"Black";"Male";"Elizabeth City";"Pasquotank";"No";"01-01-04";2007-08-09;"Parallel Paths - Other Circumstances";0;"Non-Intersection";"01-08-01";0-12-31 23:59:58;"Bicyclist Ride Out - Parallel Path";331225;2007;"C: Possible Injury";"Commercial";"30-39";34;"No";"21-25 mph";"O: No Injury";"Black";"Male";"Passenger Car";"No";"No";"Daylight";"Urban (>70% Developed)";"5 lanes";2;"Straight - Level";"Local Street";"Dry";"Two-Way, Divided, Unprotected Median";"None";"No Special Feature";"Smooth Asphalt";"Coastal";"Urban";"30 - 35  MPH";"No Control Present";"Cloudy";"No";"36.296814, -76.22131"
"5402";642;643;"Yes";"50-59";50;"No";"With Traffic";"B: Evident Injury";"Bike Lane / Paved Shoulder";"Black";"Male";"Fayetteville";"Cumberland";"No";"01-01-05";2007-08-10;"Motorist Overtaking Bicyclist";5;"Non-Intersection";"01-08-01";1-01-01 05:02:58;"Motorist Overtaking - Other /";321239;2007;"B: Evident Injury";"Commercial";"40-49";45;"No";"41-45 mph";"O: No Injury";"White";"Male";"Pickup";"No";"No";"Dark - Roadway Not Lighted";"Urban (>70% Developed)";"4 lanes";2;"Straight - Level";"Local Street";"Dry";"Two-Way, Divided, Positive Median Barrier";"None";"No Special Feature";"Coarse Asphalt";"Coastal";"Urban";"40 - 45  MPH";"No Control Present";"Clear";"No";"35.05947, -78.85149"
"5403";652;653;"No";"20-24";20;"No";NA;"B: Evident Injury";"Non-Roadway";"White";"Female";"Greenville";"Pitt";"No";NA;2007-08-13;"Non-Roadway";15;"Non-Roadway";"01-08-01";1-01-01 14:59:58;"Non-Roadway";460910;2007;"B: Evident Injury";"Institutional";NA;NA;"Missing";"0-5 mph";"Injury";"/Missing";NA;NA;"No";"Yes";"Daylight";"Urban (>70% Developed)";"1 lane";2;"Curve - Level";"Public Vehicular Area";"Dry";"Two-Way, Not Divided";"None";"Driveway, Public";"Smooth Asphalt";"Coastal";"Urban";"5 - 15 MPH";"No Control Present";"Clear";"No";"35.606796, -77.36946"
"5404";654;655;"Yes";"20-24";20;"No";"With Traffic";"B: Evident Injury";"Travel Lane";"White";"Male";"High Point";"Guilford";"No";NA;2007-08-13;"Bicyclist Failed to Yield - Sign-Controlled Intersection";14;"Intersection";"01-08-01";1-01-01 14:21:58;"Bicyclist Ride Through - Sign-Controlled Intersection";111144;2007;"B: Evident Injury";"Residential";"60-69";61;"No";"21-25 mph";"O: No Injury";"White";"Female";"Sport Utility";"No";"No";"Daylight";"Urban (>70% Developed)";"2 lanes";2;"Straight - Level";"Local Street";"Dry";"Two-Way, Not Divided";"None";"T-Intersection";"Smooth Asphalt";"Piedmont";"Urban";"30 - 35  MPH";"Stop Sign";"Clear";"No";"35.941494, -80.00289"
"5405";685;686;"No";"16-19";17;"No";"With Traffic";"C: Possible Injury";"Travel Lane";"White";"Male";"None - Rural Crash";"Caldwell";"No";"01-01-03";2007-08-22;"Head-On";22;"Non-Intersection";"01-08-01";1-01-01 22:09:58;"Head-On - Motorist";311255;2007;"C: Possible Injury";"Residential";NA;NA;"Missing";"41-45 mph";"Injury";"/Missing";NA;NA;"No";"Yes";"Dark - Roadway Not Lighted";"Urban (>70% Developed)";"2 lanes";2;"Curve - Level";"State Secondary Route";"Dry";"Two-Way, Not Divided";"None";"No Special Feature";"Smooth Asphalt";"Mountains";"Rural";"40 - 45  MPH";"Double Yellow Line, No Passing Zone";"Clear";"No";"35.810963, -81.51026"
"5406";687;688;"Yes";"30-39";32;"No";NA;"C: Possible Injury";"Travel Lane";"Black";"Male";"Wilson";"Wilson";"No";"01-01-03";2007-08-22;"Motorist Failed to Yield - Sign-Controlled Intersection";8;"Intersection";"01-08-01";1-01-01 08:51:58;"Motorist Drive Out - Sign-Controlled Intersection";119141;2007;"C: Possible Injury";"Commercial";"40-49";45;"No";"6-10 mph";"O: No Injury";"Black";"Female";"Sport Utility";"No";"No";"Daylight";"Urban (>70% Developed)";"3 lanes";2;"Straight - Level";"Local Street";"Dry";"Two-Way, Not Divided";"None";"Related To Intersection";"Coarse Asphalt";"Coastal";"Urban";"5 - 15 MPH";"Stop Sign";"Clear";"No";"35.720673, -77.9058"
"5407";690;691;"No";"30-39";38;"No";"With Traffic";"B: Evident Injury";"Travel Lane";"White";"Male";"None - Rural Crash";"Transylvania";"No";"01-01-04";2007-08-23;"Motorist Overtaking Bicyclist";14;"Non-Intersection";"01-08-01";1-01-01 14:40:58;"Motorist Overtaking - Misjudged Space";311232;2007;"B: Evident Injury";"Residential";"70+";NA;"No";"36-40 mph";"O: No Injury";"White";"Female";"Passenger Car";"No";"No";"Daylight";"Mixed (30% To 70% Developed)";"2 lanes";2;"Straight - Level";"State Secondary Route";"Dry";"Two-Way, Not Divided";"None";"No Special Feature";"Smooth Asphalt";"Mountains";"Rural";"40 - 45  MPH";"Double Yellow Line, No Passing Zone";"Cloudy";"No";"35.234787, -82.70414"
"5408";691;692;"Yes";"16-19";17;"No";"With Traffic";"C: Possible Injury";"Travel Lane";"White";"Male";"Cary";"Wake";"No";"01-01-04";2007-11-29;"Bicyclist Failed to Yield - Signalized Intersection";18;"Intersection";"01-11-01";1-01-01 18:21:58;"Bicyclist Ride Through - Signalized Intersection";111155;2007;"C: Possible Injury";"Commercial";"25-29";27;"No";"31-35 mph";"O: No Injury";"Hispanic";"Female";"Sport Utility";"No";"No";"Dark - Lighted Roadway";"Urban (>70% Developed)";"4 lanes";2;"Straight - Grade";"State Secondary Route";"Dry";"Two-Way, Divided, Unprotected Median";"None";"Four-Way Intersection";"Smooth Asphalt";"Piedmont";"Urban";"40 - 45  MPH";"Stop And Go Signal";"Clear";"No";"35.80254, -78.782936"
"5409";698;699;"No";"20-24";22;"No";"With Traffic";"C: Possible Injury";"Travel Lane";"White";"Female";"Raleigh";"Wake";"No";"01-01-04";2007-08-23;"Motorist Failed to Yield - Sign-Controlled Intersection";20;"Intersection";"01-08-01";1-01-01 20:06:58;"Motorist Drive Out - Sign-Controlled Intersection";111141;2007;"C: Possible Injury";"Residential";"30-39";37;"No";"21-25 mph";"O: No Injury";"White";"Female";"Passenger Car";"No";"No";"Dark - Roadway Not Lighted";"Urban (>70% Developed)";"2 lanes";2;"Straight - Level";"Local Street";"Dry";"Two-Way, Divided, Unprotected Median";"None";"Four-Way Intersection";"Concrete";"Piedmont";"Urban";"30 - 35  MPH";"Stop Sign";"Clear";"No";"35.793137, -78.67304"
"5410";699;700;"Yes";"10-Jun";9;"No";NA;"C: Possible Injury";"Non-Roadway";"Black";"Female";"Charlotte";"Mecklenburg";"No";"01-01-06";2007-12-01;"Non-Roadway";15;"Non-Roadway";"01-12-01";1-01-01 15:19:58;"Non-Roadway";460910;2007;"C: Possible Injury";"Residential";"20-24";24;"No";"0-5 mph";"O: No Injury";"Hispanic";"Male";"Sport Utility";"No";"No";"Daylight";"Urban (>70% Developed)";NA;2;"Straight - Level";"Public Vehicular Area";"Dry";"Two-Way, Not Divided";"None";"No Special Feature";"Smooth Asphalt";"Piedmont";"Urban";"20 - 25  MPH";"No Control Present";"Clear";"No";"35.304985, -80.84734"
"5411";707;708;"Yes";"15-Nov";15;"No";"With Traffic";"B: Evident Injury";"Travel Lane";"White";"Male";"None - Rural Crash";"New Hanover";"No";"01-01-03";2007-08-29;"Bicyclist Left Turn / Merge";16;"Non-Intersection";"01-08-01";1-01-01 16:18:58;"Bicyclist Left Turn - Same Direction";311221;2007;"B: Evident Injury";"Farms, Woods, Pastures";"25-29";29;"No";"51-55 mph";"O: No Injury";"White";"Male";"Sport Utility";"No";"No";"Daylight";"Rural (<30% Developed)";"4 lanes";2;"Straight - Level";"US Route";"Dry";"Two-Way, Divided, Unprotected Median";"None";"No Special Feature";"Coarse Asphalt";"Coastal";"Rural";"50 - 55  MPH";"No Control Present";"Clear";"No";"34.05103, -77.89979"
"5412";711;712;"Yes";"60-69";60;"No";"With Traffic";"A: Disabling Injury";"Travel Lane";"White";"Male";"Wilmington";"New Hanover";"No";"01-01-04";2007-08-30;"Motorist Overtaking Bicyclist";22;"Non-Intersection";"01-08-01";1-01-01 22:34:58;"Motorist Overtaking - Other /";311239;2007;"A: Disabling Injury";"Commercial";"25-29";29;"No";"41-45 mph";"O: No Injury";"White";"Male";"Passenger Car";"No";"No";"Dark - Roadway Not Lighted";"Urban (>70% Developed)";"5 lanes";2;"Straight - Level";"Local Street";"Dry";"Two-Way, Not Divided";"None";"No Special Feature";"Smooth Asphalt";"Coastal";"Urban";"40 - 45  MPH";"No Control Present";"Clear";"No";"34.209602, -77.839935"
"5413";713;714;"No";"30-39";35;"No";"Facing Traffic";"C: Possible Injury";"Sidewalk / Crosswalk / Driveway Crossing";"Black";"Male";"Raleigh";"Wake";"No";"01-01-05";2007-08-31;"Motorist Failed to Yield - Signalized Intersection";17;"Intersection";"01-08-01";1-01-01 17:09:58;"Motorist Drive Out - Right Turn on Red";132151;2007;"C: Possible Injury";"Commercial";"30-39";30;"No";"0-5 mph";"O: No Injury";"White";"Female";"Sport Utility";"No";"No";"Daylight";"Urban (>70% Developed)";"9 or more lanes";2;"Straight - Hillcrest";"Local Street";"Dry";"Two-Way, Not Divided";"None";"Four-Way Intersection";"Smooth Asphalt";"Piedmont";"Urban";"30 - 35  MPH";"Stop And Go Signal";"Clear";"No";"35.77515, -78.6567"
"5414";718;719;"Yes";"20-24";23;"No";"With Traffic";"B: Evident Injury";"Travel Lane";"White";"Female";"Asheville";"Buncombe";"No";"01-01-07";2007-09-02;"Motorist Failed to Yield - Sign-Controlled Intersection";10;"Intersection";"01-09-01";1-01-01 10:29:58;"Motorist Drive Out - Sign-Controlled Intersection";111141;2007;"B: Evident Injury";"Residential";"30-39";38;"No";"0-5 mph";"O: No Injury";"White";"Female";"Passenger Car";"No";"No";"Daylight";"Urban (>70% Developed)";"2 lanes";2;"Straight - Bottom";"Local Street";"Dry";"Two-Way, Not Divided";"None";"Four-Way Intersection";"Coarse Asphalt";"Mountains";"Urban";"30 - 35  MPH";"Stop Sign";"Clear";"No";"35.55902, -82.514755"
"5415";728;729;"Yes";"40-49";43;"No";"With Traffic";"C: Possible Injury";"Travel Lane";"White";"Male";"None - Rural Crash";"Pasquotank";"No";"01-01-03";2007-09-05;"Head-On";11;"Non-Intersection";"01-09-01";1-01-01 11:28:58;"Head-On -";311259;2007;"C: Possible Injury";"Farms, Woods, Pastures";"0-19";17;"No";"11-15 mph";"O: No Injury";"White";"Female";"Sport Utility";"No";"No";"Daylight";"Rural (<30% Developed)";"2 lanes";2;"Straight - Level";"State Secondary Route";"Dry";"Two-Way, Not Divided";"None";"No Special Feature";"Smooth Asphalt";"Coastal";"Rural";"50 - 55  MPH";"No Control Present";"Clear";"No";"36.219486, -76.27497"
"5416";730;731;"No";"20-24";21;"No";"With Traffic";"C: Possible Injury";"Travel Lane";"/Missing";"Male";"Raleigh";"Wake";"No";"01-01-03";2007-09-05;"Motorist Right Turn / Merge";16;"Intersection";"01-09-01";1-01-01 15:59:58;"Motorist Right Turn - Same Direction";111213;2007;"C: Possible Injury";"Residential";"25-29";25;"No";"6-10 mph";"O: No Injury";"/Missing";"Female";"Pickup";"No";"No";"Daylight";"Mixed (30% To 70% Developed)";"4 lanes";2;"Straight - Level";"Local Street";"Dry";"Two-Way, Not Divided";"None";"Four-Way Intersection";"Smooth Asphalt";"Piedmont";"Urban";"30 - 35  MPH";"Stop Sign";"Clear";"No";"35.794384, -78.60743"
"5417";736;737;"No";"40-49";45;"No";"With Traffic";"O: No Injury";"Travel Lane";"White";"Male";"Raleigh";"Wake";"No";NA;2007-10-08;"Bicyclist Overtaking Motorist";13;"Intersection-Related";"01-10-01";1-01-01 13:42:58;"Bicyclist Overtaking - Passing on Right";211241;2007;"O: No Injury";"Residential";"50-59";54;"No";"0-5 mph";"O: No Injury";"Black";"Male";"Passenger Car";"No";"No";"Daylight";"Urban (>70% Developed)";"2 lanes";2;"Straight - Level";"Local Street";"Dry";"Two-Way, Not Divided";"None";"No Special Feature";"Smooth Asphalt";"Piedmont";"Urban";"20 - 25  MPH";"Stop Sign";"Clear";"No";"35.950146, -78.55923"