"FID";"OBJECTID";"AmbulanceR";"BikeAge_Gr";"Bike_Age";"Bike_Alc_D";"Bike_Dir";"Bike_Injur";"Bike_Pos";"Bike_Race";"Bike_Sex";"City";"County";"CrashAlcoh";"CrashDay";"Crash_Date";"Crash_Grp";"Crash_Hour";"Crash_Loc";"Crash_Mont";"Crash_Time";"Crash_Type";"Crash_Ty_1";"Crash_Year";"Crsh_Sevri";"Developmen";"DrvrAge_Gr";"Drvr_Age";"Drvr_Alc_D";"Drvr_EstSp";"Drvr_Injur";"Drvr_Race";"Drvr_Sex";"Drvr_VehTy";"ExcsSpdInd";"Hit_Run";"Light_Cond";"Locality";"Num_Lanes";"Num_Units";"Rd_Charact";"Rd_Class";"Rd_Conditi";"Rd_Config";"Rd_Defects";"Rd_Feature";"Rd_Surface";"Region";"Rural_Urba";"Speed_Limi";"Traff_Cntr";"Weather";"Workzone_I";"Location"
"5418";737;738;"No";"15-Nov";14;"No";"With Traffic";"C: Possible Injury";"Travel Lane";"Black";"Male";"None - Rural Crash";"Halifax";"No";"01-01-06";2007-09-01;"Motorist Overtaking Bicyclist";12;"Non-Intersection";"01-09-01";1-01-01 12:08:58;"Motorist Overtaking - Misjudged Space";311232;2007;"C: Possible Injury";"Residential";NA;NA;"Missing";NA;"Injury";"/Missing";NA;NA;"No";"Yes";"Daylight";"Mixed (30% To 70% Developed)";"2 lanes";2;"Curve - Level";"State Secondary Route";"Dry";"Two-Way, Not Divided";"None";"No Special Feature";"Smooth Asphalt";"Coastal";"Rural";"40 - 45  MPH";"Double Yellow Line, No Passing Zone";"Clear";"No";"36.40958, -77.687706"
"5419";740;741;"No";"15-Nov";14;"No";"Not Applicable";"B: Evident Injury";"Non-Roadway";"Black";"Male";"Erwin";"Harnett";"No";"01-01-03";2007-09-05;"Bicyclist Failed to Yield - Signalized Intersection";14;"Intersection-Related";"01-09-01";1-01-01 14:50:58;"Bicyclist Ride Out - Signalized  Intersection";263153;2007;"B: Evident Injury";"Commercial";"0-19";16;"No";"11-15 mph";"O: No Injury";"White";"Male";"Passenger Car";"No";"No";"Daylight";"Urban (>70% Developed)";"2 lanes";2;"Straight - Level";"Local Street";"Dry";"Two-Way, Not Divided";"None";"Driveway, Private";"Coarse Asphalt";"Coastal";"Rural";"30 - 35  MPH";"No Control Present";"Clear";"No";"35.3353, -78.67266"
"5420";745;746;"No";"50-59";51;"No";"Facing Traffic";"C: Possible Injury";"Sidewalk / Crosswalk / Driveway Crossing";"White";"Male";"Charlotte";"Mecklenburg";"No";"01-01-03";2007-12-12;"Motorist Left Turn / Merge";10;"Intersection";"01-12-01";1-01-01 10:33:58;"Motorist Left Turn - Same Direction";132211;2007;"C: Possible Injury";"Commercial";"30-39";38;"No";"26-30 mph";"O: No Injury";"White";"Male";"Passenger Car";"No";"No";"Daylight";"Urban (>70% Developed)";"4 lanes";2;"Straight - Level";"Local Street";"Dry";"Two-Way, Not Divided";"None";"Four-Way Intersection";"Smooth Asphalt";"Piedmont";"Urban";"30 - 35  MPH";"Stop And Go Signal";"Clear";"Yes";"35.222946, -80.83791"
"5421";750;751;"Yes";"15-Nov";15;"No";"With Traffic";"C: Possible Injury";"Travel Lane";"Black";"Male";"Raleigh";"Wake";"No";"01-01-05";2007-09-07;"Motorist Overtaking Bicyclist";16;"Non-Intersection";"01-09-01";1-01-01 15:59:58;"Motorist Overtaking - Bicyclist Swerved";311235;2007;"C: Possible Injury";"Residential";"40-49";47;"No";"16-20 mph";"O: No Injury";"Black";"Female";"Sport Utility";"No";"No";"Daylight";"Urban (>70% Developed)";"2 lanes";2;"Straight - Level";"Local Street";"Dry";"Two-Way, Not Divided";"None";"No Special Feature";"Smooth Asphalt";"Piedmont";"Urban";"30 - 35  MPH";"No Control Present";"Clear";"No";"35.77205, -78.61814"
"5422";754;755;"No";"0-5";4;"No";"With Traffic";"C: Possible Injury";"Travel Lane";"Other";"Male";"None - Rural Crash";"Beaufort";"No";"01-01-07";2007-09-09;"Bicyclist Failed to Yield - Sign-Controlled Intersection";16;"Intersection";"01-09-01";1-01-01 16:09:58;"Bicyclist Ride Through - Sign-Controlled Intersection";111144;2007;"C: Possible Injury";"Residential";"70+";NA;"No";"16-20 mph";"O: No Injury";"Black";"Female";"Passenger Car";"No";"No";"Daylight";"Mixed (30% To 70% Developed)";"2 lanes";2;"Straight - Level";"State Secondary Route";"Wet";"Two-Way, Not Divided";"None";"T-Intersection";"Coarse Asphalt";"Coastal";"Rural";"30 - 35  MPH";"Double Yellow Line, No Passing Zone";"Cloudy";"No";"35.32807, -76.87887"
"5423";766;767;"Yes";"30-39";30;"No";"Facing Traffic";"C: Possible Injury";NA;"White";"Male";"Kinston";"Lenoir";"No";"01-01-03";2007-12-19;"Motorist Left Turn / Merge";19;"Intersection";"01-12-01";1-01-01 19:30:58;"Motorist Left Turn - Same Direction";192211;2007;"C: Possible Injury";"Commercial";"40-49";48;"No";"11-15 mph";"O: No Injury";"White";"Female";"Passenger Car";"No";"No";"Dark - Lighted Roadway";"Urban (>70% Developed)";"5 lanes";2;"Straight - Level";"US Route";"Dry";"Two-Way, Not Divided";"None";"T-Intersection";"Coarse Asphalt";"Coastal";"Urban";"30 - 35  MPH";"No Control Present";"Clear";"No";"35.271072, -77.60522"
"5424";770;771;"No";"30-39";36;"No";"With Traffic";"B: Evident Injury";"Travel Lane";"Hispanic";"Male";"Charlotte";"Mecklenburg";"No";"01-01-04";2007-12-20;"Motorist Overtaking Bicyclist";12;"Intersection";"01-12-01";1-01-01 12:23:58;"Motorist Overtaking - Other /";111239;2007;"B: Evident Injury";"Commercial";NA;NA;"Missing";NA;"Injury";"/Missing";NA;"Passenger Car";"No";"Yes";"Daylight";"Urban (>70% Developed)";"4 lanes";2;"Straight - Grade";"Local Street";"Dry";"Two-Way, Not Divided";"None";"Four-Way Intersection";"Smooth Asphalt";"Piedmont";"Urban";NA;"Stop And Go Signal";"Clear";"No";"35.13792, -80.87934"
"5425";777;778;"Yes";"40-49";43;"No";"With Traffic";"A: Disabling Injury";"Travel Lane";"Native American";"Male";"None - Rural Crash";"Hoke";"No";"01-01-06";2007-09-15;"Motorist Overtaking Bicyclist";17;"Non-Intersection";"01-09-01";1-01-01 17:29:58;"Motorist Overtaking - Bicyclist Swerved";311235;2007;"A: Disabling Injury";"Farms, Woods, Pastures";"50-59";59;"No";"51-55 mph";"O: No Injury";"White";"Male";"Pickup";"No";"No";"Daylight";"Rural (<30% Developed)";"2 lanes";2;"Straight - Level";"State Secondary Route";"Dry";"Two-Way, Not Divided";"None";"No Special Feature";"Smooth Asphalt";"Coastal";"Rural";"50 - 55  MPH";"No Control Present";"Clear";"No";"34.90628, -79.11907"
"5426";778;779;"Yes";"10-Jun";10;"No";NA;"C: Possible Injury";"Non-Roadway";"Black";"Male";"Charlotte";"Mecklenburg";"No";"01-01-07";2007-12-09;"Non-Roadway";11;"Non-Roadway";"01-12-01";1-01-01 11:58:58;"Non-Roadway";460910;2007;"C: Possible Injury";"Residential";"0-19";12;"No";"0-5 mph";"O: No Injury";"Black";"Male";"Passenger Car";"No";"No";"Daylight";"Urban (>70% Developed)";NA;2;"Straight - Level";"Public Vehicular Area";"Dry";"Two-Way, Not Divided";"None";"No Special Feature";"Smooth Asphalt";"Piedmont";"Urban";"5 - 15 MPH";"No Control Present";"Clear";"No";"35.247334, -80.840996"
"5427";781;782;"Yes";"30-39";31;"No";"With Traffic";"B: Evident Injury";"Travel Lane";"White";"Female";"Raleigh";"Wake";"No";"01-01-07";2007-09-16;"Motorist Left Turn / Merge";20;"Intersection";"01-09-01";1-01-01 20:31:58;"Motorist Left Turn - Opposite Direction";111212;2007;"B: Evident Injury";"Residential";"20-24";20;"No";"0-5 mph";"O: No Injury";"Black";"Male";"Passenger Car";"No";"No";"Dark -  Lighting";"Urban (>70% Developed)";"5 lanes";2;"Straight - Level";"Local Street";"Dry";"Two-Way, Divided, Unprotected Median";"None";"Four-Way Intersection";"Smooth Asphalt";"Piedmont";"Urban";"30 - 35  MPH";"Stop And Go Signal";"Clear";"No";"35.810463, -78.62568"
"5428";784;785;"Yes";"50-59";51;"No";"With Traffic";"B: Evident Injury";"Travel Lane";"White";"Male";"Charlotte";"Mecklenburg";"No";"01-01-06";2007-12-29;"Motorist Left Turn / Merge";16;"Non-Intersection";"01-12-01";1-01-01 16:52:58;"Motorist Left Turn - Opposite Direction";311212;2007;"B: Evident Injury";"Residential";NA;NA;"Missing";NA;"Injury";"/Missing";NA;"Passenger Car";"No";"Yes";"Daylight";"Urban (>70% Developed)";"2 lanes";2;"Curve - Level";"Local Street";"Wet";"Two-Way, Not Divided";"None";"No Special Feature";"Smooth Asphalt";"Piedmont";"Urban";NA;"No Control Present";"Cloudy";"No";"35.21553, -80.851135"
"5429";790;791;"Yes";"15-Nov";11;"No";"Not Applicable";"B: Evident Injury";"Driveway / Alley";"White";"Female";"None - Rural Crash";"Buncombe";"No";"01-01-02";2007-09-18;"Bicyclist Failed to Yield - Midblock";17;"Non-Intersection";"01-09-01";1-01-01 17:19:58;"Bicyclist Ride Out - Residential Driveway";353311;2007;"B: Evident Injury";"Farms, Woods, Pastures";"40-49";48;"No";"26-30 mph";"O: No Injury";"White";"Male";"Pickup";"No";"No";"Daylight";"Rural (<30% Developed)";"2 lanes";2;"Straight - Level";"State Secondary Route";"Dry";"Two-Way, Not Divided";"None";"No Special Feature";"Coarse Asphalt";"Mountains";"Rural";"30 - 35  MPH";"Double Yellow Line, No Passing Zone";"Clear";"No";"35.618645, -82.29222"
"5430";799;800;"No";"25-29";25;"No";"With Traffic";"B: Evident Injury";"Travel Lane";"White";"Male";"Greensboro";"Guilford";"No";"01-01-03";2007-09-19;"Bicyclist Overtaking Motorist";16;"Non-Intersection";"01-09-01";1-01-01 16:10:58;"Bicyclist Overtaking - Extended Door";311244;2007;"B: Evident Injury";"Commercial";"50-59";51;"No";NA;"O: No Injury";"White";"Male";"Passenger Car";"No";"Yes";"Daylight";"Urban (>70% Developed)";"2 lanes";4;"Straight - Level";"Local Street";"Dry";"Two-Way, Not Divided";"None";"No Special Feature";"Smooth Asphalt";"Piedmont";"Urban";"20 - 25  MPH";"No Control Present";"Clear";"No";"36.07047, -79.79049"
"5431";801;802;"Yes";"40-49";42;"No";"Facing Traffic";"B: Evident Injury";"Sidewalk / Crosswalk / Driveway Crossing";"White";"Male";"Greensboro";"Guilford";"No";"01-01-04";2007-09-20;"Bicyclist Failed to Yield - Signalized Intersection";13;"Intersection";"01-09-01";1-01-01 13:29:58;"Bicyclist Ride Through - Signalized Intersection";132155;2007;"B: Evident Injury";"Commercial";NA;NA;"Missing";"6-10 mph";"Injury";"/Missing";NA;NA;"No";"Yes";"Daylight";"Urban (>70% Developed)";"5 lanes";2;"Straight - Level";"Local Street";"Dry";"Two-Way, Not Divided";"None";"Four-Way Intersection";"Smooth Asphalt";"Piedmont";"Urban";"30 - 35  MPH";"Stop And Go Signal";"Clear";"No";"36.021015, -79.79169"
"5432";802;803;"Yes";"40-49";47;"No";"Not Applicable";"B: Evident Injury";NA;"Hispanic";"Male";"None - Rural Crash";"Davie";"No";"01-01-05";2007-09-21;"Bicyclist Failed to Yield - Midblock";5;"Non-Intersection";"01-09-01";1-01-01 05:54:58;"Bicyclist Ride Out - Midblock -";393319;2007;"B: Evident Injury";"Residential";"30-39";39;"No";"41-45 mph";"O: No Injury";"White";"Male";"Passenger Car";"No";"No";"Dark - Roadway Not Lighted";"Rural (<30% Developed)";"2 lanes";2;"Straight - Level";"US Route";"Dry";"Two-Way, Not Divided";"None";"Driveway, Private";"Smooth Asphalt";"Piedmont";"Rural";"40 - 45  MPH";"Double Yellow Line, No Passing Zone";"Cloudy";"No";"35.862648, -80.54944"
"5433";806;807;"Yes";"15-Nov";12;"No";"Not Applicable";"B: Evident Injury";"Driveway / Alley";"Black";"Male";"None - Rural Crash";"Vance";"No";"01-01-06";2007-09-22;"Bicyclist Failed to Yield - Midblock";16;"Non-Intersection";"01-09-01";1-01-01 16:51:58;"Bicyclist Ride Out - Residential Driveway";353311;2007;"B: Evident Injury";"Residential";"50-59";52;"No";"31-35 mph";"O: No Injury";"Black";"Female";"Passenger Car";"No";"No";"Daylight";"Rural (<30% Developed)";"2 lanes";2;"Straight - Level";"State Secondary Route";"Dry";"Two-Way, Not Divided";"None";"No Special Feature";"Smooth Asphalt";"Piedmont";"Rural";"40 - 45  MPH";"Double Yellow Line, No Passing Zone";"Clear";"No";"36.431152, -78.43014"
"5434";825;826;"Yes";"40-49";42;"No";"With Traffic";"B: Evident Injury";"Travel Lane";"White";"Male";"Oak Ridge";"Guilford";"No";NA;2007-10-01;"Bicyclist Failed to Yield - Signalized Intersection";13;"Intersection";"01-10-01";1-01-01 13:39:58;"Bicyclist Ride Through - Signalized Intersection";111155;2007;"B: Evident Injury";"Institutional";"25-29";29;"No";"31-35 mph";"O: No Injury";"White";"Male";"Passenger Car";"No";"No";"Daylight";"Mixed (30% To 70% Developed)";"2 lanes";2;"Straight - Hillcrest";"NC Route";"Dry";"Two-Way, Not Divided";"None";"Four-Way Intersection";"Coarse Asphalt";"Piedmont";"Rural";"30 - 35  MPH";"Stop And Go Signal";"Clear";"No";"36.170074, -79.993805"
"5435";845;846;"Yes";"40-49";41;"No";NA;"B: Evident Injury";NA;"Hispanic";"Male";"Cary";"Wake";"No";"01-01-02";2007-10-09;"Other /  - Insufficient Details";7;"Location";"01-10-01";1-01-01 07:09:58;"Location";999980;2007;"B: Evident Injury";"Commercial";NA;NA;"Missing";"41-45 mph";"Injury";"/Missing";NA;"Passenger Car";"No";"Yes";"Dawn";"Urban (>70% Developed)";"5 lanes";2;"Straight - Grade";"State Secondary Route";"Dry";"Two-Way, Not Divided";"None";"No Special Feature";"Smooth Asphalt";"Piedmont";"Urban";"40 - 45  MPH";"No Control Present";"Clear";"No";"35.780975, -78.764305"
"5436";847;848;"Yes";"16-19";19;"No";"Facing Traffic";"C: Possible Injury";"Travel Lane";"White";"Female";"Raleigh";"Wake";"No";"01-01-03";2007-10-10;"Motorist Left Turn / Merge";15;"Intersection";"01-10-01";1-01-01 15:46:58;"Motorist Left Turn - Same Direction";112211;2007;"C: Possible Injury";"Commercial";NA;NA;"Missing";"26-30 mph";"Injury";"/Missing";NA;NA;"No";"Yes";"Daylight";"Urban (>70% Developed)";"2 lanes";2;"Straight - Level";"Local Street";"Dry";"Two-Way, Not Divided";"None";"No Special Feature";"Smooth Asphalt";"Piedmont";"Urban";"30 - 35  MPH";"Stop Sign";"Clear";"No";"35.772003, -78.71441"
"5437";858;859;"Yes";"40-49";40;"No";"With Traffic";"B: Evident Injury";"Travel Lane";"Black";"Male";"Morganton";"Burke";"No";"01-01-07";2007-10-14;"Crossing Paths - Other Circumstances";10;"Intersection";"01-10-01";1-01-01 10:46:58;"Crossing Paths - Intersection - Other /";111180;2007;"B: Evident Injury";"Commercial";"25-29";29;"No";"6-10 mph";"O: No Injury";"White";"Male";"Sport Utility";"No";"No";"Daylight";"Mixed (30% To 70% Developed)";"4 lanes";2;"Straight - Level";"Local Street";"Dry";"Two-Way, Divided, Unprotected Median";"None";"Related To Intersection";"Smooth Asphalt";"Mountains";"Urban";"30 - 35  MPH";"No Control Present";"Clear";"No";"35.74847, -81.68839"
"5438";868;869;"Yes";"16-19";16;"No";"Not Applicable";"B: Evident Injury";NA;"Black";"Male";"Greensboro";"Guilford";"No";"01-01-05";2007-10-19;"Bicyclist Failed to Yield - Midblock";19;"Non-Intersection";"01-10-01";1-01-01 19:07:58;"Bicyclist Ride Out - Midblock -";393319;2007;"B: Evident Injury";"Residential";"30-39";31;"No";NA;"O: No Injury";"Black";"Female";"Passenger Car";"No";"No";"Other";"Urban (>70% Developed)";"2 lanes";2;"Straight - Level";"Local Street";"Dry";"Two-Way, Divided, Unprotected Median";"None";"No Special Feature";"Smooth Asphalt";"Piedmont";"Urban";"30 - 35  MPH";"No Control Present";"Clear";"No";"36.0644, -79.76222"
"5439";871;872;"Yes";"30-39";36;"Yes";"With Traffic";"B: Evident Injury";"Travel Lane";"Black";"Male";"Wilson";"Wilson";"Yes";"01-01-06";2007-10-20;"Motorist Failed to Yield - Sign-Controlled Intersection";18;"Intersection";"01-10-01";1-01-01 18:28:58;"Motorist Drive Out - Sign-Controlled Intersection";111141;2007;"B: Evident Injury";"Residential";"30-39";37;"No";"16-20 mph";"O: No Injury";"Hispanic";"Male";"Pickup";"No";"No";"Daylight";"Rural (<30% Developed)";"2 lanes";2;"Straight - Level";"Local Street";"Dry";"Two-Way, Not Divided";"None";"Four-Way Intersection";"Coarse Asphalt";"Coastal";"Urban";"30 - 35  MPH";"Stop Sign";"Clear";"No";"35.73124, -77.91561"
"5440";876;877;"Yes";"0-5";5;"No";NA;"C: Possible Injury";"Travel Lane";"Black";"Male";"Rocky Mount";"Edgecombe";"No";"01-01-02";2007-10-23;"Bicyclist Failed to Yield - Sign-Controlled Intersection";16;"Intersection";"01-10-01";1-01-01 16:52:58;"Bicyclist Ride Through - Sign-Controlled Intersection";119144;2007;"C: Possible Injury";"Residential";"20-24";22;"No";"16-20 mph";"O: No Injury";"Black";"Male";"Passenger Car";"No";"No";"Daylight";"Urban (>70% Developed)";"2 lanes";2;"Straight - Level";"Local Street";"Dry";"Two-Way, Not Divided";"None";"Four-Way Intersection";"Smooth Asphalt";"Coastal";"Urban";"30 - 35  MPH";"Stop Sign";"Clear";"No";"35.92618, -77.79376"
"5441";882;883;"Yes";NA;NA;"No";"Not Applicable";"C: Possible Injury";"Driveway / Alley";"White";"Male";"Roanoke Rapids";"Halifax";"No";"01-01-05";2007-10-26;"Bicyclist Failed to Yield - Midblock";12;"Non-Intersection";"01-10-01";1-01-01 12:15:58;"Bicyclist Ride Out - Residential Driveway";353311;2007;"C: Possible Injury";"Commercial";"20-24";23;"No";"21-25 mph";"O: No Injury";"White";"Female";"Passenger Car";"No";"No";"Daylight";"Urban (>70% Developed)";"2 lanes";2;"Straight - Level";"Local Street";"Wet";"Two-Way, Not Divided";"None";"No Special Feature";"Grooved Concrete";"Coastal";"Urban";"20 - 25  MPH";"No Control Present";"Cloudy";"No";"36.450268, -77.65871"
"5442";885;886;"Yes";"16-19";18;"No";"Facing Traffic";"A: Disabling Injury";"Travel Lane";"White";"Male";"None - Rural Crash";"Wilson";"No";"01-01-05";2007-10-19;"Head-On";20;"Non-Intersection";"01-10-01";1-01-01 20:02:58;"Head-On - Bicyclist";312250;2007;"A: Disabling Injury";"Farms, Woods, Pastures";"25-29";29;"No";"41-45 mph";"O: No Injury";"White";"Female";"Passenger Car";"No";"Yes";"Dark - Roadway Not Lighted";"Rural (<30% Developed)";"4 lanes";2;"Straight - Level";"US Route";"Dry";"Two-Way, Divided, Unprotected Median";"None";"No Special Feature";"Smooth Asphalt";"Coastal";"Rural";"50 - 55  MPH";"No Control Present";"Clear";"No";"35.600616, -78.11563"
"5443";890;891;"No";"16-19";18;"No";NA;"C: Possible Injury";"Non-Roadway";"Black";"Male";"Goldsboro";"Wayne";"No";NA;2007-10-29;"Non-Roadway";19;"Non-Roadway";"01-10-01";1-01-01 18:59:58;"Non-Roadway";460910;2007;"C: Possible Injury";"Commercial";"25-29";27;"No";"0-5 mph";"O: No Injury";"Black";"Female";"Passenger Car";"No";"No";"Dark - Lighted Roadway";"Urban (>70% Developed)";NA;2;"Straight - Level";"Public Vehicular Area";"Dry";"Two-Way, Not Divided";"None";"No Special Feature";"Smooth Asphalt";"Coastal";"Urban";"5 - 15 MPH";"No Control Present";"Clear";"No";"35.374462, -77.99035"
"5444";893;894;"Yes";"15-Nov";13;"No";"Not Applicable";"A: Disabling Injury";NA;"White";"Male";"Wilmington";"New Hanover";"No";NA;2007-10-29;"Bicyclist Failed to Yield - Midblock";12;"Non-Intersection";"01-10-01";1-01-01 12:33:58;"Bicyclist Ride Out - Midblock -";393319;2007;"A: Disabling Injury";"Commercial";"70+";NA;"No";"31-35 mph";"O: No Injury";"White";"Male";"Passenger Car";"No";"No";"Daylight";"Urban (>70% Developed)";"4 lanes";2;"Straight - Level";"Local Street";"Dry";"Two-Way, Divided, Unprotected Median";NA;"No Special Feature";"Smooth Asphalt";"Coastal";"Urban";"40 - 45  MPH";"No Control Present";"Clear";"No";"34.19503, -77.88915"
"5445";897;898;"Yes";"30-39";37;"Yes";"With Traffic";"B: Evident Injury";"Travel Lane";"Black";"Male";"None - Rural Crash";"Bertie";"Yes";"01-01-04";2007-11-01;"Bicyclist Left Turn / Merge";14;"Non-Intersection";"01-11-01";1-01-01 14:53:58;"Bicyclist Left Turn - Same Direction";311221;2007;"B: Evident Injury";"Residential";"50-59";53;"No";">100 mph";"O: No Injury";"White";"Female";"Van";"No";"No";"Daylight";"Mixed (30% To 70% Developed)";"2 lanes";2;"Straight - Level";"US Route";"Dry";"Two-Way, Not Divided";"None";"No Special Feature";"Coarse Asphalt";"Coastal";"Rural";"40 - 45  MPH";"Double Yellow Line, No Passing Zone";"Clear";"No";"35.984623, -76.95754"
"5446";900;901;"Yes";"40-49";47;"No";"With Traffic";"O: No Injury";"Travel Lane";"Black";"Female";"Holly Springs";"Wake";"No";"01-01-05";2007-11-02;"Motorist Overtaking Bicyclist";13;"Non-Intersection";"01-11-01";1-01-01 13:25:58;"Motorist Overtaking - Misjudged Space";311232;2007;"O: No Injury";"Residential";"70+";NA;"No";"16-20 mph";"O: No Injury";"Black";"Male";"Truck/Trailer";"No";"No";"Daylight";"Mixed (30% To 70% Developed)";"4 lanes";2;"Straight - Level";"Local Street";"Dry";"Two-Way, Not Divided";"None";"No Special Feature";"Smooth Asphalt";"Piedmont";"Urban";"30 - 35  MPH";"No Control Present";"Clear";"No";"35.641724, -78.84034"
"5447";902;903;"Yes";"50-59";58;"No";"Facing Traffic";"O: No Injury";"Travel Lane";"Black";"Male";"Raleigh";"Wake";"No";"01-01-06";2007-11-03;"Motorist Failed to Yield - Sign-Controlled Intersection";12;"Intersection";"01-11-01";1-01-01 12:32:58;"Motorist Drive Out - Sign-Controlled Intersection";112141;2007;"O: No Injury";"Residential";"70+";NA;"No";"0-5 mph";"O: No Injury";"Black";"Female";"Passenger Car";"No";"No";"Daylight";"Urban (>70% Developed)";"3 lanes";2;"Straight - Level";"Local Street";"Dry";"One-Way, Not Divided";"None";"Four-Way Intersection";"Concrete";"Piedmont";"Urban";"30 - 35  MPH";"Stop Sign";"Clear";"No";"35.76702, -78.63557"
"5448";913;914;"Yes";"30-39";39;"Yes";"With Traffic";"C: Possible Injury";"Travel Lane";"White";"Male";"Garner";"Wake";"Yes";"01-01-04";2007-11-08;"Motorist Failed to Yield - Midblock";16;"Non-Intersection";"01-11-01";1-01-01 16:23:58;"Motorist Drive Out - Commercial Driveway / Alley";311322;2007;"C: Possible Injury";"Commercial";"40-49";48;"No";"21-25 mph";"O: No Injury";"White";"Male";"Passenger Car";"No";"No";"Daylight";"Urban (>70% Developed)";"2 lanes";2;"Straight - Grade";"Local Street";"Dry";"Two-Way, Not Divided";"None";"T-Intersection";"Coarse Asphalt";"Piedmont";"Urban";NA;"Stop Sign";"Clear";"No";"35.68509, -78.61796"
"5449";914;915;"No";"40-49";47;"No";"Facing Traffic";"C: Possible Injury";NA;"White";"Male";"Greensboro";"Guilford";"No";"01-01-04";2007-11-08;"Motorist Failed to Yield - Signalized Intersection";12;"Intersection";"01-11-01";1-01-01 12:56:58;"Motorist Drive Out - Signalized Intersection";192152;2007;"C: Possible Injury";"Commercial";"25-29";26;"No";"0-5 mph";"O: No Injury";"White";"Male";"Sport Utility";"No";"No";"Daylight";"Urban (>70% Developed)";"4 lanes";2;"Straight - Level";"Local Street";"Dry";"Two-Way, Not Divided";"None";"Four-Way Intersection";"Smooth Asphalt";"Piedmont";"Urban";"30 - 35  MPH";"Stop And Go Signal";"Clear";"No";"36.055668, -79.83071"
"5450";932;933;"Yes";"10-Jun";8;"No";"Not Applicable";"B: Evident Injury";"Non-Roadway";"Black";"Male";"None - Rural Crash";"Forsyth";"No";"01-01-02";2007-11-20;"Bicyclist Failed to Yield - Midblock";9;"Non-Intersection";"01-11-01";1-01-01 09:17:58;"Bicyclist Ride Out - Other Midblock";363318;2007;"B: Evident Injury";"Residential";"50-59";58;"No";"46-50 mph";"O: No Injury";"Black";"Female";"Passenger Car";"No";"No";"Daylight";"Mixed (30% To 70% Developed)";"2 lanes";2;"Straight - Level";"State Secondary Route";"Dry";"Two-Way, Not Divided";"None";"No Special Feature";"Smooth Asphalt";"Piedmont";"Rural";"50 - 55  MPH";"No Control Present";"Clear";"No";"36.211643, -80.2253"
"5451";940;941;"No";"15-Nov";11;"No";"With Traffic";"C: Possible Injury";"Travel Lane";"Black";"Male";"Lexington";"Davidson";"No";"01-01-02";2007-11-27;"Bicyclist Left Turn / Merge";17;"Non-Intersection";"01-11-01";1-01-01 17:25:58;"Bicyclist Left Turn - Opposite Direction";311222;2007;"C: Possible Injury";"Commercial";"50-59";54;"No";"26-30 mph";"O: No Injury";"White";"Female";"Passenger Car";"No";"No";"Daylight";"Rural (<30% Developed)";"4 lanes";2;"Straight - Level";"Local Street";"Dry";"Two-Way, Divided, Unprotected Median";"None";"No Special Feature";"Smooth Asphalt";"Piedmont";"Urban";"30 - 35  MPH";"No Control Present";"Clear";"No";"35.814728, -80.26379"
"5452";943;944;"No";"40-49";45;"No";"Facing Traffic";"O: No Injury";"Travel Lane";"Hispanic";"Male";"Grantsboro";"Pamlico";"No";"01-01-03";2007-11-28;"Bicyclist Right Turn / Merge";17;"Non-Intersection";"01-11-01";1-01-01 17:51:58;"Bicyclist Right Turn - Same Direction";312223;2007;"O: No Injury";"Farms, Woods, Pastures";"60-69";63;"No";"46-50 mph";"O: No Injury";"Black";"Female";"Sport Utility";"No";"No";"Dark - Roadway Not Lighted";"Rural (<30% Developed)";"2 lanes";2;"Straight - Level";"NC Route";"Dry";"Two-Way, Not Divided";"None";"No Special Feature";"Smooth Asphalt";"Coastal";"Rural";"50 - 55  MPH";"Double Yellow Line, No Passing Zone";"Clear";"No";"35.129337, -76.840805"
"5453";945;946;"No";"40-49";44;"No";"Facing Traffic";"C: Possible Injury";"Travel Lane";"Black";"Male";"Raleigh";"Wake";"No";"01-01-02";2007-11-20;"Bicyclist Failed to Yield - Signalized Intersection";9;"Intersection";"01-11-01";1-01-01 08:59:58;"Bicyclist Ride Through - Signalized Intersection";112155;2007;"C: Possible Injury";"Commercial";"30-39";34;"No";"0-5 mph";"O: No Injury";"White";"Male";"Passenger Car";"No";"No";"Daylight";"Urban (>70% Developed)";"4 lanes";2;"Curve - Grade";"Local Street";"Dry";"Two-Way, Divided, Positive Median Barrier";"None";"On or Off Ramp";"Smooth Asphalt";"Piedmont";"Urban";"30 - 35  MPH";"Stop And Go Signal";"Clear";"No";"35.835308, -78.63908"
"5454";946;947;"Yes";"50-59";51;"No";"With Traffic";"C: Possible Injury";"Travel Lane";"Black";"Male";"Greensboro";"Guilford";"No";"01-01-03";2007-11-28;"Motorist Failed to Yield - Midblock";6;"Non-Intersection";"01-11-01";1-01-01 06:38:58;"Motorist Drive Out - Commercial Driveway / Alley";311322;2007;"C: Possible Injury";"Commercial";"50-59";50;"No";"0-5 mph";"O: No Injury";"White";"Male";"Pickup";"No";"No";"Dark - Lighted Roadway";"Urban (>70% Developed)";"1 lane";2;"Straight - Level";"Local Street";"Dry";"Two-Way, Divided, Unprotected Median";"None";"No Special Feature";"Smooth Asphalt";"Piedmont";"Urban";"30 - 35  MPH";"No Control Present";"Clear";"No";"36.038292, -79.799995"