"FID";"OBJECTID";"AmbulanceR";"BikeAge_Gr";"Bike_Age";"Bike_Alc_D";"Bike_Dir";"Bike_Injur";"Bike_Pos";"Bike_Race";"Bike_Sex";"City";"County";"CrashAlcoh";"CrashDay";"Crash_Date";"Crash_Grp";"Crash_Hour";"Crash_Loc";"Crash_Mont";"Crash_Time";"Crash_Type";"Crash_Ty_1";"Crash_Year";"Crsh_Sevri";"Developmen";"DrvrAge_Gr";"Drvr_Age";"Drvr_Alc_D";"Drvr_EstSp";"Drvr_Injur";"Drvr_Race";"Drvr_Sex";"Drvr_VehTy";"ExcsSpdInd";"Hit_Run";"Light_Cond";"Locality";"Num_Lanes";"Num_Units";"Rd_Charact";"Rd_Class";"Rd_Conditi";"Rd_Config";"Rd_Defects";"Rd_Feature";"Rd_Surface";"Region";"Rural_Urba";"Speed_Limi";"Traff_Cntr";"Weather";"Workzone_I";"Location"
"5455";949;950;"No";"15-Nov";13;"No";"With Traffic";"C: Possible Injury";"Travel Lane";"White";"Male";"Kannapolis";"Rowan";"No";"01-01-05";2007-11-30;"Loss of Control / Turning Error";20;"Intersection-Related";"01-11-01";1-01-01 20:29:58;"Motorist Turning Error - Right Turn";211112;2007;"C: Possible Injury";"Residential";NA;NA;"Missing";"6-10 mph";"Injury";"/Missing";NA;NA;"No";"Yes";"Dark - Roadway Not Lighted";"Urban (>70% Developed)";"2 lanes";2;"Straight - Grade";"Local Street";"Dry";"Two-Way, Not Divided";"None";"No Special Feature";"Smooth Asphalt";"Piedmont";"Urban";"30 - 35  MPH";"No Control Present";"Clear";"No";"35.50779, -80.59057"
"5456";952;953;"Yes";"50-59";51;"No";"With Traffic";"B: Evident Injury";"Travel Lane";"Hispanic";"Male";"Raleigh";"Wake";"No";"01-01-06";2007-12-01;"Bicyclist Left Turn / Merge";9;"Non-Intersection";"01-12-01";1-01-01 09:39:58;"Bicyclist Left Turn - Same Direction";311221;2007;"B: Evident Injury";"Residential";"50-59";54;"No";"6-10 mph";"O: No Injury";"White";"Female";"Passenger Car";"No";"No";"Daylight";"Urban (>70% Developed)";"2 lanes";2;"Straight - Grade";"Local Street";"Dry";"Two-Way, Divided, Unprotected Median";"None";"T-Intersection";"Coarse Asphalt";"Piedmont";"Urban";"30 - 35  MPH";"No Control Present";"Clear";"No";"35.833164, -78.68018"
"5457";957;958;"Yes";"15-Nov";15;"No";NA;"B: Evident Injury";NA;"Black";"Male";"Greenville";"Pitt";"No";NA;2007-12-03;"Bicyclist Failed to Yield - Midblock";16;"Non-Intersection";"01-12-01";1-01-01 16:33:58;"Bicyclist Ride Out - Midblock -";399319;2007;"B: Evident Injury";"Commercial";"60-69";64;"No";"31-35 mph";"O: No Injury";"Hispanic";NA;"Light Truck (Mini-Van, Panel)";"No";"No";"Daylight";"Urban (>70% Developed)";"4 lanes";2;"Straight - Level";"Local Street";"Dry";"Two-Way, Not Divided";"None";"No Special Feature";"Smooth Asphalt";"Coastal";"Urban";"30 - 35  MPH";"No Control Present";"Clear";"No";"35.607388, -77.38498"
"5458";960;961;"Yes";"20-24";21;"No";NA;"B: Evident Injury";"Multi-use Path";"White";"Male";"Chapel Hill";"Orange";"No";"01-01-02";2007-12-04;"Non-Roadway";18;"Non-Roadway";"01-12-01";1-01-01 18:47:58;"Non-Roadway";440910;2007;"B: Evident Injury";"Institutional";"30-39";38;"No";"6-10 mph";"O: No Injury";"Asian";"Male";"Passenger Car";"No";"No";"Dark - Lighted Roadway";"Urban (>70% Developed)";"1 lane";2;"Straight - Grade";"Public Vehicular Area";"Dry";"One-Way, Not Divided";"None";"No Special Feature";"Coarse Asphalt";"Piedmont";"Urban";"5 - 15 MPH";"No Control Present";"Clear";"No";"35.90505, -79.048004"
"5459";972;973;"Yes";"50-59";53;"No";NA;"O: No Injury";NA;"Black";"Male";"Tarboro";"Edgecombe";"No";"01-01-02";2007-12-11;"Bicyclist Failed to Yield - Midblock";12;"Non-Intersection";"01-12-01";1-01-01 12:11:58;"Bicyclist Ride Out - Midblock -";399319;2007;"O: No Injury";"Residential";"50-59";54;"No";NA;"O: No Injury";"Black";"Female";"Passenger Car";"No";"No";"Daylight";"Mixed (30% To 70% Developed)";"1 lane";2;"Straight - Level";"Local Street";"Dry";"One-Way, Not Divided";"None";"No Special Feature";"Smooth Asphalt";"Coastal";"Urban";NA;"No Control Present";"Clear";"No";"35.90138, -77.535736"
"5460";981;982;"Yes";"50-59";53;"No";"With Traffic";"C: Possible Injury";"Bike Lane / Paved Shoulder";"Black";"Male";"Hamlet";"Richmond";"No";NA;2007-12-17;"Motorist Overtaking Bicyclist";1;"Non-Intersection";"01-12-01";1-01-01 01:33:58;"Motorist Overtaking - Undetected Bicyclist";321231;2007;"C: Possible Injury";"Residential";"60-69";65;"No";"21-25 mph";"O: No Injury";"White";"Female";"Passenger Car";"No";"No";"Dark -  Lighting";"Mixed (30% To 70% Developed)";"2 lanes";2;"Straight - Level";"Local Street";"Dry";"Two-Way, Not Divided";"None";"No Special Feature";"Smooth Asphalt";"Piedmont";"Urban";"30 - 35  MPH";"No Control Present";"Clear";"No";"34.895954, -79.703545"
"5461";983;984;"No";"40-49";42;"No";"With Traffic";"C: Possible Injury";"Bike Lane / Paved Shoulder";"Asian";"Female";"Carrboro";"Orange";"No";"01-01-04";2007-12-20;"Motorist Overtaking Bicyclist";7;"Non-Intersection";"01-12-01";1-01-01 07:51:58;"Motorist Overtaking - Bicyclist Swerved";321235;2007;"C: Possible Injury";"Residential";"50-59";58;"No";"36-40 mph";"O: No Injury";"White";"Male";"Passenger Car";"No";"No";"Daylight";"Rural (<30% Developed)";"4 lanes";2;"Straight - Level";"NC Route";"Dry";"Two-Way, Not Divided";"None";"No Special Feature";"Smooth Asphalt";"Piedmont";"Urban";"40 - 45  MPH";"No Control Present";"Clear";"No";"35.909725, -79.09043"
"5462";998;999;"Yes";"40-49";49;"No";"With Traffic";"K: Killed";"Travel Lane";"Black";"Male";"Wilmington";"New Hanover";"No";"01-01-04";2007-01-25;"Bicyclist Left Turn / Merge";13;"Intersection";NA;1-01-01 13:38:58;"Bicyclist Left Turn - Opposite Direction";111222;2007;"K: Killed";"Commercial";"25-29";26;"No";"36-40 mph";"O: No Injury";"White";"Female";"Sport Utility";"No";"No";"Daylight";"Urban (>70% Developed)";"8 lanes";2;"Straight - Level";"Local Street";"Dry";"Two-Way, Divided, Unprotected Median";NA;"Driveway, Public";"Smooth Asphalt";"Coastal";"Urban";"40 - 45  MPH";"Stop And Go Signal";"Clear";"No";"34.21607, -77.904274"
"5463";2;3;"Yes";"10-Jun";6;"No";"Facing Traffic";"O: No Injury";"Travel Lane";"Black";"Male";"Charlotte";"Mecklenburg";"No";NA;2008-01-21;"Bicyclist Right Turn / Merge";15;"Non-Intersection";NA;1-01-01 15:32:58;"Bicyclist Right Turn - Same Direction";312223;2008;"O: No Injury";"Residential";"40-49";41;"No";"21-25 mph";"O: No Injury";"White";"Female";"Passenger Car";"No";"No";"Daylight";"Urban (>70% Developed)";"2 lanes";2;"Straight - Level";"Local Street";"Dry";"Two-Way, Not Divided";"None";"No Special Feature";"Concrete";"Piedmont";"Urban";"20 - 25  MPH";"No Control Present";"Clear";"No";"0.0, 0.0"
"5464";8;9;"Yes";"40-49";41;"No";"With Traffic";"C: Possible Injury";"Bike Lane / Paved Shoulder";"Hispanic";"Male";"Benson";"Johnston";"No";"01-01-04";2008-02-14;"Motorist Overtaking Bicyclist";18;"Non-Intersection";"01-02-01";1-01-01 18:58:58;"Motorist Overtaking - Undetected Bicyclist";321231;2008;"C: Possible Injury";"Residential";"70+";NA;"No";"26-30 mph";"O: No Injury";"White";"Male";"Light Truck (Mini-Van, Panel)";"No";"No";"Dark - Lighted Roadway";"Rural (<30% Developed)";"2 lanes";2;"Curve - Level";"Local Street";"Dry";"Two-Way, Not Divided";"None";"No Special Feature";"Smooth Asphalt";"Coastal";"Rural";"40 - 45  MPH";"Double Yellow Line, No Passing Zone";"Clear";"No";"0.0, 0.0"
"5465";9;10;"No";"10-Jun";8;"No";"Facing Traffic";"B: Evident Injury";"Sidewalk / Crosswalk / Driveway Crossing";"Black";"Female";"Charlotte";"Mecklenburg";"No";"01-01-06";2008-02-16;"Motorist Failed to Yield - Sign-Controlled Intersection";18;"Intersection";"01-02-01";1-01-01 18:23:58;"Motorist Drive Out - Sign-Controlled Intersection";132141;2008;"B: Evident Injury";"Residential";"0-19";18;"No";"0-5 mph";"O: No Injury";"White";"Male";"Passenger Car";"No";"No";"Dusk";"Mixed (30% To 70% Developed)";"2 lanes";2;"Straight - Level";"Local Street";"Dry";"Two-Way, Not Divided";"None";"Four-Way Intersection";"Smooth Asphalt";"Piedmont";"Urban";"30 - 35  MPH";"Stop Sign";"Clear";"No";"0.0, 0.0"
"5466";11;12;"No";"10-Jun";9;"No";"With Traffic";"C: Possible Injury";"Travel Lane";"Black";"Female";"Charlotte";"Mecklenburg";"No";NA;2008-02-18;"Bicyclist Failed to Yield - Sign-Controlled Intersection";11;"Intersection-Related";"01-02-01";1-01-01 11:49:58;"Bicyclist Ride Through - Sign-Controlled Intersection";211144;2008;"C: Possible Injury";"Residential";"20-24";20;"No";"6-10 mph";"O: No Injury";"Black";"Female";"Passenger Car";"No";"No";"Daylight";"Urban (>70% Developed)";"2 lanes";2;"Straight - Grade";"Local Street";"Dry";"Two-Way, Not Divided";"None";"T-Intersection";"Smooth Asphalt";"Piedmont";"Urban";"20 - 25  MPH";"Stop Sign";"Clear";"No";"0.0, 0.0"
"5467";12;13;"No";"50-59";54;"Yes";"With Traffic";"O: No Injury";"Travel Lane";"Black";"Male";"Charlotte";"Mecklenburg";"Yes";"01-01-07";2008-02-24;"Parallel Paths - Other Circumstances";20;"Intersection";"01-02-01";1-01-01 20:07:58;"Motorist Turn / Merge - Other /";111219;2008;"O: No Injury";"Residential";"25-29";25;"No";"0-5 mph";"O: No Injury";"White";"Male";"Truck/Trailer";"No";"No";"Dark - Lighted Roadway";"Urban (>70% Developed)";"2 lanes";2;"Straight - Level";"Local Street";"Dry";"Two-Way, Not Divided";"None";"No Special Feature";"Smooth Asphalt";"Piedmont";"Urban";"20 - 25  MPH";"No Control Present";"Clear";"No";"0.0, 0.0"
"5468";15;16;"Yes";"60-69";61;"No";"With Traffic";"C: Possible Injury";"Travel Lane";"White";"Male";"Charlotte";"Mecklenburg";"No";NA;2008-02-25;"Bicyclist Left Turn / Merge";7;"Non-Intersection";"01-02-01";1-01-01 07:56:58;"Bicyclist Left Turn - Same Direction";311221;2008;"C: Possible Injury";"Commercial";"30-39";35;"No";"31-35 mph";"O: No Injury";"Black";"Female";"Sport Utility";"No";"No";"Daylight";"Urban (>70% Developed)";"3 lanes";2;"Straight - Level";"Local Street";"Dry";"Two-Way, Not Divided";"None";"No Special Feature";"Smooth Asphalt";"Piedmont";"Urban";"30 - 35  MPH";"No Control Present";"Fog, Smog, Smoke";"No";"0.0, 0.0"
"5469";20;21;"No";"30-39";32;"No";"Facing Traffic";"O: No Injury";"Travel Lane";"Black";"Male";"Charlotte";"Mecklenburg";"No";"01-01-03";2008-03-05;"Motorist Failed to Yield - Sign-Controlled Intersection";14;"Intersection";"01-03-01";1-01-01 14:19:58;"Motorist Drive Out - Sign-Controlled Intersection";112141;2008;"O: No Injury";"Commercial";"40-49";46;"No";"0-5 mph";"O: No Injury";"Black";"Female";"Commercial Bus";"No";"No";"Daylight";"Urban (>70% Developed)";"3 lanes";2;"Straight - Level";"Local Street";"Dry";"Two-Way, Not Divided";"None";"T-Intersection";"Smooth Asphalt";"Piedmont";"Urban";"30 - 35  MPH";"Stop Sign";"Clear";"No";"0.0, 0.0"
"5470";23;24;"No";"40-49";46;"No";"With Traffic";"O: No Injury";"Travel Lane";"White";"Female";"Cary";"Wake";"No";"01-01-02";2008-03-18;"Motorist Overtaking Bicyclist";18;"Non-Intersection";"01-03-01";1-01-01 17:59:58;"Motorist Overtaking - Misjudged Space";311232;2008;"O: No Injury";"Residential";NA;NA;"Missing";"36-40 mph";"Injury";"/Missing";NA;"Pickup";"No";"Yes";"Dusk";"Mixed (30% To 70% Developed)";"2 lanes";2;"Straight - Grade";"State Secondary Route";"Dry";"Two-Way, Not Divided";"None";"No Special Feature";"Coarse Asphalt";"Piedmont";"Urban";"40 - 45  MPH";"No Control Present";"Clear";"No";"0.0, 0.0"
"5471";26;27;"No";"30-39";35;"No";"With Traffic";"B: Evident Injury";"Travel Lane";"White";"Male";"None - Rural Crash";"Caswell";"No";"01-01-05";2008-01-04;"Motorist Overtaking Bicyclist";17;"Non-Intersection";NA;1-01-01 17:17:58;"Motorist Overtaking - Misjudged Space";311232;2008;"B: Evident Injury";"Farms, Woods, Pastures";"70+";NA;"No";"46-50 mph";"O: No Injury";"White";"Female";"Passenger Car";"No";"No";"Dusk";"Rural (<30% Developed)";"2 lanes";2;"Straight - Level";"State Secondary Route";"Dry";"Two-Way, Not Divided";"None";"No Special Feature";"Coarse Asphalt";"Piedmont";"Rural";"50 - 55  MPH";"Double Yellow Line, No Passing Zone";"Clear";"No";"0.0, 0.0"
"5472";31;32;"No";"15-Nov";14;"No";"With Traffic";"C: Possible Injury";"Travel Lane";"White";"Male";"Charlotte";"Mecklenburg";"No";"01-01-03";2008-04-02;"Motorist Left Turn / Merge";15;"Intersection";"01-04-01";1-01-01 15:41:58;"Motorist Left Turn - Opposite Direction";111212;2008;"C: Possible Injury";"Commercial";"20-24";24;"No";"11-15 mph";"O: No Injury";"White";"Female";"Passenger Car";"No";"No";"Daylight";"Urban (>70% Developed)";"2 lanes";2;"Straight - Level";"Local Street";"Dry";"Two-Way, Divided, Unprotected Median";"None";"Four-Way Intersection";"Smooth Asphalt";"Piedmont";"Urban";"30 - 35  MPH";"Stop And Go Signal";"Clear";"No";"0.0, 0.0"
"5473";33;34;"No";"25-29";28;"No";"With Traffic";"O: No Injury";"Travel Lane";"White";"Male";"Garner";"Wake";"No";"01-01-02";2008-01-08;"Crossing Paths - Other Circumstances";11;"Intersection";NA;1-01-01 11:19:58;"Sign-Controlled Intersection - Other /";111148;2008;"O: No Injury";"Institutional";"0-19";17;"No";"11-15 mph";"O: No Injury";"Black";"Male";"Sport Utility";"No";"Yes";"Daylight";"Mixed (30% To 70% Developed)";"2 lanes";2;"Straight - Level";"Local Street";"Dry";"Two-Way, Not Divided";"None";"No Special Feature";"Smooth Asphalt";"Piedmont";"Urban";"20 - 25  MPH";"No Control Present";"Clear";"No";"0.0, 0.0"
"5474";40;41;"No";"30-39";31;"No";"Not Applicable";"O: No Injury";"Non-Roadway";"Black";"Male";"Raleigh";"Wake";"No";"01-01-04";2008-01-10;"Non-Roadway";22;"Non-Roadway";NA;1-01-01 22:02:58;"Non-Roadway";460910;2008;"O: No Injury";"Commercial";"40-49";40;"No";"0-5 mph";"O: No Injury";"White";"Male";"Light Truck (Mini-Van, Panel)";"No";"No";"Dark - Lighted Roadway";"Urban (>70% Developed)";NA;2;"Straight - Level";"Public Vehicular Area";"Dry";"Two-Way, Not Divided";"None";"Driveway, Public";"Smooth Asphalt";"Piedmont";"Urban";"30 - 35  MPH";"No Control Present";"Clear";"No";"0.0, 0.0"
"5475";45;46;"No";"60-69";64;"Yes";"With Traffic";"B: Evident Injury";"Travel Lane";"Black";"Male";"Kannapolis";"Cabarrus";"Yes";"01-01-05";2008-01-11;"Crossing Paths - Other Circumstances";22;"Intersection";NA;1-01-01 22:00:58;"Sign-Controlled Intersection - Other /";111148;2008;"B: Evident Injury";"Residential";"70+";NA;"No";"6-10 mph";"O: No Injury";"White";"Male";"Sport Utility";"No";"No";"Dark - Lighted Roadway";"Urban (>70% Developed)";"2 lanes";2;"Straight - Level";"Local Street";"Dry";"Two-Way, Not Divided";"None";"No Special Feature";"Smooth Asphalt";"Piedmont";"Urban";"40 - 45  MPH";"Stop Sign";"Clear";"No";"0.0, 0.0"
"5476";46;47;"No";"40-49";41;"No";"Not Applicable";"O: No Injury";"Multi-use Path";"White";"Male";"Raleigh";"Wake";"No";NA;2008-01-14;"Non-Roadway";17;"Non-Roadway";NA;1-01-01 17:32:58;"Non-Roadway";440910;2008;"O: No Injury";"Commercial";"20-24";22;"No";"0-5 mph";"O: No Injury";"White";"Female";"Passenger Car";"No";"No";"Dark - Lighted Roadway";"Mixed (30% To 70% Developed)";"2 lanes";2;"Straight - Level";"Public Vehicular Area";"Dry";"Two-Way, Not Divided";"None";"Driveway, Public";"Smooth Asphalt";"Piedmont";"Urban";"5 - 15 MPH";"Flashing Signal With Stop Sign";"Clear";"No";"0.0, 0.0"
"5477";52;53;"Yes";"40-49";46;"No";"With Traffic";"A: Disabling Injury";"Travel Lane";"Other";"Female";"Fayetteville";"Cumberland";"No";"01-01-02";2008-03-25;"Motorist Overtaking Bicyclist";6;"Non-Intersection";"01-03-01";1-01-01 06:45:58;"Motorist Overtaking - Bicyclist Swerved";311235;2008;"A: Disabling Injury";"Farms, Woods, Pastures";"40-49";47;"No";"46-50 mph";"O: No Injury";"White";"Male";"Single Unit Truck (2-Axle, 6-Tire)";"No";"No";"Dark - Roadway Not Lighted";"Rural (<30% Developed)";"4 lanes";2;"Straight - Grade";"Local Street";"Dry";"Two-Way, Divided, Unprotected Median";"None";"No Special Feature";"Coarse Asphalt";"Coastal";"Urban";"50 - 55  MPH";"No Control Present";"Clear";"No";"0.0, 0.0"
"5478";56;57;"Yes";"50-59";52;"Yes";"With Traffic";"B: Evident Injury";"Travel Lane";"Black";"Male";"None - Rural Crash";"Cumberland";"Yes";"01-01-07";2008-01-20;"Loss of Control / Turning Error";19;"Intersection-Related";NA;1-01-01 19:26:58;"Bicylist Lost Control - Alcohol / Drug Impairment";211123;2008;"B: Evident Injury";"Residential";"50-59";56;"No";"31-35 mph";"O: No Injury";"Black";"Male";"Passenger Car";"No";"No";"Dark - Lighted Roadway";"Urban (>70% Developed)";"2 lanes";2;"Straight - Grade";"State Secondary Route";"Dry";"Two-Way, Not Divided";"None";"No Special Feature";"Coarse Asphalt";"Coastal";"Rural";"30 - 35  MPH";"Double Yellow Line, No Passing Zone";"Clear";"No";"0.0, 0.0"
"5479";57;58;"No";"10-Jun";9;"No";NA;"B: Evident Injury";NA;"Black";"Male";"Charlotte";"Mecklenburg";"No";"01-01-03";2008-04-09;"Loss of Control / Turning Error";17;"Intersection";"01-04-01";1-01-01 17:35:58;"Bicyclist Lost Control - Mechanical Problems";199121;2008;"B: Evident Injury";"Residential";"40-49";43;"No";"21-25 mph";"O: No Injury";"Hispanic";"Female";"Passenger Car";"No";"No";"Daylight";"Urban (>70% Developed)";"1 lane";2;"Straight - Level";"Local Street";"Dry";"Two-Way, Not Divided";"None";"Four-Way Intersection";"Smooth Asphalt";"Piedmont";"Urban";"20 - 25  MPH";"No Control Present";"Clear";"No";"0.0, 0.0"
"5480";59;60;"Yes";"10-Jun";9;"No";"With Traffic";"A: Disabling Injury";"Travel Lane";"Black";"Male";"Charlotte";"Mecklenburg";"No";"01-01-06";2008-03-22;"Crossing Paths - Other Circumstances";18;"Intersection";"01-03-01";1-01-01 18:50:58;"Sign-Controlled Intersection - Other /";111148;2008;"A: Disabling Injury";"Residential";"20-24";24;"No";"21-25 mph";"O: No Injury";"Black";"Female";"Sport Utility";"No";"No";"Daylight";"Urban (>70% Developed)";"2 lanes";2;"Straight - Level";"Local Street";"Dry";"Two-Way, Not Divided";"None";"No Special Feature";"Concrete";"Piedmont";"Urban";"30 - 35  MPH";"No Control Present";"Clear";"No";"0.0, 0.0"
"5481";60;61;"Yes";"16-19";18;"No";"With Traffic";"C: Possible Injury";"Travel Lane";"Black";"Male";"Charlotte";"Mecklenburg";"No";"01-01-05";2008-04-11;"Bicyclist Right Turn / Merge";15;"Non-Intersection";"01-04-01";1-01-01 15:34:58;"Bicyclist Right Turn - Same Direction";311223;2008;"C: Possible Injury";"Commercial";"40-49";43;"No";"26-30 mph";"O: No Injury";"Black";"Female";"Passenger Car";"No";"No";"Daylight";"Urban (>70% Developed)";"5 lanes";2;"Straight - Level";"Local Street";"Dry";"Two-Way, Not Divided";"None";"No Special Feature";"Coarse Asphalt";"Piedmont";"Urban";"40 - 45  MPH";"No Control Present";"Cloudy";"No";"0.0, 0.0"
"5482";72;73;"Yes";"30-39";35;"No";"With Traffic";"B: Evident Injury";"Sidewalk / Crosswalk / Driveway Crossing";"White";"Male";"Hickory";"Catawba";"No";"01-01-02";2008-01-29;"Motorist Right Turn / Merge";11;"Intersection";NA;1-01-01 11:40:58;"Motorist Right Turn - Same Direction";131213;2008;"B: Evident Injury";"Commercial";"25-29";27;"No";"0-5 mph";"O: No Injury";"White";"Female";"Passenger Car";"No";"No";"Daylight";"Urban (>70% Developed)";"2 lanes";2;"Straight - Grade";"Public Vehicular Area";"Dry";"Two-Way, Not Divided";"None";"No Special Feature";"Coarse Asphalt";"Piedmont";"Urban";"5 - 15 MPH";"No Control Present";"Cloudy";"No";"0.0, 0.0"
"5483";74;75;"Yes";"25-29";29;"No";"With Traffic";"B: Evident Injury";"Travel Lane";"White";"Male";"Carrboro";"Orange";"No";"01-01-03";2008-01-30;"Bicyclist Failed to Yield - Signalized Intersection";11;"Intersection";NA;1-01-01 11:25:58;"Bicyclist Failed to Clear - Multiple Threat";111157;2008;"B: Evident Injury";"Commercial";"50-59";52;"No";"26-30 mph";"O: No Injury";"Black";"Female";"Passenger Car";"No";"No";"Daylight";"Urban (>70% Developed)";"4 lanes";2;"Curve - Hillcrest";"NC Route";"Dry";"Two-Way, Divided, Unprotected Median";"None";"Four-Way Intersection";"Smooth Asphalt";"Piedmont";"Urban";"40 - 45  MPH";"Stop And Go Signal";"Clear";"No";"0.0, 0.0"
"5484";88;89;"Yes";"16-19";17;"No";"With Traffic";"B: Evident Injury";"Travel Lane";"White";"Male";"None - Rural Crash";"Richmond";"No";NA;2008-02-04;"Motorist Overtaking Bicyclist";14;"Non-Intersection";"01-02-01";1-01-01 13:59:58;"Motorist Overtaking - Other /";311239;2008;"B: Evident Injury";"Commercial";NA;NA;"Missing";"41-45 mph";"Injury";"/Missing";NA;NA;"No";"Yes";"Daylight";"Urban (>70% Developed)";"2 lanes";2;"Straight - Grade";"State Secondary Route";"Wet";"Two-Way, Not Divided";"None";"No Special Feature";"Smooth Asphalt";"Piedmont";"Rural";"40 - 45  MPH";"Double Yellow Line, No Passing Zone";"Cloudy";"No";"0.0, 0.0"
"5485";90;91;"Yes";"40-49";46;"No";"With Traffic";"Injury";"Bike Lane / Paved Shoulder";"Black";"Female";"Kenly";"Johnston";"No";"01-01-02";2008-04-15;"Bicyclist Left Turn / Merge";16;"Non-Intersection";"01-04-01";1-01-01 16:29:58;"Bicyclist Left Turn - Same Direction";321221;2008;"O: No Injury";"Commercial";"30-39";31;"No";"31-35 mph";"O: No Injury";"White";"Female";"Passenger Car";"No";"No";"Daylight";"Mixed (30% To 70% Developed)";"2 lanes";2;"Straight - Level";"Local Street";"Dry";"Two-Way, Not Divided";"None";"No Special Feature";"Concrete";"Coastal";"Rural";"30 - 35  MPH";"No Control Present";"Clear";"No";"0.0, 0.0"
"5486";93;94;"No";"30-39";33;"No";NA;"C: Possible Injury";NA;"Black";"Male";"Greensboro";"Guilford";"No";"01-01-04";2008-02-07;"Other /  - Insufficient Details";17;"Intersection";"01-02-01";1-01-01 17:14:58;"Approach Paths";1990970;2008;"C: Possible Injury";"Commercial";"20-24";22;"No";"11-15 mph";"O: No Injury";"Black";"Female";"Passenger Car";"No";"No";"Dusk";"Urban (>70% Developed)";"3 lanes";2;"Straight - Level";"Local Street";"Dry";"Two-Way, Divided, Unprotected Median";"None";"T-Intersection";"Smooth Asphalt";"Piedmont";"Urban";"20 - 25  MPH";"Stop Sign";"Clear";"No";"0.0, 0.0"
"5487";94;95;"No";"16-19";19;"No";"With Traffic";"C: Possible Injury";"Travel Lane";"Black";"Male";"Fayetteville";"Cumberland";"No";"01-01-03";2008-02-06;"Bicyclist Left Turn / Merge";7;"Non-Intersection";"01-02-01";1-01-01 07:19:58;"Bicyclist Left Turn - Same Direction";311221;2008;"C: Possible Injury";"Industrial";"25-29";27;"No";"41-45 mph";"O: No Injury";"White";"Female";"Passenger Car";"No";"No";"Daylight";"Rural (<30% Developed)";"2 lanes";2;"Straight - Level";"Local Street";"Dry";"Two-Way, Not Divided";"None";"No Special Feature";"Grooved Concrete";"Coastal";"Urban";"40 - 45  MPH";"Missing";"Clear";"No";"0.0, 0.0"
"5488";102;103;"No";"30-39";31;"No";"Facing Traffic";"O: No Injury";"Sidewalk / Crosswalk / Driveway Crossing";"White";"Male";"Charlotte";"Mecklenburg";"No";"01-01-02";2008-04-22;"Motorist Failed to Yield - Sign-Controlled Intersection";20;"Intersection";"01-04-01";1-01-01 20:20:58;"Motorist Drive Out - Sign-Controlled Intersection";132141;2008;"O: No Injury";"Residential";"40-49";41;"No";"6-10 mph";"O: No Injury";"White";"Male";"Passenger Car";"No";"No";"Dark - Lighted Roadway";"Urban (>70% Developed)";"3 lanes";2;"Straight - Level";"Local Street";"Dry";"Two-Way, Not Divided";"None";"Four-Way Intersection";"Smooth Asphalt";"Piedmont";"Urban";"20 - 25  MPH";"Stop Sign";"Clear";"No";"0.0, 0.0"
"5489";104;105;"Yes";"30-39";30;"Yes";"With Traffic";"C: Possible Injury";"Travel Lane";"White";"Male";"None - Rural Crash";"Pitt";"Yes";"01-01-02";2008-04-22;"Motorist Overtaking Bicyclist";21;"Non-Intersection";"01-04-01";1-01-01 21:39:58;"Motorist Overtaking - Other /";311239;2008;"C: Possible Injury";"Residential";NA;NA;"Missing";NA;"Injury";"/Missing";NA;NA;"No";"Yes";"Dark - Roadway Not Lighted";"Mixed (30% To 70% Developed)";"2 lanes";2;"Straight - Level";"State Secondary Route";"Dry";"Two-Way, Not Divided";"None";"No Special Feature";"Smooth Asphalt";"Coastal";"Rural";"40 - 45  MPH";"Double Yellow Line, No Passing Zone";"Cloudy";"No";"0.0, 0.0"
"5490";106;107;"No";"16-19";19;"No";"Facing Traffic";"C: Possible Injury";"Sidewalk / Crosswalk / Driveway Crossing";"White";"Male";"Kings Mountain";"Cleveland";"No";"01-01-05";2008-02-15;"Motorist Left Turn / Merge";17;"Non-Intersection";"01-02-01";1-01-01 17:01:58;"Motorist Left Turn - Same Direction";332211;2008;"C: Possible Injury";"Commercial";"40-49";49;"No";"0-5 mph";"O: No Injury";"White";"Male";"Sport Utility";"No";"No";"Daylight";"Urban (>70% Developed)";NA;2;"Straight - Grade";"Local Street";"Dry";"One-Way, Not Divided";"None";"Driveway, Public";"Smooth Asphalt";"Mountains";"Urban";"30 - 35  MPH";"No Control Present";"Clear";"No";"0.0, 0.0"
"5491";110;111;"Yes";"50-59";52;"No";"With Traffic";"B: Evident Injury";"Travel Lane";"Black";"Male";"None - Rural Crash";"Wilson";"No";"01-01-05";2008-02-15;"Motorist Overtaking Bicyclist";6;"Non-Intersection";"01-02-01";1-01-01 06:02:58;"Motorist Overtaking - Undetected Bicyclist";311231;2008;"B: Evident Injury";"Farms, Woods, Pastures";"40-49";41;"No";"36-40 mph";"O: No Injury";"White";"Male";"Pickup";"No";"No";"Dark - Roadway Not Lighted";"Rural (<30% Developed)";"8 lanes";2;"Straight - Level";"US Route";"Dry";"Two-Way, Divided, Unprotected Median";"None";"No Special Feature";"Smooth Asphalt";"Coastal";"Rural";"40 - 45  MPH";"No Control Present";"Clear";"No";"0.0, 0.0"
"5492";124;125;"No";"40-49";42;"No";"With Traffic";"C: Possible Injury";"Travel Lane";"White";"Female";"Fayetteville";"Cumberland";"No";"01-01-03";2008-04-09;"Motorist Failed to Yield - Sign-Controlled Intersection";16;"Intersection";"01-04-01";1-01-01 16:34:58;"Motorist Drive Out - Sign-Controlled Intersection";111141;2008;"C: Possible Injury";"Residential";"0-19";18;"No";"0-5 mph";"O: No Injury";"White";"Male";"Sport Utility";"No";"No";"Daylight";"Urban (>70% Developed)";"3 lanes";2;"Straight - Level";"Local Street";"Dry";"Two-Way, Not Divided";"None";"No Special Feature";"Smooth Asphalt";"Coastal";"Urban";"30 - 35  MPH";"Stop Sign";"Clear";"No";"0.0, 0.0"