"FID";"OBJECTID";"AmbulanceR";"BikeAge_Gr";"Bike_Age";"Bike_Alc_D";"Bike_Dir";"Bike_Injur";"Bike_Pos";"Bike_Race";"Bike_Sex";"City";"County";"CrashAlcoh";"CrashDay";"Crash_Date";"Crash_Grp";"Crash_Hour";"Crash_Loc";"Crash_Mont";"Crash_Time";"Crash_Type";"Crash_Ty_1";"Crash_Year";"Crsh_Sevri";"Developmen";"DrvrAge_Gr";"Drvr_Age";"Drvr_Alc_D";"Drvr_EstSp";"Drvr_Injur";"Drvr_Race";"Drvr_Sex";"Drvr_VehTy";"ExcsSpdInd";"Hit_Run";"Light_Cond";"Locality";"Num_Lanes";"Num_Units";"Rd_Charact";"Rd_Class";"Rd_Conditi";"Rd_Config";"Rd_Defects";"Rd_Feature";"Rd_Surface";"Region";"Rural_Urba";"Speed_Limi";"Traff_Cntr";"Weather";"Workzone_I";"Location"
"5530";421;422;"Yes";"70+";NA;"No";"With Traffic";"C: Possible Injury";"Travel Lane";"White";"Male";"None - Rural Crash";"Avery";"No";"01-01-05";2010-07-09;"Motorist Overtaking Bicyclist";13;"Non-Intersection";"01-07-01";1-01-01 13:37:58;"Motorist Overtaking - Misjudged Space";0;2010;"C: Possible Injury";"Farms, Woods, Pastures";"25-29";25;"No";"41-45 mph";"O: No Injury";"White";"Female";"Sport Utility";"No";"No";"Daylight";"Rural (<30% Developed)";"2 lanes";2;"Straight - Hillcrest";"NC Route";"Dry";"Two-Way, Not Divided";"None";"No Special Feature";"Smooth Asphalt";"Mountains";"Rural";"50 - 55  MPH";"Double Yellow Line, No Passing Zone";"Clear";"No";"36.009773, -81.894"
"5531";429;430;"No";"50-59";51;"No";"With Traffic";"C: Possible Injury";"Travel Lane";"White";"Female";"None - Rural Crash";"Orange";"No";"01-01-02";2010-06-22;"Motorist Failed to Yield - Sign-Controlled Intersection";10;"Intersection";"01-06-01";1-01-01 10:56:58;"Motorist Drive Out - Sign-Controlled Intersection";0;2010;"C: Possible Injury";"Farms, Woods, Pastures";"70+";NA;"No";NA;"O: No Injury";"White";"Male";"Passenger Car";"No";"No";"Daylight";"Rural (<30% Developed)";"2 lanes";2;"Straight - Level";"US Route";"Dry";"Two-Way, Not Divided";"None";"Four-Way Intersection";"Smooth Asphalt";"Piedmont";"Rural";"50 - 55  MPH";"Stop Sign";"Clear";"No";"36.05636, -79.04973"
"5532";433;434;"Yes";"20-24";20;"No";"Facing Traffic";"B: Evident Injury";"Sidewalk / Crosswalk / Driveway Crossing";"White";"Female";"Kill Devil Hills";"Dare";"No";"01-01-04";2010-07-01;"Motorist Failed to Yield - Midblock";15;"Non-Intersection";"01-07-01";1-01-01 15:04:58;"Motorist Drive Out - Commercial Driveway / Alley";0;2010;"B: Evident Injury";"Commercial";"70+";NA;"No";"0-5 mph";"O: No Injury";"White";"Male";"Sport Utility";"No";"No";"Daylight";"Urban (>70% Developed)";"2 lanes";2;"Straight - Level";"Private Road, Driveway";"Dry";"Two-Way, Not Divided";"None";"Driveway, Public";"Coarse Asphalt";"Coastal";"Urban";NA;"No Control Present";"Clear";"No";"36.03828, -75.675705"
"5533";439;440;"Yes";"40-49";49;"No";"With Traffic";"B: Evident Injury";"Travel Lane";"White";"Female";"None - Rural Crash";"Buncombe";"No";"01-01-03";2010-07-07;"Motorist Overtaking Bicyclist";6;"Non-Intersection";"01-07-01";1-01-01 06:46:58;"Motorist Overtaking - Misjudged Space";0;2010;"B: Evident Injury";"Commercial";"30-39";37;"No";"0-5 mph";"O: No Injury";"White";"Female";"Passenger Car";"No";"No";"Daylight";"Urban (>70% Developed)";"4 lanes";2;"Straight - Grade";"US Route";"Dry";"Two-Way, Not Divided";"None";"No Special Feature";"Smooth Asphalt";"Mountains";"Rural";"30 - 35  MPH";"No Control Present";"Clear";"No";"35.603424, -82.55311"
"5534";440;441;"Yes";"25-29";28;"No";"Facing Traffic";"C: Possible Injury";"Sidewalk / Crosswalk / Driveway Crossing";"White";"Male";"Wilmington";"New Hanover";"No";NA;2010-07-12;"Motorist Failed to Yield - Sign-Controlled Intersection";16;"Intersection";"01-07-01";1-01-01 16:33:58;"Motorist Drive Out - Sign-Controlled Intersection";0;2010;"C: Possible Injury";"Commercial";"25-29";28;"No";"0-5 mph";"Injury";"White";"Male";"Passenger Car";"No";"Yes";"Daylight";"Urban (>70% Developed)";NA;2;"Straight - Level";"Local Street";"Dry";"Two-Way, Not Divided";"None";"No Special Feature";"Coarse Asphalt";"Coastal";"Urban";"20 - 25  MPH";"No Control Present";"Cloudy";"No";"34.23821, -77.89484"
"5535";442;443;"Yes";"40-49";49;"No";"With Traffic";"B: Evident Injury";"Travel Lane";"Black";"Male";"Selma";"Johnston";"No";"01-01-04";2010-07-01;"Motorist Overtaking Bicyclist";8;"Non-Intersection";"01-07-01";1-01-01 08:41:58;"Motorist Overtaking - Misjudged Space";0;2010;"B: Evident Injury";"Commercial";"20-24";24;"No";"41-45 mph";"O: No Injury";"White";"Female";"Sport Utility";"No";"No";"Daylight";"Urban (>70% Developed)";"2 lanes";2;"Straight - Level";"State Secondary Route";"Dry";"Two-Way, Not Divided";"None";"Underpass";"Smooth Asphalt";"Coastal";"Urban";"40 - 45  MPH";"No Control Present";"Clear";"No";"35.516514, -78.29677"
"5536";446;447;"Yes";"20-24";21;"No";"Not Applicable";"C: Possible Injury";"Travel Lane";"White";"Male";"Durham";"Durham";"No";"01-01-04";2010-07-22;"Non-Roadway";17;"Non-Roadway";"01-07-01";1-01-01 17:47:58;"Non-Roadway";0;2010;"C: Possible Injury";"Institutional";"40-49";49;"No";"11-15 mph";"O: No Injury";"Black";"Female";"Passenger Car";"No";"No";"Daylight";"Urban (>70% Developed)";"2 lanes";2;"Straight - Level";"Public Vehicular Area";"Dry";"Two-Way, Not Divided";"None";"No Special Feature";"Smooth Asphalt";"Piedmont";"Urban";"20 - 25  MPH";"No Control Present";"Clear";"No";"35.9521, -78.90091"
"5537";449;450;"Yes";"50-59";50;"No";"With Traffic";"B: Evident Injury";"Travel Lane";"White";"Male";"Raleigh";"Wake";"Yes";"01-01-07";2010-07-04;"Motorist Overtaking Bicyclist";9;"Intersection-Related";"01-07-01";1-01-01 09:25:58;"Motorist Overtaking - Misjudged Space";0;2010;"B: Evident Injury";"Residential";"50-59";51;"Yes";"41-45 mph";"O: No Injury";"Black";"Male";"Passenger Car";"No";"Yes";"Daylight";"Urban (>70% Developed)";"6 lanes";2;"Curve - Grade";"Local Street";"Dry";"Two-Way, Divided, Unprotected Median";"None";"No Special Feature";"Smooth Asphalt";"Piedmont";"Urban";"40 - 45  MPH";"No Control Present";"Clear";"No";"35.83579, -78.569435"
"5538";452;453;"No";"20-24";24;"No";"With Traffic";"O: No Injury";"Travel Lane";"White";"Male";"Raleigh";"Wake";"No";"01-01-03";2010-06-30;"Motorist Left Turn / Merge";16;"Intersection-Related";"01-06-01";1-01-01 16:48:58;"Motorist Left Turn - Opposite Direction";0;2010;"O: No Injury";"Commercial";"60-69";60;"No";"16-20 mph";"O: No Injury";"Black";"Female";"Passenger Car";"No";"No";"Daylight";"Urban (>70% Developed)";"3 lanes";2;"Straight - Grade";"Local Street";"Dry";"Two-Way, Not Divided";"None";"No Special Feature";"Smooth Asphalt";"Piedmont";"Urban";"30 - 35  MPH";"No Control Present";"Clear";"No";"35.789055, -78.66236"
"5539";453;454;"Yes";"50-59";50;"Yes";"Facing Traffic";"B: Evident Injury";"Travel Lane";"Black";"Male";"Salisbury";"Rowan";"Yes";"01-01-04";2010-07-22;"Motorist Failed to Yield - Sign-Controlled Intersection";17;"Intersection";"01-07-01";1-01-01 17:46:58;"Motorist Drive Out - Sign-Controlled Intersection";0;2010;"B: Evident Injury";"Residential";"20-24";24;"No";"0-5 mph";"O: No Injury";"White";"Female";"Passenger Car";"No";"No";"Daylight";"Urban (>70% Developed)";"2 lanes";2;"Straight - Level";"Local Street";"Dry";"Two-Way, Not Divided";"None";"T-Intersection";"Coarse Asphalt";"Piedmont";"Urban";"30 - 35  MPH";"Stop Sign";"Clear";"No";"35.646885, -80.45821"
"5540";457;458;"Yes";"16-19";19;"No";"Facing Traffic";"B: Evident Injury";"Travel Lane";"White";"Female";"Kitty Hawk";"Dare";"No";NA;2010-06-14;"Motorist Failed to Yield - Midblock";15;"Non-Intersection";"01-06-01";1-01-01 15:26:58;"Motorist Drive Out - Commercial Driveway / Alley";0;2010;"B: Evident Injury";"Commercial";"0-19";18;"No";"0-5 mph";"O: No Injury";"White";"Male";"Sport Utility";"No";"No";"Daylight";"Mixed (30% To 70% Developed)";"5 lanes";2;"Straight - Level";"US Route";"Dry";"Two-Way, Not Divided";"None";"Driveway, Public";"Coarse Asphalt";"Coastal";"Rural";"50 - 55  MPH";"No Control Present";"Clear";"No";"36.088764, -75.70744"
"5541";461;462;"Yes";"50-59";51;"No";"Not Applicable";"B: Evident Injury";"Travel Lane";"White";"Male";"Charlotte";"Mecklenburg";"No";"01-01-04";2010-07-15;"Parallel Paths - Other Circumstances";18;"Intersection";"01-07-01";1-01-01 18:42:58;"Parallel Paths - Other /";0;2010;"B: Evident Injury";"Commercial";"30-39";37;"No";"0-5 mph";"O: No Injury";"White";"Female";"Van";"No";"No";"Daylight";"Urban (>70% Developed)";"4 lanes";2;"Straight - Level";"Local Street";"Dry";"Two-Way, Divided, Positive Median Barrier";"None";"T-Intersection";"Smooth Asphalt";"Piedmont";"Urban";"40 - 45  MPH";"No Control Present";"Clear";"No";"35.097126, -80.777885"
"5542";464;465;"Yes";"16-19";17;"No";"With Traffic";"A: Disabling Injury";"Travel Lane";"Black";"Male";"Charlotte";"Mecklenburg";"No";"01-01-02";2010-07-20;"Bicyclist Left Turn / Merge";11;"Non-Intersection";"01-07-01";1-01-01 11:40:58;"Bicyclist Left Turn - Same Direction";0;2010;"A: Disabling Injury";"Commercial";"30-39";35;"No";"41-45 mph";"O: No Injury";"Hispanic";"Male";"Passenger Car";"No";"No";"Daylight";"Urban (>70% Developed)";"4 lanes";2;"Straight - Level";"Local Street";"Dry";"Two-Way, Divided, Unprotected Median";"None";"No Special Feature";"Smooth Asphalt";"Piedmont";"Urban";"40 - 45  MPH";"No Control Present";"Clear";"No";"35.277397, -80.76615"
"5543";465;466;"Yes";"25-29";25;"No";NA;"B: Evident Injury";"Travel Lane";"White";"Female";"Asheville";"Buncombe";"No";"01-01-03";2010-07-21;"Motorist Left Turn / Merge";15;"Non-Intersection";"01-07-01";1-01-01 15:07:58;"Motorist Left Turn - Opposite Direction";0;2010;"B: Evident Injury";"Commercial";NA;NA;"No";NA;"Injury";"/Missing";NA;"Passenger Car";"No";"Yes";NA;"Urban (>70% Developed)";"2 lanes";2;"Straight - Level";"Local Street";NA;"Two-Way, Not Divided";"None";"Four-Way Intersection";"Smooth Asphalt";"Mountains";"Urban";"20 - 25  MPH";"Stop Sign";"Other";"No";"35.601425, -82.55478"
"5544";466;467;"Yes";"40-49";41;"No";"Facing Traffic";"A: Disabling Injury";"Sidewalk / Crosswalk / Driveway Crossing";"Black";"Male";"Charlotte";"Mecklenburg";"No";"01-01-03";2010-07-21;"Motorist Failed to Yield - Midblock";11;"Non-Intersection";"01-07-01";1-01-01 11:44:58;"Motorist Drive Out - Commercial Driveway / Alley";0;2010;"A: Disabling Injury";"Commercial";"25-29";28;"No";"0-5 mph";"O: No Injury";"White";"Male";"Pickup";"No";"No";"Daylight";"Urban (>70% Developed)";NA;2;"Straight - Level";NA;"Dry";"Two-Way, Not Divided";"None";"Other";"Concrete";"Piedmont";"Urban";"20 - 25  MPH";"No Control Present";"Clear";"No";"35.275154, -80.79361"
"5545";468;469;"Yes";"40-49";40;"No";"With Traffic";"B: Evident Injury";"Travel Lane";"White";"Female";"None - Rural Crash";"Surry";"No";"01-01-05";2010-07-30;"Motorist Left Turn / Merge";17;"Intersection";"01-07-01";1-01-01 17:00:58;"Motorist Left Turn - Opposite Direction";0;2010;"B: Evident Injury";"Residential";"70+";NA;"No";"0-5 mph";"O: No Injury";"White";"Female";"Passenger Car";"No";"No";"Daylight";"Rural (<30% Developed)";"2 lanes";2;"Straight - Level";"State Secondary Route";"Dry";"Two-Way, Not Divided";"None";"T-Intersection";"Smooth Asphalt";"Mountains";"Rural";"30 - 35  MPH";"Double Yellow Line, No Passing Zone";"Clear";"No";"36.441277, -80.64224"
"5546";475;476;"Yes";"50-59";59;"No";"With Traffic";"B: Evident Injury";"Travel Lane";"White";"Male";"None - Rural Crash";"Catawba";"No";NA;2010-08-02;"Loss of Control / Turning Error";9;"Non-Intersection";"01-08-01";1-01-01 09:06:58;"Motorist Lost Control - Other /";0;2010;"B: Evident Injury";"Farms, Woods, Pastures";"30-39";37;"No";"36-40 mph";"O: No Injury";"White";"Female";"Van";"No";"No";"Daylight";"Rural (<30% Developed)";"2 lanes";2;"Straight - Grade";"State Secondary Route";"Dry";"Two-Way, Not Divided";"None";"No Special Feature";"Smooth Asphalt";"Piedmont";"Rural";"40 - 45  MPH";"Double Yellow Line, No Passing Zone";"Cloudy";"No";"35.737564, -81.161964"
"5547";476;477;"Yes";"16-19";19;"No";"With Traffic";"A: Disabling Injury";"Travel Lane";"White";"Female";"Asheville";"Buncombe";"No";"01-01-05";2010-05-28;"Motorist Left Turn / Merge";18;"Intersection";"01-05-01";1-01-01 18:15:58;"Motorist Left Turn - Opposite Direction";0;2010;"A: Disabling Injury";"Commercial";"30-39";32;"No";"6-10 mph";"O: No Injury";"White";"Male";"Passenger Car";"No";"No";"Other";"Urban (>70% Developed)";"2 lanes";2;"Straight - Grade";"US Route";"Water (Standing, Moving)";"Two-Way, Divided, Unprotected Median";"None";"No Special Feature";"Smooth Asphalt";"Mountains";"Urban";"30 - 35  MPH";"Stop And Go Signal";"Rain";"No";"35.620277, -82.554436"
"5548";487;488;"No";"25-29";26;"No";"Not Applicable";"B: Evident Injury";"Non-Roadway";"/Missing";"Female";"Wilmington";"New Hanover";"No";"01-01-04";2010-07-22;"Non-Roadway";17;"Non-Roadway";"01-07-01";1-01-01 17:03:58;"Non-Roadway";0;2010;"B: Evident Injury";"Institutional";"25-29";25;"No";NA;"O: No Injury";"/Missing";"Male";"Sport Utility";"No";"No";"Daylight";"Urban (>70% Developed)";"9 or more lanes";3;"Straight - Level";"Public Vehicular Area";"Dry";"Two-Way, Not Divided";"None";"No Special Feature";"Coarse Asphalt";"Coastal";"Urban";"5 - 15 MPH";"No Control Present";"Clear";"No";"34.225792, -77.87483"
"5549";498;499;"Yes";"50-59";58;"No";"Facing Traffic";"C: Possible Injury";"Sidewalk / Crosswalk / Driveway Crossing";"Black";"Male";"Greensboro";"Guilford";"No";"01-01-02";2010-07-27;"Bicyclist Failed to Yield - Sign-Controlled Intersection";12;"Intersection";"01-07-01";1-01-01 12:31:58;"Bicyclist Ride Through - Sign-Controlled Intersection";0;2010;"C: Possible Injury";"Commercial";"20-24";21;"No";"16-20 mph";"C: Possible Injury";"Black";"Male";"Sport Utility";"No";"No";"Daylight";"Urban (>70% Developed)";"6 lanes";2;"Curve - Hillcrest";"Local Street";"Dry";"Two-Way, Divided, Unprotected Median";"None";"On or Off Ramp";"Smooth Asphalt";"Piedmont";"Urban";"30 - 35  MPH";"Yield Sign";"Clear";"No";"36.088585, -79.77418"
"5550";503;504;"Yes";"50-59";54;"No";"With Traffic";"C: Possible Injury";"Travel Lane";"Black";"Male";"None - Rural Crash";"Duplin";"No";"01-01-04";2010-08-05;"Motorist Overtaking Bicyclist";23;"Non-Intersection";"01-08-01";1-01-01 23:06:58;"Motorist Overtaking - Misjudged Space";0;2010;"C: Possible Injury";"Farms, Woods, Pastures";"30-39";32;"No";"51-55 mph";"O: No Injury";"White";"Male";"Pickup";"No";"No";"Dark - Roadway Not Lighted";"Rural (<30% Developed)";"2 lanes";2;"Straight - Level";"US Route";"Dry";"Two-Way, Not Divided";"None";"No Special Feature";"Coarse Asphalt";"Coastal";"Rural";"50 - 55  MPH";"Double Yellow Line, No Passing Zone";"Cloudy";"No";"34.85127, -78.03153"
"5551";504;505;"No";"16-19";17;"No";"Facing Traffic";"B: Evident Injury";"Travel Lane";"Black";"Male";"Rocky Mount";"Nash";"No";"01-01-02";2010-07-13;"Motorist Failed to Yield - Midblock";17;"Non-Intersection";"01-07-01";1-01-01 17:47:58;"Motorist Drive Out - Commercial Driveway / Alley";0;2010;"B: Evident Injury";"Commercial";NA;NA;"Missing";"0-5 mph";"Injury";"/Missing";NA;"Pickup";"No";"Yes";"Daylight";"Urban (>70% Developed)";"4 lanes";2;"Straight - Level";"NC Route";"Dry";"Two-Way, Not Divided";"None";"No Special Feature";"Coarse Asphalt";"Coastal";"Urban";"30 - 35  MPH";"No Control Present";"Clear";"No";"35.92954, -77.814865"
"5552";513;514;"No";"30-39";33;"No";"With Traffic";"O: No Injury";"Travel Lane";"White";"Male";"Davidson";"Mecklenburg";"No";"01-01-05";2010-06-04;"Motorist Right Turn / Merge";9;"Non-Intersection";"01-06-01";1-01-01 09:29:58;"Motorist Right Turn - Same Direction";0;2010;"O: No Injury";"Commercial";"60-69";62;"No";"0-5 mph";"O: No Injury";"White";"Female";"Sport Utility";"No";"No";"Daylight";"Urban (>70% Developed)";"2 lanes";2;"Straight - Level";"US Route";"Dry";"Two-Way, Not Divided";"None";"No Special Feature";"Smooth Asphalt";"Piedmont";"Urban";"20 - 25  MPH";"No Control Present";"Clear";"No";"35.49818, -80.8489"
"5553";515;516;"Yes";"40-49";42;"No";"With Traffic";"C: Possible Injury";"Bike Lane / Paved Shoulder";"White";"Male";"Greenville";"Pitt";"No";"01-01-04";2010-04-22;"Motorist Left Turn / Merge";19;"Non-Intersection";"01-04-01";1-01-01 19:21:58;"Motorist Left Turn - Opposite Direction";0;2010;"C: Possible Injury";"Residential";"20-24";24;"No";"6-10 mph";"O: No Injury";"White";"Male";"Sport Utility";"No";"No";"Daylight";"Urban (>70% Developed)";"2 lanes";2;"Straight - Level";"Local Street";"Dry";"Two-Way, Not Divided";"None";"Bridge";"Coarse Asphalt";"Coastal";"Urban";"20 - 25  MPH";"No Control Present";"Clear";"No";"35.609364, -77.36687"
"5554";518;519;"No";"10-Jun";8;"No";"With Traffic";"C: Possible Injury";"Travel Lane";"Black";"Male";"Clinton";"Sampson";"No";NA;2010-08-09;"Bicyclist Failed to Yield - Sign-Controlled Intersection";18;"Intersection";"01-08-01";1-01-01 18:18:58;"Bicyclist Ride Through - Sign-Controlled Intersection";0;2010;"C: Possible Injury";"Residential";"60-69";62;"No";"31-35 mph";"O: No Injury";"White";"Female";"Passenger Car";"No";"No";"Daylight";"Urban (>70% Developed)";"2 lanes";2;"Straight - Level";"Local Street";"Dry";"Two-Way, Not Divided";"None";"Four-Way Intersection";"Coarse Asphalt";"Coastal";"Urban";"30 - 35  MPH";"Stop Sign";"Clear";"No";"34.996532, -78.34166"
"5555";533;534;"No";"15-Nov";11;"No";"With Traffic";"C: Possible Injury";"Travel Lane";"White";"Male";"Bermuda Run";"Davie";"No";"01-01-04";2010-07-01;"Motorist Overtaking Bicyclist";13;"Non-Intersection";"01-07-01";1-01-01 13:28:58;"Motorist Overtaking - Other /";0;2010;"C: Possible Injury";"Residential";NA;NA;"No";"31-35 mph";"Injury";"/Missing";NA;"Passenger Car";"No";"Yes";"Daylight";"Urban (>70% Developed)";"2 lanes";2;"Straight - Level";"Local Street";"Dry";"Two-Way, Not Divided";"None";"No Special Feature";"Coarse Asphalt";"Piedmont";"Rural";"30 - 35  MPH";"No Control Present";"Clear";"No";"36.01123, -80.42117"
"5556";553;554;"Yes";"60-69";65;"Yes";"Not Applicable";"B: Evident Injury";"Travel Lane";"White";"Male";"Wilmington";"New Hanover";"Yes";"01-01-05";2010-08-06;"Bicyclist Failed to Yield - Midblock";15;"Non-Intersection";"01-08-01";1-01-01 15:19:58;"Bicyclist Ride Out - Other Midblock";0;2010;"B: Evident Injury";"Commercial";"25-29";25;"No";"36-40 mph";"C: Possible Injury";"Black";"Male";"Passenger Car";"No";"No";"Daylight";"Urban (>70% Developed)";"5 lanes";2;"Straight - Level";"US Route";"Wet";"Two-Way, Not Divided";"None";"No Special Feature";"Coarse Asphalt";"Coastal";"Urban";"40 - 45  MPH";"No Control Present";"Cloudy";"No";"34.200367, -77.939514"
"5557";554;555;"Yes";"25-29";27;"No";"With Traffic";"C: Possible Injury";"Travel Lane";"White";"Male";"Wilmington";"New Hanover";"No";"01-01-05";2010-08-06;"Motorist Left Turn / Merge";7;"Intersection";"01-08-01";1-01-01 07:48:58;"Motorist Left Turn - Opposite Direction";0;2010;"C: Possible Injury";"Commercial";"25-29";27;"No";"21-25 mph";"O: No Injury";"White";"Female";"Passenger Car";"No";"No";"Daylight";"Mixed (30% To 70% Developed)";"5 lanes";2;"Straight - Level";"Local Street";"Dry";"Two-Way, Not Divided";"None";"No Special Feature";"Coarse Asphalt";"Coastal";"Urban";"40 - 45  MPH";"Stop And Go Signal";"Clear";"No";"34.194664, -77.93626"
"5558";560;561;"No";"30-39";38;"No";"With Traffic";"C: Possible Injury";"Travel Lane";"White";"Male";"Asheboro";"Randolph";"No";"01-01-07";2010-08-08;"Motorist Failed to Yield - Sign-Controlled Intersection";18;"Intersection";"01-08-01";1-01-01 18:34:58;"Motorist Drive Through - Sign-Controlled Intersection";0;2010;"C: Possible Injury";"Residential";"70+";NA;"No";"16-20 mph";"O: No Injury";"White";"Male";"Passenger Car";"No";"No";"Daylight";"Urban (>70% Developed)";"2 lanes";2;"Straight - Grade";"Local Street";"Dry";"Two-Way, Not Divided";"None";"Four-Way Intersection";"Smooth Asphalt";"Piedmont";"Urban";"30 - 35  MPH";"No Control Present";"Clear";"No";"35.70487, -79.80411"
"5559";572;573;"Yes";"25-29";26;"No";"Not Applicable";"C: Possible Injury";"Sidewalk / Crosswalk / Driveway Crossing";"Black";"Male";"Wilmington";"New Hanover";"No";NA;2010-08-16;"Motorist Failed to Yield - Midblock";19;"Non-Intersection";"01-08-01";1-01-01 19:30:58;"Motorist Drive Out - Commercial Driveway / Alley";0;2010;"C: Possible Injury";"Residential";"25-29";25;"No";"0-5 mph";"O: No Injury";"White";"Male";"Passenger Car";"No";"No";"Daylight";"Urban (>70% Developed)";"2 lanes";2;"Straight - Level";"Local Street";"Dry";"Two-Way, Not Divided";"None";"T-Intersection";"Smooth Asphalt";"Coastal";"Urban";"30 - 35  MPH";"No Control Present";"Clear";"No";"34.2341, -77.86888"
"5560";576;577;"Yes";"10-Jun";8;"No";"Not Applicable";"C: Possible Injury";"Driveway / Alley";"White";"Male";"None - Rural Crash";"Lincoln";"No";NA;2010-08-23;"Bicyclist Failed to Yield - Midblock";19;"Non-Intersection";"01-08-01";1-01-01 19:19:58;"Bicyclist Ride Out - Residential Driveway";0;2010;"C: Possible Injury";"Residential";"25-29";25;"No";"46-50 mph";"O: No Injury";"White";"Female";"Passenger Car";"No";"No";"Daylight";"Rural (<30% Developed)";"2 lanes";2;"Straight - Level";"State Secondary Route";"Dry";"Two-Way, Not Divided";"None";"Driveway, Private";"Coarse Asphalt";"Piedmont";"Rural";"50 - 55  MPH";"No Control Present";"Clear";"No";"35.404907, -81.01264"
"5561";581;582;"Yes";"60-69";61;"No";"Not Applicable";"B: Evident Injury";"Bike Lane / Paved Shoulder";"White";"Male";"High Point";"Guilford";"No";NA;2010-08-16;"Bicyclist Failed to Yield - Midblock";20;"Non-Intersection";"01-08-01";1-01-01 20:49:58;"Bicyclist Ride Out - Other Midblock";0;2010;"B: Evident Injury";"Commercial";"20-24";23;"No";"31-35 mph";"O: No Injury";"Black";"Male";"Passenger Car";"No";"No";"Dark - Lighted Roadway";"Urban (>70% Developed)";"4 lanes";2;"Straight - Level";"Local Street";"Dry";"Two-Way, Divided, Unprotected Median";"None";"No Special Feature";"Smooth Asphalt";"Piedmont";"Urban";"30 - 35  MPH";"No Control Present";"Clear";"No";"35.985344, -80.02453"
"5562";586;587;"Yes";"10-Jun";6;"No";"With Traffic";"B: Evident Injury";"Travel Lane";"Black";"Male";"Hickory";"Catawba";"No";"01-01-02";2010-08-17;"Bicyclist Failed to Yield - Sign-Controlled Intersection";17;"Intersection";"01-08-01";1-01-01 17:10:58;"Bicyclist Ride Out - Sign-Controlled Intersection";0;2010;"B: Evident Injury";"Residential";"20-24";24;"No";"26-30 mph";"O: No Injury";"Black";"Female";"Passenger Car";"No";"No";"Daylight";"Urban (>70% Developed)";NA;2;"Straight - Level";"Local Street";"Dry";"Two-Way, Not Divided";"None";"Four-Way Intersection";"Smooth Asphalt";"Piedmont";"Urban";"30 - 35  MPH";"Stop Sign";"Cloudy";"No";"35.753746, -81.332115"
"5563";587;588;"Yes";"30-39";36;"No";"With Traffic";"C: Possible Injury";"Travel Lane";"White";"Male";"Mooresville";"Iredell";"No";"01-01-02";2010-08-03;"Motorist Overtaking Bicyclist";6;"Non-Intersection";"01-08-01";1-01-01 06:06:58;"Motorist Overtaking - Undetected Bicyclist";0;2010;"C: Possible Injury";"Commercial";"40-49";44;"No";"41-45 mph";"O: No Injury";"White";"Male";"Single Unit Truck (3 Or More Axles)";"No";"No";"Dark - Lighted Roadway";"Urban (>70% Developed)";"2 lanes";2;"Straight - Level";"US Route";"Dry";"Two-Way, Not Divided";"No Shoulders";"No Special Feature";"Smooth Asphalt";"Piedmont";"Urban";"40 - 45  MPH";"Double Yellow Line, No Passing Zone";"Cloudy";"No";"35.584156, -80.83958"
"5564";608;609;"No";"40-49";49;"Missing";"With Traffic";"C: Possible Injury";"Sidewalk / Crosswalk / Driveway Crossing";"Black";"Male";"Greenville";"Pitt";"No";"01-01-02";2010-05-04;"Parallel Paths - Other Circumstances";12;"Non-Intersection";"01-05-01";1-01-01 12:38:58;"Bicyclist Ride Out - Parallel Path";0;2010;"C: Possible Injury";"Residential";"40-49";49;"No";"31-35 mph";"O: No Injury";"Black";"Female";"Passenger Car";"No";"No";"Daylight";"Urban (>70% Developed)";"5 lanes";2;"Straight - Level";"State Secondary Route";"Dry";"Two-Way, Not Divided";"None";"No Special Feature";"Smooth Asphalt";"Coastal";"Urban";"30 - 35  MPH";"No Control Present";"Cloudy";"No";"35.59185, -77.392075"
"5565";612;613;"Yes";"40-49";45;"No";"With Traffic";"B: Evident Injury";"Travel Lane";"White";"Female";"Midland";"Cabarrus";"No";"01-01-03";2010-09-01;"Motorist Overtaking Bicyclist";10;"Non-Intersection";"01-09-01";1-01-01 10:25:58;"Motorist Overtaking - Misjudged Space";0;2010;"B: Evident Injury";"Commercial";"20-24";22;"No";"51-55 mph";"O: No Injury";"White";"Female";"Passenger Car";"No";"No";"Daylight";"Mixed (30% To 70% Developed)";"4 lanes";2;"Straight - Level";"NC Route";"Dry";"Two-Way, Divided, Unprotected Median";"None";"No Special Feature";"Smooth Asphalt";"Piedmont";"Rural";"50 - 55  MPH";"No Control Present";"Clear";"No";"35.249287, -80.546295"
"5566";616;617;"No";"50-59";52;"No";"Facing Traffic";"C: Possible Injury";"Sidewalk / Crosswalk / Driveway Crossing";"Black";"Male";"Charlotte";"Mecklenburg";"No";"01-01-02";2010-08-24;"Motorist Failed to Yield - Sign-Controlled Intersection";17;"Intersection";"01-08-01";1-01-01 17:31:58;"Motorist Drive Out - Sign-Controlled Intersection";0;2010;"C: Possible Injury";"Residential";"30-39";31;"No";"6-10 mph";"O: No Injury";"Black";"Male";"Passenger Car";"No";"No";"Daylight";"Urban (>70% Developed)";"2 lanes";2;"Straight - Level";"Local Street";"Dry";"Two-Way, Divided, Unprotected Median";"None";"T-Intersection";"Smooth Asphalt";"Piedmont";"Urban";"5 - 15 MPH";"Stop Sign";"Clear";"No";"35.118008, -80.955864"