"FID";"OBJECTID";"AmbulanceR";"BikeAge_Gr";"Bike_Age";"Bike_Alc_D";"Bike_Dir";"Bike_Injur";"Bike_Pos";"Bike_Race";"Bike_Sex";"City";"County";"CrashAlcoh";"CrashDay";"Crash_Date";"Crash_Grp";"Crash_Hour";"Crash_Loc";"Crash_Mont";"Crash_Time";"Crash_Type";"Crash_Ty_1";"Crash_Year";"Crsh_Sevri";"Developmen";"DrvrAge_Gr";"Drvr_Age";"Drvr_Alc_D";"Drvr_EstSp";"Drvr_Injur";"Drvr_Race";"Drvr_Sex";"Drvr_VehTy";"ExcsSpdInd";"Hit_Run";"Light_Cond";"Locality";"Num_Lanes";"Num_Units";"Rd_Charact";"Rd_Class";"Rd_Conditi";"Rd_Config";"Rd_Defects";"Rd_Feature";"Rd_Surface";"Region";"Rural_Urba";"Speed_Limi";"Traff_Cntr";"Weather";"Workzone_I";"Location"
"5567";618;619;"No";"16-19";19;"No";NA;"C: Possible Injury";NA;"Black";"Male";"Henderson";"Vance";"No";"01-01-06";2010-08-28;"Other /  - Insufficient Details";22;"Intersection";"01-08-01";1-01-01 22:04:58;"Approach Paths";0;2010;"C: Possible Injury";"Residential";NA;NA;"Missing";NA;"Injury";"/Missing";NA;NA;"No";"Yes";"Daylight";"Mixed (30% To 70% Developed)";"2 lanes";2;"Straight - Level";"Local Street";"Dry";"Two-Way, Not Divided";"None";"No Special Feature";"Smooth Asphalt";"Piedmont";"Urban";"30 - 35  MPH";"Stop Sign";"Clear";"No";"36.32932, -78.41693"
"5568";619;620;"Yes";"16-19";16;"No";"Facing Traffic";"C: Possible Injury";"Travel Lane";"Hispanic";"Male";"Charlotte";"Mecklenburg";"No";"01-01-07";2010-08-29;"Crossing Paths - Other Circumstances";10;"Intersection";"01-08-01";1-01-01 10:43:58;"Sign-Controlled Intersection - Other /";0;2010;"C: Possible Injury";"Residential";"25-29";25;"No";"16-20 mph";"O: No Injury";"White";"Female";"Passenger Car";"No";"No";"Daylight";"Urban (>70% Developed)";"2 lanes";2;"Straight - Level";"Local Street";"Dry";"Two-Way, Not Divided";"None";"No Special Feature";"Smooth Asphalt";"Piedmont";"Urban";"20 - 25  MPH";"Stop Sign";"Clear";"No";"35.226868, -80.77633"
"5569";621;622;"Yes";"60-69";62;"No";"With Traffic";"B: Evident Injury";"Travel Lane";"White";"Male";"Nags Head";"Dare";"No";NA;2010-08-09;"Crossing Paths - Other Circumstances";6;"Intersection";"01-08-01";1-01-01 06:45:58;"Crossing Paths - Uncontrolled Intersection";0;2010;"B: Evident Injury";"Commercial";"50-59";59;"No";"6-10 mph";"O: No Injury";"White";"Male";"Sport Utility";"No";"No";"Daylight";"Urban (>70% Developed)";"2 lanes";2;"Straight - Level";"NC Route";"Dry";"Two-Way, Not Divided";"None";"T-Intersection";"Coarse Asphalt";"Coastal";"Rural";"30 - 35  MPH";"No Control Present";"Clear";"No";"35.957275, -75.62414"
"5570";628;629;"Yes";"16-19";18;"No";"With Traffic";"O: No Injury";"Travel Lane";"White";"Male";"None - Rural Crash";"Wayne";"No";"01-01-02";2010-09-07;"Motorist Overtaking Bicyclist";12;"Non-Intersection";"01-09-01";1-01-01 12:02:58;"Motorist Overtaking - Other /";0;2010;"O: No Injury";"Farms, Woods, Pastures";"30-39";35;"No";"51-55 mph";"O: No Injury";"White";"Female";"Sport Utility";"No";"No";"Daylight";"Rural (<30% Developed)";"2 lanes";2;"Straight - Level";"State Secondary Route";"Dry";"Two-Way, Not Divided";"None";"No Special Feature";"Smooth Asphalt";"Coastal";"Rural";"50 - 55  MPH";"No Control Present";"Clear";"No";"35.228325, -78.04185"
"5571";633;634;"No";"16-19";18;"No";"Facing Traffic";"A: Disabling Injury";"Sidewalk / Crosswalk / Driveway Crossing";"White";"Female";"Raleigh";"Wake";"No";"01-01-02";2010-08-31;"Motorist Failed to Yield - Sign-Controlled Intersection";22;"Intersection";"01-08-01";1-01-01 22:06:58;"Motorist Drive Out - Sign-Controlled Intersection";0;2010;"A: Disabling Injury";"Institutional";NA;NA;"Missing";"0-5 mph";"Injury";"/Missing";NA;NA;"No";"Yes";"Daylight";"Urban (>70% Developed)";"2 lanes";2;"Straight - Grade";"Local Street";"Dry";"Two-Way, Not Divided";"None";"Driveway, Public";"Smooth Asphalt";"Piedmont";"Urban";"20 - 25  MPH";"Stop Sign";"Clear";"No";"35.78194, -78.67158"
"5572";640;641;"Yes";"16-19";19;"No";"With Traffic";"B: Evident Injury";"Travel Lane";"White";"Male";"Thomasville";"Davidson";"No";"01-01-03";2010-09-01;"Loss of Control / Turning Error";18;"Non-Intersection";"01-09-01";1-01-01 18:05:58;"Bicyclist Lost Control - Other /";0;2010;"B: Evident Injury";"Residential";"60-69";61;"No";NA;"C: Possible Injury";"Black";"Male";"Passenger Car";"No";"No";"Daylight";"Urban (>70% Developed)";"2 lanes";2;"Straight - Grade";"Local Street";"Dry";"Two-Way, Not Divided";"None";"No Special Feature";"Coarse Asphalt";"Piedmont";"Urban";"30 - 35  MPH";"School Zone Signs";"Clear";"No";"35.891182, -80.0793"
"5573";644;645;"Yes";"10-Jun";9;"No";"Not Applicable";"C: Possible Injury";"Travel Lane";"Black";"Male";"Cary";"Wake";"No";"01-01-02";2010-09-07;"Non-Roadway";18;"Non-Roadway";"01-09-01";1-01-01 18:52:58;"Non-Roadway";0;2010;"C: Possible Injury";"Commercial";"50-59";57;"No";"0-5 mph";"O: No Injury";"White";"Male";"Van";"No";"No";"Daylight";"Urban (>70% Developed)";NA;2;"Curve - Level";"Public Vehicular Area";"Dry";"Two-Way, Not Divided";"None";"Driveway, Public";"Smooth Asphalt";"Piedmont";"Urban";"5 - 15 MPH";"No Control Present";"Clear";"No";"35.82911, -78.771416"
"5574";649;650;"Yes";"20-24";24;"No";"With Traffic";"C: Possible Injury";"Travel Lane";"Black";"Male";"Salisbury";"Rowan";"No";NA;2010-09-13;"Motorist Overtaking Bicyclist";11;"Non-Intersection";"01-09-01";1-01-01 11:16:58;"Motorist Overtaking - Other /";0;2010;"C: Possible Injury";"Commercial";"30-39";37;"No";"61-65 mph";"O: No Injury";"White";"Male";"Van";"No";"No";"Daylight";"Urban (>70% Developed)";"1 lane";2;"Straight - Level";"Interstate";"Dry";"One-Way, Not Divided";"None";"On or Off Ramp";"Concrete";"Piedmont";"Urban";"60 - 75 MPH";"Yield Sign";"Clear";"No";"35.65832, -80.45989"
"5575";653;654;"Yes";"16-19";18;"No";"With Traffic";"B: Evident Injury";"Travel Lane";"White";"Female";"Wilmington";"New Hanover";"No";NA;2010-08-30;"Motorist Failed to Yield - Signalized Intersection";12;"Intersection";"01-08-01";1-01-01 12:27:58;"Motorist Drive Out - Signalized Intersection";0;2010;"B: Evident Injury";"Commercial";"50-59";50;"No";"0-5 mph";"O: No Injury";"Black";"Male";"Passenger Car";"No";"No";"Daylight";"Urban (>70% Developed)";"2 lanes";2;"Straight - Level";"Local Street";"Dry";"Two-Way, Not Divided";"None";"Four-Way Intersection";"Coarse Asphalt";"Coastal";"Urban";"20 - 25  MPH";"Stop And Go Signal";"Clear";"No";"34.240044, -77.94671"
"5576";665;666;"Yes";"10-Jun";8;"No";"With Traffic";"C: Possible Injury";"Travel Lane";"White";"Male";"Huntersville";"Mecklenburg";"No";"01-01-05";2010-09-03;"Loss of Control / Turning Error";16;"Intersection";"01-09-01";1-01-01 16:56:58;"Bicyclist Lost Control - Mechanical Problems";0;2010;"C: Possible Injury";"Residential";"70+";NA;"No";"26-30 mph";"O: No Injury";"White";"Male";"Passenger Car";"No";"No";"Daylight";"Urban (>70% Developed)";"2 lanes";2;"Straight - Level";"Local Street";"Dry";"Two-Way, Not Divided";"None";"Four-Way Intersection";"Smooth Asphalt";"Piedmont";"Urban";"30 - 35  MPH";"Stop Sign";"Clear";"No";"35.42128, -80.874374"
"5577";667;668;"Yes";"25-29";26;"No";"Not Applicable";"B: Evident Injury";"Travel Lane";"Asian";"Female";"Wilmington";"New Hanover";"No";NA;2010-09-13;"Bicyclist Failed to Yield - Midblock";18;"Non-Intersection";"01-09-01";1-01-01 18:48:58;"Bicyclist Ride Out - Midblock -";0;2010;"B: Evident Injury";"Commercial";"40-49";49;"No";"16-20 mph";"O: No Injury";"Black";"Male";"Passenger Car";"No";"No";"Daylight";"Urban (>70% Developed)";"1 lane";2;"Straight - Level";"Local Street";"Dry";"One-Way, Not Divided";"None";"No Special Feature";"Smooth Asphalt";"Coastal";"Urban";"30 - 35  MPH";"No Control Present";"Clear";"No";"34.24269, -77.89217"
"5578";668;669;"Yes";"15-Nov";12;"No";"With Traffic";"C: Possible Injury";"Travel Lane";"Black";"Male";"None - Rural Crash";"Camden";"No";"01-01-06";2010-09-11;"Loss of Control / Turning Error";18;"Non-Intersection";"01-09-01";1-01-01 18:09:58;"Bicyclist Lost Control - Other /";0;2010;"C: Possible Injury";"Farms, Woods, Pastures";"50-59";58;"No";"31-35 mph";"O: No Injury";"Black";"Female";"Sport Utility";"No";"No";"Daylight";"Rural (<30% Developed)";"2 lanes";2;"Straight - Level";"State Secondary Route";"Dry";"Two-Way, Not Divided";"None";"No Special Feature";"Smooth Asphalt";"Coastal";"Rural";"50 - 55  MPH";"No Control Present";"Clear";"No";"36.338665, -76.130745"
"5579";670;671;"Yes";"15-Nov";11;"No";"With Traffic";"B: Evident Injury";NA;"Other";"Male";"Durham";"Durham";"No";"01-01-06";2010-09-18;"Motorist Failed to Yield - Signalized Intersection";17;"Intersection";"01-09-01";1-01-01 17:42:58;"Motorist Drive Through - Signalized Intersection";0;2010;"B: Evident Injury";"Residential";"40-49";44;"No";"0-5 mph";"O: No Injury";"White";"Female";"Sport Utility";"No";"No";"Daylight";"Urban (>70% Developed)";"2 lanes";2;"Straight - Level";"Local Street";"Dry";"One-Way, Not Divided";"None";"No Special Feature";"Smooth Asphalt";"Piedmont";"Urban";"30 - 35  MPH";"Stop And Go Signal";"Clear";"No";"36.009842, -78.90831"
"5580";672;673;"Yes";"20-24";24;"No";"With Traffic";"B: Evident Injury";"Travel Lane";"Black";"Male";"Chadbourn";"Columbus";"No";"01-01-03";2010-08-18;"Motorist Right Turn / Merge";10;"Intersection";"01-08-01";1-01-01 10:25:58;"Motorist Right Turn - Same Direction";0;2010;"B: Evident Injury";"Commercial";"30-39";31;"No";"26-30 mph";"O: No Injury";"Black";"Female";"Passenger Car";"No";"No";"Daylight";"Urban (>70% Developed)";"4 lanes";2;"Straight - Level";"Local Street";"Dry";"Two-Way, Not Divided";"None";"T-Intersection";"Smooth Asphalt";"Coastal";"Rural";"30 - 35  MPH";"No Control Present";"Clear";"No";"34.330635, -78.825"
"5581";690;691;"Yes";"30-39";30;"No";"With Traffic";"C: Possible Injury";"Travel Lane";"White";"Male";"Wilmington";"New Hanover";"No";"01-01-04";2011-09-22;"Motorist Overtaking Bicyclist";21;"Intersection";"01-09-01";1-01-01 21:29:58;"Motorist Overtaking - Other /";111239;2011;"C: Possible Injury";"Commercial";NA;NA;"No";NA;"Injury";"/Missing";NA;NA;"No";"Yes";"Dark - Roadway Not Lighted";"Urban (>70% Developed)";"3 lanes";2;"Straight - Level";"Local Street";"Wet";"Two-Way, Not Divided";"None";"No Special Feature";"Coarse Asphalt";"Coastal";"Urban";"30 - 35  MPH";"No Control Present";"Rain";"No";"34.22314, -77.8861"
"5582";694;695;"Yes";"30-39";36;"Yes";"Not Applicable";"A: Disabling Injury";"Travel Lane";"Hispanic";"Male";"Raleigh";"Wake";"Yes";"01-01-07";2011-10-09;"Bicyclist Failed to Yield - Midblock";19;"Non-Intersection";"01-10-01";1-01-01 19:09:58;"Bicyclist Ride Out - Midblock -";313319;2011;"A: Disabling Injury";"Residential";"30-39";38;"Yes";"36-40 mph";"O: No Injury";"Black";"Male";"Passenger Car";"No";"No";"Dusk";"Urban (>70% Developed)";"5 lanes";2;"Curve - Level";"Local Street";"Dry";"Two-Way, Not Divided";"None";"No Special Feature";"Smooth Asphalt";"Piedmont";"Urban";"40 - 45  MPH";"No Control Present";"Clear";"No";"35.84972, -78.5767"
"5583";695;696;"Yes";"50-59";53;"No";"With Traffic";"B: Evident Injury";"Sidewalk / Crosswalk / Driveway Crossing";"White";"Female";"Raleigh";"Wake";"No";NA;2011-10-10;"Motorist Failed to Yield - Signalized Intersection";12;"Intersection";"01-10-01";1-01-01 12:54:58;"Motorist Drive Through - Signalized Intersection";131154;2011;"B: Evident Injury";"Commercial";"20-24";21;"No";"41-45 mph";"O: No Injury";"Black";"Male";"Passenger Car";"No";"No";"Daylight";"Urban (>70% Developed)";"5 lanes";2;"Straight - Level";"Local Street";"Dry";"Two-Way, Divided, Unprotected Median";"None";"No Special Feature";"Smooth Asphalt";"Piedmont";"Urban";"40 - 45  MPH";"Stop And Go Signal";"Clear";"No";"35.80985, -78.7057"
"5584";702;703;"Yes";"50-59";52;"No";"With Traffic";"C: Possible Injury";"Travel Lane";"Black";"Male";"Clinton";"Sampson";"No";"01-01-06";2011-10-15;"Motorist Overtaking Bicyclist";19;"Non-Intersection";"01-10-01";1-01-01 19:18:58;"Motorist Overtaking - Other /";311239;2011;"C: Possible Injury";"Commercial";"70+";NA;"No";"0-5 mph";"O: No Injury";"Black";"Male";"Passenger Car";"No";"No";"Dark - Lighted Roadway";"Mixed (30% To 70% Developed)";"2 lanes";2;"Straight - Level";"Local Street";"Dry";"Two-Way, Not Divided";"None";"No Special Feature";"Coarse Asphalt";"Coastal";"Urban";"5 - 15 MPH";"No Control Present";"Clear";"No";"34.99797, -78.3176"
"5585";704;705;"Yes";"60-69";64;"No";"With Traffic";"B: Evident Injury";"Travel Lane";"White";"Male";"None - Rural Crash";"Onslow";"No";NA;2011-10-17;"Motorist Overtaking Bicyclist";19;"Non-Intersection";"01-10-01";1-01-01 19:44:58;"Motorist Overtaking - Misjudged Space";311232;2011;"B: Evident Injury";"Farms, Woods, Pastures";"40-49";42;"No";"36-40 mph";"O: No Injury";"White";"Male";"Pickup";"No";"No";"Dark - Roadway Not Lighted";"Rural (<30% Developed)";"2 lanes";2;"Straight - Level";"NC Route";"Dry";"Two-Way, Not Divided";"None";"No Special Feature";"Coarse Asphalt";"Coastal";"Rural";"50 - 55  MPH";"Double Yellow Line, No Passing Zone";"Clear";"No";"34.51465, -77.4359"
"5586";705;706;"Yes";"40-49";44;"No";"Facing Traffic";"C: Possible Injury";"Travel Lane";"Black";"Male";"Charlotte";"Mecklenburg";"No";"01-01-05";2011-09-30;"Head-On";11;"Non-Intersection";"01-09-01";1-01-01 11:52:58;"Head-On - Bicyclist";312250;2011;"C: Possible Injury";"Commercial";"50-59";50;"No";"0-5 mph";"O: No Injury";"Black";"Female";"Truck/Trailer";"No";"No";"Daylight";"Urban (>70% Developed)";"4 lanes";2;"Straight - Level";"Local Street";"Dry";"Two-Way, Divided, Unprotected Median";"None";"No Special Feature";"Smooth Asphalt";"Piedmont";"Urban";"5 - 15 MPH";"Stop And Go Signal";"Clear";"No";"35.22709, -80.8431"
"5587";397;398;"Yes";"20-24";22;"No";"With Traffic";"C: Possible Injury";"Sidewalk / Crosswalk / Driveway Crossing";"Black";"Male";"Greensboro";"Guilford";"No";"01-01-03";2012-06-20;"Motorist Failed to Yield - Sign-Controlled Intersection";8;"Intersection";"01-06-01";1-01-01 08:48:58;"Motorist Drive Out - Sign-Controlled Intersection";NA;2012;"C: Possible Injury";"Commercial";"60-69";60;"No";"0-5 mph";"O: No Injury";"Black";"Female";"Van";"No";"No";"Daylight";"Urban (>70% Developed)";"4 lanes";2;"Straight - Level";"Local Street";"Dry";"Two-Way, Divided, Positive Median Barrier";"None";"T-Intersection";"Smooth Asphalt";"Piedmont";"Urban";"30 - 35  MPH";"Stop Sign";"Clear";"No";"36.08868, -79.7746"
"5588";403;404;"No";"30-39";35;"No";"Facing Traffic";"C: Possible Injury";"Sidewalk / Crosswalk / Driveway Crossing";"White";"Male";"Greenville";"Pitt";"No";"01-01-04";2012-06-07;"Motorist Failed to Yield - Sign-Controlled Intersection";11;"Intersection";"01-06-01";1-01-01 11:41:58;"Motorist Drive Out - Sign-Controlled Intersection";NA;2012;"C: Possible Injury";"Commercial";"25-29";29;"No";NA;"O: No Injury";"White";"Female";"Passenger Car";"No";"No";"Dusk";"Urban (>70% Developed)";"2 lanes";2;"Straight - Level";"Local Street";"Dry";"Two-Way, Not Divided";"None";"No Special Feature";"Coarse Asphalt";"Coastal";"Urban";"30 - 35  MPH";"Stop Sign";"Clear";"No";"35.58078, -77.3649"
"5589";405;406;"Yes";"50-59";54;"No";"With Traffic";"B: Evident Injury";"Travel Lane";"White";"Male";"None - Rural Crash";"Buncombe";"No";"01-01-04";2012-06-14;"Motorist Failed to Yield - Sign-Controlled Intersection";10;"Intersection";"01-06-01";1-01-01 10:09:58;"Motorist Drive Out - Sign-Controlled Intersection";NA;2012;"B: Evident Injury";"Residential";"40-49";45;"No";"0-5 mph";"O: No Injury";"White";"Male";"Single Unit Truck (3 Or More Axles)";"No";"No";"Daylight";"Urban (>70% Developed)";"2 lanes";2;"Curve - Bottom";"State Secondary Route";"Dry";"Two-Way, Not Divided";"None";"T-Intersection";"Smooth Asphalt";"Mountains";"Rural";"30 - 35  MPH";"Stop Sign";"Clear";"No";"35.60149, -82.4855"
"5590";412;413;"No";"25-29";29;"No";"With Traffic";"O: No Injury";"Sidewalk / Crosswalk / Driveway Crossing";"White";"Female";"Durham";"Durham";"No";"01-01-04";2012-06-28;"Crossing Paths - Other Circumstances";16;"Intersection";"01-06-01";1-01-01 16:10:58;"Signalized Intersection - Other /";NA;2012;"O: No Injury";"Commercial";"70";70;"No";"16-20 mph";"O: No Injury";"Black";"Male";"Passenger Car";"No";"No";"Daylight";"Urban (>70% Developed)";"2 lanes";2;"Straight - Level";"Local Street";"Dry";"Two-Way, Not Divided";"None";"No Special Feature";"Coarse Asphalt";"Piedmont";"Urban";"30 - 35  MPH";"Stop And Go Signal";"Clear";"No";"35.9838, -78.9121"
"5591";413;414;"No";"30-39";38;"No";"With Traffic";"B: Evident Injury";"Travel Lane";"White";"Male";"Raleigh";"Wake";"Yes";"01-01-06";2012-06-02;"Motorist Overtaking Bicyclist";14;"Non-Intersection";"01-06-01";1-01-01 14:57:58;"Motorist Overtaking - Other /";NA;2012;"B: Evident Injury";"Commercial";"40-49";48;"Yes";"41-45 mph";"O: No Injury";"Black";"Female";"Sport Utility";"No";"Yes";"Daylight";"Urban (>70% Developed)";"5 lanes";2;"Curve - Level";"Local Street";"Dry";"Two-Way, Divided, Unprotected Median";"None";"No Special Feature";"Coarse Asphalt";"Piedmont";"Urban";"40 - 45  MPH";"No Control Present";"Clear";"No";"35.90577, -78.6023"
"5592";419;420;"Yes";"15-Nov";15;"No";"With Traffic";"C: Possible Injury";"Travel Lane";"Black";"Male";"Greensboro";"Guilford";"No";"01-01-04";2012-06-28;"Bicyclist Failed to Yield - Sign-Controlled Intersection";14;"Intersection";"01-06-01";1-01-01 14:38:58;"Bicyclist Ride Through - Sign-Controlled Intersection";NA;2012;"C: Possible Injury";"Commercial";"20-24";21;"No";"21-25 mph";"O: No Injury";"Black";"Female";"Passenger Car";"No";"No";"Daylight";"Urban (>70% Developed)";"2 lanes";2;"Straight - Level";"Local Street";"Dry";"Two-Way, Not Divided";"None";"No Special Feature";"Smooth Asphalt";"Piedmont";"Urban";"30 - 35  MPH";"No Control Present";"Clear";"No";"36.04188, -79.8158"
"5593";620;621;"Yes";"70+";NA;"No";"With Traffic";"A: Disabling Injury";"Travel Lane";"White";"Male";"None - Rural Crash";"Forsyth";"No";"01-01-04";2011-09-15;"Motorist Overtaking Bicyclist";9;"Non-Intersection";"01-09-01";1-01-01 08:59:58;"Motorist Overtaking - Other /";311239;2011;"A: Disabling Injury";"Residential";"70+";NA;"No";"31-35 mph";"O: No Injury";"White";"Male";"Passenger Car";"No";"No";"Daylight";"Mixed (30% To 70% Developed)";"2 lanes";2;"Straight - Level";"State Secondary Route";"Dry";"Two-Way, Not Divided";"None";"No Special Feature";"Smooth Asphalt";"Piedmont";"Rural";"40 - 45  MPH";"Double Yellow Line, No Passing Zone";"Clear";"No";"35.99549, -80.3667"
"5594";626;627;"No";"10-Jun";7;"No";"Not Applicable";"O: No Injury";"Driveway / Alley";"White";"Female";"None - Rural Crash";"Davidson";"No";"01-01-07";2011-09-18;"Bicyclist Failed to Yield - Midblock";12;"Non-Intersection";"01-09-01";1-01-01 12:34:58;"Bicyclist Ride Out - Residential Driveway";353311;2011;"O: No Injury";"Residential";"0-19";16;"No";"21-25 mph";"O: No Injury";"White";"Female";"Passenger Car";"No";"No";"Daylight";"Rural (<30% Developed)";"2 lanes";2;"Straight - Grade";"State Secondary Route";"Dry";"Two-Way, Not Divided";"None";"Related To Intersection";"Coarse Asphalt";"Piedmont";"Rural";"50 - 55  MPH";"Double Yellow Line, No Passing Zone";"Clear";"No";"35.76368, -80.0572"
"5595";629;630;"Yes";"40-49";45;"No";"With Traffic";"B: Evident Injury";"Travel Lane";"White";"Male";"Davidson";"Mecklenburg";"No";"01-01-04";2011-09-08;"Motorist Left Turn / Merge";15;"Intersection";"01-09-01";1-01-01 15:45:58;"Motorist Left Turn - Opposite Direction";111212;2011;"B: Evident Injury";"Residential";"0-19";16;"No";"6-10 mph";"O: No Injury";"White";"Female";"Passenger Car";"No";"No";"Daylight";"Urban (>70% Developed)";"2 lanes";2;"Straight - Level";"Local Street";"Dry";"Two-Way, Divided, Unprotected Median";"None";"No Special Feature";"Smooth Asphalt";"Piedmont";"Urban";"30 - 35  MPH";"No Control Present";"Clear";"No";"35.4888, -80.8276"
"5596";633;634;"Yes";"15-Nov";14;"No";"Facing Traffic";"C: Possible Injury";"Sidewalk / Crosswalk / Driveway Crossing";"Black";"Male";"Greensboro";"Guilford";"No";"01-01-04";2011-09-08;"Motorist Failed to Yield - Midblock";18;"Non-Intersection";"01-09-01";1-01-01 18:06:58;"Motorist Drive Out - Commercial Driveway / Alley";332322;2011;"C: Possible Injury";"Commercial";"30-39";36;"No";"0-5 mph";"O: No Injury";"Black";"Male";"Sport Utility";"No";"No";"Daylight";"Urban (>70% Developed)";"2 lanes";2;"Straight - Grade";"Public Vehicular Area";"Dry";"Two-Way, Not Divided";"None";"Driveway, Private";"Smooth Asphalt";"Piedmont";"Urban";"5 - 15 MPH";"No Control Present";"Clear";"No";"36.04575, -79.8392"
"5597";634;635;"No";"40-49";45;"No";"With Traffic";"C: Possible Injury";"Travel Lane";"White";"Male";"Asheville";"Buncombe";"No";"01-01-03";2011-09-07;"Motorist Left Turn / Merge";19;"Intersection";"01-09-01";1-01-01 19:13:58;"Motorist Left Turn - Opposite Direction";111212;2011;"C: Possible Injury";"Commercial";"50-59";57;"No";"0-5 mph";"O: No Injury";"Black";"Female";"Sport Utility";"No";"No";"Daylight";"Urban (>70% Developed)";"2 lanes";2;"Straight - Level";"Local Street";"Wet";"One-Way, Not Divided";"None";"No Special Feature";"Smooth Asphalt";"Mountains";"Urban";"20 - 25  MPH";"Stop And Go Signal";"Rain";"No";"35.59464, -82.554"
"5598";642;643;"Yes";"20-24";23;"No";"With Traffic";"C: Possible Injury";"Travel Lane";"White";"Female";"None - Rural Crash";"Iredell";"No";"01-01-04";2011-09-22;"Motorist Left Turn / Merge";17;"Intersection";"01-09-01";1-01-01 17:34:58;"Motorist Left Turn - Opposite Direction";111212;2011;"C: Possible Injury";"Commercial";"70+";NA;"No";"6-10 mph";"O: No Injury";"White";"Female";"Light Truck (Mini-Van, Panel)";"No";"No";"Daylight";"Urban (>70% Developed)";"2 lanes";2;"Straight - Level";"NC Route";"Dry";"Two-Way, Not Divided";"None";"Four-Way Intersection";"Smooth Asphalt";"Piedmont";"Rural";"50 - 55  MPH";"Stop And Go Signal";"Clear";"No";"35.82808, -80.9186"
"5599";647;648;"Yes";"50-59";53;"No";"With Traffic";"C: Possible Injury";"Travel Lane";"White";"Male";"Concord";"Cabarrus";"No";"01-01-07";2011-09-18;"Motorist Left Turn / Merge";11;"Non-Intersection";"01-09-01";1-01-01 11:28:58;"Motorist Left Turn - Opposite Direction";311212;2011;"C: Possible Injury";"Commercial";"60-69";63;"No";"0-5 mph";"O: No Injury";"White";"Male";"Passenger Car";"No";"No";"Daylight";"Urban (>70% Developed)";"2 lanes";2;"Straight - Level";"Local Street";"Dry";"Two-Way, Not Divided";"None";"Driveway, Public";"Smooth Asphalt";"Piedmont";"Urban";"40 - 45  MPH";"No Control Present";"Cloudy";"No";"35.40436, -80.7143"
"5600";652;653;"Yes";"15-Nov";11;"No";"With Traffic";"C: Possible Injury";"Sidewalk / Crosswalk / Driveway Crossing";"Black";"Male";"Jacksonville";"Onslow";"No";"01-01-03";2011-09-14;"Motorist Failed to Yield - Sign-Controlled Intersection";7;"Intersection";"01-09-01";1-01-01 07:26:58;"Motorist Drive Out - Sign-Controlled Intersection";131141;2011;"C: Possible Injury";"Residential";"40-49";41;"No";"0-5 mph";"O: No Injury";"White";"Female";"Light Truck (Mini-Van, Panel)";"No";"No";"Daylight";"Urban (>70% Developed)";"2 lanes";2;"Straight - Level";"Local Street";"Water (Standing, Moving)";"Two-Way, Not Divided";"None";"Four-Way Intersection";"Smooth Asphalt";"Coastal";"Urban";"20 - 25  MPH";"Stop Sign";"Clear";"No";"34.77825, -77.4309"
"5601";654;655;"Yes";"30-39";39;"No";"With Traffic";"C: Possible Injury";"Sidewalk / Crosswalk / Driveway Crossing";"Black";"Male";"Charlotte";"Mecklenburg";"No";"01-01-02";2011-09-20;"Motorist Failed to Yield - Signalized Intersection";16;"Intersection";"01-09-01";1-01-01 16:07:58;"Motorist Drive Out - Right Turn on Red";131151;2011;"C: Possible Injury";"Commercial";"30-39";33;"No";"0-5 mph";"O: No Injury";"Black";"Female";"Pickup";"No";"No";"Daylight";"Urban (>70% Developed)";"5 lanes";2;"Straight - Level";"NC Route";"Dry";"Two-Way, Divided, Positive Median Barrier";"None";"Four-Way Intersection";"Concrete";"Piedmont";"Urban";"40 - 45  MPH";"Stop And Go Signal";"Clear";"No";"35.29545, -80.7552"
"5602";657;658;"Yes";"10-Jun";6;"No";"Facing Traffic";"B: Evident Injury";"Travel Lane";"White";"Female";"Wilmington";"New Hanover";"No";"01-01-04";2011-09-15;"Bicyclist Failed to Yield - Sign-Controlled Intersection";16;"Intersection";"01-09-01";1-01-01 16:15:58;"Bicyclist Ride Through - Sign-Controlled Intersection";112144;2011;"B: Evident Injury";"Residential";"30-39";38;"No";"26-30 mph";"O: No Injury";"Black";"Female";"Van";"No";"No";"Daylight";"Urban (>70% Developed)";"4 lanes";2;"Straight - Level";"Local Street";"Dry";"Two-Way, Not Divided";"None";"No Special Feature";"Coarse Asphalt";"Coastal";"Urban";"20 - 25  MPH";"Stop Sign";"Clear";"No";"34.18786, -77.8804"
"5603";666;667;"Yes";"25-29";27;"No";"With Traffic";"B: Evident Injury";"Travel Lane";"White";"Male";"Eastover";"Cumberland";"No";"01-01-03";2011-09-28;"Motorist Left Turn / Merge";19;"Intersection";"01-09-01";1-01-01 19:53:58;"Motorist Left Turn - Opposite Direction";111212;2011;"B: Evident Injury";"Commercial";"60-69";60;"No";"26-30 mph";"O: No Injury";"White";"Male";"Pickup";"No";"No";"Dark - Lighted Roadway";"Mixed (30% To 70% Developed)";"6 lanes";2;"Straight - Level";"US Route";"Dry";"Two-Way, Not Divided";"None";"T-Intersection";"Coarse Asphalt";"Coastal";"Rural";"40 - 45  MPH";"No Control Present";"Clear";"No";"35.08954, -78.7886"