"FID";"OBJECTID";"AmbulanceR";"BikeAge_Gr";"Bike_Age";"Bike_Alc_D";"Bike_Dir";"Bike_Injur";"Bike_Pos";"Bike_Race";"Bike_Sex";"City";"County";"CrashAlcoh";"CrashDay";"Crash_Date";"Crash_Grp";"Crash_Hour";"Crash_Loc";"Crash_Mont";"Crash_Time";"Crash_Type";"Crash_Ty_1";"Crash_Year";"Crsh_Sevri";"Developmen";"DrvrAge_Gr";"Drvr_Age";"Drvr_Alc_D";"Drvr_EstSp";"Drvr_Injur";"Drvr_Race";"Drvr_Sex";"Drvr_VehTy";"ExcsSpdInd";"Hit_Run";"Light_Cond";"Locality";"Num_Lanes";"Num_Units";"Rd_Charact";"Rd_Class";"Rd_Conditi";"Rd_Config";"Rd_Defects";"Rd_Feature";"Rd_Surface";"Region";"Rural_Urba";"Speed_Limi";"Traff_Cntr";"Weather";"Workzone_I";"Location"
"5604";667;668;"Yes";"50-59";56;"No";"With Traffic";"B: Evident Injury";"Travel Lane";"White";"Male";"None - Rural Crash";"Lincoln";"No";NA;2011-09-26;"Head-On";17;"Non-Intersection";"01-09-01";1-01-01 17:15:58;"Head-On - Motorist";311255;2011;"B: Evident Injury";"Residential";"20-24";22;"No";"46-50 mph";"O: No Injury";"White";"Male";"Passenger Car";"Yes";"No";"Daylight";"Mixed (30% To 70% Developed)";"2 lanes";2;"Straight - Level";"State Secondary Route";"Dry";"Two-Way, Not Divided";"None";"No Special Feature";"Smooth Asphalt";"Piedmont";"Rural";"30 - 35  MPH";"Double Yellow Line, No Passing Zone";"Clear";"No";"35.53872, -81.0252"
"5605";672;673;"No";"16-19";16;"No";"With Traffic";"C: Possible Injury";"Sidewalk / Crosswalk / Driveway Crossing";"Black";"Male";"Rocky Mount";"Edgecombe";"No";"01-01-02";2011-08-09;"Parallel Paths - Other Circumstances";17;"Non-Intersection";"01-08-01";1-01-01 17:45:58;"Bicyclist Ride Out - Parallel Path";331225;2011;"C: Possible Injury";"Residential";NA;NA;"Missing";"6-10 mph";"Injury";"/Missing";NA;NA;"No";"Yes";"Daylight";"Urban (>70% Developed)";"2 lanes";2;"Straight - Level";"Local Street";"Dry";"Two-Way, Not Divided";"None";"No Special Feature";"Smooth Asphalt";"Coastal";"Urban";"30 - 35  MPH";"No Control Present";"Clear";"No";"35.9285, -77.7922"
"5606";684;685;"No";"60-69";63;"No";"With Traffic";"C: Possible Injury";"Travel Lane";"White";"Female";"None - Rural Crash";"Onslow";"No";"01-01-04";2011-10-06;"Motorist Overtaking Bicyclist";15;"Non-Intersection";"01-10-01";1-01-01 15:49:58;"Motorist Overtaking - Misjudged Space";311232;2011;"C: Possible Injury";"Farms, Woods, Pastures";"70+";NA;"No";"46-50 mph";"O: No Injury";"White";"Male";"Pickup";"No";"No";"Daylight";"Rural (<30% Developed)";"4 lanes";2;"Straight - Level";"NC Route";"Dry";"Two-Way, Divided, Unprotected Median";"None";"No Special Feature";"Smooth Asphalt";"Coastal";"Rural";"50 - 55  MPH";"No Control Present";"Clear";"No";"34.70687, -77.2799"
"5607";687;688;"Yes";"50-59";58;"No";"Facing Traffic";"C: Possible Injury";"Sidewalk / Crosswalk / Driveway Crossing";"White";"Male";"Winston-Salem";"Forsyth";"No";"01-01-04";2011-09-29;"Motorist Right Turn / Merge";9;"Non-Intersection";"01-09-01";1-01-01 09:04:58;"Motorist Right Turn - Opposite Direction";332214;2011;"C: Possible Injury";"Commercial";"30-39";34;"No";"0-5 mph";"O: No Injury";"Black";"Female";"Passenger Car";"No";"No";"Daylight";"Urban (>70% Developed)";"2 lanes";2;"Straight - Grade";"Public Vehicular Area";"Dry";"Two-Way, Not Divided";"None";"Driveway, Public";"Smooth Asphalt";"Piedmont";"Urban";NA;"No Control Present";"Clear";"No";"36.07007, -80.2706"
"5608";700;701;"Yes";"50-59";53;"Yes";"Not Applicable";"B: Evident Injury";"Travel Lane";"Hispanic";"Male";"Raleigh";"Wake";"Yes";"01-01-06";2011-10-08;"Bicyclist Failed to Yield - Midblock";18;"Non-Intersection";"01-10-01";1-01-01 18:21:58;"Bicyclist Ride Out - Other Midblock";313318;2011;"B: Evident Injury";"Commercial";"30-39";36;"No";"36-40 mph";"O: No Injury";"White";"Female";"Pickup";"No";"No";"Daylight";"Urban (>70% Developed)";"7 lanes";2;"Straight - Grade";"Local Street";"Dry";"Two-Way, Divided, Positive Median Barrier";"None";"Bridge";"Smooth Asphalt";"Piedmont";"Urban";"40 - 45  MPH";"Stop And Go Signal";"Clear";"No";"35.79254, -78.5853"
"5609";703;704;"Yes";"15-Nov";15;"No";"With Traffic";"B: Evident Injury";"Travel Lane";"White";"Male";"Wesley Chapel";"Union";"No";NA;2011-10-17;"Bicyclist Overtaking Motorist";18;"Intersection";"01-10-01";1-01-01 18:51:58;"Bicyclist Overtaking - Passing on Left";111242;2011;"B: Evident Injury";"Residential";"40-49";44;"No";"0-5 mph";"O: No Injury";"White";"Female";"Sport Utility";"No";"No";"Daylight";"Urban (>70% Developed)";"2 lanes";2;"Straight - Level";"State Secondary Route";"Dry";"Two-Way, Not Divided";"None";"T-Intersection";"Smooth Asphalt";"Piedmont";"Rural";"30 - 35  MPH";"Stop Sign";"Clear";"No";"34.9996, -80.6868"
"5610";233;234;"Yes";"40-49";43;"No";"Facing Traffic";"B: Evident Injury";"Sidewalk / Crosswalk / Driveway Crossing";"White";"Male";"Charlotte";"Mecklenburg";"No";"01-01-02";2010-05-04;"Motorist Failed to Yield - Sign-Controlled Intersection";18;"Intersection";"01-05-01";1-01-01 18:29:58;"Motorist Drive Through - Sign-Controlled Intersection";0;2010;"B: Evident Injury";"Residential";"0-19";19;"No";"6-10 mph";"O: No Injury";"White";"Male";"Sport Utility";"No";"No";"Daylight";"Urban (>70% Developed)";"4 lanes";2;"Straight - Level";"Local Street";"Dry";"Two-Way, Divided, Unprotected Median";"None";"No Special Feature";"Smooth Asphalt";"Piedmont";"Urban";"20 - 25  MPH";"Stop Sign";"Clear";"No";"35.313316, -80.70392"
"5611";238;239;"Yes";"40-49";42;"No";"Facing Traffic";"C: Possible Injury";"Sidewalk / Crosswalk / Driveway Crossing";"Black";"Male";"Monroe";"Union";"No";"01-01-05";2010-05-07;"Motorist Left Turn / Merge";14;"Non-Intersection";"01-05-01";1-01-01 14:39:58;"Motorist Left Turn - Same Direction";0;2010;"C: Possible Injury";"Residential";"30-39";30;"No";NA;"O: No Injury";"White";"Female";"Passenger Car";"No";"No";"Daylight";"Urban (>70% Developed)";"2 lanes";2;"Straight - Grade";"Local Street";"Dry";"Two-Way, Not Divided";"None";"T-Intersection";"Smooth Asphalt";"Piedmont";"Urban";"30 - 35  MPH";"No Control Present";"Clear";"No";"34.971016, -80.53433"
"5612";241;242;"Yes";"10-Jun";9;"No";"Not Applicable";"B: Evident Injury";"Driveway / Alley";"Black";"Female";"Charlotte";"Mecklenburg";"No";"01-01-04";2010-05-06;"Loss of Control / Turning Error";15;"Non-Intersection";"01-05-01";1-01-01 15:31:58;"Bicyclist Lost Control - Other /";0;2010;"B: Evident Injury";"Institutional";"20-24";24;"No";"21-25 mph";"O: No Injury";"White";"Male";"Passenger Car";"No";"No";"Daylight";"Mixed (30% To 70% Developed)";"2 lanes";2;"Straight - Grade";"Local Street";"Dry";"Two-Way, Not Divided";"None";"No Special Feature";"Smooth Asphalt";"Piedmont";"Urban";"20 - 25  MPH";"No Control Present";"Clear";"No";"35.243065, -80.84165"
"5613";243;244;"Yes";"10-Jun";10;"No";"Not Applicable";"B: Evident Injury";"Travel Lane";"Black";"Male";"Hope Mills";"Cumberland";"No";"01-01-03";2010-03-10;"Bicyclist Failed to Yield - Midblock";17;"Non-Intersection";"01-03-01";1-01-01 17:49:58;"Multiple Threat - Midblock";0;2010;"B: Evident Injury";"Commercial";"0-19";19;"No";"11-15 mph";"O: No Injury";"Hispanic";"Male";"Passenger Car";"No";"No";"Dusk";"Urban (>70% Developed)";"7 lanes";2;"Straight - Level";"Local Street";"Wet";"Two-Way, Divided, Unprotected Median";"None";"No Special Feature";"Coarse Asphalt";"Coastal";"Urban";"30 - 35  MPH";"No Control Present";"Cloudy";"No";"35.005283, -78.96676"
"5614";256;257;"No";"15-Nov";13;"No";"With Traffic";"B: Evident Injury";"Travel Lane";"Black";"Male";"Charlotte";"Mecklenburg";"No";"01-01-04";2010-05-06;"Bicyclist Failed to Yield - Sign-Controlled Intersection";18;"Intersection";"01-05-01";1-01-01 18:04:58;"Bicyclist Ride Through - Sign-Controlled Intersection";0;2010;"B: Evident Injury";"Residential";"60-69";61;"No";"21-25 mph";"O: No Injury";"Black";"Male";"Sport Utility";"No";"No";"Daylight";"Urban (>70% Developed)";"2 lanes";2;"Curve - Grade";"Local Street";"Dry";"Two-Way, Not Divided";"None";"No Special Feature";"Smooth Asphalt";"Piedmont";"Urban";"20 - 25  MPH";"No Control Present";"Clear";"No";"35.252823, -80.87826"
"5615";265;266;"Yes";"15-Nov";14;"No";"With Traffic";"C: Possible Injury";"Travel Lane";"Native American";"Male";"None - Rural Crash";"Robeson";"No";"01-01-04";2010-05-13;"Motorist Overtaking Bicyclist";19;"Non-Intersection";"01-05-01";1-01-01 19:51:58;"Motorist Overtaking - Other /";0;2010;"C: Possible Injury";"Farms, Woods, Pastures";NA;NA;"No";"11-15 mph";"Injury";"/Missing";NA;NA;"No";"Yes";"Dawn";"Rural (<30% Developed)";"2 lanes";2;"Straight - Level";"State Secondary Route";"Dry";"Two-Way, Not Divided";"None";"No Special Feature";"Coarse Asphalt";"Coastal";"Rural";"50 - 55  MPH";"No Control Present";"Clear";"No";"34.72006, -79.21164"
"5616";269;270;"Yes";"50-59";50;"No";"Facing Traffic";"C: Possible Injury";"Travel Lane";"Black";"Male";"Tarboro";"Edgecombe";"No";"01-01-03";2010-05-12;"Motorist Failed to Yield - Sign-Controlled Intersection";20;"Intersection";"01-05-01";1-01-01 20:39:58;"Motorist Drive Out - Sign-Controlled Intersection";0;2010;"C: Possible Injury";"Residential";"40-49";40;"No";"0-5 mph";"O: No Injury";"White";"Female";"Passenger Car";"No";"No";"Dark - Lighted Roadway";"Urban (>70% Developed)";"2 lanes";2;"Straight - Level";"Local Street";"Dry";"Two-Way, Not Divided";"None";"Four-Way Intersection";"Smooth Asphalt";"Coastal";"Urban";"20 - 25  MPH";"Stop Sign";"Clear";"No";"35.91742, -77.545296"
"5617";276;277;"Yes";"30-39";31;"No";"With Traffic";"C: Possible Injury";"Travel Lane";"White";"Male";"Charlotte";"Mecklenburg";"No";"01-01-05";2010-05-14;"Motorist Overtaking Bicyclist";16;"Non-Intersection";"01-05-01";1-01-01 16:15:58;"Motorist Overtaking - Misjudged Space";0;2010;"C: Possible Injury";"Commercial";NA;NA;"Missing";NA;"Injury";"/Missing";NA;NA;"No";"No";"Daylight";"Urban (>70% Developed)";"4 lanes";2;"Straight - Level";"Local Street";"Dry";"Two-Way, Divided, Unprotected Median";"None";"No Special Feature";"Smooth Asphalt";"Piedmont";"Urban";NA;"No Control Present";"Clear";"No";"35.224773, -80.84032"
"5618";290;291;"No";"20-24";21;"No";"Not Applicable";"C: Possible Injury";"Non-Roadway";"White";"Male";"Wilmington";"New Hanover";"No";"01-01-04";2010-05-20;"Non-Roadway";14;"Non-Roadway";"01-05-01";1-01-01 14:16:58;"Non-Roadway";0;2010;"C: Possible Injury";"Commercial";"70+";NA;"No";"11-15 mph";"O: No Injury";"White";"Male";"Passenger Car";"No";"No";"Daylight";"Urban (>70% Developed)";"2 lanes";2;"Straight - Level";"Public Vehicular Area";"Dry";"Two-Way, Not Divided";"None";"Driveway, Public";"Smooth Asphalt";"Coastal";"Urban";NA;"No Control Present";"Clear";"No";"34.235115, -77.87595"
"5619";297;298;"Yes";"15-Nov";11;"No";"Facing Traffic";"B: Evident Injury";"Travel Lane";"Black";"Male";"Raleigh";"Wake";"No";"01-01-07";2010-04-25;"Bicyclist Failed to Yield - Sign-Controlled Intersection";18;"Intersection";"01-04-01";1-01-01 18:48:58;"Bicyclist Ride Out - Sign-Controlled Intersection";0;2010;"B: Evident Injury";"Residential";"20-24";20;"No";"31-35 mph";"O: No Injury";"Black";"Female";"Passenger Car";"No";"No";"Daylight";"Mixed (30% To 70% Developed)";"2 lanes";2;"Straight - Level";"Local Street";"Dry";"Two-Way, Divided, Unprotected Median";"None";"Four-Way Intersection";"Smooth Asphalt";"Piedmont";"Urban";"40 - 45  MPH";"Stop Sign";"Clear";"No";"35.75846, -78.56114"
"5620";300;301;"Yes";"15-Nov";12;"No";"Not Applicable";"B: Evident Injury";"Non-Roadway";"White";"Male";"Raleigh";"Wake";"No";"01-01-02";2010-05-04;"Non-Roadway";18;"Non-Roadway";"01-05-01";1-01-01 18:38:58;"Non-Roadway";0;2010;"B: Evident Injury";"Residential";"40-49";43;"No";"0-5 mph";"O: No Injury";"White";"Female";"Sport Utility";"No";"No";"Daylight";"Urban (>70% Developed)";"2 lanes";2;"Straight - Level";"Public Vehicular Area";"Dry";"Two-Way, Not Divided";"None";"No Special Feature";"Smooth Asphalt";"Piedmont";"Urban";"20 - 25  MPH";"No Control Present";"Clear";"No";"35.895878, -78.80038"
"5621";305;306;"Yes";"25-29";26;"No";"Facing Traffic";"B: Evident Injury";"Bike Lane / Paved Shoulder";"White";"Male";"None - Rural Crash";"Wilkes";"No";"01-01-02";2010-06-08;"Head-On";18;"Non-Intersection";"01-06-01";1-01-01 18:22:58;"Head-On - Bicyclist";0;2010;"B: Evident Injury";"Farms, Woods, Pastures";NA;NA;"Missing";"51-55 mph";"Injury";"/Missing";NA;"Passenger Car";"No";"Yes";"Daylight";"Rural (<30% Developed)";"2 lanes";2;"Straight - Grade";"NC Route";"Dry";"Two-Way, Not Divided";"None";"No Special Feature";"Smooth Asphalt";"Mountains";"Rural";"50 - 55  MPH";"Double Yellow Line, No Passing Zone";"Clear";"No";"36.100285, -81.27523"
"5622";314;315;"Yes";"40-49";47;"No";"With Traffic";"B: Evident Injury";"Sidewalk / Crosswalk / Driveway Crossing";"White";"Male";"Wilmington";"New Hanover";"No";NA;2010-05-10;"Bicyclist Failed to Yield - Sign-Controlled Intersection";13;"Intersection";"01-05-01";1-01-01 13:30:58;"Bicyclist Ride Out - Sign-Controlled Intersection";0;2010;"B: Evident Injury";"Commercial";"60-69";63;"No";"16-20 mph";"O: No Injury";"White";"Female";"Van";"No";"No";"Daylight";"Urban (>70% Developed)";"2 lanes";2;"Straight - Level";"Local Street";"Dry";"Two-Way, Not Divided";"None";"No Special Feature";"Smooth Asphalt";"Coastal";"Urban";"30 - 35  MPH";"Stop Sign";"Clear";"No";"34.19374, -77.935486"
"5623";320;321;"No";"30-39";38;"Yes";"With Traffic";"O: No Injury";"Travel Lane";"White";"Male";"Siler City";"Chatham";"Yes";"01-01-05";2010-05-28;"Motorist Overtaking Bicyclist";22;"Non-Intersection";"01-05-01";1-01-01 22:34:58;"Motorist Overtaking - Other /";0;2010;"O: No Injury";"Residential";"0-19";19;"No";"41-45 mph";"O: No Injury";"White";"Male";"Sport Utility";"No";"No";"Dark - Lighted Roadway";"Urban (>70% Developed)";"4 lanes";2;"Straight - Level";"Local Street";"Dry";"Two-Way, Not Divided";"None";"No Special Feature";"Smooth Asphalt";"Piedmont";"Urban";"40 - 45  MPH";"No Control Present";"Clear";"No";"35.708046, -79.45275"
"5624";321;322;"No";"20-24";20;"No";"With Traffic";"C: Possible Injury";"Travel Lane";"Black";"Male";"Wilmington";"New Hanover";"No";"01-01-05";2010-05-28;"Bicyclist Failed to Yield - Sign-Controlled Intersection";14;"Intersection";"01-05-01";1-01-01 14:04:58;"Bicyclist Ride Out - Sign-Controlled Intersection";0;2010;"C: Possible Injury";"Residential";"30-39";34;"No";"21-25 mph";"O: No Injury";"Black";"Male";"Sport Utility";"No";"No";"Daylight";"Urban (>70% Developed)";"4 lanes";2;"Straight - Level";"Local Street";"Dry";"Two-Way, Divided, Unprotected Median";"None";"Four-Way Intersection";"Coarse Asphalt";"Coastal";"Urban";"20 - 25  MPH";"Stop Sign";"Clear";"No";"34.242527, -77.94402"
"5625";328;329;"No";"20-24";20;"No";"Facing Traffic";"C: Possible Injury";"Sidewalk / Crosswalk / Driveway Crossing";"Black";"Male";"Fayetteville";"Cumberland";"No";NA;2010-06-14;"Motorist Right Turn / Merge";14;"Non-Intersection";"01-06-01";1-01-01 14:15:58;"Motorist Right Turn - Opposite Direction";0;2010;"C: Possible Injury";"Commercial";"30-39";32;"No";"6-10 mph";"O: No Injury";"White";"Male";"Pickup";"No";"No";"Daylight";"Urban (>70% Developed)";NA;2;"Straight - Level";"Public Vehicular Area";"Dry";"Two-Way, Not Divided";"None";"Driveway, Public";"Coarse Asphalt";"Coastal";"Urban";"30 - 35  MPH";"No Control Present";"Clear";"No";"35.077953, -78.954994"
"5626";329;330;"No";"25-29";25;"No";"With Traffic";"C: Possible Injury";"Travel Lane";"White";"Male";"Charlotte";"Mecklenburg";"No";"01-01-02";2010-05-25;"Bicyclist Overtaking Motorist";18;"Non-Intersection";"01-05-01";1-01-01 18:51:58;"Bicyclist Overtaking - Other /";0;2010;"C: Possible Injury";"Commercial";"20-24";20;"No";"11-15 mph";"O: No Injury";"Black";"Female";"Passenger Car";"No";"No";"Daylight";"Urban (>70% Developed)";"4 lanes";2;"Straight - Level";"Local Street";"Dry";"Two-Way, Not Divided";"None";"No Special Feature";"Smooth Asphalt";"Piedmont";"Urban";"30 - 35  MPH";"No Control Present";"Clear";"No";"35.201756, -80.84449"
"5627";330;331;"Yes";"50-59";55;"No";"Facing Traffic";"C: Possible Injury";"Travel Lane";"Hispanic";"Male";"Garner";"Wake";"No";"01-01-03";2010-05-26;"Crossing Paths - Other Circumstances";7;"Non-Intersection";"01-05-01";1-01-01 07:20:58;"Crossing Paths - Midblock - Other /";0;2010;"C: Possible Injury";"Commercial";"50-59";59;"No";"41-45 mph";"O: No Injury";"Black";"Female";"Sport Utility";"No";"No";"Daylight";"Urban (>70% Developed)";"4 lanes";2;"Straight - Level";"Local Street";"Dry";"Two-Way, Divided, Unprotected Median";"None";"T-Intersection";"Coarse Asphalt";"Piedmont";"Urban";"40 - 45  MPH";"No Control Present";"Clear";"No";"35.72011, -78.6539"
"5628";331;332;"Yes";"40-49";44;"Yes";"With Traffic";"A: Disabling Injury";"Travel Lane";"White";"Male";"None - Rural Crash";"Bladen";"Yes";"01-01-04";2010-05-27;"Motorist Overtaking Bicyclist";5;"Non-Intersection";"01-05-01";1-01-01 05:09:58;"Motorist Overtaking - Undetected Bicyclist";0;2010;"A: Disabling Injury";"Farms, Woods, Pastures";"40-49";47;"No";"51-55 mph";"O: No Injury";"White";"Male";"Pickup";"No";"No";"Dark - Roadway Not Lighted";"Rural (<30% Developed)";"2 lanes";2;"Straight - Level";"NC Route";"Dry";"Two-Way, Not Divided";"None";"No Special Feature";"Coarse Asphalt";"Coastal";"Rural";"50 - 55  MPH";"Double Yellow Line, No Passing Zone";"Clear";"No";"34.66026, -78.4578"
"5629";333;334;"Yes";"10-Jun";10;"No";"With Traffic";"B: Evident Injury";"Travel Lane";"White";"Male";"Apex";"Wake";"No";"01-01-02";2010-06-15;"Bicyclist Failed to Yield - Sign-Controlled Intersection";7;"Intersection";"01-06-01";1-01-01 07:56:58;"Bicyclist Ride Through - Sign-Controlled Intersection";0;2010;"B: Evident Injury";"Residential";"40-49";40;"No";"16-20 mph";"O: No Injury";"White";"Female";"Police";"No";"No";"Daylight";"Mixed (30% To 70% Developed)";"2 lanes";2;"Straight - Level";"Local Street";"Dry";"Two-Way, Not Divided";"None";"T-Intersection";"Smooth Asphalt";"Piedmont";"Urban";"20 - 25  MPH";"Stop Sign";"Clear";"No";"35.733128, -78.85528"
"5630";344;345;"Yes";"30-39";35;"No";"With Traffic";"B: Evident Injury";"Travel Lane";"White";"Male";"None - Rural Crash";"Brunswick";"No";"01-01-05";2010-06-18;"Motorist Overtaking Bicyclist";7;"Non-Intersection";"01-06-01";1-01-01 07:33:58;"Motorist Overtaking - Misjudged Space";0;2010;"B: Evident Injury";"Farms, Woods, Pastures";"60-69";65;"No";"51-55 mph";"O: No Injury";"White";"Male";"Pickup";"No";"No";"Daylight";"Rural (<30% Developed)";"2 lanes";2;"Straight - Level";"NC Route";"Dry";"Two-Way, Not Divided";"None";"No Special Feature";"Coarse Asphalt";"Coastal";"Rural";"50 - 55  MPH";"Double Yellow Line, No Passing Zone";"Clear";"No";"33.957832, -78.07104"
"5631";346;347;"Yes";"50-59";52;"No";"With Traffic";"B: Evident Injury";"Travel Lane";"White";"Female";"None - Rural Crash";"Durham";"No";"01-01-07";2010-06-20;"Motorist Overtaking Bicyclist";15;"Non-Intersection";"01-06-01";1-01-01 15:21:58;"Motorist Overtaking - Other /";0;2010;"B: Evident Injury";"Farms, Woods, Pastures";"50-59";51;"No";"51-55 mph";"O: No Injury";"Black";"Female";"Passenger Car";"No";"No";"Daylight";"Rural (<30% Developed)";"2 lanes";2;"Straight - Level";"US Route";"Dry";"Two-Way, Divided, Unprotected Median";"None";"No Special Feature";"Smooth Asphalt";"Piedmont";"Rural";"50 - 55  MPH";"No Control Present";"Clear";"No";"36.150227, -78.90515"
"5632";360;361;"No";"16-19";18;"No";NA;"B: Evident Injury";NA;"Black";"Male";"Henderson";"Vance";"No";"01-01-02";2010-04-06;NA;8;NA;"01-04-01";1-01-01 08:49:58;NA;0;2010;"B: Evident Injury";"Commercial";"60-69";65;"No";"31-35 mph";"O: No Injury";"White";"Male";"Pickup";"No";"No";"Daylight";"Mixed (30% To 70% Developed)";"3 lanes";2;"Straight - Level";"Local Street";"Dry";"Two-Way, Not Divided";"None";"No Special Feature";"Coarse Asphalt";"Piedmont";"Urban";"30 - 35  MPH";"Flashing Signal With Stop Sign";"Clear";"No";"36.32962, -78.39917"
"5633";361;362;"Yes";"50-59";54;"Yes";"With Traffic";"K: Killed";"Travel Lane";"Black";"Male";"None - Rural Crash";"Alamance";"Yes";"01-01-06";2010-05-22;"Motorist Overtaking Bicyclist";23;"Non-Intersection";"01-05-01";1-01-01 23:29:58;"Motorist Overtaking - Other /";0;2010;"K: Killed";"Farms, Woods, Pastures";"40-49";43;"Yes";"41-45 mph";"O: No Injury";"White";"Male";"Pickup";"No";"No";"Dark - Roadway Not Lighted";"Rural (<30% Developed)";"2 lanes";2;"Straight - Level";"State Secondary Route";"Dry";"Two-Way, Not Divided";"None";"No Special Feature";"Smooth Asphalt";"Piedmont";"Rural";"50 - 55  MPH";"No Control Present";"Fog, Smog, Smoke";"No";"36.229095, -79.29632"
"5634";363;364;"No";"15-Nov";13;"No";"With Traffic";"C: Possible Injury";"Travel Lane";"Black";"Female";"Charlotte";"Mecklenburg";"No";"01-01-05";2010-06-04;"Bicyclist Right Turn / Merge";18;"Non-Intersection";"01-06-01";1-01-01 18:07:58;"Bicyclist Right Turn - Same Direction";0;2010;"C: Possible Injury";"Residential";"30-39";33;"No";"21-25 mph";"O: No Injury";"White";"Female";"Passenger Car";"No";"No";"Daylight";"Urban (>70% Developed)";"2 lanes";2;"Straight - Level";"Local Street";"Dry";"Two-Way, Not Divided";"None";"No Special Feature";"Smooth Asphalt";"Piedmont";"Urban";"20 - 25  MPH";"No Control Present";"Clear";"No";"35.27225, -80.95017"
"5635";367;368;"Yes";"60-69";69;"No";"With Traffic";"B: Evident Injury";"Travel Lane";"White";"Male";"Charlotte";"Mecklenburg";"No";NA;2010-06-07;"Bicyclist Left Turn / Merge";18;"Non-Intersection";"01-06-01";1-01-01 18:22:58;"Bicyclist Left Turn - Same Direction";0;2010;"B: Evident Injury";"Residential";"20-24";21;"No";"31-35 mph";"O: No Injury";"Black";"Male";"Passenger Car";"No";"No";"Daylight";"Urban (>70% Developed)";"4 lanes";2;"Straight - Level";"Local Street";"Dry";"Two-Way, Divided, Unprotected Median";"None";"No Special Feature";"Smooth Asphalt";"Piedmont";"Urban";"30 - 35  MPH";"Stop And Go Signal";"Clear";"No";"35.195244, -80.85143"
"5636";375;376;"No";"20-24";20;"No";"Facing Traffic";"C: Possible Injury";"Travel Lane";"Black";"Male";"Charlotte";"Mecklenburg";"No";NA;2010-06-07;"Loss of Control / Turning Error";17;"Intersection";"01-06-01";1-01-01 17:09:58;"Bicyclist Lost Control - Mechanical Problems";0;2010;"C: Possible Injury";"Residential";"70+";NA;"No";"0-5 mph";"O: No Injury";"White";"Female";"Passenger Car";"No";"No";"Daylight";"Urban (>70% Developed)";"2 lanes";2;"Straight - Grade";"Local Street";"Dry";"Two-Way, Not Divided";"None";"No Special Feature";"Smooth Asphalt";"Piedmont";"Urban";"30 - 35  MPH";"No Control Present";"Clear";"No";"35.233227, -80.82132"
"5637";376;377;"Yes";"20-24";22;"No";"Facing Traffic";"B: Evident Injury";"Sidewalk / Crosswalk / Driveway Crossing";"White";"Female";"Charlotte";"Mecklenburg";"No";NA;2010-06-07;"Motorist Failed to Yield - Midblock";10;"Non-Intersection";"01-06-01";1-01-01 10:08:58;"Motorist Drive Out - Residential Driveway";0;2010;"B: Evident Injury";"Residential";"40-49";41;"No";"0-5 mph";"O: No Injury";"White";"Female";"Sport Utility";"No";"No";"Daylight";"Urban (>70% Developed)";NA;2;"Straight - Level";NA;"Dry";"Two-Way, Not Divided";"Non-Highway Work";"Other";"Concrete";"Piedmont";"Urban";NA;"No Control Present";"Clear";"No";"35.16642, -80.80339"
"5638";379;380;"Yes";"50-59";54;"No";"With Traffic";"B: Evident Injury";"Travel Lane";"White";"Male";"Greensboro";"Guilford";"No";"01-01-07";2010-06-13;"Motorist Failed to Yield - Sign-Controlled Intersection";12;"Intersection";"01-06-01";1-01-01 12:45:58;"Motorist Drive Out - Sign-Controlled Intersection";0;2010;"B: Evident Injury";"Residential";"25-29";27;"No";"16-20 mph";"O: No Injury";"Black";"Male";"Passenger Car";"No";"No";"Daylight";"Urban (>70% Developed)";"2 lanes";2;"Straight - Level";"Local Street";"Dry";"Two-Way, Not Divided";"None";"T-Intersection";"Smooth Asphalt";"Piedmont";"Urban";"30 - 35  MPH";"Stop Sign";"Clear";"No";"36.13604, -79.82103"
"5639";381;382;"Yes";"70+";NA;"No";"Facing Traffic";"C: Possible Injury";"Sidewalk / Crosswalk / Driveway Crossing";"Black";"Male";"Fayetteville";"Cumberland";"No";"01-01-04";2010-05-13;"Motorist Failed to Yield - Sign-Controlled Intersection";12;"Intersection";"01-05-01";1-01-01 12:15:58;"Motorist Drive Out - Sign-Controlled Intersection";0;2010;"C: Possible Injury";"Residential";"30-39";31;"No";"0-5 mph";"O: No Injury";"White";"Female";"Passenger Car";"No";"No";"Daylight";"Urban (>70% Developed)";"2 lanes";2;"Straight - Level";"Local Street";"Dry";"Two-Way, Not Divided";"None";"No Special Feature";"Coarse Asphalt";"Coastal";"Urban";"5 - 15 MPH";"Stop Sign";"Clear";"No";"35.059597, -78.91029"
"5640";389;390;"Yes";"15-Nov";12;"No";"Not Applicable";"B: Evident Injury";"Sidewalk / Crosswalk / Driveway Crossing";"Hispanic";"Male";"Charlotte";"Mecklenburg";"No";NA;2010-06-21;"Bicyclist Failed to Yield - Signalized Intersection";16;"Intersection";"01-06-01";1-01-01 15:59:58;"Bicyclist Failed to Clear -";0;2010;"B: Evident Injury";"Residential";"0-19";19;"No";"0-5 mph";"O: No Injury";"White";"Female";"Passenger Car";"No";"No";"Daylight";"Urban (>70% Developed)";"5 lanes";2;"Straight - Level";"Local Street";"Dry";"Two-Way, Not Divided";"None";"No Special Feature";"Smooth Asphalt";"Piedmont";"Urban";"30 - 35  MPH";"Stop And Go Signal";"Clear";"No";"35.15461, -80.7949"