"FID";"OBJECTID";"AmbulanceR";"BikeAge_Gr";"Bike_Age";"Bike_Alc_D";"Bike_Dir";"Bike_Injur";"Bike_Pos";"Bike_Race";"Bike_Sex";"City";"County";"CrashAlcoh";"CrashDay";"Crash_Date";"Crash_Grp";"Crash_Hour";"Crash_Loc";"Crash_Mont";"Crash_Time";"Crash_Type";"Crash_Ty_1";"Crash_Year";"Crsh_Sevri";"Developmen";"DrvrAge_Gr";"Drvr_Age";"Drvr_Alc_D";"Drvr_EstSp";"Drvr_Injur";"Drvr_Race";"Drvr_Sex";"Drvr_VehTy";"ExcsSpdInd";"Hit_Run";"Light_Cond";"Locality";"Num_Lanes";"Num_Units";"Rd_Charact";"Rd_Class";"Rd_Conditi";"Rd_Config";"Rd_Defects";"Rd_Feature";"Rd_Surface";"Region";"Rural_Urba";"Speed_Limi";"Traff_Cntr";"Weather";"Workzone_I";"Location"
"5641";396;397;"No";"25-29";28;"No";"With Traffic";"B: Evident Injury";"Travel Lane";"White";"Male";"Summerfield";"Guilford";"No";"01-01-05";2010-07-02;"Motorist Failed to Yield - Sign-Controlled Intersection";9;"Intersection";"01-07-01";1-01-01 09:34:58;"Motorist Drive Out - Sign-Controlled Intersection";0;2010;"B: Evident Injury";"Farms, Woods, Pastures";"60-69";68;"No";"6-10 mph";"O: No Injury";"White";"Male";"Passenger Car";"No";"No";"Daylight";"Rural (<30% Developed)";"2 lanes";2;"Straight - Grade";"State Secondary Route";"Dry";"Two-Way, Not Divided";"None";"T-Intersection";"Smooth Asphalt";"Piedmont";"Urban";"40 - 45  MPH";"Stop Sign";"Clear";"No";"36.168312, -79.945465"
"5642";402;403;"Yes";"30-39";39;"No";"With Traffic";"B: Evident Injury";"Travel Lane";"White";"Male";"Raleigh";"Wake";"No";"01-01-05";2010-06-04;"Bicyclist Overtaking Motorist";20;"Non-Intersection";"01-06-01";1-01-01 20:29:58;"Bicyclist Overtaking - Extended Door";0;2010;"B: Evident Injury";"Commercial";"50-59";58;"No";NA;"O: No Injury";"White";"Male";"Passenger Car";"No";"No";"Dawn";"Urban (>70% Developed)";"2 lanes";2;"Straight - Level";"Local Street";"Dry";"Two-Way, Not Divided";"None";"No Special Feature";"Smooth Asphalt";"Piedmont";"Urban";"30 - 35  MPH";"No Control Present";"Clear";"No";"35.777058, -78.644295"
"5643";407;408;"No";"15-Nov";12;"No";"Facing Traffic";"O: No Injury";"Sidewalk / Crosswalk / Driveway Crossing";"White";"Male";"Cary";"Wake";"No";"01-01-04";2010-07-08;"Motorist Failed to Yield - Sign-Controlled Intersection";14;"Intersection";"01-07-01";1-01-01 14:14:58;"Motorist Drive Out - Sign-Controlled Intersection";0;2010;"O: No Injury";"Commercial";NA;NA;"Missing";"0-5 mph";"Injury";"/Missing";NA;"Passenger Car";"No";"Yes";"Daylight";"Urban (>70% Developed)";"4 lanes";2;"Straight - Level";"Local Street";"Dry";"Two-Way, Divided, Positive Median Barrier";"None";"No Special Feature";"Smooth Asphalt";"Piedmont";"Urban";"40 - 45  MPH";"Stop Sign";"Clear";"No";"35.788353, -78.82972"
"5644";410;411;"Yes";"50-59";59;"No";"With Traffic";"B: Evident Injury";"Travel Lane";"Black";"Male";"Kinston";"Lenoir";"No";"01-01-07";2010-07-11;"Motorist Failed to Yield - Sign-Controlled Intersection";21;"Intersection";"01-07-01";1-01-01 21:09:58;"Motorist Drive Out - Sign-Controlled Intersection";0;2010;"B: Evident Injury";"Residential";"60-69";64;"No";"0-5 mph";"O: No Injury";"Black";"Female";"Passenger Car";"No";"No";"Dark - Roadway Not Lighted";"Urban (>70% Developed)";"4 lanes";2;"Straight - Level";"Local Street";"Dry";"Two-Way, Not Divided";"None";"T-Intersection";"Smooth Asphalt";"Coastal";"Urban";"30 - 35  MPH";"Stop Sign";"Clear";"No";"35.257275, -77.57022"
"5645";411;412;"Yes";"16-19";16;"No";"With Traffic";"K: Killed";"Travel Lane";"Black";"Male";"None - Rural Crash";"Pitt";"No";NA;2010-06-21;"Bicyclist Left Turn / Merge";13;"Non-Intersection";"01-06-01";1-01-01 13:38:58;"Bicyclist Left Turn - Same Direction";0;2010;"K: Killed";"Farms, Woods, Pastures";"20-24";23;"No";"46-50 mph";"O: No Injury";"White";"Male";"Passenger Car";"No";"No";"Daylight";"Mixed (30% To 70% Developed)";"2 lanes";2;"Straight - Level";"NC Route";"Dry";"Two-Way, Not Divided";"None";"No Special Feature";"Smooth Asphalt";"Coastal";"Rural";"50 - 55  MPH";"No Control Present";"Clear";"No";"35.692104, -77.44913"
"5646";414;415;"Yes";"30-39";33;"No";"Facing Traffic";"B: Evident Injury";"Sidewalk / Crosswalk / Driveway Crossing";"White";"Male";"Smithfield";"Johnston";"No";"01-01-05";2010-06-25;"Motorist Failed to Yield - Midblock";16;"Non-Intersection";"01-06-01";1-01-01 16:43:58;"Motorist Drive Out - Midblock -";0;2010;"B: Evident Injury";"Commercial";"40-49";46;"No";NA;"O: No Injury";"White";"Male";"Passenger Car";"No";"No";"Daylight";"Urban (>70% Developed)";NA;2;"Straight - Level";"Public Vehicular Area";"Dry";"One-Way, Not Divided";"None";"No Special Feature";"Coarse Asphalt";"Coastal";"Urban";NA;"No Control Present";"Clear";"No";"35.518574, -78.316826"
"5647";418;419;"Yes";"20-24";24;"Yes";"With Traffic";"B: Evident Injury";"Travel Lane";"White";"Male";"Greensboro";"Guilford";"Yes";"01-01-06";2010-06-26;"Bicyclist Overtaking Motorist";2;"Non-Intersection";"01-06-01";1-01-01 02:12:58;"Bicyclist Overtaking - Parked Vehicle";0;2010;"B: Evident Injury";"Commercial";NA;NA;"Missing";NA;"Injury";"/Missing";NA;"Sport Utility";"No";"No";"Dark - Lighted Roadway";"Urban (>70% Developed)";"2 lanes";2;"Straight - Level";"Local Street";"Dry";"Two-Way, Divided, Unprotected Median";"None";"No Special Feature";"Smooth Asphalt";"Piedmont";"Urban";"20 - 25  MPH";"No Control Present";"Clear";"No";"36.069656, -79.79169"
"5648";419;420;"Yes";"30-39";35;"No";"With Traffic";"B: Evident Injury";"Travel Lane";"White";"Male";"Greensboro";"Guilford";"No";"01-01-07";2010-07-04;"Bicyclist Failed to Yield - Signalized Intersection";23;"Intersection";"01-07-01";1-01-01 23:38:58;"Bicyclist Ride Out - Signalized  Intersection";0;2010;"B: Evident Injury";"Commercial";"40-49";43;"No";"31-35 mph";"O: No Injury";"Black";"Female";"Passenger Car";"No";"No";"Dark - Lighted Roadway";"Urban (>70% Developed)";"3 lanes";2;"Straight - Level";"Local Street";"Dry";"Two-Way, Not Divided";"None";"Four-Way Intersection";"Smooth Asphalt";"Piedmont";"Urban";"30 - 35  MPH";"Stop And Go Signal";"Clear";"No";"36.102783, -79.78786"
"5649";420;421;"No";"16-19";17;"No";"With Traffic";"B: Evident Injury";"Travel Lane";"White";"Female";"Concord";"Cabarrus";"No";"01-01-02";2010-06-29;"Bicyclist Left Turn / Merge";12;"Non-Intersection";"01-06-01";1-01-01 12:52:58;"Bicyclist Left Turn - Same Direction";0;2010;"B: Evident Injury";"Residential";NA;NA;"Missing";"31-35 mph";"Injury";"/Missing";NA;NA;"No";"Yes";"Daylight";"Urban (>70% Developed)";"2 lanes";2;"Straight - Bottom";"Local Street";"Dry";"Two-Way, Not Divided";NA;"T-Intersection";"Coarse Asphalt";"Piedmont";"Urban";"30 - 35  MPH";"Stop Sign";"Clear";"No";"35.391403, -80.59365"
"5650";424;425;"Yes";"25-29";29;"No";"Facing Traffic";"C: Possible Injury";"Sidewalk / Crosswalk / Driveway Crossing";"Black";"Male";"Fayetteville";"Cumberland";"No";"01-01-03";2010-07-14;"Motorist Failed to Yield - Midblock";15;"Non-Intersection";"01-07-01";1-01-01 15:13:58;"Motorist Drive Out - Commercial Driveway / Alley";0;2010;"C: Possible Injury";"Commercial";"25-29";29;"No";"0-5 mph";"O: No Injury";"White";"Female";"Passenger Car";"No";"No";"Daylight";"Urban (>70% Developed)";"6 lanes";2;"Straight - Level";"Local Street";"Dry";"Two-Way, Divided, Unprotected Median";"None";"Driveway, Public";"Smooth Asphalt";"Coastal";"Urban";"30 - 35  MPH";"No Control Present";"Clear";"No";"35.071472, -78.96524"
"5651";427;428;"Yes";"60-69";63;"No";"Facing Traffic";"B: Evident Injury";"Sidewalk / Crosswalk / Driveway Crossing";"White";"Male";"Weddington";"Union";"No";"01-01-03";2010-07-14;"Motorist Failed to Yield - Sign-Controlled Intersection";16;"Intersection";"01-07-01";1-01-01 16:18:58;"Motorist Drive Out - Sign-Controlled Intersection";0;2010;"B: Evident Injury";"Commercial";"0-19";18;"No";"0-5 mph";"O: No Injury";"White";"Female";"Passenger Car";"No";"No";"Daylight";"Urban (>70% Developed)";"1 lane";2;"Straight - Hillcrest";"Public Vehicular Area";"Dry";"Two-Way, Not Divided";"None";"T-Intersection";"Coarse Asphalt";"Piedmont";"Urban";NA;"Stop Sign";"Clear";"No";"35.026142, -80.76285"
"5652";434;435;"Yes";"40-49";47;"No";NA;"B: Evident Injury";"Travel Lane";"Black";"Male";"Charlotte";"Mecklenburg";"No";"01-01-06";2010-07-10;"Other /  - Insufficient Details";23;"Non-Intersection";"01-07-01";1-01-01 23:07:58;"Approach Paths";0;2010;"B: Evident Injury";"Residential";NA;NA;"Missing";"31-35 mph";"Injury";"/Missing";NA;NA;"No";"Yes";"Dark - Lighted Roadway";"Urban (>70% Developed)";"5 lanes";2;"Straight - Level";"Local Street";"Dry";"Two-Way, Divided, Positive Median Barrier";"None";"Related To Intersection";"Smooth Asphalt";"Piedmont";"Urban";"30 - 35  MPH";"No Control Present";"Clear";"No";"35.24649, -80.75239"
"5653";178;179;"No";"50-59";52;"No";"Facing Traffic";"B: Evident Injury";NA;"Black";"Male";"Sanford";"Lee";"No";"01-01-03";2008-03-19;"Crossing Paths - Other Circumstances";15;"Intersection";"01-03-01";1-01-01 15:25:58;"Signalized Intersection - Other /";192158;2008;"B: Evident Injury";"Commercial";"70+";NA;"No";NA;"O: No Injury";"White";"Male";"Passenger Car";"No";"No";"Daylight";"Urban (>70% Developed)";"4 lanes";2;"Straight - Hillcrest";"Local Street";"Dry";"Two-Way, Divided, Unprotected Median";"None";"Four-Way Intersection";"Smooth Asphalt";"Piedmont";"Urban";NA;"Stop And Go Signal";"Cloudy";"No";"0.0, 0.0"
"5654";191;192;"Yes";"25-29";29;"No";"With Traffic";"K: Killed";"Travel Lane";"White";"Male";"Greenville";"Pitt";"No";"01-01-06";2008-03-22;"Bicyclist Failed to Yield - Sign-Controlled Intersection";12;"Intersection";"01-03-01";1-01-01 12:56:58;"Bicyclist Ride Out - Sign-Controlled Intersection";111142;2008;"K: Killed";"Commercial";"0-19";19;"No";"56-60 mph";"O: No Injury";"Hispanic";"Male";"Passenger Car";"No";"No";"Daylight";"Urban (>70% Developed)";"5 lanes";2;"Straight - Level";"NC Route";"Dry";"Two-Way, Not Divided";"None";"Four-Way Intersection";"Smooth Asphalt";"Coastal";"Urban";"40 - 45  MPH";"No Control Present";"Clear";"No";"0.0, 0.0"
"5655";195;196;"Yes";"15-Nov";13;"No";"Not Applicable";"C: Possible Injury";"Non-Roadway";"Black";"Male";"Whiteville";"Columbus";"No";"01-01-04";2008-03-27;"Bicyclist Failed to Yield - Midblock";18;"Non-Intersection";"01-03-01";1-01-01 18:08:58;"Bicyclist Ride Out - Commercial Driveway / Alley";363312;2008;"C: Possible Injury";"Commercial";"30-39";35;"No";"31-35 mph";"O: No Injury";"Black";"Female";"Passenger Car";"No";"No";"Daylight";"Urban (>70% Developed)";"2 lanes";2;"Straight - Level";"Local Street";"Dry";"Two-Way, Not Divided";"None";"No Special Feature";"Smooth Asphalt";"Coastal";"Urban";"30 - 35  MPH";"No Control Present";"Clear";"No";"0.0, 0.0"
"5656";202;203;"Yes";"60-69";69;"No";"With Traffic";"B: Evident Injury";"Travel Lane";"White";"Male";"Wilmington";"New Hanover";"No";"01-01-05";2008-03-28;"Motorist Failed to Yield - Sign-Controlled Intersection";16;"Intersection";"01-03-01";1-01-01 16:31:58;"Motorist Drive Out - Sign-Controlled Intersection";111141;2008;"B: Evident Injury";"Residential";"0-19";18;"No";"0-5 mph";"O: No Injury";"White";"Male";"Passenger Car";"No";"No";"Daylight";"Urban (>70% Developed)";"2 lanes";2;"Straight - Level";"Local Street";"Dry";"Two-Way, Not Divided";"None";"Four-Way Intersection";"Smooth Asphalt";"Coastal";"Urban";"20 - 25  MPH";"Stop Sign";"Clear";"No";"0.0, 0.0"
"5657";204;205;"Yes";"60-69";61;"No";"With Traffic";"B: Evident Injury";"Travel Lane";"White";"Male";"Wrightsville Beach";"New Hanover";"No";"01-01-06";2008-03-29;"Bicyclist Overtaking Motorist";13;"Non-Intersection";"01-03-01";1-01-01 13:46:58;"Bicyclist Overtaking - Parked Vehicle";311243;2008;"B: Evident Injury";"Residential";NA;NA;"Missing";"0-5 mph";"Injury";"/Missing";NA;"Passenger Car";"No";"No";"Daylight";"Urban (>70% Developed)";"4 lanes";2;"Straight - Level";"US Route";"Dry";"Two-Way, Not Divided";"None";"No Special Feature";"Coarse Asphalt";"Coastal";"Rural";"5 - 15 MPH";"No Control Present";"Cloudy";"No";"0.0, 0.0"
"5658";206;207;"No";"30-39";38;"No";"With Traffic";"B: Evident Injury";"Travel Lane";"White";"Male";"Charlotte";"Mecklenburg";"No";"01-01-02";2008-05-20;"Motorist Failed to Yield - Sign-Controlled Intersection";18;"Intersection";"01-05-01";1-01-01 18:04:58;"Motorist Drive Out - Sign-Controlled Intersection";111141;2008;"B: Evident Injury";"Residential";"40-49";48;"No";"16-20 mph";"O: No Injury";"Black";"Male";"Passenger Car";"No";"No";"Daylight";"Urban (>70% Developed)";"6 lanes";2;"Straight - Level";"Local Street";"Dry";"Two-Way, Divided, Unprotected Median";"None";"No Special Feature";"Smooth Asphalt";"Piedmont";"Urban";"40 - 45  MPH";"Stop Sign";"Cloudy";"No";"0.0, 0.0"
"5659";211;212;"No";"25-29";29;"No";"With Traffic";"C: Possible Injury";"Sidewalk / Crosswalk / Driveway Crossing";"/Missing";"Male";"Raleigh";"Wake";"No";"01-01-04";2008-04-03;"Motorist Failed to Yield - Sign-Controlled Intersection";8;"Intersection";"01-04-01";1-01-01 08:39:58;"Motorist Drive Out - Sign-Controlled Intersection";131141;2008;"C: Possible Injury";"Commercial";"25-29";27;"No";"0-5 mph";"O: No Injury";"/Missing";"Female";"Passenger Car";"No";"No";"Daylight";"Urban (>70% Developed)";NA;2;"Straight - Hillcrest";"Local Street";"Dry";"One-Way, Not Divided";"None";"No Special Feature";"Coarse Asphalt";"Piedmont";"Urban";"5 - 15 MPH";"Stop Sign";"Clear";"No";"0.0, 0.0"
"5660";212;213;"Yes";"10-Jun";7;"No";"With Traffic";"C: Possible Injury";"Travel Lane";"White";"Male";"Forest City";"Rutherford";"No";"01-01-04";2008-04-10;"Bicyclist Failed to Yield - Sign-Controlled Intersection";19;"Intersection";"01-04-01";1-01-01 19:27:58;"Bicyclist Ride Out - Sign-Controlled Intersection";111142;2008;"C: Possible Injury";"Residential";NA;NA;"No";NA;"Injury";"/Missing";NA;"Passenger Car";"No";"Yes";"Daylight";"Urban (>70% Developed)";"2 lanes";2;"Straight - Level";"Local Street";"Dry";"Two-Way, Divided, Unprotected Median";"None";"T-Intersection";"Smooth Asphalt";"Mountains";"Urban";"30 - 35  MPH";"Stop Sign";"Clear";"No";"0.0, 0.0"
"5661";213;214;"Yes";"10-Jun";9;"Yes";"With Traffic";"C: Possible Injury";"Travel Lane";"White";"Male";"Oak Island";"Brunswick";"Yes";"01-01-03";2008-04-16;"Bicyclist Failed to Yield - Sign-Controlled Intersection";18;"Intersection";"01-04-01";1-01-01 17:59:58;"Bicyclist Ride Out - Sign-Controlled Intersection";111142;2008;"C: Possible Injury";"Residential";"50-59";55;"No";"31-35 mph";"O: No Injury";"White";"Male";"Pickup";"No";"No";"Daylight";"Urban (>70% Developed)";"2 lanes";2;"Straight - Level";"Local Street";"Dry";"Two-Way, Not Divided";"None";"No Special Feature";"Smooth Asphalt";"Coastal";"Urban";"30 - 35  MPH";"Stop Sign";"Clear";"No";"0.0, 0.0"
"5662";224;225;"No";"10-Jun";7;"No";"Not Applicable";"C: Possible Injury";"Driveway / Alley";"Asian";"Female";"Gastonia";"Gaston";"No";NA;2008-04-07;"Bicyclist Failed to Yield - Midblock";13;"Non-Intersection";"01-04-01";1-01-01 13:48:58;"Bicyclist Ride Out - Residential Driveway";353311;2008;"C: Possible Injury";"Residential";"20-24";23;"No";"21-25 mph";"O: No Injury";"White";"Female";"Passenger Car";"No";"No";"Daylight";"Urban (>70% Developed)";"2 lanes";2;"Straight - Level";"Local Street";"Dry";"Two-Way, Not Divided";"None";"Driveway, Public";"Smooth Asphalt";"Piedmont";"Urban";"30 - 35  MPH";"Missing";"Clear";"No";"0.0, 0.0"
"5663";236;237;"Yes";"30-39";35;"No";"With Traffic";"B: Evident Injury";"Travel Lane";"White";"Male";"None - Rural Crash";"Catawba";"No";"01-01-03";2008-05-28;"Bicyclist Left Turn / Merge";13;"Non-Intersection";"01-05-01";1-01-01 13:21:58;"Bicyclist Left Turn - Same Direction";311221;2008;"B: Evident Injury";"Farms, Woods, Pastures";"50-59";53;"No";"41-45 mph";"O: No Injury";"White";"Male";"Pickup";"No";"No";"Daylight";"Rural (<30% Developed)";"2 lanes";2;"Straight - Grade";"US Route";"Water (Standing, Moving)";"Two-Way, Not Divided";"None";"No Special Feature";"Smooth Asphalt";"Piedmont";"Rural";"50 - 55  MPH";"No Control Present";"Rain";"No";"0.0, 0.0"
"5664";241;242;"Yes";"40-49";42;"No";"With Traffic";"B: Evident Injury";"Travel Lane";"Black";"Male";"None - Rural Crash";"Lenoir";"No";"01-01-04";2008-04-17;"Head-On";20;"Non-Intersection";"01-04-01";1-01-01 20:25:58;"Head-On -";311259;2008;"B: Evident Injury";"Residential";"0-19";16;"No";"41-45 mph";"O: No Injury";"White";"Male";"Passenger Car";"No";"No";"Dark - Roadway Not Lighted";"Urban (>70% Developed)";"5 lanes";2;"Straight - Level";"US Route";"Dry";"Two-Way, Not Divided";"None";"No Special Feature";"Coarse Asphalt";"Coastal";"Rural";"40 - 45  MPH";"Missing";"Clear";"No";"0.0, 0.0"
"5665";243;244;"Yes";"15-Nov";15;"No";"With Traffic";"B: Evident Injury";"Travel Lane";"Black";"Male";"Lumberton";"Robeson";"No";"01-01-04";2008-04-17;"Bicyclist Left Turn / Merge";16;"Non-Intersection";"01-04-01";1-01-01 16:05:58;"Bicyclist Left Turn - Same Direction";311221;2008;"B: Evident Injury";"Residential";"40-49";42;"No";"6-10 mph";"O: No Injury";"Black";"Female";"Sport Utility";"No";"No";"Daylight";"Urban (>70% Developed)";"4 lanes";2;"Straight - Level";"NC Route";"Dry";"Two-Way, Not Divided";"None";"No Special Feature";"Coarse Asphalt";"Coastal";"Urban";"30 - 35  MPH";"No Control Present";"Clear";"No";"0.0, 0.0"
"5666";250;251;"Yes";"10-Jun";7;"No";"Facing Traffic";"B: Evident Injury";"Travel Lane";"Hispanic";"Male";"Siler City";"Chatham";"No";"01-01-04";2008-04-17;"Loss of Control / Turning Error";18;"Intersection";"01-04-01";1-01-01 18:30:58;"Bicyclist Lost Control - Mechanical Problems";112121;2008;"B: Evident Injury";"Residential";"20-24";24;"No";"26-30 mph";"O: No Injury";"Hispanic";"Male";"Passenger Car";"No";"No";"Daylight";"Urban (>70% Developed)";"2 lanes";2;"Straight - Level";"Local Street";"Dry";"Two-Way, Not Divided";"None";"T-Intersection";"Smooth Asphalt";"Piedmont";"Urban";"30 - 35  MPH";"Stop Sign";"Clear";"No";"0.0, 0.0"
"5667";255;256;"Yes";"16-19";18;"No";"Facing Traffic";"B: Evident Injury";"Sidewalk / Crosswalk / Driveway Crossing";"White";"Male";"Cary";"Wake";"No";"01-01-02";2008-06-03;"Motorist Failed to Yield - Sign-Controlled Intersection";13;"Intersection";"01-06-01";1-01-01 13:18:58;"Motorist Drive Out - Sign-Controlled Intersection";132141;2008;"B: Evident Injury";"Residential";"40-49";47;"No";"6-10 mph";"O: No Injury";"White";"Female";"Passenger Car";"No";"No";"Daylight";"Urban (>70% Developed)";"2 lanes";2;"Straight - Level";"Local Street";"Dry";"Two-Way, Not Divided";"None";"T-Intersection";"Smooth Asphalt";"Piedmont";"Urban";"20 - 25  MPH";"Stop Sign";"Clear";"No";"0.0, 0.0"
"5668";258;259;"No";"30-39";35;"No";"With Traffic";"B: Evident Injury";"Travel Lane";"White";"Female";"Wrightsville Beach";"New Hanover";"No";"01-01-07";2008-04-20;"Motorist Failed to Yield - Signalized Intersection";10;"Intersection";"01-04-01";1-01-01 10:15:58;"Motorist Drive Out - Right Turn on Red";111151;2008;"B: Evident Injury";"Commercial";"25-29";29;"No";"0-5 mph";"B: Evident Injury";"White";"Male";"Passenger Car";"No";"No";"Daylight";"Urban (>70% Developed)";"2 lanes";2;"Straight - Level";"Local Street";"Wet";"Two-Way, Divided, Positive Median Barrier";"None";"Four-Way Intersection";"Coarse Asphalt";"Coastal";"Rural";"20 - 25  MPH";"Stop And Go Signal";"Clear";"No";"0.0, 0.0"
"5669";260;261;"Yes";"15-Nov";14;"No";"Not Applicable";"C: Possible Injury";"Driveway / Alley";"Asian";"Male";"None - Rural Crash";"Burke";"No";"01-01-03";2008-04-23;"Non-Roadway";19;"Non-Roadway";"01-04-01";1-01-01 19:19:58;"Non-Roadway";450910;2008;"C: Possible Injury";"Residential";NA;NA;"Missing";"0-5 mph";"Injury";"/Missing";NA;"Passenger Car";"No";"No";"Daylight";"Mixed (30% To 70% Developed)";NA;2;"Straight - Grade";"Private Road, Driveway";"Dry";"Two-Way, Not Divided";"None";"Driveway, Private";"Concrete";"Mountains";"Rural";NA;"No Control Present";"Clear";"No";"0.0, 0.0"
"5670";261;262;"No";"60-69";64;"No";"Not Applicable";"B: Evident Injury";"Driveway / Alley";"White";"Male";"Cary";"Wake";"No";"01-01-02";2008-05-27;"Non-Roadway";16;"Non-Roadway";"01-05-01";1-01-01 15:59:58;"Non-Roadway";450910;2008;"B: Evident Injury";"Commercial";"30-39";38;"No";"0-5 mph";"O: No Injury";"Black";"Female";"Van";"No";"No";"Daylight";"Urban (>70% Developed)";NA;2;"Straight - Level";"Public Vehicular Area";"Dry";"Two-Way, Not Divided";"None";"Driveway, Public";"Smooth Asphalt";"Piedmont";"Urban";"5 - 15 MPH";"No Control Present";"Clear";"No";"0.0, 0.0"
"5671";264;265;"Yes";"60-69";60;"No";"With Traffic";"K: Killed";"Travel Lane";"White";"Female";"Raleigh";"Wake";"Yes";"01-01-03";2008-04-23;"Motorist Overtaking Bicyclist";10;"Non-Intersection";"01-04-01";1-01-01 10:56:58;"Motorist Overtaking - Other /";311239;2008;"K: Killed";"Residential";"20-24";21;"Yes";"31-35 mph";"O: No Injury";"White";"Male";"Pickup";"No";"No";"Daylight";"Urban (>70% Developed)";"2 lanes";2;"Straight - Grade";"Local Street";"Dry";"Two-Way, Not Divided";"None";"No Special Feature";"Smooth Asphalt";"Piedmont";"Urban";"20 - 25  MPH";"No Control Present";"Cloudy";"No";"0.0, 0.0"
"5672";280;281;"Yes";"30-39";36;"No";"Facing Traffic";"B: Evident Injury";"Travel Lane";"White";"Female";"Mount Olive";"Wayne";"No";NA;2008-04-28;"Motorist Failed to Yield - Sign-Controlled Intersection";15;"Intersection";"01-04-01";1-01-01 15:20:58;"Motorist Drive Out - Sign-Controlled Intersection";112141;2008;"B: Evident Injury";"Residential";"0-19";18;"No";"51-55 mph";"O: No Injury";"Hispanic";"Female";"Passenger Car";"No";"No";"Daylight";"Rural (<30% Developed)";"6 lanes";2;"Straight - Level";"US Route";"Dry";"Two-Way, Divided, Unprotected Median";"None";"Four-Way Intersection";"Smooth Asphalt";"Coastal";"Rural";"50 - 55  MPH";"Stop Sign";"Clear";"No";"0.0, 0.0"
"5673";281;282;"Yes";"15-Nov";13;"No";"Facing Traffic";"C: Possible Injury";"Sidewalk / Crosswalk / Driveway Crossing";"White";"Male";"Asheville";"Buncombe";"No";NA;2008-04-28;"Parallel Paths - Other Circumstances";18;"Non-Intersection";"01-04-01";1-01-01 18:39:58;"Bicyclist Ride Out - Parallel Path";332225;2008;"C: Possible Injury";"Commercial";"50-59";50;"No";"11-15 mph";"O: No Injury";"White";"Male";"Sport Utility";"No";"No";"Daylight";"Urban (>70% Developed)";"4 lanes";2;"Straight - Grade";"Local Street";"Dry";"Two-Way, Divided, Positive Median Barrier";"None";"No Special Feature";"Smooth Asphalt";"Mountains";"Urban";"30 - 35  MPH";"No Control Present";"Clear";"No";"0.0, 0.0"
"5674";283;284;"Yes";"16-19";17;"No";"With Traffic";"B: Evident Injury";"Travel Lane";"White";"Male";"None - Rural Crash";"Swain";"No";"01-01-05";2008-06-06;"Head-On";15;"Non-Intersection";"01-06-01";1-01-01 15:31:58;"Head-On - Bicyclist";311250;2008;"B: Evident Injury";"Farms, Woods, Pastures";"40-49";48;"No";"16-20 mph";"O: No Injury";"White";"Female";"School Bus";"No";"No";"Daylight";"Rural (<30% Developed)";"2 lanes";2;"Straight - Grade";"State Secondary Route";"Dry";"Two-Way, Not Divided";"None";"No Special Feature";"Coarse Asphalt";"Mountains";"Rural";"30 - 35  MPH";"No Control Present";"Clear";"No";"0.0, 0.0"
"5675";291;292;"No";"40-49";48;"No";"With Traffic";"B: Evident Injury";"Travel Lane";"White";"Female";"None - Rural Crash";"Durham";"No";"01-01-07";2008-05-04;"Motorist Overtaking Bicyclist";12;"Non-Intersection";"01-05-01";1-01-01 12:32:58;"Motorist Overtaking - Other /";311239;2008;"B: Evident Injury";"Residential";"70+";NA;"No";"41-45 mph";"O: No Injury";"White";"Female";"Light Truck (Mini-Van, Panel)";"No";"No";"Daylight";"Rural (<30% Developed)";"2 lanes";2;"Straight - Level";"State Secondary Route";"Dry";"Two-Way, Not Divided";"None";"No Special Feature";"Coarse Asphalt";"Piedmont";"Rural";"40 - 45  MPH";"Missing";"Other";"No";"0.0, 0.0"
"5676";297;298;"No";"25-29";27;"No";"With Traffic";"B: Evident Injury";"Sidewalk / Crosswalk / Driveway Crossing";"White";"Female";"Chapel Hill";"Orange";"No";"01-01-02";2008-05-06;"Motorist Right Turn / Merge";20;"Non-Intersection";"01-05-01";1-01-01 20:33:58;"Motorist Right Turn - Same Direction";331213;2008;"B: Evident Injury";"Commercial";"20-24";21;"No";"11-15 mph";"O: No Injury";"White";"Female";"Sport Utility";"No";"No";"Dusk";"Urban (>70% Developed)";"2 lanes";2;"Straight - Hillcrest";"Public Vehicular Area";"Dry";"Two-Way, Not Divided";"None";"Driveway, Private";"Smooth Asphalt";"Piedmont";"Urban";"5 - 15 MPH";"Missing";"Clear";"No";"0.0, 0.0"
"5677";298;299;"Yes";"20-24";24;"No";"With Traffic";"B: Evident Injury";"Travel Lane";"White";"Male";"Raleigh";"Wake";"No";"01-01-02";2008-05-06;"Bicyclist Left Turn / Merge";7;"Non-Intersection";"01-05-01";1-01-01 07:18:58;"Bicyclist Left Turn - Same Direction";311221;2008;"B: Evident Injury";"Commercial";"40-49";40;"No";"31-35 mph";"O: No Injury";"Black";"Female";"Sport Utility";"Yes";"No";"Daylight";"Urban (>70% Developed)";"5 lanes";2;"Straight - Level";"Local Street";"Dry";"Two-Way, Not Divided";"None";"No Special Feature";"Smooth Asphalt";"Piedmont";"Urban";"20 - 25  MPH";"School Zone Signs";"Clear";"No";"0.0, 0.0"
"5678";306;307;"Yes";"16-19";16;"No";"With Traffic";"Injury";"Bike Lane / Paved Shoulder";"/Missing";NA;"Belmont";"Gaston";"No";"01-01-03";2008-05-07;"Motorist Left Turn / Merge";16;"Intersection";"01-05-01";1-01-01 16:48:58;"Motorist Left Turn - Opposite Direction";121212;2008;"O: No Injury";"Commercial";"20-24";24;"No";"6-10 mph";"O: No Injury";"White";"Male";"Passenger Car";"No";"No";"Daylight";"Urban (>70% Developed)";"7 lanes";2;"Straight - Level";"US Route";"Dry";"Two-Way, Divided, Positive Median Barrier";"None";"Four-Way Intersection";"Coarse Asphalt";"Piedmont";"Urban";"40 - 45  MPH";"Stop And Go Signal";"Clear";"No";"0.0, 0.0"